:020000040000FA
:201000000000042029520000515200005352000055520000575200005952000000000000EE
:201020000000000000000000000000005B5200005D520000000000005F52000061520000F0
:201040001D7100001D670000A9E90000635200006352000063520000B96D000063520000F2
:2010600011C0000063520000635200002D720000635200002D7100006352000063520000D9
:20108000399200006352000063520000635200006352000063520000635200006352000092
:2010A0006352000063520000635200006352000063520000635200000000000000000000F2
:2010C000635200006352000063520000635200006352000063520000635200001D8A000076
:2010E000635200006352000063520000000000000000000063520000000000006352000067
:201100000000000000000000000000000000000000000000000000000000000000000000CF
:201120000000000000000000000000000000000000000000000000000000000000000000AF
:2011400000000000000000000000000000000000000000000000000000000000000000008F
:2011600000000000000000000000000000000000000000000000000000000000000000006F
:2011800000000000000000000000000000000000000000000000000000000000000000004F
:2011A00000000000000000000000000000000000000000000000000000000000000000002F
:2011C00000000000000000000000000000000000000000000000000000000000000000000F
:2011E0000000000000000000000000000000000000000000000000000000000000000000EF
:2012000001F0FF01102A2BDB10F0070F08D010F8013B013A8B422DD010F0070F42B3F6D194
:20122000F0B441EA012141EA014122F007047FF000070023F0E80256083C85EA010586EA41
:20124000010685FA47F5A3FA87F586FA47F6A5FA87F68EB9EED1F0BC01F0FF0102F007023C
:2012600032B110F8013B013A83EA010313B1F8D10020704701387047002D06BF354603389F
:20128000073815F0010F07D1013015F4807F02BF013015F4C03F0130F0BC0138704700BF63
:2012A00010B5054C237833B9044B13B10448AFF300800123237010BDB802002000000000B2
:2012C0008425010008B5034B1BB103490348AFF3008008BD00000000BC0200208425010087
:2012E000A3F5803A704700BF174B002B08BF134B9D46FFF7F5FF00218B460F461348144AA7
:20130000121A10F08BFB0E4B002B00D098470D4B002B00D098470020002104000D000D480F
:20132000002802D00C48AFF300800FF099FA2000290002F017FF0FF07FFA00BF000008001B
:20134000000000000000000000000420B80200201C2B0020000000000000000000B585B03E
:201360000346002101AA44F20100CDE90111039300F004F805B05DF804FB00BF72B6094B93
:201380001B68DB0700D500BEBFF34F8F0649074BCA6802F4E0621343CB60BFF34F8F00BFEA
:2013A000FDE700BFF0ED00E000ED00E00400FA050378052B02D0094B1B681847084BD3F82C
:2013C0008424D3F8803413F0FF0FF4D1054BD2B2052A08BF1846014B1B681847D4020020C4
:2013E00000700240381D0100014B02481B681847D40200203C1D0100012803D0022809D01E
:2014000020B17047054B06481B681847034B05481B681847014B04481B681847D4020020D7
:20142000301D01002C1D0100341D01002DE9F04F87B0002504460F4690469946029500E046
:2014400001356268012356682146002202A8B0470028F5D18DF80600049065B382468346CA
:201460000AE09DF806306668023B7668B0479DF806309B445D451ED9626801235668214681
:201480000DF1060204A8B04762680123566821460DF1070204A8B0479DF80730BB424FF0DE
:2014A0000002214604A8DCD1D04508D00AF1010A5FFA8AFAD5E7052007B0BDE8F08F109A34
:2014C0009DF80630136089F8003089F801706168023B4D6809F102022146A847002007B045
:2014E000BDE8F08FF0B5054683B03B4806F0C2FD044610B1204603B0F0BD384A3849394B15
:2015000014700C604822214637481C6010F086FA36482146482210F081FA002D54D095E8F7
:201520000700334B83E80700002847D0002005F0EFF908B1852844D12E4D2B7A002B49D099
:20154000013BDBB205F10C024FF0030E6E68274FDFF894C01EFB032E05F109046378EBB133
:20156000A278611C1144013B51FA83F1224408E003F00F0307EBC30391421D6030685860D9
:201580000CD012F8013B1806F2D503F00F030CEBC30391421D6030685860F2D1033474452F
:2015A000DCD10B238DF804301248336801A99847044600289ED006F09FFD9BE70E4A1A6053
:2015C000B4E7FFF7CBFEB7E7094B0B4A5D601D721A60ABE76E68E4E7B11300008F200020DE
:2015E0007003002074030020E002002028030020D4020020681D0100C119000010B506F063
:2016000095FE68B106F09AFE044648B9064805F093F9034628B1FFF7A1FE2346184610BD2B
:201620000823184610BD00BF281D010006F06EBD07F06CBC4FF0804303E0D3F83824D1072B
:2016400007D5D3F838249207F7D5024B02481B6818477047D4020020401D010000B5054B99
:2016600083B082221B688DF8042001A8984703B05DF804FBD40200202DE9F043057A83B0E7
:20168000002D5ED005F1FF3E5FFA8EF300F10C024FF0030E00F10901334FDFF8D4C01EFB92
:2016A000032E0C4666780022964204EB020319D094F8028013F9089013F80830B9F1000F44
:2016C0000BDB03F00F0307EBC3031B680132002BEAD0112003B0BDE8F08303F00F030CEBD4
:2016E000C303F2E70334A645DCD100261E4FDFF880C0324602EB42020A445378EBB1002450
:2017000023460CE003F00F0307EBC303186045682D685D6055780134E3B29D420CD99578D8
:20172000134413F905E05B5DBEF1000FEADA03F00F030CEBC303E9E7057A0136F2B2954264
:20174000D8D80A4A13681BB11A681368002BFBD1106043680B228DF804201B6801A998474D
:2017600003B0BDE8F08300BF2803002070030020E0020020024B1878003818BF012070473B
:201780008E200020030710B5044604D52046BDE8104007F053BA06F06BFF204607F0A6FACD
:2017A0002046BDE8104007F049BA00BF07F08CBC014B1868704700BF70030020F0B40E4B04
:2017C0001F688FB13E7A96B100231C463A4602E0DCB2A6420BD9557A854203F1010302F181
:2017E0000302F5D101B10C703846F0BC70473B681F68002FE6D1F7E770030020436811468C
:201800001B68184700F00F03082B0AD802064CBF054A064A02EBC303186810B143681B68FB
:2018200018471020704700BFE00200202803002038B5094B1C6864B1054602E023681C6840
:201840003CB1636829461B68204698470628F5D038BD062038BD00BF7003002038B50D4604
:20186000044606F0D7FD18B1054B1B78022B01D0082038BD29462046BDE8384006F0DABD0E
:201880008F20002038B50D46044606F0C3FD18B1054B1B78022B01D0082038BD294620469D
:2018A000BDE8384006F058BE8F200020F8B543689B6805460C4616461BB19847062800D033
:2018C000F8BDEEB92B7AA3421CD9093504EB44042C44677897B133463A469A420BD9A3784D
:2018E000A2190136D05CFFF74DFFF3B2BB4205D262789A42F3D800231B78FFDE0020F8BD26
:201900000720F8BD7378FFDE70B54368DB6805460C4603B198472B7AA3421AD9093504EB36
:2019200044042C4466789EB100252B46324693420BD2A37862190135D05C07F0C5FBEBB2B6
:201940009E4205D962789342F3D300231B78FFDE70BD00235B78FFDE43681B6903B118477F
:201960001846704770B50A4B1D687DB12E7A4EB100242146013400222846FFF797FFE1B20F
:20198000B142F7D32B681D68002DEFD170BD00BF7003002070B5094B1D6875B12E7A46B143
:2019A0000024214601342846FFF7AEFFE1B2B142F8D32B681D68002DF0D170BD700300203F
:2019C00070B503780446852B00F2BF80DFE813F00002B201BE003A026602E300EA00BD00D1
:2019E000040117012A01BD00BD00BD00BD003D01BD00BD00BD00BD00BD00BD00BD00BD0085
:201A0000BD00BD00BD00BD00BD00BD00BD00BD00BD00BD00BD00BD00BD00BD00BD00BD00F6
:201A2000BD00BD00BD00BD00BD00BD00BD00BD00BD00BD00BD00BD00BD00BD00BD00BD00D6
:201A4000BD00BD00BD00BD00BD00BD00BD00BD00BD00BD00BD00BD00BD00BD00BD00BD00B6
:201A6000BD00BD00BD00BD00BD00BD00BD00BD00BD00BD00BD00BD00BD00BD00BD00BD0096
:201A8000BD00BD00BD00BD00BD00BD00BD00BD00BD00BD00BD00BD00BD00BD00BD00BD0076
:201AA000BD00BD00BD00BD00BD00BD00BD00BD00BD00BD00BD00BD00BD00BD00BD00BD0056
:201AC000BD00BD00BD00BD00BD00BD00BD00BD005101860060011C02E301E3008C4B8D4953
:201AE000D3E9000290478C4B1C684CB1894D636820461B682946984723681C68002CF6D11F
:201B0000864C63680BB10D209847FFF743FF01F075FB834B1B68002B00F0FD810120814DEE
:201B200006F0D2FB2A78931EDBB2062B00F215827D49CB5C13B104F0D1FE2A78022A40F0D6
:201B40000C8206F03DFC01232B7070BD754D2A78931EDBB2062B00F2CD817349CB5C13B122
:201B600004F0BCFE2A78022A40F0C48106F028FC6A4B5B6803222A700BB102209847664BB5
:201B80001D6845B16B6828461B68214698472B681D68002DF6D15E4B2146D3E90002BDE841
:201BA0007040104790F902308278002BB4BF5F4B574B02F00F0203EBC203D3E900022146A4
:201BC00090470028C1D0A0780207BED00307BCD4BDE8704006F01EBD504B5B680BB10820C4
:201BE00098474D4B1D68002DAFD06B6828461B68214698472B681D68002DF6D1A5E7474B09
:201C00005B680BB109209847434B1D68002D9CD06B6828461B68214698472B681D68002D42
:201C2000F6D192E73D4B5B680BB10A2098473A4B1D68002D89D06B6828461B6821469847BA
:201C40002B681D68002DF6D17FE7344B5B680BB10F209847304B1D68002D3FF476AF6B68AE
:201C600028461B68214698472B681D68002DF6D16BE72C4C2378062B00F04F8103F0FD03D8
:201C8000052B7FF462AF06F0A5FB0223237070BD244DFFF77FFE07F02DF92A78931EDBB234
:201CA000062B31D82049CB5C13B104F017FE2A78022A29D106F084FB174B1C6800232B70AC
:201CC0004CB11B4E636820461B683146984723681C68002CF6D10E4B1549D3E90002904746
:201CE0000E4B5B680BB10E2098472B78023BDBB2062B3FF62AAF0C4AD35C002B3FF425AF9C
:201D0000BDE8704004F0EABD082AD5D1D2E700BF28030020441D010070030020D40200204D
:201D2000740300208F200020201D0100E0020020481D01009C4DFFF72DFE01F055FA2A78AB
:201D4000931EDBB2062B00F2D9809849CB5C002B00F0D480022A03D0082A01D006F03AFB25
:201D6000934B5B6802222A700BB101209847914B2146D3E9000290478F4B1D68002D3FF4B1
:201D8000E4AE6B6828461B68214698472B681D68002DF6D170BD844D2B78032B00F0C68096
:201DA00006F0D6FA00283FF4D0AE2A78931EDBB2062B40F2EB80814804F062FD2A78022AEC
:201DC00001D0082A01D106F0FBFA06232B7070BD754B1B78032B00F0A580082B00F0A28077
:201DE000734B5B680BB100209847754B1D68002D3FF4ABAE6B6828461B68214698472B680C
:201E00005D68002DF6D170BD674D2B78032B7FF49CAE07F0ABF800283FF497AE2A78931E0D
:201E2000DBB2062B00F2BB806049CB5C13B104F055FD2A78022A40F0B28006F0C1FA0423D5
:201E40002B7070BD584D2A78082A5CD0931EDBB2062B00F286805549CB5C002B00F08180CD
:201E6000022A00F0878005232B70514B5B680BB1032098474F4B2146D3E9000290474E4B30
:201E80001D68002D3FF461AE6B6828461B68214698472B681D68002DF6D170BD444B5B68B9
:201EA0000BB103209847434B4649D3E900029047414B1C684CB1434D636820461B682946F2
:201EC000984723681C68002CF6D1374D2B78062B1ED0082B0BD09A1ED2B2062A4DD83349C0
:201EE0008A5C002A49D0022B01D006F073FA02232B7070BD082A7FF43BAE37E62F4804F055
:201F0000BFFC2A7826E702232B7006F06DFAACE707232B7070BD207A01E606F05BFA0823BE
:201F2000237070BD2848FFF74BFD59E707F01EF800283FF435AF2A78931EDBB2062B2BD893
:201F40001A49CB5C13B104F0C9FC2A78022A23D106F036FA04232B7022E7082A7FF4F3AD82
:201F6000EFE5164804F08CFC2B78022B02D0082B7FF479AF06F024FA75E7104804F080FC0B
:201F80002B78022BB3D0082BB1D0AEE70749CB5C002B7FF414AF0EE7082ADBD1D8E7082A09
:201FA0007FF44DAF49E700BF8F200020201D0100D4020020280300207003002008000020BA
:201FC00074030020501D01004C1D01004360CA699A4205D38A6902600B67CB61002070473E
:201FE00001F1280202608B6700207047F0B504680E7A002C00F07284A4F212347C2C00F279
:20200000C1827C2C00F2BE82DFE814F074020003DE02CF02C7022A0307032303BC02BC020C
:20202000BC02BC02BC02BC026702D702BC02BC02BC02BC02CC010F03E602BC02BC02BC026D
:20204000F401EE038C03BC02BC02BC02BC02FF00CB034803BC02BC02BC02BC02BC02BC0287
:202060006402BC02BC02BC02BC0219019B039303AC035703BC02BC02C3038403B4033903EF
:202080005F03BC02BC024103DB015003ED00BC02BC023203DB00F503BD00BC03BC02BC0286
:2020A000BC02BC02BC02BC02BC02BC02BC02BC02BC02BC02BC02BC02BC02BC02BC02BC0240
:2020C000BC02C900D303BC02BC02BC026703BC02BC02BC02BC02AC00BC02BC02BC02BC0263
:2020E000AC00BC02BC02BC02BC02BC02BC027D00C002BC02BC02BC02BC02B800BC02BC0255
:20210000BC02BC02B80001240025002A00F0CD8307795755A3424FF00005057140F27C83DB
:20212000171901343D70B04D0F7D2D682D78AF4200F0B0838F7DAF4209D10025A34205715F
:2021400040F24D85254601340AB107795755DFF8A0C2A64F9CF800503F780135EDB28CF8D2
:2021600000507BE1012500240AB1077917554024AB42047140F289836C1CC6E7012400253F
:20218000002AE2D1E3E701240025002A40F031848D7D0571A34240F262830134FFE0012589
:2021A0000024002A00F03D8307791755AB424FF00504047140F27E83274602EB050C6C1C65
:2021C000FDE201250024002A40F011840624AB42047140F23F8301350C7D0471AB4240F214
:2021E00091836C1CD4E701250024002A40F003840524AB42047140F228836C1C2425A3423F
:20220000057140F27583651CE0E701240025002A00F0FA83077957554FF0000CA34280F821
:2022200004C040F29084651C0027AB4202F804C0077140F2F383541901352770F3E00125EE
:202240000024002A00F0EF8307791755AB424FF02404047140F2C183274605F1010C00240F
:2022600063455755047140F2A98325460CF101071024BB4202F80C50047140F2908325461B
:2022800007F1010C01246345D555047140F2788325460CEB04070524BB4202F80C50047142
:2022A00040F25D83254607F1010C24246345D555047140F24A8325460CF101070124BB427C
:2022C00002F80C50047140F23683254607EB040C03246345D555047140F228830CF101078B
:2022E00002F80C40BB4291F816C080F804C040F218837C1C0425A34202F807C0057140F224
:202300000B8302EB040C2F4601342425A3428CF80070057140F2FB822F46651C1755AB42F2
:202320004FF00204047140F29F82274602EB050C6C1C0225A3428CF80070057140F2DD8296
:202340002F46651C1755AB424FF00504047140F27C82274602EB050C6C1C2425A3428CF89C
:202360000070057140F2C4822F46651C1755AB424FF00604047140F26D82571901353C707F
:202380000F7D0771AB4240F2BD826C1C5755A3428D7D057140F26382171901343D70124DBA
:2023A0002D6851E001270024002A00F04082057915559F424FF00004047180F0F5827D1C2E
:2023C00039E101250024002A40F017830224AB42047140F249826C1C0225A342057140F2E4
:2023E0008C82651C04E700BF78030020902000209220002001240025002A00F09883077968
:2024000057559C424FF00205057180F05883671C1555BB424C7E047140F2E48202EB070C6A
:202420007D1C8CF800400024AB42047140F221826C1C0AB107795755C64D91F814C02D6870
:202440002F78BC4500F01A82DFF810E3DFF810C36F788EF8007000258CF80050BD423FD3ED
:20246000BD4F3D780135EDB23D70AE4240F2CA810925A342057140F25583651C002A00F07E
:20248000128307791755AB424FF00404047140F2B682274602EB050C6C1C8CF800700F7A38
:2024A000AD4D2D78AF4240F2AC8305EB450501F10907DFF8A0C217F805E080F804E03D44E5
:2024C0009C42CCF8005080F07E82671C002A7FF46EAFACE101240025ABE701250024CDE7F6
:2024E0000725A342057140F29281651C002A7FF45BAE96E1002A00F0EB8204791470012BBE
:202500004FF00B04047140F2238302250127D455AB420F7D077140F25B8205F1010C02247F
:2025200063455755047140F2448225460CF101070224BB4202F80C50047140F22B82254632
:2025400007F1010C02246345D555047140F213820CF1010702F80C40BB4291F819C080F820
:2025600004C040F2F7817C1C0025A34202F807C0057140F2E581171901343D70764F002580
:202580003D7072E7002303601846F0BD002A00F0F282057917460124C4E5002A00F0F282DF
:2025A00005794FF0010C0027CCE7002A00F0EC82057901274FF0000CBAE7002A00F0FF82C2
:2025C00007799446012468E7002A00F0D78207794FF0010C0025A2E75E4C002A00F0E68214
:2025E00007792468944601258CF8007024780F7DA74200F0B9818F7DA7427FF414AF0A2447
:202600009D42047180F0F5826C1C00E6002A00F0D28204790125002779E7002A00F0B0822D
:2026200090F804C0012400279EE7002A00F0C182047901250027DFF81CC1D455DCF8004065
:20264000AB426778077140F2A08102EB050C0135CAE7002A00F0B1820579174601248CE73E
:20266000002A00F08482047901274FF0000C71E7002A00F0A7820779944601246DE6002AB3
:2026800000F08E82047901274FF0000C28E6002A00F0A18207799446012436E6002A00F04A
:2026A00000821446077927700125BCE6002A00F08E820779944601243BE6002A00F0728287
:2026C000057901274FF0000CE5E5002A00F0608290F804C0012400270CE61E4C012527689A
:2026E00000241AB190F804C002F804C03C780F7DA74200F0E9808F7DA7427FF438AD0224EC
:20270000AB42047140F270822C460135002A7FF42CAD2CE5002A00F04782057901274FF03C
:20272000000CCBE5002A00F0BC8104799446012577E6002A00F01682057901274FF0000C09
:2027400096E5002A00F0458207794FF0010C002585E500BF780300209120002090200020C7
:2027600092200020002A00F0308205794FF0010C002787E5002A00F00F8205794FF0010CE9
:202780000027A5E5002A00F0F48105791746012404E6002A00F0218205794FF0010C002761
:2027A00083E5002A00F0F68190F804C0012500243AE5002A00F0EA810779944601248CF8E3
:2027C0000070C14FC14D3F682D7897F801C0AC4540F2148297F802C03D44A34215F80C50F6
:2027E00005716CD9651C7CE7002A00F0D7810579012700240CE6002A00F0B68104791746E1
:202800000125BCE540F2993303600120F0BD40F26D3303600120F0BD4FF461730360012024
:20282000F0BD0524AB42047144D96C1CC9E79F42027180F0B9807D1CA34C2468AB4267782E
:20284000077140F2A2800135D0E640F2553303600120F0BD40F2573303600120F0BD40F2B6
:20286000593303600120F0BD40F2513303600120F0BD4FF44F7303600120F0BD0525A3426F
:20288000057140F21781651CDBE440F2833303600120F0BD0D6AA3422D7805713FF652ACF5
:2028A00040F2893303600120F0BDA3420271B3D9013438E440F26E3303600120F0BD40F28E
:2028C000723303600120F0BD0324AB4204713FF61BAF40F2773303600120F0BD08240471EC
:2028E000002B7FF407AE40F2123303600120F0BD40F2563303600120F0BD40F252330360D7
:202900000120F0BD4FF4567303600120F0BD4FF4547303600120F0BD40F24F330360012039
:20292000F0BD4FF4537303600120F0BD40F24B3303600120F0BD40F24A3303600120F0BDEF
:2029400040F2193303600120F0BD40F2493303600120F0BD4FF4467303600120F0BD4FF479
:20296000527303600120F0BD02249D42047180F0F4806C1C40E540F2173303600120F0BDA9
:2029800040F2453303600120F0BD4FF44A7303600120F0BD40F2163303600120F0BD4FF43C
:2029A000517303600120F0BD40F2273303600120F0BD40F2153303600120F0BD40F2433312
:2029C00003600120F0BD40F2263303600120F0BD4FF4457303600120F0BD40F242330360D4
:2029E0000120F0BD40F22E3303600120F0BD0779BCE40779CAE40779A4E407798EE440F2CB
:202A0000213303600120F0BDA342027140F29B80013400259C420571C0F0938040F2353381
:202A200003600120F0BD2424AB420471D5D96C1C00259C420571C1D2013410259C420571BB
:202A4000ADD2013401259C42057199D22C4405259C42057183D2013424259C420571BFF415
:202A600074AF013401259C420571BFF464AF2C4403259C420571BFF459AF01348D7D057162
:202A80009C42BFF44EAF01340425A34205717FF643AF01342425A34205717FF638AF651CD2
:202AA00094E40125BFE40424AB420471A7D90F7A6C1CF5E440F2413303600120F0BD40F2D8
:202AC0002D3303600120F0BD78030020922000200B24012B04713BD902240D7D05719C4210
:202AE000BFF476AF01340225A34205717FF661AF013402259C420571BFF44CAF0134022508
:202B0000A34205717FF637AF01344D7E05719C42BFF420AF013400259C420571BFF410AF09
:202B200001342BE54FF4487303600120F0BD02259C420571C3D201344D7E05719C42BFF40A
:202B400051AF651C6FE44FF44D7303600120F0BD40F2133303600120F0BD4FF44B73036060
:202B60000120F0BD012468E70125FFF735BB0124CBE7012413E40124FFF7D5BA0124B2E7AC
:202B80000124C8E70124BAE70124B2E7012418E6012479E701243CE7012469E70124CBE7A1
:202BA00001246BE7012452E701245BE7246801251CE5012540E601248FE70124DEE43746DB
:202BC00001246DE40124FFF719BB01243AE7012402E401242CE701245CE701243CE740F225
:202BE0008E3303600120F0BD4FF45F7303600120F0BD40F2333303600120F0BD00231B781E
:202C0000FFDE024A002313601B78FFDE7803002070B90B681A7B202A01D0062070471A4661
:202C200052F80E1F9961918892799A7799837047032070474360CA699A4210D38A6910B4F5
:202C40000260C8690C6FC01A1C441A44C86100380C6718BF01205DF8044B8A61704701F1CA
:202C60002802026000208B67704700BF2DE9F0470B7888B00D4606460E2B14D8DFE803F0BA
:202C800008180808130D281313181308080808000024204608B0BDE8F0874B78DA0930D146
:202CA0005B09012B4CD00624204608B0BDE8F0870368002403F134022046C3E91E44C3E92B
:202CC00020445A671C845C62DC6208B0BDE8F087027A8B78002A00F06581817A0930002983
:202CE00000F05E81F17A415C9942D1D01B061ED4EF7807F0FD03012BCAD0002F65D00324BF
:202D0000C7E713F0600FC3F3411200F09180012AC9D18B78212BC6D1B1F80720072AC2D14A
:202D20000168681C183100F073FA0446B1E7EC78002C00F09D80032C14BF03240024A8E7A5
:202D40008B780768202B00F09B80222BABD1B1F80730002BA7D1B1F8035097F820303D84C3
:202D600005F0010203F001039342154690D0C3691BB1C2F10301C9B29847002D88D1337A98
:202D8000012B40F20B81737B06F10C04002B00F00381B37BE05C06F013F9337A012B40F23E
:202DA000FD80737B012B40F2F780B37B23442C46587806F005F907F13403C7E91E55C7E906
:202DC00020557D62FD627B6763E73568012A05F10C0140F2DF80727B012A06F10C0340F268
:202DE000D7800691B27B704905911344AC6A93F80180002C60D1EA6FEB6AAC67C5E91F42C3
:202E0000002B00F0B480296B1846002205F1240383E803004046EA6205A9FEF733FD0446D5
:202E2000F369002B3FF435AF30460021984730E703F01F03012B7FF436AF8C78062C7FF425
:202E400032AF05A8039200F0D5FC03AA00920746EA78297930463B46FEF7E8FA05283FF4D0
:202E600018AF039A3946681C00F0D2F9044610E7F369002B3FF40CAF30460121984708E714
:202E8000B1F80720072A7FF40EAF3B73B1F80730DBB27B7300200E37CDE90573079000F0DE
:202EA0008BFF002005A9FEF7D9FC0446002867D0002000F089FFECE6D5F88490686A4C4599
:202EC00028BF4C4605F1340A224651460EF07EFDE86FEA6AEF67A9EB04030AEB04010444EF
:202EE000C5E91D13C5F88040002A43D005F12C0797E8030005F12404002284E80300EA6294
:202F0000002B3BD091461BE0696F686A0EF05EFDD5E91D32A96AC5F880100B44521AC5E9D0
:202F20001D32F36913B1002130469847EB6A13B397E8030084E80300AB6FC5F82C90EBB171
:202F4000AA6A9342E0D2696F686A1A460EF03EFDD5E90932A96FE967521A0B44C5E909328E
:202F600053B1404605A9FEF78DFC044658E700236B6255E700236B62002451E76B6AEFE7EF
:202F80000A4B049603A9039300F020FC04468FE73B78FFDE7B78FFDE2B78FFDE6B78FFDE94
:202FA0000B78FFDE5378FFDE352C0000112C000010B503681C8CE40784B015D50B46017ABE
:202FC000012916D9417B00F10C0481B1817B605C91060CBF0124002401A9CDE9013203945C
:202FE000FEF73CFC04B010BD082004B010BD0B78FFDE00235B78FFDE0368D3F880007047DA
:20300000F0B50468238CDB0783B022D50546002016460F4600F0D0FEA26F42B9636AE3B19D
:203020001124002000F0D0FE204603B0F0BD964228BF1646616F324638460EF0C7FCD4E958
:203040001D239B1B3244C4E91D23C4F880600024E7E70824204603B0F0BDC4E909762A7AC7
:20306000012A12D9697B012905F10C020FD9AB7B0849009113440C34587801946946FEF798
:2030800001FC041E08BF9224CBE75B78FFDE1B78FFDE00BFCD1F0000002070472DE9F04FEB
:2030A0004B6885B0CDE900020C46002B71D005F0ADFAE568019B9D4228BF1D468146002D10
:2030C0007CD04FF0000A5646D3464FF00108D4E90113AB421F4628BF2F46E9B13A4609EBD1
:2030E00006000EF073FCD4E90223D21BDB1BC4E90223C4F804B0ED1B3E442AB3002B08BFFD
:203100004FF00008002DE2D1009BC3F800905E60404605B0BDE8F08FABB120463B4650F8FA
:20312000101B4A68D2F804A009EB0602D047D4E90223D21BDB1BC4E90223ED1B3E445AB105
:203140004FF0010ADAE7E368BAF1000F04D15BB99846002DBBD1D7E7226812681268226021
:203160004FF0010A002BF3D02168F1B1CDF808B003E0A36821680133A3604B6800225F6825
:2031800002A80123B8470028F3D12061002D9ED1BAE70B681B681B68002B88D18B68002B9D
:2031A00085D1036043609846B2E76160002EABD0019BB34288BF4FF00008A5E72E464FF074
:2031C0000108A1E7054B0528187004D0044A137823F0020313700348FEF7F2BB9320002051
:2031E00094200020781D010008B50020FEF7CAFABDE808408020FEF7C5BA00BF08B5002032
:20320000FEF7D4FABDE808408020FEF7CFBA00BF70B5C38893421E4628BF1646934284B02C
:203220000D4612D8002400200394CDE9015600F0C3FD01A98020FEF711FB044688B10020CB
:2032400000F0C2FD204604B070BD8020144605F0D1F8B4FBF0F202FB1044B4FA84F464094B
:20326000E1E705F0ADFA80280BD1094A094B92E8030083E80300002000F0A6FD204604B007
:2032800070BD002000F0A0FD1024204604B070BDB01D0100A00300202DE9F04F0B780E2B37
:2032A00089B018D8F3B1013B0D2B1BD8DFE803F01F0E281A354C1A1A1A1A0E666F07B24BE1
:2032C0001B78012B02D00120FFF77CFF0024204609B0BDE8F08F852B04D1AB4B1B78032B28
:2032E00000F040810624204609B0BDE8F08FA64B1B78032BF6D00320FFF764FF0624E6E7C5
:20330000A24803F041FA0028E0D0A14B01221A60BFF36F8FBFF34F8FD8E705230DF11500FA
:203320008DF8143005F0B4F99DF81530994E002203F01F043260032C00F2B980DFE814F072
:20334000E800B90099008D00C87803280D46C9D0904E3368002B00F00381002271683260AA
:203360009847044600287ED13368002B00F00581AB78002BAAD105F0ADF9A8E7824B1B781E
:20338000002BA3D00020FFF71DFF00249FE74FF08043D3F8383413F0010F7B4B1B7806D038
:2033A000022B93D00220FFF70DFF00248FE7012B89D18BE7BDF81B30002B00F0D880092B20
:2033C00028BF09239946FEF7F3F90546002800F0DB81BB464FF0090ACDF80CB04FF0000840
:2033E00001E008F101086A68012357682946002203A8B8470028F4D12A682B7A15681C44F9
:20340000C244E4B2002DE7D1634D644928464A460EF0DCFA2C71A5F802A0FEF7ABF918B1BE
:20342000EB7943F02003EB71FEF7C2F95C4BBDF81B2018600020C3E90159DA6000F0BCFCAF
:2034400058498020FEF71EFA0446002800F09F81002000F0B9FC062C05D105A8FEF7E8F94C
:203460000446002C73D005F0A1F9204609B0BDE8F08F9DF81900020707D005A9FEF7C2F9D5
:2034800006280446EDD19DF8153013F0600F0ED19DF816303C4A9DF819401278012B00F0D6
:2034A000B980032B00F0A680002B00F0C6800624D9E79DF8190003A9FEF780F90546002809
:2034C00059D09DF80C1005AAFEF798F906280446C7D19DF8152012F0600FC4D12A4B9DF8F3
:2034E0000C101B78D20940F014819DF816200B2AB9D1052B40F0B280BDF81730FF2B00F249
:20350000FC809DF817202846FEF7D0F90446A8E713F0600FC3F341179FD1DB0948D19DF8DC
:203520001630032B00F09C80092B00F0A880012B93D1BDF81730012B8FD1FEF71BF9002876
:2035400000F0D980184A137823F00203137033686BB105F035F9044600287FF4B7AE0AE785
:203560000E2480E70420FFF72DFE0624AFE605F013F90024ABE6102475E70C4B1B68082B5B
:2035800033D005F009F9A2E693200020A80300205C700240A0030020AC0300207C1D0100D1
:2035A00088030020B81D010094200020300100109DF81620062A00F08780082A73D0002AE4
:2035C0007FF44BAF7B497C4B09781A80890744BF02221A7078490DF115000222FFF718FE93
:2035E0000446062C7FF43DAF37E7744B1B68002BC7D16BE625073FF55AAFBDF81730002BEC
:203600007FF455AF052A01D0200727D1204605F001F89CE721073FF54AAFBDF81730002BC1
:203620007FF445AF052A01D0230717D1204605F01FF8204605F05AFB89E7052A01D0270751
:203640000CD1204604F0F2FF5B49034602220DF115000B80FFF7DCFD044602E7082402E77C
:20366000BDF81730012B7FF4F8AEFEF783F8002841D0504A137843F00203137067E7504C96
:203680002378043B012BE9D89DF81730BBB3012B33D1FEF767F92378052B3FF458AF05206A
:2036A000FFF790FD53E7464A1278052A47D0042A7FF4D3AE404B1F703F490DF115000122F3
:2036C000FFF7A6FD04468CE79DF81830022B3FF471AE032B36D0012B7FF4BFAEBDF81B30F8
:2036E000002B3FF444AF37490DF115001222FFF78FFD044675E70F24B5E60724B3E6FEF703
:2037000049F92378042B3FF422AF0420FFF75AFD1DE79DF816705FB30A2F7FF4A4AE052BC9
:203720009CD128460192FEF717F92349019A03460B700DF11500FFF76BFD044691E61E4AB1
:203740001370B9E7BDF81B30002B3FF410AFBDF819109DF8170000F01DFB014600283FF4F5
:203760007CAE0A780DF11500FFF752FD044638E7052B7FF473AF10490DF1150002220F80F8
:20378000FFF746FD04466CE64FF0090A3CE605F017F8802808D10C4B93E8030086E8030015
:2037A000204600F011FBD2E6204600F00DFB102459E600BF94200020AC0300203401001077
:2037C000932000209C1D0100B01D010038B505460C4604F0F5FFA84207D194E80300044A8D
:2037E00082E803000023184638BD1023184638BDA003002008B1402303600148704700BF5F
:20380000AC030020F0B40D7A0DB101F109050468002C59D06FF4AB763444142C00F24A8136
:20382000142C00F24781DFE814F05400E700EE00F500FC00030109011001170145014501E6
:203840001E0125012C0145013B0033012700390115003F0101250024002A40F0DB818A8A77
:20386000AB424FEA1222027140F2338140F26D1303600120F0BC704701250024002A40F058
:20388000CD814A8AAB424FEA1222027140F226816C1C8A8A0271A34240F27B81651CDEE7F8
:2038A00001250024002A40F0B7810A8AAB424FEA1222027140F217816C1C4A8A0271A3424D
:2038C00040F26C81651CDCE709240471002B00F0F680002A00F0A48104791470012B4FF0A7
:2038E0000404047140F2F0800227012694559F422D78057180F089817E1C0024B342D5551D
:20390000047140F27D812546771C0024BB429555047140F2708125467E1CFF24B342D5551A
:20392000047140F263812546771C0124BB429555047140F2568125463E190124B342D5556E
:20394000047140F249812546371900249F429555047180F03C8125467E1C09249E42D5556E
:20396000047180F02F812546771C21249F429555047180F0228126467C1C09259C42D655E1
:20398000057180F015811619013435700E7C0671A34240F20881651C16550E8A9D424FEA65
:2039A0001626067180F09F8057196C1C3E708E7C06719C4280F0F280651C16554E8A9D423B
:2039C0004FEA1626067180F0898057196C1C3E700E7D0671A34240F2DC80651C1655898A68
:2039E0009D424FEA1121017173D22A44117040F26D13036001203DE7002A00F0B3800479B3
:203A00000127002672E7002A00F0A58005790126002772E7002A00F097800579012700269E
:203A200073E7002A00F0898005790126002774E7002A5DD005790127002676E7002A00F048
:203A40009E8005790126002777E7002A00F0958005790127002678E7002A00F08C80057920
:203A60000126002779E7002A00F083800579012700267AE7002A00F08A800679012400275F
:203A80007BE7002A00F081800579164601247CE7002A78D006791746012487E7002A70D0FC
:203AA00006791746012492E7002A3FF4DFAE017911709CE7002303601846F0BC704740F2AB
:203AC000571303600120F8E74FF4AC7303600120F3E740F26B1303600120EEE740F26913A2
:203AE00003600120E9E740F2671303600120E4E701240122A342027173D914440122A3422B
:203B0000027169D9144400229C4202715FD2013409229C42027155D2013421229C42027153
:203B20004BD2013409229C42027141D201340A8A0271A34237D9651CB7E60124FF229C4231
:203B4000027153D20134D4E701240022A342027151D90134F2E701240022A34202714FD93F
:203B60000134F2E701242A780271A3424DD90134F2E70124D1E70124CAE70124C3E701243D
:203B8000BCE7012485E6012497E60124CFE70124C8E74FF4B573036001208EE74FF4B473D3
:203BA0000360012089E74FF4B3730360012084E74FF4B273036001207FE740F2631303605C
:203BC00001207AE74FF4B1730360012075E740F25F130360012070E74FF4AF7303600120B4
:203BE0006BE740F25D130360012066E74FF4AE730360012061E740F25B13036001205CE769
:203C00004FF4AD730360012057E740F259130360012052E70679E1E60679BDE60679CCE68B
:203C20000422012B02717FF64FAF02249BE700BF0B780E2B0BD8DFE803F0080808080A0C56
:203C4000080A0A0A0A08080808000020704706207047F0B54B78DA0985B00C46064611D160
:203C60005B09012B02D0062005B0F0BD8C78002CF9D102681373036A002B3AD02146984788
:203C80002046F1E713F0600FC3F3411215D0012AE9D18B78072B07D0082BE4D1F268481CEF
:203CA000B169FFF7B5FADFE7B1F80720182ADAD1C169601CFFF7ACFAD6E703F01F03012B82
:203CC000D1D18D78062DCED103A80292FFF792FD02AA00920746E278217930463B46FDF73D
:203CE000A5FB0528BFD0029A3946601CFFF790FABAE71846B8E700BF70B54FF0805286B088
:203D0000D2F8A830D2F8A42000926FEA83436FEA93430B4A0B4E9BB202A80D2109F0ACFD1E
:203D200002AD002404E015F8013B06F8013B013402A80DF07BFE8442F5D306B070BD00BFC4
:203D4000D41D0100B420002038B5114B53F8204023780BB9A01C38BD0020FFF74BFD217882
:203D600091B12246C4F101055319DCB2234620F8141012F8011F0029F6D101335B00DBB209
:203D800043F44073038038BD40F20233FAE700BF3C1E010040B1052808D8054A105C28B1CD
:203DA000044B53F820300BB1FFF7CEBF00207047541E01003C1E010072B6024A1368013312
:203DC00013607047EC030020034A1368013B136003B962B6704700BFEC03002010B50446CB
:203DE000006830B1002105F0E7FC54F8040F0028F8D110BD2DE9F043038883B0044643B11F
:203E0000B3F5867F0CD1822910D0012003B0BDE8F0834FF486730120238003B0BDE8F083D6
:203E200000230380032003B0BDE8F08301F0F0FABFF35F8F19491A4B0E6800220A601F7813
:203E40001A70FFB2BFF35F8F164D01F0E5FA28680028DED0DFF85090DFF8508003E055F860
:203E6000040F0028D5D090F84A3026FA03F3DA07F5D590F8493047FA03F3DB07EFD500F0D1
:203E800095FD0028EBD02B68D9F80020009218464246022100F028FDE1E700BF00040020CE
:203EA0009520002060000020F42100204D3F000010B50C4A90F84B30126882B0013300925C
:203EC000044680F84B30084A03468021203000F00BFD064B19782246002002B0BDE8104010
:203EE00005F0F2BCF4210020B13E0000092B002010B4094A094C1368194311602178034611
:203F0000012202FA03F30B43DBB2237004485DF8044B05F007BD00BF0004002095200020BD
:203F20006800002010B5044690F84A1090F8490001F0ECF910B994F8480010BD01280ABF05
:203F400094F84800002080F0010010BD70B582B0044600F02BFD08B902B070BD04F12006BB
:203F6000304600F023FD05462046FFF7DBFF01280FD00028F0D1002DEED1304600F0FCFCFF
:203F80000D4B22462846197802B0BDE8704005F09BBC002DE0D0094B094A1B680093002550
:203FA0003046234684F84B507E2100F09DFC054B28462246E7E700BF082B0020F4210020A8
:203FC000B13E00000A2B0020F8B505F0EBFB304B304C187005F0E6FB2F4B304F187005F04A
:203FE000E1FB2F4922682F4B08700025FF2139727B60FD60002A42D02B4E09E091F84A0058
:20400000F9683A72834054F8042F0B43FB60B2B392F84A3092F84910526C03F01F0343EA5C
:2040200041131F2BC6BF03F01F0331464FF0A04103F5E07342F08C0241F82350236893F8E4
:204040004A1093F8490001F01FF9226892F84A3092F8490003F01F0343EA4010012102F022
:2040600005FE2168387A91F8492082424FF00103C4D0FF28C2D054F8042F002AC8D10B4827
:20408000002105F099FBBDE8F840044801F052B90A2B002060000020082B0020F003002016
:2040A000092B0020F13E0000000300506800002030B5174B83B000221A6002F097FB00BB4D
:2040C000002002F0AFFB134B134A93E80300FF250090ADF80410062400231048ADF80050E4
:2040E00069468DF802408DF8043003F035F858B901210A4803F084F8084803F075F803B01A
:2041000030BDFDF72BF9DBE7FDF728F9F0E700BF04040020881E01004D410000901E010021
:20412000014B1868704700BF0404002008B5064A13680133136000F043FD00B908BDBDE893
:20414000084000F023BD00BF04040020042800D07047FFF7EBBF00BF014B1868C009704702
:20416000040400202DE9F04105F034FAFFF7A0FF07F00EFF05F042FB00216448644FDFF88B
:20418000E481644D644C654E05F016FB00F0A2FB0CF014FB09F08CFB05F024FA05F0E0FBA5
:2041A0005F4B1B6898477B689847D8F804309847A979EB79226803EB0123022A338021DC50
:2041C000584B29686A6819605A605748002105F0F3FA4FF0FF300AF0F9FD2368022B0546A3
:2041E0007DDC05F021FA5148FFF7F8FD0CF010FB05F00AFB04460CF013FB002CF8D105F093
:2042000019FAF5E74A4A4B494B4805F02FFA4B4805F098FB2368022BD2DD454A45494648A9
:2042200005F024FA464B4748196805F01FFA2368022BC5DD3E4A3F493F4805F017FAD8F8F5
:204240000010414805F012FA2368022BB8DD384A3849394805F00AFA39683C4805F006FAE0
:204260002368022BACDD324A3249334805F0FEF937484AF6CD3105F0F9F92368022B9FDDC7
:204280002B4A2C492C4805F0F1F932481A2105F0EDF92368022B93DD254A2649264805F0E8
:2042A000E5F931882C4805F0E1F92368022B87DD1F4A2049204805F0D9F9284805F0D6F9D3
:2042C0002368022B7FF77CAF284601F0B9FA2368022B7FF775AF0A2005F032FB70E7144A20
:2042E0001449154805F0C2F91D4805F0BFF92368022B7FF776AF284601F092FA2368022B4C
:204300007FF76FAF0A2005F01BFB6AE7AC000020841F0100E4200020EC0000208020002023
:20432000A0200100E8240020DC0100200C200100981E0100A01E0100A81E0100B81E010052
:2043400028220100CC1E0100DC1E0100E81E0100F41E0100101F0100301F0100401F010032
:20436000581F0100A822010030B590F82D50012D83B0044611D91F2505F05CFB094BB0FBEC
:20438000F5F11B68009301FB1501074A234604F10C0000F0A9FA03B030BDE91C01258D4029
:2043A000013DE9E7F42100202D4400002DE9F0470D468B6892F82C708146506BD3E90068EA
:2043C000144601F0FBF9686805F006FBA968134801F0F6FA1248294601F0F2FA636B1B6894
:2043E00073B10023A3852046FFF7BEFF36B13A46494640463346BDE8F0471847BDE8F087E9
:2044000004F10C0000F0B8FA2146064801F0D6F92146054801F0D4FAE8E700BF78000020EB
:2044200090000020700400208400002000B32DE9F047436B1D6882B00446B5B1686805F0BA
:20444000E1FA63490C2005F0ADF80121072005F09DF8604B5B68984700280ADAAB6823B1FC
:20446000052022462946FFF7A1FF02B0BDE8F087704704F0E5FFDFF8608190F80290D8F8AB
:20448000047004F0DDFF064604F0E4FF01463046B84705F097F8D8F818600746B04770BBBE
:2044A000002F50D1D8F81CA0D04740BBD8F8087004F0D0FFB84700285CD002281FD0AB6884
:2044C000002BD2D00420CCE707F096FD6FF028031E1A03E007F090FDC64202D5D047002867
:2044E000F8D0D04700285DD0D8F81030032101A89847032803D19DF806304B452AD0AA6866
:20450000002AB2D094F82D300133DBB2052B84F82D3094F82C3006D90133DBB2002184F817
:204520002C3084F82D10127A9A4205D8224629460120FFF73BFF98E72046FFF715FF68683A
:2045400005F044FA91E7D8F8086004F083FFB0470028B2D1AB68002B87D094F82C300020C3
:204560000133294684F82C3084F82D002246FFF71DFF7AE707F040FD6FF018073F1A03E04E
:2045800007F03AFDC74202D5D0470028F8D0B047002899D1D047002896D1D8F814309847E4
:2045A000002891D0A96800293FF45FAF94F82C300133DBB2002284F82C3084F82D200A7A07
:2045C0009A42B9D8224629460220FFF7EFFE4CE7E4200020BC1F0100A02001002DE9F04157
:2045E00005460D200F4604F0E5FF064601F058F901210B2004F0CAFF374B1C6814B914E0B7
:20460000246894B13146201D01F084F80028F7D0606B01F0EDF807281EDDDDB138462B4671
:204620000122BDE8F041062118472C4801F0ACF904460028F1D03146201D01F065F8002399
:2046400004F13002C4E90C322348A385214601F069F8DDE7BDE8F081214801F095F90646EE
:2046600060B3204801F090F9B06018B305F08CF97060D8B10520D6F8088004F08DFFC8E9EB
:20468000005710F0FF0006BF082388F8083088F80800606B314601F045F8636B1B689E42F3
:2046A000D8D12046BDE8F041FFF75EBEB1680D4801F086F90A48314601F082F9606B01F034
:2046C00097F80028A9D12146034801F077F82146024801F075F9A0E77004002084000020C8
:2046E000900000207800002008B5054801F03AF9044801F037F9BDE80840034801F032B9C3
:20470000900000207800002084000020014B1B6A184700BFA0200100014B5B6A184700BFCE
:20472000A020010010B50D4B82B01B6898470C4B04469B6A01A91920984701280BD0002C6F
:204740000198B8BF15248028D4BFC4EB0000C4F1800002B010BD002002B010BDBC1F0100F7
:20476000A0200100FFF73ABF00B583B004F06CFE032804D0244B9B689847002802DA03B03C
:204780005DF804FB0D2004F015FF204900F0C2FF18B904F017FF0028F1D00C2004F00AFF89
:2047A0001A4900F0B7FF0028E9D101F083F890B1072004F0F1FE0028E1D00223ADF8043080
:2047C00004F03EFE124B8278DB688DF80620032101A89847D3E701F093F8072004F0DCFE8D
:2047E00018B90C4B9B689847C9E70223ADF8043004F026FE064B8278DB688DF8062003218C
:2048000001A89847EDE700BFBC1F0100E4200020A0200100A822010030B50D4C83B0A56A71
:2048200069461920A84748B901A90420A84738B101F02EF8FFF758FF236A984703B030BD8A
:204840000199E36A21F00201019104209847EFE7A0200100F8B5038805462BB1452B14D17D
:20486000882916D00120F8BD174B1C6834B1A168201D00F091F92468002CF8D1134B01223E
:204880001A7045232B800120F8BD002303800320F8BD0D4B1C68002CF3D0231D9A4205D06B
:2048A0002468231D002CECD09A42F9D10648084E214600F083FFD4E90523376832600BB14F
:2048C000E06998473760DCE75005002096200020F4210020024B03480021196004F06CBF85
:2048E000500500209C00002070B50E4C049E25784661C0E90623044635B9A1600A4821465E
:20490000BDE8704000F00EBF084D094B2E682B60043000F041F92E6021460348BDE87040C8
:2049200000F000BF9620002050050020F42100209C00002070B50C4B1B7804462BB92146E8
:204940000A48BDE8704000F0EDBE094D094B2E682B60043000F02AF92E6021460348BDE81E
:20496000704000F0DFBE00BF9620002050050020F42100209C00002010B50A4B1B78044608
:204980003BB9C0E9033321460748BDE8104000F015BF043000F01CF921460348BDE81040F5
:2049A00000F00CBF962000205005002008B5084B1B7823B10069B0FA80F0400908BD0146A2
:2049C000044800F01FFF80F00100C0B208BD00BF962000205005002010B50446C0B20BF04F
:2049E000B9FE0A2C01D0204610BD0BF083FE204610BD00BFF8B588B10F46461E002500E0B4
:204A0000013516F8014F20464CB1AF4207D00BF0A1FE0A2CF4D10BF06DFEF1E705460BF0BE
:204A200069FE2846F8BD00BF10B5FFF779FB0B4B1A68D2E9003192680B44191A52B1D2E900
:204A4000003423441B1A9268994228BF1946002AF5D14318024A136010BD00BF5805002058
:204A6000540500202DE9F843038805465BB3592B2CD187292FD0822920D12C4FDFF8B48036
:204A80003C684FF00009CCB1002603E0A3682646A3B11C46204609F047FF0028F6D0E0689C
:204AA0002246882104F010FF03464046002B2AD004F038FFA3682646002BEAD159232B803F
:204AC0000120BDE8F883194A1360F7E7002303800320BDE8F883154F3968002019B9EDE72D
:204AE00089680120D9B1CB689342F9D000B139608B68002BE2D0D868904207BF9B688B6069
:204B000019469B68F5E7E360A3686EB1B3603B68C4F808902BB1FFF787FF3C68B3E73960B1
:204B2000CCE7034A1360C9E73B60F1E75805002054050020AC00002010B50446104804F0C2
:204B4000F1FE1049E3680A684BB142B194420FD0134601E09C420BD09B68002BFAD10A4B6B
:204B6000A2601B68E3600C60BDE81040FFF75CBF054B1B68E360BDE81040FFF755BF00BF27
:204B8000AC00002058050020F4210020014804F0C9BE00BFAC00002010B5044609F0AEFE94
:204BA0002046BDE81040FFF7C7BF00BF10B5044609F0ACFE2046BDE81040FFF7BDBF00BF21
:204BC000024B1868003818BF012070475805002010B5124B19688142044614D00B462BB1E3
:204BE0009A68A24206D01346002BF9D10023C4E9023310BDA2689A6049B1FFF715FF0023AE
:204C0000C4E9023310BD82681A60002AF5D1044B00221A600023C4E9023310BD5805002057
:204C200054050020014B1888704700BFAC02002000283ED0037A022B30B410D00378022B7F
:204C400015D00379B3B10024C37913F0030318BF012301B10C6002B1136030BC7047C57906
:204C6000447A037965B90CB9012BF2D0DBB100231C46EEE7447A14F0030418BF0124E3E7B4
:204C8000C4B1032D37D1032C2ED0022C24D143BB022D2DD00123032D24D1A4F10204B4FA5B
:204CA00084F46409D5E7023C012C8CBF00240124CFE770474BB9022D08BF0123EAD1A4F179
:204CC0000304B4FA84F46409C3E7032D01D0022D02D123461C46BCE7002BC8D1022DDAD181
:204CE000EDE701230024B4E7002BC0D10123D4E701231C46ADE7022DC7D1002BF1D1022C66
:204D00004FF00103DBD11C46A3E700BF30B500230B608B80437DDB075CBF01230B70037E9E
:204D2000012B83B00D46044623D901AA694604F11000FFF77DFF009B0BB10223EB70019B37
:204D40000BB102236B70E37D03F00303022B03D0032B14BF00230823AB70637E03F00303FA
:204D6000022B03D0032B14BF002308232B7103B030BDC37D13F0030309D0437E13F00303BC
:204D800005D0C38B828B9B1AB3FA83F35B092375CBE700BF02280CBF012307230B441A787A
:204DA000FF2A184603F1FF3303D18142F7D1012070470020704700BF30B583B06946FFF7BC
:204DC000A5FF9DF800309DF801509DF802409DF803109DF804209DF8050002332B442344A7
:204DE0000B441344184403B030BD00BF70B4437882780578C478DB00120102F0100203F0DB
:204E000008031343027905F0070564012B4304F020049201234302F0400213430B70437910
:204E20008579467AC479027A03F001036D0043EA861305F00205A0002B4300F00C001201B8
:204E4000034302F03002134370BC4B70704700BF70B582B00D4604466946FFF757FF04F151
:204E600010002946FFF7C2FF9DF80030012B04BFA37EAB709DF801300CBF03200220022B09
:204E800006D1A38B2B54A38B421C1B0AAB5402309DF8026056B1731E234429181A7801F8EA
:204EA000012BA34203F1FF33F8D130449DF80330022B06D1E38B2B54E38B421C1B0AAB54D5
:204EC00002309DF8046056B1F31D23442918073413F8012901F8012BA342F9D1304402B07E
:204EE00070BD00BF30B40278437802F00700C2F3C005C2F300140870C2F34010C2F38012AD
:204F00004D708C7003F00105C3F34004C8700A71C3F38100C3F301129B094D718C71C8719A
:204F200030BC0A724B727047012943DD2DE9F04186B00F4603A914460546FFF7D3FF03ABB2
:204F400003CB9DF811201B882383206161616AB3AE1C03A802AA01A9FFF76AFE9DF81380C3
:204F6000B8F1000F43D0029B002B31D1B8F1020FA38367D0B8F1030F4DD09DF81580B8F1DA
:204F8000000F2CD0019BBBB9A38BE383B8F1020F4DD0B8F1030F31D0701B3B1A8742C4E979
:204FA0000E6300DA002006B0BDE8F081AB78A376EE1CCEE700207047717816F8023B029A18
:204FC00003EB01239BB2E383002ADFD1A383DDE7727816F8023B03EB02239BB2C6E71E499F
:204FE00004F1080000F090FBA4F81E80D4E71A49204600F089FBA4F81C80BEE706F108002B
:20500000034604F1080213F8011D02F8011BB342F9D10646C0E706F108000346621E13F884
:20502000011D02F8011FB342F9D10646A5E70A4904F1080000F068FB7378237216F8023B33
:205040006372A9E70449204600F05EFB7378237016F8023B637090E71820010030B591B07D
:2050600004F0DEF9044604F0EFF96A4601462046FFF75AFF00283ED0044604F0B5F9D0B3EE
:205080009DF810100B2004F081FA9DF81310072004F07CFA9DF817308BB1BDF81C50FFF749
:2050A000C1FD854205D0BDF81C204FF6FF739A4221D19DF817006946FFF76CFEB0B102A959
:2050C0000C2004F06FFA9DF815303BB14FF6FF71062004F05BFA204611B030BD9DF81A108A
:2050E000062004F053FA204611B030BD69460D2004F058FAE3E74FF0FF34ECE7F8B505460C
:205100000B2014460E46A84700232074A37496B3E37463750820A847002701232376A07571
:2051200067740620A847A076FFF77CFDE0830920A84701280CBF3B4603236376FFF772FDA6
:20514000A0830A20A84701281AD066B90323E375637E022B0CD0E37DA3F10203B3FA83F35D
:205160005B092375F8BD0223E375637E022BF2D101232375F8BD0720A8476675E074C9E7CA
:20518000E775E5E730B591B00546FFF74BFD4FF6FF74A0423AD04022002168460CF03EFC2D
:2051A00004F010FA6A4601461A48FFF7A7FF04F009FA18B3ADF800400C2004F0FBF90146FA
:2051C00002A800F0A1FA04F02BF90E9004F03CF9034668460F93FFF7EFFD044615B92046C2
:2051E00011B030BD04F0D0F880B104F029F901466846FFF72DFE204611B030BD0D2004F0B3
:20520000D9F90146684600F07FFAD5E74FF0FF34E5E700BF999500000120FFF7B3BF00BF2F
:205220000020FFF7AFBF00BF0649074A074B9B1A03DD043BC858D050FBDC09F019F9FCF750
:2052400053F800009025010008000020B8020020FEE7FEE7FEE7FEE7FEE7FEE7FEE7FEE723
:20526000FEE7FEE700F01F030121C0F34710994000F066B808B501F05DFC00B108BDBDE81D
:20528000084001F00DBC00BF30B583B01446022301F01F0100228DF8063014F00C0341EA8A
:2052A0004015ADF8042006D0042B25D0082B27D00C2B02D103238DF8043014F0030304D0E5
:2052C000022B15D0012B02D103238DF805300E4A01A9284601F038FC2306284603D401F0E9
:2052E00031FD03B030BD012101F0C0FC03B030BD01238DF80530EAE701238DF80430DCE722
:2053000002238DF80430D8E76552000001F01F0141EA40101F28CABF054B4FF0A04300F07B
:205320001F00D3F8101521FA00F000F001007047000300500146014800F0F4B95C050020AA
:2053400070B50C4B1C689CB105460E4601E0246874B1237AAB42FAD1E36816EA0301F6D065
:2053600063682846002BF2D098472468002CF0D170BD00BF5C050020024B00221A60FFF763
:2053800079BF00BF5C05002038B50388044673B1392B10D10C4D0D4895F9001004F066F9CB
:2053A0002B7801335BB2142B09DD00232B7039232380012038BD00230380032038BD2B70B8
:2053C000392323800120F5E797200020C81F010010B50388044653B1522B11D10A4BDA687E
:2053E0000AB1012010BD0948852104F06DFA06484FF42071FFF7D0FB52232380012010BDC9
:2054000000230380032010BD60050020BC000020EFF3108072B6704780F31088704700BFC3
:2054200070B41A4A1A4D0023012440FA03F1C90712D59178B9B11178567801F01F0141EA4A
:2054400046111F29C6BF01F01F012E464FF0A04604FA01F1C6F808150133042B02F1030258
:20546000E3D170BC70471178567801F01F0141EA46111F29C6BF01F01F012E464FF0A04634
:2054800004FA01F1C6F80C15E6E700BF681E0100000300500E4A30B40E4D02F10C0403201A
:2054A0001378517803F01F0343EA41131F2BC6BF03F01F0329464FF0A04103F5E07303320F
:2054C000944241F82300EBD130BC0F20FFF7A8BF681E01000003005010B50948FFF72AFA5C
:2054E000084800F073FB50B1064C01460B7A5B080B72204600F036FB01460028F6D110BD75
:20550000C4200020DC0000200146014800F08CBBDC00002080B110B50446FEF701FE236809
:20552000C01AB0F5963F05D2207A032894BF0020012010BD002010BD0020704770B50546E6
:20554000144689B1022907D006290CD10146BDE870402A4800F068BB0146284800F064FB82
:205560000646002832D170BD0146244800F05CFB0646002835D0FEF7D3FD337A30602344AB
:20558000102BA8BF10233372FEF7CAFD3368C01AE401B0F5963FA4B208D2337A042BB388BA
:2055A00034BF19220A222BB9B48070BDB3881922002BF9D002FB04F41149C2F1640203FB7C
:2055C0000242A1FB02325209B28070BDFEF7A8FD337A30602344102BA8BF102333720C3405
:2055E000D2E7334605482946082200F07DFB06460028B8D047F6FF73C380BCE7DC0000209E
:205600001F85EB5138B50546042003F0C5FF29460446214824B200F007FB38B3B0F90630E3
:2056200047F6FF7293422CD004EB840462005A251A4C818813FB052384FB0324DB17C3EBA8
:20564000641424B2C48081B904F15A0212B222EAE2721E2A124BA8BF1E22D201A3FB023218
:20566000120902F5807292B2828038BD034629460948082200F038FB0028F6D047F6FF73F8
:20568000C3808388C480002BEFD147F6FF739C42DAD14FF48072E7E7DC0000201F85EB5176
:2056A0008988888838B5094800F090FA60B1074D04462146284600F085FB2146284600F058
:2056C00051FA04460028F4D138BD00BFDC00002000B5002183B0084800F022FA074B084A8F
:2056E0001B680093074800234FF4E131FFF7FCF803B05DF804FB00BFDC000020F4210020EC
:20570000D9540000C42000200B684A6842600360704700BF08B508220CF04AF9B0FA80F078
:20572000400908BD0368DBB110B4002400E0134699420FD01A681C46002AF8D100230B6024
:205740000368CBB11A461B68002BFBD111605DF8044B70470A686CB1226000221A60EDE73B
:2057600000230B6003684BB11A461B68002BFBD1116070470260F0E70160E8E701607047B1
:2057800030B405684DB12B46002400E01346994207D01A681C46002AF8D10D6030BC0160A9
:2057A00070470A683CB1226000221A6005680D6030BC016070470260F6E700BF03689BB122
:2057C00010B4002400E0134699421A6805D01C46002AF8D15DF8044B704734B1226000223D
:2057E0001A605DF8044B704770470260F7E700BF03682BB100201B680130002BFBD1704755
:2058000018467047006848B1884202D105E0814203D000680028FAD170470120704700BF51
:2058200000B58BB00246282168460AF017FE6946024803F01BFF0BB05DF804FB20200100D4
:20584000F0B170B50024104E054654B1E3070DD5295D304603F00AFF072C10D00134002C78
:20586000F4D12978304603F001FFF7E72E2004F067F8295D304603F0F9FE072CEED170BDD5
:20588000024803F0F3BE00BF342001002420010008B504F0CFF8014B187008BD98200020D8
:2058A000034B197806204A1C1A7003F06FBE00BF98200020F8B5FEF733FC104E0746344646
:2058C00000250C2003F076FE2146FFF723FF103420B90135102DF4D10020F8BD062006EB50
:2058E000051503F059FE2B7B8342F5D1A868381AB0F5206F8CBF00200120F8BD30060020E6
:20590000F8B5174E0024374635460C2003F052FE2946FFF7FFFE1035F8B90134102CF4D15C
:205920000F2407EB0414254654F8100D6168A268E368A6420FC5F6D1062003F02DFE3873C6
:20594000FEF7EEFB0346BB600C2003F033FEBDE8F84001460248FFF7D7BE002CE1D1EBE70C
:205960003006002010B504464288406800210CF055F823886288A06802FB03F2BDE8104062
:2059800000210CF04BB800BF30B44588ADB14368002202E00132AA420CD0194601330C7858
:2059A000002CF7D101230B700588806802FB050030BC7047002030BC70472846F8E700BF6B
:2059C00030B44488826854B18A420CD00588002301E0914208D00133A3422A44F9D14FF0B4
:2059E000FF3030BC704700234268D15C0029F6D00020D05430BC704783688B4208D84288A3
:205A0000008800FB023081422CBF00200120704700207047418849B143680020194413F85E
:205A2000012B02B901308B42F9D170470846704738B50D4B0D4D1C68002818BF05463CB1A1
:205A4000211D2846FFF766FE28B92468002CF7D14FF0FF3038BD064A064B9068241AA010F5
:205A600003FB00F038BD00BF6007002018200100F0000020ABAAAAAA2DE9F84F224CDFF869
:205A80009CA0DFF88C90214F0546884604F1200B54F8043FBBB19E68AEB1A5B1D9F808207F
:205AA000AA1A91100C3207FB01F10CD05A68D86802FB010038B11AF801201B6842FA03F3A2
:205AC000DB0700D5B0475C45E2D1D5B1104B0F4A9B68EB1A9B1002FB03F30E490E48002215
:205AE000CA5429460AF80320FFF768FEB8F1000F01D1BDE8F88F29460548BDE8F84FFFF744
:205B00005FBF4FF0FF33E8E72C070020ABAAAAAAF0000020500700206007002038080020BD
:205B200038B10368072B04D80C4A52F82330984210D00B4A1368072B0AD830B4074C0360D8
:205B40005D1C8160156044F82300012030BC70470020704781600120704700BF30070020AD
:205B600034080020F0B5164B164D9C68164E20B301B3C768D0F804C0C91B91FBFCF101EB6D
:205B80004102013119D014EB820314D054F82230A3EB040E4FEAAE0205FB02F20CFB0271AA
:205BA0004BB11EF10C0F08D021B1B35C02681341DB07DCD50B461846F0BD00231846F0BD2B
:205BC000F0000020ABAAAAAA38080020124B1968F9B1124B9B68C91AD0B111F10C0F17D05C
:205BE00010B40F4B4468C268891003FB01F304FB032149B10B4C0268E35C1341DB0703D5FB
:205C000008465DF8044B70475DF8044BFFF7AABF0021FFF7A7BF00BF60070020F000002005
:205C2000ABAAAAAA3808002010B504460846FFF7FFFE84B1431C02460DD06368E06803FB41
:205C4000020038B1054B21689B5C0B4113F0010F08BF002010BD002010BD00BF380800206A
:205C60002DE9F84316460D46FFF7DEFF28B10024012006B13460BDE8F88304462846FFF71A
:205C8000D7FE0130F3D11448FFF7C4FE0028EED1124B1D68F5B1DFF84C90DFF83C80104F12
:205CA00006E02046291D05F0B1FB04462D686DB1D8F80830EB1A9B1007FB03F319F80330C0
:205CC000002BF3D1002CECD12C1DEFE7201E18BF0120CEE72046CCE7F00000206007002032
:205CE000ABAAAAAA500700202DE9F04182B060B32F4B0C46002908BF1C46214601AA05467D
:205D0000FFF7AEFF08B32046FFF792FE461C21D06A68EC6800FB0244002120460BF07EFE81
:205D2000EB686A68E31A93FBF2F35A1C06D021492D68C85C0122AA400243CA54204602B0D7
:205D4000BDE8F081B8F1000F1DD10024204602B0BDE8F081184FDDF804803846FFF714FEEF
:205D600006460028EED015483146FFF7DBFCBB682146301DF41AFFF7C7FC14F10C0F12D1AF
:205D80006A680024C8E74046FFF752FE411CDCD0BB6800EB400013EB8006D6D0002130467A
:205DA000FFF76AFEDFE7064BA01003FB00F0AFE71820010038080020F0000020600700200A
:205DC000ABAAAAAA18B319B3C3684268CB1A93FBF2F35A1C1CD070B40F4E0568F45C012293
:205DE00002FA05F524EA0504F454C3684468CB1A93FBF4F3591C0DD0084C0068E15C02FAD6
:205E000000F021EA0001E154104670BC70477047002070471046F8E738080020500700207E
:205E200098B199B1C2684368891A91FBF3F14B1C0CD010B4064A0368545C012000FA03F364
:205E4000234353545DF8044B704770470020704750070020A0B1A1B1C2684368891A91FB2E
:205E6000F3F14B1C0DD010B4074C0268635C012000FA02F223EA020363545DF8044B704787
:205E800070470020704700BF5007002088B179B1C3684068C91A91FBF0F14B1C08D0054B29
:205EA000986801EB410110EB810002D00430704700207047F000002070B50B4B1C685CB188
:205EC00005460E46012D09D01DB963680BB1984718B92468002CF5D1002070BDA3683046C3
:205EE000002BF6D09847F3E748080020064B074A01211960D2F8503513F0FF03FAD1C2F872
:205F0000FC3F0120704700BF1010004000100040A1B1192810D8DFE800F00D770F0F6E6558
:205F2000605B453F0F3A0F0F0F36322E2A0F26221E1A1713002070470120704702207047AB
:205F40007D230B600020704700200860704710230B60002070470A230B60002070472023F9
:205F60000B600020704703230B600020704708230B6000207047D8230B60002070471A2390
:205F80000B60002070470B230B6000207047244B1B780B6000207047224B93F900300B6077
:205FA00000207047204B214A012082B018601368002BFCD00020106012681D4B0192019A57
:205FC000D3F8483503F07F035B420B6002B07047184B5B790B6000207047164B5B780B607B
:205FE00000207047134BDB7800200860002BA1D001230B6070470F4B1B7800200860002B0F
:2060000098D004230B607047094B0B4AD3F80835A2FB03239B080A33DBB20B6000207047AC
:20602000992000209A200020141000401C110040001000400C010020CDCCCCCC0120704756
:2060400070B582B0FFF7E4F9BFF35F8F1C4B1B78ABB11C4B1C4902224FF0FF34C1F80843BA
:20606000C3F88021C3F88020BFF34F8FBFF36F8FBFF35F8F02B0BDE87040FFF7CDB91349AA
:2060800003F0FF020A600968114B019101991A601A680D490B4B00924FF0FF3502224FF495
:2060A0004054009EC1F80853C3F88021C1F804431A60BFF35F8F02B0BDE87040FFF7ACB9C2
:2060C0000C01002000E100E0001000403011004034110040144BD3F8FC0F28B1D3F850351E
:2060E000DBB2032B01D000207047104B1B7803F0FF0073B10E4B1B78053B7A2BF3D80D4B45
:206100001B68002BEFD10C4B1868B0FA80F040097047074A1378053B7A2BE5D892F8800098
:2061200080F00100704700BF001000400C0100204C08002030110040341100400D2801D07B
:2061400001207047042A05D121B1034B1B680B600020704702207047D008002070B51B4C21
:20616000D4F85055EDB2032D82B028D0184B1948194AC4F804051949C3F8102501264FF011
:206180000062C3F81415C3F80465C3F80425FFF757FFD4F8003243F01003C4F80032D4F867
:2061A0000032022D43F40023C4F8003209D00C4B0C4A002119601B680193019B166002B03B
:2061C00070BD094B1E6002B070BD00BF0010004000F001404C080020381100404C80004098
:2061E00058110040041000400810004070B5304D304C314A00232B6084B02D680095009D08
:20620000236024680194019C1360146802942B4D029C42F8043C2C7852F8043C0393631FE2
:206220007A2B039A02D8023CA1420ADA8122002122480BF0F3FBFFF791FF0024204604B062
:2062400070BD2246691C0BF0C1FB2B191C4E5B781C4A3F2B9ABF9B00DBB2FF233370D2F80C
:206260004835194A03F07F035B425BB299B20420137003F08BF93178032003F087F9134B19
:206280002A7813491A74D1F84C055860D1F8481599605200DA605D68084881220021023DDD
:2062A0001D600BF0BBFBFFF759FF204604B070BD381100400C110040341100404C0800203C
:2062C00099200020001000409A200020D00800200080004010B5038804461BB340F2D33264
:2062E000934224D1822901D0012010BD124A1378053B7A2B16D8114B1B6813B992F88030CB
:2063000083B10AF08DFA03F0D3F803F089F88021FFF76CFF002805DD80B203F07BF8084B9F
:20632000DB68984740F2D3332380012010BD00230380032010BD00BF4C0800203011004028
:20634000841F01007D2910B50C4609D801460A48A31C00F8013B22460BF038FB002010BDEC
:20636000064A0749074803F081F921467D22064803F07CF9012010BDE40800203C200100AE
:206380004C200100A81E01005020010070B4164B1649174C0F22C3F810258A780A3A02EBBD
:2063A0008202C3F808250879CD798A794979120642EA0522024342EA0142C3F86C2640F247
:2063C000022600250B48C3F834657F2140F20122C3F83845C3F83C55C3F81405C3F8181594
:2063E000C3F8502670BC7047001000400C010020211001000800000608B5084BD3F8FC2FC6
:206400001AB1FFF7ABFE012008BD0122C3F8FC2FFFF7BCFFFFF7A2FE012008BD00100040A6
:2064200030B585B0FFF7E8FF104A11491148124C0023136015680395039D0B600D68029538
:20644000029D03600368019301230198236001E00B6813B91368002BFAD0044A044B106856
:206460001B68B0FA80F0400905B030BD48110040441100404C1100402C10004010B5072859
:2064800067D8DFE800F01A2A666648525A04364A3648C9B25171D0F8FC3F5BB11179D479DD
:2064A000937952791B0643EA04230B4343EA0243C0F86C360024204610BD01294FD00029AD
:2064C0004AD12B4A294B01211160D3F8504514F0FF04FAD1C3F8FC4FEDE7A1F10B030F2B3F
:2064E0003AD8214A214BC8B29070D3F8FC2F002AE0D01F4A01201060D3F8504514F0FF0408
:20650000FAD10A3901EB8101C3F8FC4FC3F80815FFF772FFCFE731F007041DD1124BC1F3D9
:2065200080011970FFF78CFDC5E731F0010413D10D4BC9B2D970204610BD0B4A0B4BC9B2A7
:206540005170D3F8FC2F002AB4D0C3F80C150024B1E70124204610BD0224204610BDFFF797
:206560004BFF0024A7E700BF0C010020001000401010004010B57D2884B04BD82C4CFFF754
:206580003BFFE378002B3FD163782A4A2A49DBB20120C2F80C350860D2F85035DBB2022B4F
:2065A000FAD12649264BC2F8043500230B600868019001980B66086E029002988B648B6C1C
:2065C0000393039BD2F8003223F01003C2F80032D2F80032012143F48023C2F80032116024
:2065E00005F00AFD6FF002031C1A05F005FDE042FBD4104AD2F85035DBB20B2BFAD0FFF7F1
:20660000ADFD002004B010BDFFF70AFF0028BBD10220F7E70B4A0C4904460C4803F026F823
:2066200021460B4803F022F8012004B010BD00BF0C010020001000400C1000400C110040FC
:20664000E40800203C2001004C200100A81E01006C20010010B50C46FFF774FE2046BDE886
:206660001040FFF787BF00BF10B51A491A481B4A1B4C00230B6003704B6023708B6082B01D
:20668000CB600B741360136800934FF080430121009819601368002BFCD000241460136815
:2066A000019321460F48019B03F086F8214681220D480BF0B3F90D4B0122C3F8FC2FFFF71E
:2066C00065FE0B4A1378DBB21370FFF7B9FC204602B010BDD00800209920002000010040C5
:2066E0009A200020FC0000204C080020001000400C010020074A1378053B7A2B07D8064BC2
:206700001B6813B992F880007047012070470020704700BF4C08002030110040154B1B7813
:2067200003B1704700B503F0FF02134B196883B029B9124B1A6882B903B05DF804FB1A60B6
:206740001B6800930E480F4B009A012283F8802003B05DF804EB03F0E5B819601B68019384
:2067600081220848019B0BF059F903B05DF804EBFFF7F4BC0C01002030110040341100406D
:20678000FC0000204C08002010B40346002253E8000F00EA020143E8001494F0000FF6D16A
:2067A0005DF8044B704700BF10B568B90E4CA368012262703BB1D3E900230020A2609847B3
:2067C000A368002BF7D110BD0128FCD1064C2369A070002BF7D0D3E90023012022619847B6
:2067E0002369002BF7D110BD6409002010B50B4C237882B013B1852002B010BD08486360DC
:20680000A3602361E36000F0B5F8019000F0BEF801980123237002B010BD00BF64090020BF
:20682000A967000038B5154DAB78044673B110B14368012098470020FDF7BEFAEB680133A9
:20684000EB600020BDE83840FDF7BEBA03F0FF00FDF7B2FA64B12A6942B1944208D0134610
:2068600001E09C4204D01B68002BFAD122602C61EB68002BE2D100F09FF8DFE764090020F2
:2068800038B5154D6B78044673B110B14368002098470020FDF790FA6B6801336B6000205D
:2068A000BDE83840FDF790BA03F0FF00FDF784FA64B1AA6842B1944208D0134601E09C4239
:2068C00004D01B68002BFAD12260AC606B68002BE2D100F089F8DFE76409002038B50B4C24
:2068E0000020FDF769FA6368013B6360656825B1BDE838400020FDF767BA00F087F865701E
:206900000020BDE83840FDF75FBA00BF6409002010B5074C23784BB9064B002808BF18468C
:2069200000F044FB08B90123237010BD852010BD9B200020D820010000B583B0019000F034
:2069400069FB00F06FFB019800F056FB00F05AFB002003B05DF804FB10B4034653E8000FDC
:2069600000EA010243E8002494F0000FF6D15DF8044B7047044A137923B9012110609180CD
:20698000184670478520704778090020084B1A68D20704D4C02283F8002301221A60054AF3
:2069A0004FF080410123C1F818351370704700BF00E100E00B2B002010B4094B094A002111
:2069C000196083B01B680193019C4FF0804102200123C1F80403136003B05DF8044B7047D0
:2069E0000401004008000040074B00221A6082B01B68019301994FF080430122C3F8042332
:206A00001A6002B0704700BF00010040074B01221A604FF08042D2F80C3403F00113B3F1EE
:206A2000011FF8D0024B00225A717047040000407809002010B5174B1A6882B062B1002189
:206A4000154A19601B68507900934FF080410123009CC1F8083398B1104B1A68BAB1002218
:206A60001A601B6801934FF0804202210A4B0198C2F808131B68012002B0BDE810401847F4
:206A8000116853718847054B1A68002AE7D102B010BD00BF000100407809002004010040D1
:206AA00030B41F4C94F86A3082B0002B33D104F12F03204604F15F01FF2203F8012F8B4205
:206AC000FBD14FF0FF3222600123072B88BFE11803F1010340F8042F88BF81F858200C2B90
:206AE000F3D11049104B0020C0228880606683F8062340221A600D4B0D4A18601B68019390
:206B0000019D01214FF0004384F86A10C2F8043302B030BC7047082002B030BC704700BFBB
:206B200080090020E409002000E100E07C61004000600040034B93F86A00003818BF0120AE
:206B4000704700BF80090020F0B4454F3B1893F93030002B5DDA91F802C0CCF3400CBCF13A
:206B6000000F0CBF0823002307EB8304A4F104040CBF0C26082602E001339E424CD954F845
:206B8000045F0135F8D13C1847F8232084F83030BCF1000F4FD08A7854071AD4D5074ED4BD
:206BA0001F284C7887BF2F4D00F01F0202464FF0A04502F5E072A40045F822402A4DC408BC
:206BC00000F0070C2E5D012202FA0CF232432A558A7812F0020222D09B0003F1804303F5D2
:206BE000C0430978D3F8104524F44F3424F44074C3F8104502020904D3F8100501F4403123
:206C000002F47C520A430243C3F810250020F0BC70470820F0BC70470420F0BC7047083B56
:206C20001F44097897F8603043EA811387F860301046F0BC7047FA1882F85800ABE71F280B
:206C400087BF084A00F01F0404464FF0A04202EB8402D2F8004724F00204C2F80047ADE7EB
:206C60008009002000030050E409002070B4324C251883B095F93030072B22DD234493F8E8
:206C800058309B09032B46D0012B0CBF4FF400324FF440321F288ABF284B4FF0A04300F04E
:206CA0001F0003EB8000D0F8003723F44033C0F80037D0F800371A43C0F8002703B070BCB5
:206CC0007047DAB2072AF9D8980000F1804000F5C04003F140029200D0F8106592B202F1F5
:206CE000804202F5C04246F00106C0F810650020106012680192019A0029DFD095F9302081
:206D000054F82220002AD9D00D49012202FA03F3C1F80433D2E71F288ABF084A4FF0A042FB
:206D200000F01F03D2F8102598BF0346DA4002F0010202321204ADE78009002000030050B9
:206D400000600040194B034493F93030072B13DD1F288ABF164B4FF0A04300F01F0003EBCA
:206D60008000D0F8003723F44033C0F80037D0F80037C0F800377047DAB2072A14D810B409
:206D80009A0002F1804202F5C0420A4CD2F81005012120F0010001FA03F3C2F81005C4F8C7
:206DA00008335DF8044B7047704700BF8009002000030050006000402DE9F04F002289B07B
:206DC000CDE9022216461546704B714C7148012204E0043383424FEA420211D019680129E5
:206DE000F7D1D4F804131142F3D01D60196800910433834246EA020600994FEA4202EDD13B
:206E0000654B1A68012A07D016F0FF0F17D1002E32DB09B0BDE8F08F00221A601B68019377
:206E20004FF0A042019BD2F810255C4B0292D3F81035039316F0FF0F1ED046F00046584F90
:206E400001250024A30003F180432E4203F5C0434FEA45050BD0D3F8100557F82420D3F887
:206E60001015C0F30520C1F3014102B190470134082CE7D1002ECCDA4FF0FF33494D0DF19B
:206E8000100ACDE906330022CAF804200492A5F16408454C0027012614F9010B431C32D0F0
:206EA000C0F3C20E08AB03EB0E0C00F007031CF8081C06FA03F31942C2B200F03F0022D07C
:206EC00008EB0009910999F9309058F82990B9F1000F4CD003294CD01F288BBFDFF8BCE0A0
:206EE0004FF0A04E02F01F0202460EEB82021CF818ECD2F800C71EEA030FCCF3014C1BD1D2
:206F0000BCF1030F3CD0A542C6D1002F81D04FF0A0430299D3F81035204A9942D2F8102597
:206F200003D1039991423FF474AFDDE90401CDE90232CDE90601ACE7BCF1020FE3D1032915
:206F400004D0B9F1000FDED0C847DCE74FF4403CD2F8003723F44033C2F80037D2F80037E8
:206F600001374CEA0303FFB2C2F80037E9E70329C9D11AF80EB04BEA030B0AF80EB0ABE700
:206F80000329DED14FF4003CE2E700BF0061004000600040206100407C610040000300509D
:206FA00080090020E4090020E0090020104A1378DBB910B403780F494FF08044C3F3400306
:206FC000C4F88035037803F00103C4F878350B68DB0704D4C02381F8003301230B600123F6
:206FE000137000205DF8044B70478520704700BF0C2B002000E100E0014B02681A60704779
:20700000F40900204FF080434FF46072C3F80423704700BF4FF080434FF46072C3F80823E7
:20702000704700BF014B00221A607047F409002010B54FF0804386B0D3F80443620705D5CC
:20704000D3F8082103F58473002A4ED1A30603D52A4B1A68002A3FD1600603D5284B1A681F
:20706000002A2FD1210602D5264B1A680ABBE20502D5254B1A6892B9A3050ED5234B1A68BA
:207080005AB100221A601A68214B0592059A1B68022006B0BDE81040184706B010BD0022D1
:2070A0001A601B4A1B68049301201368049A9847E2E700201860164A1B6803931368039ACC
:2070C0009847D4E700221A60124A1B68029301201368029A9847C5E7002018600D4A1B68D1
:2070E00001931368019A9847B6E700221A600A4A1B6800931368009A9847A7E7140100408D
:20710000180100401C0100402001004024010040F4090020F0090020EC09002008B5FFF7F5
:2071200087FFBDE80840FFF785BC00BF074B0849084A0020186082B01B680193019BD1F8AB
:2071400008051368C0B202B0184700BF00D1004000D00040F809002070B443791E4C1F4E6C
:2071600003EB430546F82320655D8DBB90F904308A78002B24DB03F1604303F561435201DF
:20718000D2B283F8002390F90430002B07DB144D03F01F0601225B09B24045F82320036826
:2071A0000A88C3F8082543790879C97803EB4303E218012550709170E554002070BC704786
:2071C000084D03F00F0352011D44D2B22A76DAE7082070BC704700BFFC090020000A0020A3
:2071E00000E100E0FCEC00E00368044A01211960437903EB43030221D1547047FC0900209E
:2072000010B403680022C3F8002183B0D3F80031026801930123019CC2F8443311B10268F6
:20722000C2F8043303B05DF8044B70472DE9F041274F284EDFF8A08084B000244FF48035D5
:20724000D7F804332B4211D056F824200023E0B262B1C7F84853C7F8085346F8243056F82C
:2072600024300393D8F80030039A98470134032C4FEA4505E4D1164BD3F80423D10702D50A
:20728000D3F80021C2B9124BD3F80423920710D5D3F804216AB10022C3F80421D3F80421BD
:2072A0000D4B0192019A1B68052004B0BDE8F041184704B0BDE8F0810022C3F80021064A9F
:2072C000D3F80031029304201368029A9847DAE700B0004040B10040000A0020084B094952
:2072E0001B68094AA1FB03139B0C916800FB03F09368CB1A23F07F438342F9D3704700BFBC
:20730000D801002083DE1B4310E000E030B44C689C4208D2002545600968016093420CD048
:20732000002030BC704743600D6805600868E41A18449342C1E90004F2D1201E18BF0120C7
:2073400030BC704710B4D1E900439A4228BF1A46C0E90042D1E90030801A1344C1E9003006
:20736000003818BF01205DF8044B70474B689A4228BF1A4662B10B68C0E90032D1E9003061
:20738000801A1344C1E90030101E18BF012070471346F1E710B5094B09491A68094C82B0A0
:2073A000002301208DF804008DF80730ADF8053001A823700B70904702B010BD2C0B002006
:2073C0009F2000209C200020704700BF00B583B00D4B0E4900228DF80420D3F82025ADF865
:2073E0000620D3F8C0040A4A0968136800280CBF4FF480704FF00120034301A813608847E1
:2074000003B05DF804FB00BF007002402C0B0020080A0020F8B54B680B4F934228BF13469C
:207420001D460C4606461A46096838460AF0CEFAC6E90075D4E90030401B2B44C4E9003082
:20744000003818BF0120F8BD340B002070B54B68934228BF13460D461C4606465BB9336053
:207460007460D5E90032121B2344C5E90032201E18BF012070BD044B0968184622460AF0F1
:20748000A5FA3060ECE700BF340B002010B5274BD3F80044C3F8004482B0BFF36F8FBFF3F3
:2074A0004F8FBFF36F8FBFF34F8FE1050ED5204B20491A68022000238DF80730ADF80530B4
:2074C0008DF80400012301A80B709047A2050DD5174B18491A68032000238DF804008DF8E2
:2074E0000730ADF8053001A80B70904763051AD5104B1A78BAB10D4C0F48012100221A7053
:20750000C4F808150160BFF36F8FBFF34F8F084BADF8052004211B688DF807208DF80410E7
:207520000DEB0100984702B010BD00BF007002402C0B00209C2000205870024070B5394A9E
:207540000126136806FA01F423431360030682B0054610D4344B1B681C420AD1334B8DF813
:20756000060006221B688DF807608DF8042001A8984702B070BD2E4B00F00F0133F8113079
:2075800003F1804303F51C331A68DAB100221A60BFF36F8FBFF34F8F264B80281B6822D076
:2075A000082B08BF244B254808BF1A60244B03EB01120026927B0670032A4FEA011029D02B
:2075C0001B583BB3184B19682140D2D1174B8DF8065006221B688DF807108DF8042001A88C
:2075E000984702B070BD082B08BF134B134908BF1A60144B93F89E200020032A087003D098
:20760000D3F89030002BDDD16FF001010648FFF7A3F9D7E7012303FA01F1C9430248FFF7A8
:207620009BF9CFE7080A0020040A00202C0B0020E8200100300100101C7C02409D20002048
:207640009C0A00200C0A0020064B93F900201878002AB4BF0021102100F00F031944FFF75D
:207660006DBF00BF9F2000202DE9F04FDFF8F4A2DFF8F882DAF80040D8F80030234089B07F
:2076800000F0C68013F0012400F0C58094FAA4F4002C00F0C580B4FA84F70F2F3D461BD8F3
:2076A000DFF8CCA24FEA071B0AEB07165AF80B30B289716806A8984767F07F09012302974E
:2076C0004FFA89F903FA07F708B94AF80B006FEA070B05F008072CE0A7F11003974A4FF090
:2076E000010BDDB20BFA07FB4FFA83F913F008032C4602EB05166FEA0B0B019340F0988050
:2077000003950022019205F594738D4A52F82330B28971683768029306A8B847069A22B13F
:20772000079A029B934200F2DB80019F029400B93060844B1B68082B02D1834B82221A6026
:20774000D8F80020B368079902EA0B020B44C8F800207E4AB360B9F1000F4FF001031370FC
:20776000069A73DB002F00F08580754BC3F8A027C3F8A417734B1B68082B4FEA850540F0D8
:207780008A80734B1B68002B40F08580B9F1000FB4BF042328231D446E4A6F49029B6F4E75
:2077A000DFF8D081EDB2B4BF9146894605F1804509EB430905F51C35002701243760BFF30E
:2077C0006F8FBFF34F8F2C60BFF36F8FBFF34F8F0220FFF783FD3368002BEFD01E20FFF7FE
:2077E0007DFDD8F800309A0606D40220FFF776FDD8F800309B06F8D50120FFF76FFDB9F868
:20780000003003F1804303F51C331B68002BD4D009B0BDE8F08F93FAA3F4002C7FF43BAF5E
:207820001023464E039399464FF0FF3B254668E7434BD3F8C034D9037DD5B28971683468AE
:20784000019F029506A80023A04770E7002F61D105EB85039B0003F1804303F51C33AD00C3
:20786000C3F80026C3F80416364B1B68082B5CD0042311E005EB85039B0003F1804303F515
:207880001C33AD00C3F80027C3F804172D4B1B68082B3FF476AF28232B44DBB203F18043B0
:2078A00003F51C3301221A60BFF36F8FBFF34F8F284B294A2A4913EA290938BF9146029BB1
:2078C00039F8132002F1804202F51C3202E00B68002B9DD11368002BF9D009B0BDE8F08F10
:2078E00002245946B4731F48FFF736F81E4B03991B688DF8174006228DF816108DF8142021
:2079000005A89847DAF80030D8F8004023407FF4B9AE7DE70A4BC3F8A026C3F8A416094B89
:207920001B68082B4FEA8505A2D1094B1B68002B3FF42CAF9CE70395EAE600BF0C0A00206B
:2079400000700240300100101C7C02409D20002034010010E820010008210100047102404E
:2079600000710240040A00202C0B0020080A00209C0A00207474024038B5214BD3F86C44D9
:20798000C3F86C44BFF36F8FBFF34F8F1D4B1B68082B28D09CB1012594FAA4F3B3FA83F26C
:2079A0001146D3B10F2AA2F1100005FA02F30DDDC0B224EA0304FFF7C1FD002CECD1124BB1
:2079C0001B787BB9BDE83840FFF74EBE05FA02F224EA020441F08000EDE720211020FFF7CE
:2079E000ADFDD9E738BD094B1B68002BD2D1084A136803F0011123F0011311601C43C9E70A
:207A000000700240300100109D20002034010010300B002010B5184B1B68082B82B002D113
:207A2000164B00221A60164B164C93F87E200021032A217005D01B6F6BB1FFF715FE02B048
:207A400010BD11486FF40001FEF786FF2378002BF3D002B010BD6FF400010B48FEF77CFFF3
:207A60000A4B062107221B688DF80410ADF8062001A89847EAE700BF300100101C7C024047
:207A80000C0A00209D200020040A00202C0B0020134B1B68082B02D1124B00221A60124B11
:207AA000124993F88E200020032A087002D0D3F8803003B1704700B56FF0807183B00C4829
:207AC000FEF74AFF0B4B062108221B688DF80410ADF8062001A8984703B05DF804FB00BF8C
:207AE000300100101C7C02400C0A00209D200020040A00202C0B002000B5184B1B68082B05
:207B000083B002D1164B00221A60164B164993F81E210020032A087005D0D3F8103153B12E
:207B200003B05DF804FB6FF480711048FEF714FF03B05DF804FB6FF480710C48FEF70CFFDB
:207B40000B4B062188221B688DF80410ADF8062001A8984703B05DF804FB00BF3001001088
:207B60001C7C02400C0A00209D200020040A00202C0B00200B4B1B68082B02D10A4B00223D
:207B80001A600A4B0A4993F89E200020032A087003D0D3F8903003B1704706486FF001013D
:207BA000FEF7DABE300100101C7C02400C0A00209D200020040A00200B4B1B68082B02D1FD
:207BC0000A4B00221A600A4B0A4993F80E210020032A087003D0D3F8003103B17047064805
:207BE0006FF08001FEF7B8BE300100101C7C02400C0A00209D200020040A00200B4B1B6805
:207C0000082B02D10A4B00221A600A4B0A4993F8EE200020032A087003D0D3F8E03003B105
:207C2000704706486FF02001FEF796BE300100101C7C02400C0A00209D200020040A00201A
:207C40000B4B1B68082B02D10A4B00221A600A4B0A4993F8FE200020032A087003D0D3F8A0
:207C6000F03003B1704706486FF04001FEF774BE300100101C7C02400C0A00209D20002036
:207C8000040A00200B4B1B68082B02D10A4B00221A600A4B0A4993F8AE200020032A087020
:207CA00003D0D3F8A03003B1704706486FF00201FEF752BE300100101C7C02400C0A0020E5
:207CC0009D200020040A00200B4B1B68082B02D10A4B00221A600A4B0A4993F8BE20002098
:207CE000032A087003D0D3F8B03003B1704706486FF00401FEF730BE300100101C7C024046
:207D00000C0A00209D200020040A00200B4B1B68082B02D10A4B00221A600A4B0A4993F81F
:207D2000CE200020032A087003D0D3F8C03003B1704706486FF00801FEF70EBE30010010DF
:207D40001C7C02400C0A00209D200020040A00200B4B1B68082B02D10A4B00221A600A4BE3
:207D60000A4993F8DE200020032A087003D0D3F8D03003B1704706486FF01001FEF7ECBDFD
:207D8000300100101C7C02400C0A00209D200020040A002010B5184B1B68082B82B002D1A4
:207DA000164B00221A60164B164C93F82E200021032A217005D01B6A6BB1FFF755FC02B0DC
:207DC00010BD11486FF48021FEF7C6FD2378002BF3D002B010BD6FF480210B48FEF7BCFDB4
:207DE0000A4B062102221B688DF80410ADF8062001A89847EAE700BF300100101C7C0240C9
:207E00000C0A00209D200020040A00202C0B002010B5184B1B68082B82B002D1164B002264
:207E20001A60164B164C93F83E200021032A217005D01B6B6BB1FFF717FC02B010BD1148E5
:207E40006FF40021FEF788FD2378002BF3D002B010BD6FF400210B48FEF77EFD0A4B062159
:207E600003221B688DF80410ADF8062001A89847EAE700BF300100101C7C02400C0A00208D
:207E80009D200020040A00202C0B002010B5174B1B68082B82B002D1154B00221A60154B42
:207EA000154C9A7F0021032A217005D01B696BB1FFF7DAFB02B010BD10486FF40031FEF7C9
:207EC0004BFD2378002BF3D002B010BD6FF400310A48FEF741FD0A4B062101221B688DF892
:207EE0000410ADF8062001A89847EAE7300100101C7C02400C0A00209D200020040A0020EE
:207F00002C0B002010B5184B1B68082B82B002D1164B00221A60164B164C93F84E2000214D
:207F2000032A217005D01B6C6BB1FFF79DFB02B010BD11486FF48011FEF70EFD2378002BEB
:207F4000F3D002B010BD6FF480110B48FEF704FD0A4B042206211B688DF80410ADF8062019
:207F60000DEB02009847E9E7300100101C7C02400C0A00209D200020040A00202C0B0020A5
:207F800010B5184B1B68082B82B002D1164B00221A60164B164C93F85E200021032A217056
:207FA00005D01B6D6BB1FFF75FFB02B010BD11486FF40011FEF7D0FC2378002BF3D002B0B0
:207FC00010BD6FF400110B48FEF7C6FC0A4B062105221B688DF80410ADF8062001A8984744
:207FE000EAE700BF300100101C7C02400C0A00209D200020040A00202C0B002010B5174B17
:208000001B68082B82B002D1154B00221A60154B154C93F86E200021032A217005D01B6E92
:208020006BB1FFF721FB02B010BD10486FF48001FEF792FC2378002BF3D002B010BD6FF469
:2080400080010A48FEF788FC094A062312688DF80430ADF8063001A89047EBE730010010B7
:208060001C7C02400C0A00209D200020040A00202C0B00201D490B78002B34D130B41C4C29
:208080001C4A206001240C701046194640251C4607E011F0080F00F1100014BF4FF4007552
:2080A00040250131C9B20929A0F89C5080F89E40C0F89040C0F89840EBD14020002107E066
:2080C00013F0080F02F1100214BF4FF4007040200133DBB2092B9081917311609160EFD16F
:2080E000002030BC70470820704700BF9E2000202C0B00200C0A00200249034A00230B608E
:20810000137070472C0B00209E20002038B5604B4FF40062C3F80024BFF36F8FBFF34F8F94
:208120005C4B1B68082B62D00D2B11D10020FBF743FE594B1A68002A00F08780574B032235
:208140001A600020FBF740FE524B1B68082B52D04F4A0123C2F80035BFF36F8FBFF34F8FF4
:20816000D2F800341B05FBD54FF40063C2F80034BFF36F8FBFF34F8F464B1B68082B48D0DE
:20818000434A474D474843498024C2F81C45002340F2FF14C2F830352B6004600A68424D6D
:2081A000424C4349082A08BF424A4FF0020008BF13600023374A2B70237008701368082BAD
:2081C00010D00D2B12D10020FBF7F6FD324B1A68002A42D0314B00221A60BDE8384000200F
:2081E000FBF7F2BD344B1B68002BECD138BD324B1B68002B9AD10020FBF7DEFD264B1A6889
:20820000002A3CD02D4BC0221A600020FBF7DCFD9EE70020FBF7D0FD1F4B1A6842B3274BB2
:2082200000221A600020FBF7CFFD1A4B1B68082BA6D12349234B40F2E370402208601A608F
:20824000BFF36F8FBFF34F8F9AE7144949F2753203201A6008601A6073E7104849F275310C
:20826000196002601960BDE838400020FBF7ACBD124849F27531196002601960D2E70F4972
:2082800049F27532C0201A6008601A60BDE700BF007002403001001000EC064014ED0640F1
:2082A000040A0020080A00209D2000209F2000209E2000201C7C02403401001014EC06405F
:2082C0000078024004780240114B00221A7028B9104B1B68082B13D00F4900E00F49104B5E
:2082E000104AC3F80413C02182F82713802151600122C3F80425BFF36F8FBFF34F8F70476D
:20830000094B06491A68044B002A18BF1946E6E79C200020300100100714C0010714E001C7
:208320000070024000E100E034010010024B1878003818BF012070479E200020034B187805
:20834000012894BF00200120704700BF9E20002010B50020FBF730FD144B1B7803F0FF0420
:2083600053B1134AD2F82C355BB1124B1B680021082BC2F82C150AD00020FBF725FD2046C2
:2083800010BD1C460020FBF71FFD204610BD0A4B1A683AB9094949F27532C0201A6008608D
:2083A0001A60E9E7054BC0221A60E5E79C200020007002403001001000EC064014EC0640B4
:2083C000024B034AC3F80823704700BF0070024004148001024B034AC3F80423704700BF6A
:2083E0000070024004148001014B00221A7070479C200020064B10F0800FA3F1900200F0B1
:208400000F0008BF134603EB00139889704700BF9C0A0020064A010600F00F034CBFD2F8A1
:208420001005D2F81405D84000F00100704700BF007002402DE9F0414FFA80F8B8F1000F53
:2084400000F00F0504464FF00000B4BF074610270E46FBF7B1FC55B9324B1B78A34206D0CC
:2084600010240020FBF7B0FC2046BDE8F0812E4BDFF8DCC01C68DCF80030E4432F4401225D
:20848000A4B202FA07F71C433C4025D1B8F1000F29DB264A2649DFF8BC80280105EB450EA1
:2084A00042F8008001EB8E0E02EB051896E80700204D1F43802600238EE80700C8E901E341
:2084C000CCF8007088F80E300020C5F80461FBF77BFC2046BDE8F08111240020FBF774FCCC
:2084E0002046BDE8F08132681349144802F0604205EB450EB2F1005F01EB051800EB8E0E45
:208500004FEA051506D0B268D20754BF0C4A0D4A4A51CBE7B268D00754BF0B4A0B4A4A51E9
:20852000C4E700BF9F200020080A00200C0A00205C21002000E100E09C0A0020F020002036
:20854000157400004D740000457300006D730000040A00200D7300002DE9F04147B2002F1C
:2085600000F00F0504464FF00000B4BF80464FF010080E46FBF720FC55B91F4B1B78A3428C
:2085800006D010240020FBF71FFC2046BDE8F0811A4B1B491C680A68E443A8440123A4B2DC
:2085A00003FA08F314431C401FD11648DFF858E0A0F1900C10EA270738BF674607EB051CA7
:2085C0002D01CCF808403068785113430B607268CCF8042080238CF80E400020CEF80431ED
:2085E000FBF7F2FB2046BDE8F08111240020FBF7EBFB2046BDE8F0819F200020080A002066
:20860000040A00209C0A002000E100E000487047340B0020044B40F48070C3F81805BFF34A
:208620006F8FBFF34F8F704700700240010718D4020600F00F0309D40B4A9B001A44506862
:20864000A0F10100B0FA80F040097047074A03F5847352F82300A0F10100B0FA80F04009CC
:2086600070470020704700BF4074024000700240064BC3F80C05BFF34F8F40F48070C3F879
:208680000C05BFF36F8FBFF34F8F7047007002400F4B002202604260D3F880240270D3F8F4
:2086A00084244270D3F88824D3F88C1442EA01224280D3F89024D3F8941442EA012282802A
:2086C000D3F89824D3F89C3442EA0323C380704700700240104B1B68082B07D00F4B012215
:2086E0001A60BFF36F8FBFF34F8F70470C4B1B68002BF3D1EFF3108172B6084B01221A60B5
:20870000BFF36F8FBFF34F8F1A60BFF36F8FBFF34F8F81F310887047300100104C7002405D
:208720003401001010B5164B1B68082B82B002D1144B00221A60144B14499A7B0020032AFA
:20874000087015D01C681CB1FFF7C4FF02B010BD6FF480310E48FEF7FFF80E4BADF8064099
:2087600006221B688DF8042001A8984702B010BD6FF480310648FEF7EFF802B010BD00BF22
:20878000300100101C7C02400C0A00209D200020040A00202C0B0020034B01221A60BFF389
:2087A0006F8FBFF34F8F704750700240034B01221A60BFF36F8FBFF34F8F7047547002408A
:2087C000014B1878704700BF9F20002070B5264B1B68082B044622D00020FBF7EDFA14F0E3
:2087E000800F224814BF0022102204F00F050368A91801228A4023EA020314F008040360B3
:2088000008D11B4B05F5947543F82540BFF36F8FBFF34F8FBDE870400020FBF7D5BA154BE0
:208820001D68002DD8D12846FBF7C6FA14F0800F0E48114E114904F00F0414BF00221022ED
:208840002244012303FA02F2036823EA0203036040F2C57303EB440434600D6028460B683B
:20886000BDE87040FBF7B0BA30010010080A00200070024034010010007802400478024065
:208880002DE9F04F5C4C5D4EDFF87C81236896F90010D8F800205A4896F80090D0F88054E6
:2088A000DB439BB2002983B043EA020324DB09F00F0A0AF11002012797403B4248D1514F6C
:2088C0000DF1040805F080056FF001114E483570FEF742F8236839680022052543F001038A
:2088E00040468DF80720ADF805208DF804502360884703B0BDE8F08F09F00F074FF0010A21
:208900000AFA07FA13EA0A0FD9D00020FBF754FA19F0080F10D1B9F1800F5ED03B493C4AC1
:2089200007F2DA335B000B6013681168DBB243F002030B43136013682368D8F8002062EAAF
:20894000030111EA0A0F24D12E4F0DF104081CE00020FBF731FAD8F800302E4937EA0300AF
:2089600001EB0A1B4FEA0A1A33D1226841F80A0023EA070322EA0707C8F8003027600323EA
:20898000204F8BF80E300DF104080020FBF71CFA98E721498DF806904FEA071C01EB071012
:2089A00022EA0A02174FC8F800204FF0000E41F80CE0032206210DF1040843EA0A03827362
:2089C0008DF807208DF804103A68236040469047DBE74846FFF7FAFED1E70C4B0C4A40F2FB
:2089E000B471196013681168DBB243F004030B4313601368A0E700BF080A00209F2000208B
:208A0000007002402C0B0020040A002000780240047802400C0A00209C0A00202DE9F04164
:208A20007C4BD3F80453002D00F0E0800024DFF804E2A44629460127774A91FAA1F3B3FAE1
:208A400083F08600324483B3166807FA00F321EA030136B1C2F800C0BFF36F8FBFF34F8F4F
:208A60001C430029E8D16D4B1B68082B29D06C4F04F4000534F4000410D0DFF8BC8101264F
:208A800094FAA4F3B3FA83F206FA02F19BB124EA010458F822309847002CF1D13B780BB957
:208AA000FEF7E2FD4DB9BDE8F081DEF80020002AC2D07246CEE79847E2E7BDE8F041FFF733
:208AC000DFBE584B564F1B68002BD1D13B78002B7ED1A00240F18380534A544BDFF848E122
:208AE000DFF848C140F2A971116019684E4A11F0FF0118BF1B6840F2AA7018BF19404B4B53
:208B000010601A68494812F0FF021CBF1B681A40454B40F2AB761E60036813F0FF031CBF6B
:208B20000068034040F2AC70CEF80000DCF8000001403F480AD0066840F2A9780E43066088
:208B4000CEF80080CCF80010DCF80010DFF8D8C0364E40F2AD71CCF8001031680A4009D044
:208B6000016840F2AA7E41EA02410160CCF800E0326032682C492D4A40F2AE760E60126869
:208B800013400ED0D90748BF44F400042649DA06264A40F2AB760E601360136848BF44F0D8
:208BA0000104036833F001121CBF05F080710C4313F0011F3FF45CAF6B0544BF026044F491
:208BC000806455E7174B1C68ECB9154F3B7833B104F4000534F400047FF44FAF62E704F414
:208BE000000534F400047FF448AF59E70B4B1B68082BE7D00A4B1B78002B7FF454AFBDE8A9
:208C0000F041FEF731BD064B1B78002B3FF448AF49E700BF00700240007102403001001072
:208C20009D200020340100100078024004780240300B0020807102401C21010070B504465F
:208C400040B2002833DB254B254A04F00F05595D012303FA01F1C2F80413D2F81415E9404F
:208C6000C90723D4D2F81415AB400B43C2F81435BFF36F8FBFF34F8FC5B1002816DB14F02B
:208C8000080613D13046FBF797F82046FFF79EFD144910350B68012202FA05F523EA0503B1
:208CA0000B603046BDE87040FBF78EB870BD0E4B0B4A04F00F05595D012303FA01F1C2F8E0
:208CC0000413D2F81015E940CE07EFD4D2F81015AB400B43C2F81035CAE700BFFC20010019
:208CE00000700240040A0020DC200100020610B5044609D4030707D4094A00F00F039B00CE
:208D00001A445368012B07D0064BC3F81845BFF36F8FBFF34F8F10BDFFF758FDF4E700BFDC
:208D200040740240007002402DE9F04F5C4D5D4E2B6832684FEA134A4FEA0A4A5AEA020A42
:208D400083B01BD0584FDFF870819AFAAAF4002C00F08180B4FA84FBBBF10F0F30DDABF197
:208D60001003DCB213F0080F4FF0010303FA0BFB2AEA0B0A08D0BAF1000FE6D140F2FF133C
:208D80002B6003B0BDE8F08F07EB04190020FBF713F833683BEA03006CD12A68C9F80000F2
:208DA00023EA0B0322EA0B0233602A60032389F80E300020FBF708F8BAF1000FC5D1DDE757
:208DC0001BF008004CD14BF08009FAF7F5FFB9F1800F0BF00F0351D0344803F2DA3149008E
:208DE0000160D8F80010D8F80000C9B241F002010143C8F80010D8F80010D5F800C030689A
:208E0000012460EA0C0E04FA03F11EEA010F1DD0274A8DF8069020EA01004FEA031E306051
:208E200002EB0313224800224CEA01014FF0030C40F80E2083F80EC01E4B8DF807C0062291
:208E40001B688DF8042001A82960984704FA0BFB2AEA0B0AADE7B9464FF4803B102495E767
:208E6000012303FA0BFB2AEA0B0ABAF1000F7FF46CAF83E72046FFF7A9FC97E70B4940F2EB
:208E8000B4700860D8F80010D8F80000C9B241F004010143C8F80010D8F80010ADE700BF9E
:208EA000080A0020040A00200C0A0020007802409C0A00202C0B00200478024008B5FFF7D4
:208EC00033FF0A4B0022C3F80425BFF36F8FBFF34F8F074A8021C2F88410BFF34F8FBFF343
:208EE0006F8F4FF0FF32C3F8082308BD0070024000E100E0044B8022C3F884215B681B06B1
:208F000000D47047FFF7DABF00E100E008B5114B8022C3F884215B681B0618D40E4B002210
:208F2000D3F80413C3F80813C3F80025BFF36F8FBFF34F8F094B0A491B68082B04BF094BE5
:208F40001A60094B0020012208701A7008BDFFF7B5FFE3E700E100E0007002403001001011
:208F60009D2000201C7C02409E20002010B50020FAF722FF104B1B782BB900240020FAF75E
:208F800023FF204610BD03F0FF04FFF7CDFE0B4AD2F8003413F40073EFD10121C2F82C151B
:208FA000D2F80014890544BF1C46C2F82C350020FAF70AFF204610BD9C20002000700240EA
:208FC000F0B5044683B00020FAF7F6FE22061ED4364E3748326804F00F0101F11005012384
:208FE000AB400F0100EB011533EA02014CD1314CC151216822EA030221EA030332602360E9
:209000000323AB730020FAF7DFFE03B0F0BD230704F00F020FD4802C3AD02748274902F223
:20902000DA335B0003600B680868DBB243F0020303430B600B681F4D1C4E29683068012376
:2090400060EA010793401F42DCD01D4F8DF806404FEA021C20EA030007EB02123060194C48
:20906000002047F80C000B430620032191738DF8071022688DF8040001A82B60904700200F
:20908000FAF7A2FE03B0F0BD2046FFF79FFBB7E7094B0A4940F2B47018600B680868DBB266
:2090A00043F0040303430B600B68C4E7040A00200C0A0020080A0020007802400478024099
:2090C0009C0A00202C0B00202DE9F04146B282B004460020FAF770FE002E3CDB4C484D49CA
:2090E000026804F00F0707F110050123AB4033EA020C3D464FEA071E01EB071876D1464CF0
:2091000041F80EC0216822EA030221EA030302602360032388F80E300020FAF755FE3F49E8
:209120000122D1F81435BA4023EA0203C1F81435BFF36F8FBFF34F8F394B3A4A374912EA28
:20914000260238BF1A460123525D9340C1F8083302B0BDE8F08104F00F0C230765460FD467
:20916000802C47D03049314A0CF2DA335B000B6013681168DBB243F002030B431360136872
:20918000DFF894E02248DEF800200168012361EA020703FA0CF31F4226D0254F8DF80640B1
:2091A0004FEA0C1821EA0301224C016007EB0C1C002147F80810062003211A438CF80E1099
:2091C0008DF807108DF804002168CEF8002001A8DC4388470020FAF7F7FD104AD2F81035F6
:2091E0002340C2F81035A3E7DC43F3E72046FFF7EDFA8EE70C4B0D4A40F2B47119601368D9
:209200001168DBB243F004030B4313601368B7E7040A00200C0A0020080A002000700240EC
:20922000FC200100DC20010000780240047802409C0A00202C0B002010B5074C236882B0AA
:209240003BB1064B1B6898470023236023680193019B02B010BD00BF00010140740B0020EF
:2092600070B5114B114A1D781160DDB9104E027801211970C6F80C25416804464FF47A72E2
:209280000023C803490C08F017FAC6F80405237A084A5B01DBB282F810334FF480331360BD
:2092A000284670BD082070BDA1200020740B00200000014000E100E0044B0549012202205A
:2092C000C3F804231A600870704700BF00000140A120002010B504460020FAF76DFD0E4A40
:2092E0001378072B11D80D492370581C1070D1F80805012202FA03F30343C1F808350024A0
:209300000020FAF761FD204610BD04240020FAF75BFD204610BD00BFA02000200000014007
:20932000034B044A00F5C07043F82020704700BF000001403546526E2DE9F0410E4A0F4B06
:2093400016781F88F419802C03DD00242046BDE8F081DFF8308032464146054608F036FBA5
:20936000074B1B7833443A46A81958FA83F108F02DFB2046BDE8F081A2200020822000204A
:2093800084200020780B002070B4134B134D144A2C781B781288234452FA83F39BB21A18AD
:2093A000802A15DC013B1BB2002B0CDB0D4A591C1E1811443244013B11F8016D02F8016913
:2093C0001BB25E1CF7D120442870012070BC7047002070BC704700BF84200020A220002016
:2093E00082200020780B0020084A138883420BDB10B407490C8880B21B1A204408801380E2
:2094000001205DF8044B7047002070478220002084200020014B1880704700BF8220002057
:20942000044A054B12781B780448134450FA83F0704700BF84200020A2200020780B002052
:2094400000487047780B0020014B1888704700BF822000200549064A064B127808781B88AA
:20946000104453FA80F080B2704700BFA2200020842000208220002010B50A4B0A4C0B4907
:20948000002220461A605A609A60DA601A615A61FCF73AF904F108000449BDE81040FCF74E
:2094A00033B900BFD8210020C82100201820010004480549054A002303800B801370FFF713
:2094C000DBBF00BF8420002082200020A220002070B5802982B00B4A0B4D0C4E01900C46E1
:2094E0004FF0000328BF8024137033802B80FFF7C3FF01990648224608F068FA20462C804A
:2095000002B070BDA22000208220002084200020780B0020F0B40C4B0C4A1C685D689F68C0
:20952000DE68C6600460456087601C695D694561046154689068D36812680A604C60886012
:20954000F0BCCB60704700BFD8210020C821002070B40C4B026844688568C668DE601A6038
:209560005C609D60026944695C611A61064B0C6848688A68C968D9601C6058609A6070BCB7
:20958000704700BFD8210020C8210020014B23F810107047D8210020014B33F8100070479E
:2095A000D8210020024B0C3803EBC000FCF7ACB8C8210020024B0C3803EBC000704700BF3E
:2095C000C821002001490248FCF7A4B818200100D021002008B5FBF7CFFEBDE80840FBF7FA
:2095E00059BF00BF08B5FAF7EFFC002000F028FA05F0A8F902F0F8FD07F05EF802F0F4FD1C
:2096000006F0C4FF4FF08052064BD2F8A800D2F8A4205A604CF6F4613622D87019809A709B
:2096200008BD00BFE42000200148002100F0C4B8A401002010B5FBF7EBFE0446BFF35F8F5D
:2096400000F036F900B930BFBFF35F8F2046BDE81040FBF7E1BE00BF0AB90020704708B5A1
:2096600008461146FBF7C6F9002008BD0FB400B583B004AA054852F8041B019204F0CAF956
:2096800003B05DF804EB04B0704700BF1C010020F8B5254D2A688242044642D0002A33D06E
:2096A000134601E0002B2FD01B689C42FAD15BB31E4EA37B376853B1A36843B18C4206D03C
:2096C00000223460832104F10C0098472A68A2421BD02AB11368A3421DD01A46002AF9D173
:2096E000A37B83B12D680023A37365B1AB7B13F0010F284622464FF0870101D000F018F88D
:209700002D68002DF2D13760F8BD23682B60A37B002BE7D1F7E723681360A37B002BE1D18A
:20972000F1E71346C3E700BFF0210020F42100208368BBB170B504460B4E0220A073346041
:2097400004F10C000D4698470238012804D9832D02D00123A37370BD21462046BDE870408B
:20976000FFF796BF704700BFF421002038B50B4A0B4B146800221A707CB1012501E0246873
:209780005CB1E37B002BFAD0E581204600228221FFF7CEFF2468002CF3D138BDF021002073
:2097A000A6200020034B1878FF281ABF421C1A7080207047A420002070B50E4D2C688442E8
:2097C00007D00A4634B1234600E01BB11B689842FBD170BD0028FCD0074E04600121002320
:2097E00034688173838181212860FFF7A1FF346070BD00BFF0210020F4210020014B8B2236
:209800001A707047A42000202DE9F041234D2B78FBB9234E3378BBB12248234C027802EB4D
:20982000420704EB8701013202F01F02013B0270486854F827800F7ADBB2337060B1812F57
:209840001FD0827BD2071ED428781844C0B2BDE8F081FFF78BFFDCE7144A14685CB9F3E7C1
:20986000A37B13F0010F20464246394601D0FFF75FFF24685CB12B78002BF1D0FFF776FF92
:20988000EEE70123837342463946FFF751FF337828781844C0B2BDE8F08100BFA6200020B8
:2098A000A5200020A3200020F80B0020F0210020034A044B10781B781844C0B2704700BF91
:2098C000A6200020A520002070B40D4D2C78202C12D00C4B0C4E1B78234403F01F0303EBBF
:2098E000430301342C7006EB830446F8232060602172002070BC7047012070BC704700BF3F
:20990000A5200020A3200020F80B002038B5837B034CDB07256801D5FFF70AFF256038BD64
:20992000F421002018B1837B013B012B00D97047024A01231370C373704700BFA6200020AE
:20994000FBF74AB810B5044608F070F801462046FBF750F8BDE810400A20FBF73DB800BFF8
:2099600008B50448FBF7FEFFBDE808400248FBF7F9BF00BF30010020240100200148FCF77D
:2099800049B800BF2401002038B50E48FBF7FCFF044678B10C48FBF7F7FF0546206058B10F
:2099A000FFF7CAFC05F19A01A5F8800005F18200FFF7B0FD204638BD214602482C46FBF7B2
:2099C000FFFFF7E72401002030010020006800F19A018230FFF79EBD10B501460446074879
:2099E000FCF70AF800B910BD21680548FBF7E8FF21460248BDE81040FBF7E2BF24010020BF
:209A00003001002010B5014604460948FBF7F4FF00B910BD2468B4F880102046FFF758FD6A
:209A200004F19A0104F18200BDE81040FFF790BD2401002008B506F065FF80B208BD00BFD5
:209A40000F4B0121002219601946C3F80021D1F80031002BFBD0D1F80805094A0023C0B206
:209A6000C1F80031D2F80031002BFBD0D2F80815012340EA012080B2536006F015BF00BF47
:209A800000D0004010B4817942790479521A224208D003464A1C00682240405C9A715DF8A3
:209AA000044B70474FF0FF30F9E700BF38B505460C4605F015F98DB10F4B2868696803C347
:209AC000ACB121460D4B51F8080F496803C3BDE8384009480122002105F0CAB90346064DCD
:209AE00059689A680068DB680FC5002CE9D10449014805F0FFFAEAE7F8120020001300208C
:209B0000E824002010B5044C237803B110BDFFF7CDFF0123237010BDA720002010B51D4C8D
:209B2000217882B031B31C4B002403F1540193F820201AB193F82120012A15D01C338B4214
:209B4000F5D1204605F026F904B9F8B102F096F94023024621460020009300F081FB00F0BD
:209B600029FA002002B010BD1A7CFE2A08D003F11004E3E70846FFF799FF01232370D2E76F
:209B80005A7C802ADAD003F11004D7E74FF0FF30E8E700BFA720002070230020054B187B5C
:209BA00030B1B3F84E00DB8AC01AB0FA80F04009704700BFF82100202DE9F0471A4CDFF8F0
:209BC0006C809DF82490164607460D4620464FF4B07200219A4607F021FFB8F82030B3427C
:209BE00005D108994A46504602F098F910B90020BDE8F08701264FF0FF33F0214FF2F00264
:209C00006773E1732673E364A4F85030A4F85820C4F8088028686968AA68EB681C340FC4D9
:209C20003046BDE8F08700BFF82100206C010020437D012B01D900207047F0B590F85120D2
:209C400090F8503083B0CDE900320446028A00F13C032146007EFFF7AFFF48B3164B226A6A
:209C6000607D617FE58B5A610022666D1976618B5D83257F83F85C20A77D83F854709873A3
:209C8000207D83F85300E07D1982996883F855201E609D7483F852000B689847074801F082
:209CA0006BFE01F09BFF01F0D1FF012003B0F0BD002003B0F0BD00BFF82100208021010054
:209CC00008B5FFF76BFF084B08B983F85C009B681B68984701F076FC044801F04DFEBDE887
:209CE000084002F00DB800BFF8210020882101000A4B93F9521093F85220002902F1010264
:209D0000B4BFD2B202F07F02197B83F85220F022DA7301B97047FFF7D3BF00BFF821002008
:209D20002DE9F0414C4D05F16400B5F84E40FAF723FE95F85C30032B5BD0FFF72FFF804640
:209D400020B1AB68BDE8F041DB6918476F6C434E01F060FC01F012FC686C01F08DFB034658
:209D60003068A5F84E30FBF731FF0446002836D1002F55D0B5F84E30B5F84C209A4201D947
:209D8000A5F84C30B5F850304FF6FF7293420AD0B5F84E10914206D0CB1A002BB8BF5B4240
:209DA000B3F5007F3FDC95F85B30002BC9D06B6C002B3ED0002F46D001F014FE002385F88D
:209DC0005B30AB68BDE8F041DB69184723681BB321463068FBF7C6FE04460028C8D02046EE
:209DE00001F04AFBB5F84E308342EFD8C4F80080EEE7002001F0C2FB4FF6FF739C42A5F865
:209E00004E309ED0164801F0B7FD01F01FFFAB68BDE8F041DB691847FAF782F92060D7E70E
:209E2000B5F84E30ACE70F48A5F8501001F0A4FDB9E70B4885F85C3001F09EFD01F02EFDDA
:209E400001F004FFBAE70123074885F85C3001F093FD01F0E7FEAFE7F8210020900100201A
:209E600098210100A8210100C021010030B4084D2B7B53B1044630B11C350FCD2060616000
:209E8000A260E360012030BC7047184630BC7047F821002010B5FFF781FE134C78B994F928
:209EA000582094F85830002A03F10103B4BFDBB203F07F03002084F8583001F02DF9FBF752
:209EC000F1FB01F07FFB05F0BFFD01F0F7FE94F841305B0602D40023237310BD034802F09D
:209EE00007F80023237310BDF821002024220020024B032283F85C2001F002BFF8210020EA
:209F000008B50F4B1A7B8AB19A6C511C0ED082420DD9101AB0F5967F986407D2586C28B109
:209F200001F0B6FABDE8084000F092BF08BD00210322996483F85C20BDE8084001F0E0BED7
:209F4000F821002010B5084C237B5BB194F840200146D20804F11C0007F02AFDB0FA80F0AF
:209F6000400910BD184610BDF821002008B5FFF715FE18B1BDE80840FFF7BABE08BD00BFF9
:209F8000024B1B7B03B97047FFF79ABEF8210020074B9A7B187B1AB9003818BF0120704730
:209FA00028B193F85C00012894BF002001207047F8210020024B1B7B03B97047FFF7B0BE7A
:209FC000F82100202DE9F041614D2A7B06460C462AB16A7B237E9A4209D0BDE8F081FFF7EE
:209FE000DDFD98B12B7B002BF3D1BDE8F08159481022214607F0DCFC0028EED1628AEB8A42
:20A000009A4209D2BDE8F041FFF78ABE2046FFF70FFE0028E6D1E0E7E17D95F8520001F038
:20A020000FFF628A002840D14FF6FF739A4204D095F85730013385F8573095F85210E07DEE
:20A0400001F0FEFE48B1B5F84E20EB8A9A4257D0FFF7A4FD074600286BD022460121304640
:20A0600000F0DAFEE8B1304601F0C6FA0746002843D090F80680304601F0BEFA002849D062
:20A08000638A8380637E8371AB6CABB96B8BAA7BC3EB03135B01AB641AB117B16B6C9F42EB
:20A0A00017D02B7B002B98D0ACE7EB8A9A42F8D1294801F061FCF4E7002FF2D06B6C9F4290
:20A0C000EFD16B8BAA7BC3EB03135B01AB64002AE7D0607E414601F0B3FE0028E1D095F927
:20A0E0000F20EB7B002A03F10103B4BFDBB203F07F03EB7301F076FCD3E74FF0F008BAE7E1
:20A10000E37D85F85230FFF749FD0028A5D0FFF7EFFDA2E7304604F005FD0028C1D00F4B1D
:20A120000146012218682346FBF7DEFD0028A7D1B7E701F0C3FD384601F020FA2046FFF72B
:20A1400077FD2B7B002B88D0FFF7BAFD85E700BFF821002014220020CC210100900100205C
:20A1600011B1084801F008BC10B50A460321044600F052FE20B12046BDE8104000F084BEF7
:20A1800010BD00BFE821010038B591F823300C460546BBB1FF2B1BBF0D4A508B4FF0FF33B0
:20A1A00043430A460020294605F0B2FB18B194F92530002B00DB38BD218C2846BDE83840BA
:20A1C00001F030BC0A461846294605F087FBEEE7F821002070B5154D0E4695F859100446E5
:20A1E00001F02EFE08B185F8594095F85830A34200D070BD95F85C30012B76B207D001F047
:20A2000035FC002EF5DA032385F85C3070BD002E02DA01F02BFCF6E70223054885F85C303A
:20A2200001F0AAFBBDE8704001F020BCF8210020F821010070B50E461C4605463AB924B125
:20A240001DB1064BAE801B7B23B9012070BD01F0ADFBF4E7FFF764FD012070BDF82100209F
:20A260002DE9F047284C82B094F80CC09DF828A00546174699460E46BCF1000F0AD0102293
:20A2800004F11C0007F094FB80B34FF0F008FFF701FE01E04FF0F0083B463146CDE9009A68
:20A2A00028460122FFF788FC184F194884F852800023012140F608421E263C25A17322825B
:20A2C00080214FF0FF32A37484F85330A4F854300223676126766583A4F84E10A26484F84A
:20A2E0005C3002B0BDE8F04701F046BB94F9523094F85280002B08F10108B4BF5FFA88F86C
:20A3000008F07F08C3E700BFF8210020000480000422010002484FF4B072002107F07EBB71
:20A32000F8210020144A907918B992F82A10632901D00120704792F82910C1B992F82B3091
:20A34000042B15D10D4B187B88B110B45C7B92F82D00A0420ED1B3F84E1082F82D000B0AEC
:20A3600043EA0123D38501205DF8044B70477047084670470846F7E7F0240020F821002063
:20A3800070B5174A0546118816482B2206F010F804461548FFF7D6FD08B9002070BD1349D0
:20A3A000002005F05BFA10490646002005F056FA14B1A278032A06D00028EED0002EECD077
:20A3C0004369B342E9D1084C0FCC002148F2FE002880AA60EB606980A980E980012070BDD4
:20A3E000E0240020F024002008250020142200202DE9F04F794B7A4F19888FB038462B22D5
:20A4000005F0D6FF18B18378032B044603D000200FB0BDE8F08FC0780490002800F0CF802D
:20A420006378217962790133DB00DBB201F00F05A3EB12130E09083B0595C5F11005C6F102
:20A4400010015B1B93FBF1F30133DBB29842069601918C4607934FEA1216D8D8614B0FCB37
:20A460000DF1280989E80F006278E3780132D200D2B2961B083E761B96FBFCF60136F0B28B
:20A48000C51AEDB2A842029040F2A480069E0994B446059EE01B012B08BFB446011BB6468E
:20A4A000019E624601F110039B1A06FB05414FF0000A01F108080393CCF1100200F11003A0
:20A4C000564654460893C24609EB0C0B9046039B03EB0A00B0F5A06F99D84246514658464A
:20A4E00007F074FA484604F055FC00286BD0731CDEB214B9012E8AD801249DF82800FF283B
:20A5000085D0BDF82800BDF82AC040EA0C0080B2E8B9BDF82EE0BDF82C00BDF830C040EAEE
:20A520000E00BDF832E040EA0C00BDF834C040EA0E0040EA0C00BDF836C080B250EA0C03D3
:20A540003FF465AF18B9BCF5807F3FF460AF019B01359A44029BEDB2AB42B8D8099C049A45
:20A56000079B01999B1ADBB201FB03F8DDE90510089B08F10808012A18BF014643445B1A9A
:20A58000B3F5A06F05913FF642AF164B059E0FCBA04489E80F00C6F1100506F118004146A4
:20A5A0002A46384407F012FA2A46404609EB060107F00CFAE378013BE370012028E7012083
:20A5C0000FB0BDE8F08F484604F0A4FC00288ED1044692E7E31B10330893C0E7E024002085
:20A5E000F024002008250020002919DBCB0717D44378ABB92DE9F041425A40F263439A424A
:20A6000000EB010409D11A4D2B7B33B16A7BE3789A4202D1A3789A0604D50020BDE8F081C6
:20A6200000207047A2881349170A0C20DE09D1F8008047EA0227FEF7BDFF01464046FBF776
:20A64000F3FAB5F84E10A578BFB2B94294BF002101218E42C5F380131CBF45F04005A5705E
:20A6600086EA01023946BDE8F041FFF7E3BD00BFF8210020900100202DE9F0432B4E2C4F96
:20A68000318883B038460DF10702012305F036FE002842D09DF80730062B3ED0044607F175
:20A6A0000609B84614E013B9A378632B16D03188E31BC91A204689B200230DF1070205F0E4
:20A6C0001DFE044648B39DF80730062B814624D0112B22D03A2B20D02B2BE4D1237889F8B8
:20A6E000003065780135ED00684205F0D3FDC0B13188283989B2404605F0F6FD3288E31BCF
:20A700009A420EDDD21A6119204607F06DF999F800308DF80730062BDAD1012003B0BDE877
:20A72000F083002003B0BDE8F08300BFE0240020F02400202DE9F04FA34E337B89B063B361
:20A74000A24C228B48F2FE039A4226D0237EFF2B23D0FFF723FA054688B904F1080004F003
:20A7600019FB28B19A4BE27993F806319A4219D0FFF7D8FD0546284609B0BDE8F08F04F1CF
:20A780001809FFF779FF4846FFF7DCFB28B14946002005F063F8804688BB0125284609B0A1
:20A7A000BDE8F08F8B4F3A88B2F59F6FF6D8283A04F1280104F1300007F016F9B6F84E208F
:20A7C000A179767B84F82950130A43EA022340F26342E385628584F82C5084F82810A57122
:20A7E000082084F82D6005F055FD3988283989B2204605F079FDFFF795FD0546CEE706F134
:20A800001C01002005F02AF80190002848D04946002005F03DF8002842D0D8F814100029E3
:20A8200000F0C480019B8B4200F0C7806A4BCDF80C809B6902934FF0000B0F270DF1100A0D
:20A840008846029B414650469847DFF898C139466046D6465246002312F8015B10F8016F87
:20A86000AE4202D10133102BF6D19F420CDAD8F814800BF10103DBB2B8F1000F15D0019AEF
:20A88000424512D09B46DCE700271EF8013B1CF8012F9A4206D10137102FF6D13946E6E7B1
:20A8A00000257BE73946FFB2E1E7C1F11006C7F1180A16FB0BAA5FFA8AFB1AF0070A1FBFDA
:20A8C000CAF1080A5FFA8AFAD3445FFA8BFBDDF80C801D465B463F4A02931288D118B1F52C
:20A8E000A06FDDDC3D490888283021185844283A2044039107F078F803995A4608460021E1
:20A9000007F08CF8A279029B84F828202B22A271B3F1080248BF03F1FF32D210304B2E4932
:20A9200084F82920ABEB0A024FEA0A1A84F82B5084F82DA0D5180DF1100A8B69029307EB93
:20A9400007120320574484F82A0084F82C204446DDF80480CDF804B0D346BA461F4662690D
:20A96000904521465846A5EB060508D0B84732465146284607F02AF86469002CEFD1DA461C
:20A98000029BDDF804B02146504698479AE80F0089E80F00584605F07DFC0E4B0B4819884B
:20A9A000283989B205F0A0FC0125F7E608230D468A469B460F2701268DE7082300259B4636
:20A9C000AA460F27012686E7F8210020F024002070230020E0240020282201008C20002062
:20A9E000182500200725002008B50C4A137B43B10B4B0C491B88527B2C3358185B5C9A429C
:20AA000003D0BDE8084005F02BBCC1788078FFF7E1FBBDE8084005F023BC00BFF8210020DE
:20AA20008C200020F02400202DE9F0418EB02622002104A806F0F2FF434B444C1F88444B41
:20AA4000217B07F12C02D618D25C8DF8322011B1617B914204D005F003FC0EB0BDE8F08134
:20AA60003C4A083315880FCB2C3DED1BADB20027E846032D88E80F00CDE90477CDE9067766
:20AA8000E9D97378217EF2788DF835305B068DF83310ADF8302046D40424AC424FDA002778
:20AAA00020E0621CAA42D6DA3219507802300444AC42D0DC052B21D10328CCDD7318DA7882
:20AAC0008DF834200732D210131D8342C3D10431314408A8CDE90877CDE90A7706F076FFC8
:20AAE000AC422CDA335D2146002BDAD10134A542F6DA05F0B5FB0EB0BDE8F081062BEFD13F
:20AB00000528A8DD731813285B798DF83330E7DD0631731870589A685968DB680DF1100C93
:20AB2000ACE80F00DCE7132D95D904F11C001022311D06F03DFF00288DD11424ADE704A93F
:20AB40004046FFF721FB86E78C200020F8210020F0240020E02400202DE9F0439DB05C227F
:20AB6000002105A806F05AFF9B4B9C4F9C4A1D889C4B0C9307F1080314880FCB2C3C641B76
:20AB8000A4B201AE86E80F004FF0010C964BADF824C040F60842172CADF82E200D9304D84B
:20ABA00005F05EFB1DB0BDE8F08305F12C03DD19AE4695F8038095F802905EF8080F95F82A
:20ABC00004C0DB5DDEF80410DEF808208DF82C3048EA0927DEF80C30ADF826702CF07F0E58
:20ABE000CCF3C2078DF828E08DF8297095F8018095F805E08DF82B800CF0070C05AF182C6B
:20AC00008DF82AC08DF82DE00FC700F0E08018216B5C002BC4D04A1CA242C1DA6A1850781F
:20AC200002304718A742BBDC023B062BB8D80FF2080C5CF823F000BF5FAD000005AD00000C
:20AC4000A9AC0000A1AB0000A1AB0000A1AB000055AC00002028A3D193788DF86430802B2F
:20AC60009ED892F809C0D37892F80880D07A8DF8653010316B184FEA0C4C92F80AE09A687F
:20AC80004CEA086C4CEA000C68585968DB684CEA0E2C0DF1500ECDF860C0AEE80F00A742C5
:20ACA00080F295803946B3E710287FF479AF294492F807C08B7A91F8069091F8088091F8A5
:20ACC0000EE0D17A507A41EA0321D37BADF824104CEA092C40EA08205179ADF834C0ADF836
:20ACE000360092F803C01079527B8DF82EC043EA0E23ADF832308DF82F008DF830108DF8A5
:20AD00003120CCE707287FF74BAF05EB010C53799CF804E092F802C092F807808DF84CC061
:20AD20001B0443EA0E6392F806E0D2788DF84D200CF1070243EA0803D21043EA0E2302F139
:20AD4000070E86451293BFF62BAFBCF1800F3FF627AF083129440EA806F038FE9FE705285D
:20AD60007FF71EAF137992F803E092F802C08DF868C0D90941EA4E018DF86910C3F3011E6F
:20AD800051798DF86AE003F00F038DF86B308DF86C10BCF1000F82D0BCF1070F0DD0BCF199
:20ADA000020F7FF4FDAE07287FF7FAAE9179D3798DF86E108DF86F3071E707287FF7F0AEFF
:20ADC0009179D37943EA0123ADF86E3067E705A93046FFF7F7F8E3E68C200020F024002069
:20ADE000E0240020001E3C000004800008B5084B1B7B4BB10748017EA1F1FF01B1FA81F132
:20AE000008304909FFF7ACF9BDE8084005F028BAF8210020F0240020F0B583B00E46174653
:20AE2000054603F059FE044610B1204603B0F0BD0C20FEF7BFFB22460146CDE90067284697
:20AE4000012303F0E7FD0446204603B0F0BD00BF70B50446FFF7AEF8084B094D1988094882
:20AE60002C314B1900225A70944218BF20464A550223BDE870409B2104F02CBB8C20002096
:20AE8000F0240020582300202DE9F04F8BB00646FFF790F800F068FF10B1002E00F02C81A6
:20AEA000974B984A1B88984D2C339C18697B995495F85230637000F057FF002867D0FF23B9
:20AEC000194695F85320914F95F854C0A170002AE3700FCF95F80E80A0600CF0070C14BF29
:20AEE0006FF07F0E4FF0000E4CEAC8074EEA070700202771EF7BE160226163616771A0713B
:20AF0000E07100F031FF002846D12B78002B43D06978A878A376CA0142EA0012E8784908CC
:20AF20000243E17602200621072B22772076617600F0DB80022B40F0DF80A879EA7963778F
:20AF40002021A077E27727234FF0290809932823CDE907384FF02B092A23CDE905394FF0B7
:20AF60002F0A2E23CDE9033A2D222C23CDE9013222238B464FF0260C4FF030084FF0250E5D
:20AF80004FF024094FF0230A0093212726E0B5F84E30190ADBB294E71F230993212220233E
:20AFA000CDE90732232022232727CDE905302623CDE903374FF0250E2423CDE9013E1821C1
:20AFC0001A238B464FF01E0C4FF028084FF01D0E4FF01C094FF01B0A0093192704206054AE
:20AFE0000098AA8AEB8A0E21E1554FF000072754297C099F04F80A10687CA97C04F8090079
:20B000004FEA122A04F80E1004F80CA0E255079AA968059F95F840C0180AA054089A287E81
:20B02000A3540A8C6B8B4FEA122E04F807E0069FE255019A4FF00007A754029AA054039A4C
:20B04000190AA154049AA354BCF1000F0FD100F08BFE18B92E4B002E08BF1E46434630468C
:20B0600001229B210BB0BDE8F04F04F033BAD5F83CE095F841A0DFF89C90082504F8085096
:20B0800004EB0B05B9E80F0085F812C04FF01E0C85F811C04FEA1E6C85F814C085F818C092
:20B0A000CEF3074C85F815C085F819C00BF12009CEF3072C5FFA8EFE85F816C085F81AC02C
:20B0C00085F813A085F817E085F81BE00BF11C0C04EB0905002744F80C700BF1300844F8E4
:20B0E00009006960AA60EB60B1E7EB8860771A0A2021E377A27726E70BB0BDE8F08F00BFC4
:20B100008C200020F0240020F82100201422002058230020242200202DE9F041074600F01B
:20B12000ADFE304C8046606C00F0B2F90646FEF741FF237B002B52D0636C002B4FD0B8F18D
:20B14000000F4CD0002E4AD0A37B002B47D0264B264A1B88617B94F858C02C339D18002FD5
:20B1600099540CBF002380236B7005200023122180221C342871697185F803C0EA71AB70E0
:20B18000AB7103CCD8F800C0D8F80420D8F808E0D8F80C80C5F808C0EA604FF0060C1422D6
:20B1A0006A76C5F81E00C5F82210C5F81480C5F810E0AB76EB762B776F7785F818C056F83A
:20B1C000083FA4F108007468C5F826300222C5F82A402E23BDE8F0419B2104F07BB9BDE8A1
:20B1E000F08100BFF82100208C200020F0240020F0B583B00E4615460190FEF7DBFE0A4BAB
:20B200000A4A1B880A490198497B2C339C1899540027042303229B21A670E570677003B063
:20B22000BDE8F04004F056B98C200020F0240020F821002008B5074804F09EF8064804F025
:20B240009BF8064804F098F8BDE80840044804F093B800BF600100205401002048010020F3
:20B260003C010020704700BF014B00221A707047F821002008B500F017F908B1808808BDD0
:20B280004FF6FF7008BD00BFB0B138B50446858800F00AF968B183884FF6FE722B449342C1
:20B2A00007D8204600F000F948B18088284480B238BD4FF6FF7038BD4FF6FF7070474FF673
:20B2C000FF70F3E770B50646FFF7DEFF0B4B0446586CFFF7D9FF336804F1BF05044623B935
:20B2E000A542B4BF0020012070BDF8F719FF3368C01AB0F5963FF3D9002070BDF82100203E
:20B3000088B138B5094B0446DD8AFFF7BDFFA2884FF6FF7153198B4228BF0B46984238BF2F
:20B32000184680B238BD4FF6FF707047F821002008B500F0B9F828B18088B0F5007F8CBF36
:20B340000020012008BD00BF10B50446FFF79CFF034620461C4600F0A7F840B18388B3F544
:20B36000007F05D8B4F5004F8CBF0020012010BD002010BD70B50E46F0B10446FFF7E4FFF6
:20B380000546AEB13046FFF7DFFF88B1DDB1164D6B6CA34220D09E4217D02046FFF774FF4D
:20B3A00005463046FFF770FF85420CD2204670BD002DFBD1002070BD0029FBD00846FFF7B1
:20B3C000C3FF0028F6D0304670BD2046FFF77AFF0028E2D03046F7E73046FFF773FF002811
:20B3E000E4D16B6CD7E700BFF821002010B500F03BF828B1044B9B68BDE810405B691847E0
:20B400004FF6FF7010BD00BFF821002070B5044608460D46FFF7EAFF06462046FFF7E6FF37
:20B4200086428CBF2846204670BD00BF08B50C4BD3F82821824204BF0022C3F82821D3F899
:20B440000421824204BF0022C3F80421054B01461868FAF7B7FCBDE8084000F051BC00BFDA
:20B46000F821002090010020024B01461868FAF7DBBB00BF9001002020B1044B9B685B69F0
:20B4800003B118474FF6FF70704700BFF821002008B5044B01461868FAF7F8FCBDE8084091
:20B4A00003F03ABB9001002008B5044B01461868FAF7ECFCBDE80840FAF726B890010020DA
:20B4C0002DE9F041274C237B82B000274BB3264D80462868FAF77AFB014610B34FF6FF76CA
:20B4E000A3685B690846B3B101919847B0420199034610D0E28A82420DD8B4F814C00846C2
:20B50000BCF1000F11D0B4F84C206244B24228BF3246934209DD2868FAF724FB01460028B3
:20B52000DED1384602B0BDE8F081A3680191DB68984701990028EED0B8F1000F07D1A3683C
:20B54000019138469B69984701990746E3E708460191FFF7A9FFF9F7DDFF01990028EED17C
:20B56000D9E700BFF82100209001002008B5FFF79BFFBDE80840F9F7CDBF00BF70B50F4D6C
:20B58000696C814219D00E4E04463068FAF762FC21463068FAF744FC686CFFF779FF03F038
:20B5A00001FB03F0E1FA2046FFF772FF002103F00FFB01236C6485F85B3070BDF821002074
:20B5C0009001002038B50B4D0020FFF7D7FF2868FAF7FCFA50B104462046FFF727FF2146DE
:20B5E0002868FAF7BFFA04460028F5D1BDE83840FEF7E0BC9001002008B503F06DFA03F070
:20B6000065FA034B01461868BDE80840FAF70CBB9001002038B5FEF7C1FAF8B90546FFF7D1
:20B620004FFF0446D0B1FFF73FFFF9F773FF68B90E4DD5F82831A3B16B6CA34209D00120AF
:20B64000FFF73EFF38B10446204638BD074BC3F82851204638BD6B6C002BFAD100242046F1
:20B6600038BDC5F8284100F0C1FAE5E7F8210020024B03491868FAF753BA00BF9001002078
:20B680002DB4000030B5134D134995F8553080249C40A1FB043483B0A3092B66FEF7CAF99A
:20B6A0000E4A0F4912682B6E0092E40904FB00F0A1FB002104EBD1315A1A2A660124094A2F
:20B6C000A5F8564005F1A4000023F9F70DF903B030BD00BFF8210020D34D6210F421002025
:20B6E00001800080DDB7000000B583B0FEF7A2F90A4B0B491B680093A1FB0031490A01EB72
:20B700008101A0EBC11081B2064A074801F5A0710023F9F7E9F803B05DF804FBF421002042
:20B72000CDCCCCCC7DB70000DC22002008B5054BD3F80401FFF7ACFE18B1BDE80840FFF75D
:20B74000A3BB08BDF821002010B50B4C012384F85A30FFF7C9FF94F9582094F85830207ED2
:20B760000133002AB4BFDBB203F07F0384F85830BDE81040FFF7D0BCF821002010B50B4C26
:20B7800094F85A30207E013384F85A30FFF7C4FC94F85A30042B03D8BDE81040FFF7A4BF97
:20B7A000BDE810400248FEF7EBBB00BFF8210020102201000348002290F85C1100F5967027
:20B7C000FFF716BDF8210020024B1B7B03B97047FEF760BBF8210020FEF7ECBB10B582B035
:20B7E000FEF7D6FB68B3184C94F8563073B9637C217C94F855200B449A42BCBF013284F8F4
:20B80000552002B0BDE81040FFF73CBFFEF7C6F928B9A37C1BB194F857209A4206D2B4F838
:20B820004E30A4F850300020FFF72EFB074B216E1B680093064A0748002384F85630F9F784
:20B8400053F802B010BD00BFF8210020F4210020DDB700009C22002000B583B0FEF7EAF8C0
:20B860000A4B0B491B680093030AA1FB03134FF4345101FB130081B2064A074801F5B451A6
:20B880000023F9F731F803B05DF804FBF42100200B5BB005ADBB00000023002000B510485D
:20B8A00083B0F9F783F810B903B05DF804FBFEF7C1F80C4B0C491B680093A1FB0031C90A0A
:20B8C000C1EB0111A0EB012081B2084A044801F5F0610023F9F708F803B05DF804FB00BF0D
:20B8E00088130020F421002089888888F1B8000008B5FEF753F950B9094B1A7B42B15A6CE5
:20B9000032B1B3F84E204FF6FF739A4200D008BD0020FFF79DFABDE80840FFF7BFBF00BF36
:20B92000F821002010B5124C237B43B9FFF7B6FFFEF740FBBDE810400E48F8F7FBBF3C20E6
:20B94000FEF7DEFA3C2004F045F8237B002BEDD0636C002BEAD0B4F84E204FF6FF739A42A6
:20B96000E4D0FEF727FBBDE810400248F8F7E2BFF8210020A813002010B5FEF709FB48B162
:20B98000094C94F8553013B1627C9A4202D200F0EBF900B110BD637C84F8570084F85530EA
:20B9A000BDE81040FFF76EBEF821002030B50A4D2B7B83B00BB903B030BD084B084A1B6896
:20B9C000009300230446194605F1C400C5F80441F8F78AFF03B030BDF8210020F4210020C6
:20B9E0002DB7000010B50C4C237B82B00BB1A37B0BB902B010BDFEF71DF8084B084A1B6827
:20BA00000093C0F3080000F58071002304F1E400F8F76AFF02B010BDF8210020F4210020B1
:20BA200049B7000070B50E4C227B82B00AB902B070BD03460D469A6859680068DB68A4F870
:20BA40005C5104F596740FC4064E074A33680093002320461946F8F747FF02B070BD00BFD5
:20BA6000F8210020F4210020B5B70000134B1A7B12B1197EFF2900D1704710B55C8B82B011
:20BA800001FB04F1CC01FDF7D5FF0D4BA3FB00231B0BC3EB0313A0EB432080B200F5F050C8
:20BAA000084B094A1B680093844288BF241A214606480023F8F718FF02B010BDF8210020E9
:20BAC00089888888F421002049B70000DC2200202DE9F041334CF8F723FB237B002B39D04D
:20BAE000D4F8285115B12846BDE8F0810746606C18B1FFF73BFD002852D0FDF79BFF00EBE4
:20BB0000800303EB031303EB032300EB430080B2254E45F25553984230681FD9FAF756F82F
:20BB20000446B8B14FF6FF7706E021463068FAF719F804460028D6D02046FFF717FD002800
:20BB4000F3D12046FFF798FC0DB1B842EDD207462546EAE700252846BDE8F081FAF736F869
:20BB600004460028F6D04FF0000806E021463068F9F7F8FF04460028B5D02046FFF7F6FC35
:20BB80000028F3D12046FFF78FFC0028EED0036815B1FA1A4245E9D9A7EB03082546E5E78A
:20BBA000656CA0E7F82100209001002038B5FFF78FFF0546FFF76CFC30B104462846FFF79A
:20BBC00073FC2046FFF760F9034B1B7B03B938BDBDE83840FFF740BEF8210020024B1B7B7F
:20BBE00003B97047FFF738BEF821002010B50A4C237B82B00BB902B010BDFDF71BFF074B1F
:20BC0000074A1B680093C0F30801002304F58470F8F76AFE02B010BDF8210020F4210020AD
:20BC2000ADBB000010B5084C237B03B910BD04F18400F8F7BBFE0028F8D104F18400BDE82C
:20BC40001040F8F799BE00BFF821002010B50C4C237B82B00BB902B010BD04F18400F8F7BE
:20BC6000A5FE0028F7D0074B074A1B68009304F1840000234FF41641F8F736FE02B010BDA1
:20BC8000F8210020F4210020C9B7000000B5084B084A1B68084883B04FF4F051009300231C
:20BCA000F8F722FE03B05DF804EBFFF7F7BD00BFF421002025B90000A813002010B50F4C07
:20BCC0002046F8F759FE04F12000F8F755FE04F14000F8F751FE04F16000F8F74DFE04F16A
:20BCE0008000F8F749FE04F1A400F8F745FE04F1D800BDE81040F8F73FBE00BF5C220020B8
:20BD00000848037B03B9704700B5074B074A1B6883B06430009300231946F8F7E5FD03B0A7
:20BD20005DF804FBF8210020F4210020D9B70000044B187B20B193F85C00003818BF0120E7
:20BD4000704700BFF8210020054B187B30B193F85C00A0F10200B0FA80F04009704700BF1D
:20BD6000F8210020704700BF014B1878704700BFA820002010B50023C0E90033C0E9023338
:20BD80000A7D07320446D20805F020FE20460249BDE8104003F0AEB9E824002008B50E486D
:20BDA000002340F2FF214FF4D05243808380C3800381438183810180C28103F031F8FEF77F
:20BDC000A9FAFFF755FCFFF761FFFFF733FABDE8084003F0EFBD00BF5823002010B50A4CFF
:20BDE000237B012B00D010BDFFF73EFB0028FAD0D4F82831984204BF0023C4F82831BDE81C
:20BE00001040FFF77DBF00BFF8210020024688B10B4669B110B4084C03CC1060516053F869
:20BE20000C1F5B68D360916001205DF8044B704708467047704700BF14220020704700BF2D
:20BE40007F2801DD7F290EDD884206DC13DA081A7028D4BF002001207047401A0F28CCBFD0
:20BE600000200120704701F58071081A1028D4BF0020012070470020704700BF2DE9F84317
:20BE8000194E377B17B196F840700FBB3E46174C4FF0000804F1540594F820301BB194F809
:20BEA0002130012B05D01C34A542F5D14046BDE8F883237C04F11009FE2B3A464946304632
:20BEC00009D06EB105F074FD0028ECD1C846EAE7FF082C36DBE7637C802BE4D0002EF1D1E7
:20BEE00004F11009C846DEE7F82100207023002000B585B001466846FFF73CFF684602F0C5
:20BF000049FF08B103F042F8034B002283F8402005B05DF804FB00BFF821002078B370B557
:20BF20004B1E7F2B84B00C4606D812F04001154605D1084604B070BD002004B070BD134B88
:20BF40000026E21DD2080146C3E90066C3E90266184605F03BFD4FF0FF33A0F12C02014673
:20BF6000684682F8404082F84150D363FFF702FF684602F00FFF18B1012004B070BD7047B1
:20BF800001460122684602F073FFF5E72422002010B4164A164B17490020106083B01268C1
:20BFA0000192019AD3F8102522F00F0242F00802C3F81025D3F8082542F00302C3F80825ED
:20BFC000D3F804254FF4803422F003024FF48070C3F80425C3F80443C1F880010860012281
:20BFE0001A6003B05DF8044B704700BF408100400080004000E100E0034A044B0121116049
:20C00000D3F84405704700BF4480004000800040064B1A6802B97047002282B01A601B683C
:20C020000193019B02B000F003B800BF40810040054B186838B110B400241C60D0E90121BB
:20C040005DF8044B10477047C81300202DE9F0410488752C064607D07C2C37D0A4B1002375
:20C0600003800320BDE8F081DFF8D0802E4D98F800202E4F00233B602B6012B32C4CE25677
:20C08000002A41DB2B6832E02A4F274DFDF78AFB294B3A6818702C60002A43D02346244C0F
:20C0A000984604F8038000219368802098472B6801332B6057F82320002AF2D1DBB21F4AC1
:20C0C0001370752333800120BDE8F0811A4B1B788B4216D1144D164CDFF86080134F2B6840
:20C0E0003A68E15C01F07F010132E1543A6098F80020013393422B60C1DB3B68002BB9D1B6
:20C10000DFE70120BDE8F0810A4A0B4952F8232009780020FDF7D8FB0028E0D17C2333805A
:20C1200001209FE71346CAE7D0130020CC130020EC200020140100200D2B0020A9200020AA
:20C1400070B50488672C06461BD0792C33D05CB300230380032070BD1E4C1F4923681F4AF1
:20C160000978581C002520602846D554FDF7ACFB1B4B2A4618688521FDF7A6FB30B300235C
:20C180002360184C134D06E00A28E5D00D28E3D02B687E2B15DD2046FDF774FC431CF3D188
:20C1A00067233380012070BDFDF7FCFA0A4A094B10701C60E5E7852901D0012070BD054C7C
:20C1C000DDE706495A1CC8542A60E4E779233380012070BD541400200E2B0020D4130020E0
:20C1E000F421002058140020044B054A1A607F22002104489A809971FDF7DEBA581400201C
:20C2000060140020B4010020014B024A1A607047E01400200100FD0010B51A4C0220A17973
:20C22000FDF7B4F9A379112B17D0062B07D03A2B1DD0BDE8104000210120FDF7A7B9124BDC
:20C240001B8828331A191B5B51889942BDE8104028BF19460120FDF799B9618D238D994268
:20C26000BDE8104028BF19460120FDF78FB9064B28341B88195B49BABDE8104089B201200E
:20C28000FDF784B9F02400208C20002070B414780D7A84F00204A542064624D00B891BB92D
:20C2A0004B89B3F57F4F0FD01F4A146801F1080303CB04F108031360012202FA06F320609A
:20C2C0006160D8B270BC70478B89FE2BECD1164CC989236823F8021B022202FA06F0236026
:20C2E000C0B270BC7047487A53789842D6D1887A93789842D2D1C87AD3789842CED1087BC8
:20C3000013799842CAD1487B53799842C6D1887B93799842C2D1D379CA7B9A42BED103227F
:20C3200002FA06F0C0B2CDE79C1B00200F4B1A78012A19D110B459880288914203D0002018
:20C340005DF8044B704742889988914200F10200F5D1D98830F8022F9142F0D14288198951
:20C360009142ECD11846EBE700207047E014002038B5154A154C164B24781B68156815490A
:20C380002A460144181905F021FB601980B2FDF741F8FDF7F9FAA8B10F4B00219B680446C6
:20C3A0000E48984704F03CFA2046FDF72BFB2046FDF712FB0A4B1B68012B03D0032B01DC55
:20C3C000012038BD002038BDA81B0020AB200020AC1B0020F0240020841F0100E5C30000FD
:20C3E000A01B002070B5124B1B680C46154613B19B68084698470F4B0D201C60FDF7DAF8F3
:20C400000D490646F9F786F900B170BD2A4621463046F9F793F8094B304621462A465B6CFD
:20C42000984729462046BDE8704002F089BB00BFEC140020A01B002018200100282201007F
:20C440002DE9F0410F468046FCF7FEFF134B1978461A731E6D2B08D8114800230446A5784F
:20C4600071343DB101330C2BF9D14FF0FF363046BDE8F081C3EBC3040A4A03EB0413C4184A
:20C48000126800F8038003331144184432466770A67005F09BFA3046BDE8F081AB2000205A
:20C4A000F0140020AC1B00202DE9F04707461446002A3BD1644EB1468846B9F80A3092460D
:20C4C0004FF0FF3523BB6B1C2ED009F1B009D4B16A1C15D0B02404FB05F406EB04090C20ED
:20C4E000A9F80A80A9F80870FDF764F801464846F9F70AF904F110003044402102F0FEF91D
:20C500002846BDE8F087B9F80A300124002BDAD009F1100002F008FA002861D1691CD4D12A
:20C52000B9F80A30002BD0D165B2CEE7464E3389834208D0B6F8B830BB4224D04FF0FF3591
:20C540002846BDE8F0877389002BF3D00C20FDF731F801463046F9F7DDF80028EAD0002595
:20C56000EFB238462146FFF76BFF00281ADB0028E4DDB02303FB05666DB2B3891844B081AB
:20C580002846BDE8F087B6F8BA30002BD6D00C20FDF710F801462D48F9F7BCF801250028D2
:20C5A000CCD0DDE7738963B3002D48D0284802F0BBF90028C2D0274B002103F24C507181DE
:20C5C0009A781AB11A780AB99A70013171338342F6D10029B2D021463846FFF731FFC6E75A
:20C5E0001C4BA9F80AA003F24C51E0B29A7822B11A78824208BF83F802A071338B42F5D10F
:20C6000061E7B6F8BA30002B98D0002D96D1124802F08AF9002891D00E4B0021A6F8BA10D9
:20C620008C4603F24C509A782AB11A78012A04BF83F802C0013171338342F4D1C9E7B6F82F
:20C64000BA30002BE3D179E73C1A0020EC1A00204C1A0020F0140020FC1A00202DE9F843E4
:20C6600015090F2D02F00F0408BF10250F2C06461F462DD0A04619B12A46304605F0A6F94C
:20C6800005EB08020F2A04DD5CB9D5B90120BDE8F883C2F110020021701905F0BFF9002C5A
:20C6A000F3D01A4ADFF868901768D9F80030DB1B03EB0807FCF7C8FE87420EDD0020BDE8DF
:20C6C000F8833046394602F015FD0120BDE8F8831024A0460029CFD1E3E7D9F80070C8F1FE
:20C6E000100030443946224605F070F9022C05D03C44C9F800400120BDE8F8830A2DF7D8A6
:20C70000FF22FE23F2723373F2E700BFAC1B00209C1B00202DE9F04F3A4928220A703A4A57
:20C72000002387B013700446FCF7C2FEFCF778FE364B374A1B6810600BB1FFF76DFD042081
:20C7400003F068FE01460520FCF720FF3149324E002C18BF21460D20FCF724FF2F4B9B69DD
:20C76000984700280446306011DD274B284A1B78D2F800B0DFF8B0A002330BEB030505F1A9
:20C7800026010BEB00029142CAF8005003D3002007B0BDE8F08F00220BF803202048FFF71E
:20C7A000C5FD03461F481F46FFF7C0FD8046002F00F0FF816B1CCAF8003080230193DFF803
:20C7C0006C9099F8011099F800200B0943EA0213D8B2C3F3850343EA801311F00F0F58B203
:20C7E00002F00F02DBB223D1B9F802C0BCF1000F1ED121F00F010A4340F0E0817823049366
:20C8000027E000BFAC200020AB200020EC140020AC1B002018200100A41B0020841F0100B8
:20C82000F8240020082500209C1B0020F024002021F00F0C52EA0C0200F0AB81DAF80020E0
:20C84000D9F80010116002F8043B60210491CAF8002099F80630112B00F0B981002B00F00D
:20C86000B6813C2B00F0B381A3F12B02012A40F2AE81DAF8002002F8013BCAF8002099F80E
:20C880000730402B00F0CE82FF2B00F0C682012B00F0BE82DAF8002002F8013BCAF80020EE
:20C8A000B9F80830002B40F00382B9F80C10B9F80A30B9F80E200B43B9F810101343B9F8F2
:20C8C00012200B43B9F814101343B9F816200B4313439BB2002B40F00D82019B43F04003D9
:20C8E000019399F81830FF2B00F02B82B8F1000F00F0698298F801202B7813432B700D20FF
:20C90000FCF758FEBB4902460020FFF7BFFC019F0743FFB247F004030593B74B3468DAF8D0
:20C920000050D3F800B0B54B0193019B1E78112EA8464FF000075CD04EB13C2E00F04C81A1
:20C940002B2E00F054812C2E40F09180022607F1280149444A780B780191D200112B02F170
:20C96000080200F04081002B00F03D813C2B00F03A812B3B012B40F236816B1C0BEB040015
:20C980008342BFF404AFCAF800309D188542BFF4FEAE1846CDE9021205F018F8039A02993A
:20C9A000CAF800500346D0B2A0F1020C83F801C0934B93F800C00B781744914A6044112BFD
:20C9C000107000F00E81002B00F00B813C2B00F008812B3B012B8CBF0023012343EA460337
:20C9E00063F01F0388F80030019B1E78112EA846A2D128376A1C39F80710CAF800200B0A1C
:20CA000043EA01239BB223F00F024FF2B00609EB0701B24290B24A8800F0FE80120292B293
:20CA2000B2F5704F00F0178103F47F43B3F5704F00F0FF802B46F02203F8052B0BEB0402CF
:20CA40009342BFF4A4AE59F80700C5F80100CAF8003003F1020842457FF699AE6848C988B2
:20CA60000278198002F10803CAF800800370654D049A2B78644E0BF80320614A5B44117852
:20CA8000059A5A703388A8EB0B085FFA88F85A1A02EB0800A04285F8008040F3EF80A4EB7A
:20CAA0000805043D25F00705053C521B121B002ACCBF02F1FF37032724F00708C4BF97FBEC
:20CAC000F8F70437FCF75AFFB842FFF460AE002DFFF65DAE484A4D4BD2F80090494AB3F8F6
:20CAE00000A092F800B0DFF82CC1494F0AF101021A8049465A46002309F10400CCF8003024
:20CB000004F072FF33883F4A89F803A01B0A63F03F0389F80030338889F80130384B3D6050
:20CB20004FEA1A2A0BF1040B187889F802A082F800B0FFF71DFC00283FF429AE33882E491D
:20CB40002F4D09683A682D782E481B0A63F01F030B7033884B7015443388ADB205229D4227
:20CB6000027009D3A0E03A6833881544ADB2AB4240F29A80204A11685B1BEA089C42B8BFF9
:20CB800043460A7128463B60FFF7F2FB0028EAD1FDE5DAF8003020F03F0001431970B9F811
:20CBA0000220A3F801200333CAF80030682304934FE600287FF4FEAD019000E6DAF8002069
:20CBC00002F8013B70230493CAF8002041E6049B43F00403049352E607F12801494403266D
:20CBE000B8E60123FAE62B460BEB0400CDE60126ADE600BF08250020AC1B0020F62400208E
:20CC0000AC200020AB200020E024002086200020A81B0020A01B0020130A43EA02239BB2D9
:20CC200023F00F02824276D003F47F43B3F5704F11D02B46F22203F8042B0BEB0402934245
:20CC4000BFF4A5AD39F80700CAF80030000A687048886880FDE62B46F12203F8042B0BEB84
:20CC600004029342BFF493AD39F80700A5F801004888CAF80030000AE870EAE68B428CB211
:20CC8000FFF485AD49440BEB080004F09FFE3088001B404480B2FCF7BDFB864B86489B687D
:20CCA0000021984703F0BCFD012007B0BDE8F08F17BB48F2FE0293420BD1B9F81A30B9F863
:20CCC0001C10B9F81E200B4313439BB2002B00F0AE807A4FDAF800E00FCF0EF11007CEF8CA
:20CCE0000000CEF80410CEF80820CEF80C30CAF80070F6E5002FECD078782B78704A6F496D
:20CD000043EA00132B700420FFF7C0FA60F03F00C3B20193E5E52B46F32203F8022B0BEB5E
:20CD200004029342BFF433AD39F807604888CAF80030360A000A00EB061000F5AA60687009
:20CD400087E699F81930019A022B42F008020592B9F81A2075D04ABBB9F81C1031BBB9F842
:20CD60001E20B9F82000B9F82210024392B211431AD199F82420002A00F0898099F822202E
:20CD8000A2B9DAF800504F4901982A4640F0090002F8013B0B68C5F801300B790590063551
:20CDA0001371CAF80050BEE5002AE7D0464DDAF800600FCD06F1100530607160B260F360E6
:20CDC000CAF80050AFE5B9F8182048F2FE039A4215D1B9F81A30B9F81C10B9F81E200B43B2
:20CDE00013439BB25BB90D20FCF7E4FB364902464046FFF74BFA019B0343DBB28CE5324D96
:20CE0000DAF80060019F05970FCD06F11005D3E7049B43F00103049342E5049B43F0030396
:20CE200004933DE5049B43F00203049338E5244A22490420FFF72AFA019F0743FBB201936C
:20CE40004FE5002AB2D1B9F81C10B9F81E20B9F82050B9F822000A432A43B9F8245002430D
:20CE60002A4392B2002A7FF479AF99F82620002A7FF475AFDAF8005099F8273005F8013B61
:20CE8000019BCAF8005043F00B0305934BE5DAF8005001980D492A4640F00A0002F8013BEA
:20CEA000059008888B78A5F8010004359370CAF8005038E5841F0100E5C30000F8240020B9
:20CEC000E82400201325002008250020152500202DE9F04F0C2091B0814F824CDFF81C8252
:20CEE000FCF768FB4FF0000BF8F78CFB87F800B084F800B0FCF794FAC8F80000FCF7A4FAEF
:20CF000010B911B0BDE8F08F03F0AAF90420FCF743FB0146062003F087FA0320FCF73CFB4A
:20CF20000146072003F080FAD8F800301A8852BAC2F3072101F0F801C02992B200F0A6805E
:20CF4000E02967D158881D792378C2F30A0940BA053380B22A4649462370FFF7A5FAB0F18B
:20CF6000FF3F8246CDD0604ACDF808B0B02303FB00234FF4A06C9E890123CDE9003C4E45D4
:20CF800034BF00260126FCF75FFA23788342B8D8FCF75AFA23783F78544AC41A07EBC50544
:20CFA0002544B5F5A06F146000F2F981BBF1000F0BD00199E2198A42A3DCD8F800100BEB23
:20CFC00007001944224604F001FDB9F1000F00F0FB81029B3BB1444AB02303FB0A233A1906
:20CFE00092B29A811A83002E40F06482009B002B87D13C441FFA84F93D4C3E4A2368A2F887
:20D00000009023B1FFF708F923685B68984701F029FB76E7DA46D946CDF800B04FF4A0621D
:20D02000DFF8DCB0019222783348995C01F0F0050026F02D067047D001F0E000602861D0B0
:20D0400041297FF45EAF511C53FA81F303F1200C59461E685D689868D3F80CE0C1F80CE052
:20D06000103363450E604D60886001F11001F0D118685B684B6008603B7828332932002619
:20D080003B70009B2270354602937CE758882378C2F30A0940BA043380B25A4649462370DD
:20D0A000FFF702FAB0F1FF3F82463FF42AAF0E49D8F80030B02202FB001202F11A0B9421C6
:20D0C0000122CDE90021AEE70132D2B201F00F0511F00E0F227005707FF413AF995CABE724
:20D0E000AC200020AB2000203C1A0020A81B0020EC140020E0240020AA200020AC1B0020EB
:20D10000F0240020FCF7A0F922780290531C8342BFF6F7AED8F8001088188B5C90F9015054
:20D120004678039502F1020EBC4A01EB0E00002D1060BCBF01301060D80600F14D81B74A3F
:20D1400010681A07A0EB010500F19081029A0335AA427FF7D6AE054630F801CFAF4A8078B5
:20D160008BF80300ABF801C015F8040B9BF801C01560850805F0300545EA80150CF00F0C4E
:20D18000C0F3830040F0600045EA0C0C8BF800008BF801C013F0040205920CD19F4A1068DD
:20D1A000029A451AAA427FF7ACAE9C4A10F8015B8BF80650106013F0030300F04A81984881
:20D1C000C35C8BF807307506C6F3011340F1B281039A002AB6BF11F80E2000221209002BEF
:20D1E00040F02A810BF1080519468E4A0691D25C04920C20FCF7DEF9049A069903462846CF
:20D20000FFF72CFA00283FF47CAE16F0080306F0030200F0A08170071FD4531E40F2FF2123
:20D22000012BADF83C100DD87C48D8F800100368029D591A8D427FF764AE13F8011B8DF8C8
:20D240003D100360784900238A5C0BF118000FA9FFF704FA00283FF454AE3B786F4A283370
:20D26000D2F800C0D8F800203B70029B0492ACEB020293427FF745AE059B002B00F014822C
:20D280000BF10603059300220BF12803CDF82CB0CDE90C9A089266469B465AE05F49049B03
:20D2A000B51C0D600299EA1A9142737809937FF728AE2A46594B12F8016B1A60049B0A92AC
:20D2C0001146A1EB030A06F1020C069B06F1010E19F0040F4FEADC093344D64409F1FF3AB4
:20D2E000324606935FFA8AFA7FF40BAE079D4F4B5B5D059DCDF814B02B70019B069D9D423A
:20D300003FF7FFAD5FEAEC0C00F01282099B8BF80030029B8BF801A07345FFF6F2AD04F00E
:20D3200055FB4FEAC909089B0A993A785FFA89F94B44DBB20893394B0E441E60039B0AF11B
:20D34000010A91440BEBCA0B87F80090002B00F0F3810B9B32780499ABEB0303023306932D
:20D3600002F0F00C02F00103751C0393BCF1E00FC2F342030BF10200A5EB01014FEA5209E8
:20D38000079340F0A681254A1560029A8A427FF7B8AD039B002B81D00023099389E72449BF
:20D3A000244B5FFA8AF0B02202FB00120024548103F24C519A781AB11A78824208BF9C70B9
:20D3C00071338B42F6D19CE5009B002B3FF411AE002E7FF411AE94E513F0080563D10F4A66
:20D3E0001068029AA0EB010C62457FF78AAD90F800C00A4ACCF3830C4CF0600C8BF800C058
:20D4000010F801CB10604FEA9C0000F0300040EA8C10ABF802508BF80100BBE69C1B00201C
:20D42000B8220100BC220100C4220100A02201003C1A0020F0140020C549087801287FF4C4
:20D4400060AD487890427FF45CAD02310BF10805CBE6C04A029D1368581A85427FF751ADF3
:20D4600013F8010B8BF807001360ACE6029A02354FF0600CAA428BF800C07FF742AD90F86C
:20D4800000C0B44A4FEA9C0505F030050CF00F0C45EA0C0C8BF801C0B0F80150ABF802503A
:20D4A0000330106076E660250020ABF80050ABF802006FE6DFF8BC82B02303FB0AF308EB05
:20D4C00003025589B2F818B0A2F80C905D4568D3B5F5A06F65D81A3308EB03015A469E4824
:20D4E0009E4E04F073FA9C4BA5EB0B0203EB0B00002104F093FAF51E06F24C5B02E0713685
:20D50000B34574D016F8012C002AF8D016F8033C9A45F4D116F8023C8F4802EBC301B1F537
:20D52000A06F4FEAC3033146184400F2258104F04DFAE4E78A4A0C20D25C0492FCF73AF883
:20D54000049A884903460BF10800FFF787F800287FF45BAED5E4710738D50399002906DA13
:20D560002178D8F800300B449B7803F00F03784D297801297FF4C5AC697899427FF4C1AC9B
:20D58000794B0D209A5C0392FCF714F8039A0346A91C0BF11800FFF761F800287FF45DAE5C
:20D5A000AFE4B0235FFA8AF003FB008A6F4B0024AAF80A4003F24C519A781AB11A7882421B
:20D5C00008BF9C7071339942F6D19AE4644B0D209A5C0392FBF7EEFF039A624903460BF1E1
:20D5E0001800FFF73BF800287FF437AE89E45FFA8AF1B02303FB018A00205D4AAAF80A005A
:20D60000AB781BB12B788B4208BFA8707135AA42F6D1009B002B3FF4ECACEDE40299013342
:20D6200099427FF76EAC9CF801301B09A3F575639BB21B0243F0F00333809CF8013003F02B
:20D640000F03A3F575639BB21B0243F0F0037380404B0CF102051D6053070CD43D49049A5B
:20D660000B6802989A1A013290427FF74AAC33F8022BF2800B60FBF7E7FE364AD8F800100C
:20D6800012680346B9F1000F00F0AF80089AA9F128039B1A9BB21A0212B21B0A397813437A
:20D6A00001F10802B3803A702A4BD8F800201B689B1A2370B9F1000F71D0A9F128031A1276
:20D6C00000268BF80530009B8BF804203546029359E4049B0299B446ACEB030399425E468D
:20D6E000DDE90C9ADDF82CB07FF70BAC02F0F802F02AD9D10199A6EB0B0207328A42BFF63E
:20D7000000AC059911220A709CF8002002F0F301F03903293FF6F5AB01A050F821F000BF95
:20D7200029D80000FDD70000BFD700001DD600008BF801C0FFF7E5BB049B029ADDF82CB0C5
:20D74000F31A9A42DDE90C9AAEDCFFF7DABB00BFE01400209C1B0020F0240020F31400205A
:20D76000C0220100A4220100BC220100F01400203C1A00203C1A0020B02303FB0A82324938
:20D78000002353815FFA8AF0AA781AB12A78824208BFAB707135A942F6D1FFF7B2BBFBF7DD
:20D7A00053FE21783A78431A1344283B5BBAABF80430009B02934E464D46FFF7E4BB029943
:20D7C000033399427FF79DAB9CF80130A3F580539BB21B0243F0F0033380BCF8023073802E
:20D7E0001A4B0CF104051D6036E7521AC2F1080213449BB21A0212B21B0A4FE7029903334B
:20D8000099427FF77EABBCF8013033809CF80330A3F580539BB21B0243F0F00373800B4BEB
:20D820000CF104051D6017E70299043399427FF768ABBCF801303380BCF803307380034B71
:20D840000CF105051D6007E73C1A00209C1B002038B54368934294BF03F1FF35154604467C
:20D860002A46006804F0B2F8D4E900322B44521BC4E90032002038BD0CB410B586B008AA06
:20D88000029052F8043B094C019208460390194604A802ABCDE9044300F0BCF8029B00228C
:20D8A0001A7006B0BDE8104002B0704751D80000074B82B001AA9A42019304D9CD2103F83C
:20D8C000011B9342FBD10348002102B0FBF774BF202B0020C401002038B5124C124D02F05C
:20D8E0009FFF2378CD2B08D0AC4202D30EE0AC4212D014F8013FCD2BF9D1AC4202D30BE0E2
:20D90000AC4209D014F8013FCD2BF9D002F088FFAC4203D2281B38BD02F082FF4FF0FF30DE
:20D9200038BD00BF202B00200000042070B50388044633B1972B0DD1154BDB6873B101203E
:20D9400070BD13484FF4A061F7F726F997232380012070BD00230380032070BDFFF7BCFF9C
:20D960000C4E0D4BF61AB04205460DD90B4B1B68002B09DD0A4A0B490B48FBF777FE0B4823
:20D9800032462946FBF772FE0148F7F70FF9DDE7B01B002000000420202B0020EC000020B5
:20D9A000C82201004C200100A81E0100D022010010B50446F6F7D0FBD4E900321344C01A6E
:20D9C0006FF0004398422CBF0020012010BD00BF102A2DE9F041144606460D460DD90C4F58
:20D9E00001E0102C0CD93368286810223946103C98470028F5D0BDE8F0811046002AFAD0D1
:20DA00003368286802492246BDE8F041184700BF402301000B78002B00F0DF842DE9F04F7A
:20DA200091B0904600228A468146009204E01AF8013F002B00F0D680252BF8D1514500F03E
:20DA40000381AAEB0104D9E9003022469847002840F05881009A9AF8003022440092002BBF
:20DA600000F0C3809AF801300AF10104002B00F0BC800021A3F12002102A0AD8DFE802F0AD
:20DA8000AF0909AC09090909090909A909A60909A100A3F13102082A40F2BD802A2B00F022
:20DAA000C88000262E2B00F0AB804FF0FF3B6C2B00F09F80682B00F0CA807A2B03D1637844
:20DAC00041F060010134782B00F2EA80DFE813F08D00E800E800E800E800E800E800E800D1
:20DAE000E800E800E800E800E800E800E800E800E800E800E800E800E800E800E800E800A6
:20DB0000E800E800E800E800E800E800E800E800E800E800E800E800E800C401E800E800A8
:20DB2000E800E800E800E800E800E800E800E800E800E800E800E800E800E800E800E80065
:20DB4000E800E800E800E800E800E800E800E800E800BD01E800E800E800B601AF01A80117
:20DB6000E800E800E800E800E800E800E800E800E800E800E800E800E800E800E800E80025
:20DB8000A101E800E800E800E800E800E800E800E8009A01E80093011F015B016901620143
:20DBA000E8001F01E800E800E800E80085017E017701E800E8007001E8005401E800E800F2
:20DBC0004D0141F0100114F8013F53E741F00101F9E741F00601F6E741F00801F3E741F0C2
:20DBE0000201F0E78A457FF42CAF009811B0BDE8F08F63786C2B31D0013441F0600162E72E
:20DC00006378A3F13000092804F101022BD92A2B3AD0144649E7002606EB860603EB460672
:20DC200014F8013FA3F13002092AA6F13006F3D938E7D8F800606378002E08F10408B8BF32
:20DC400041F0010101342DE79AF8003007E76378682B20D0013441F0400134E7A37841F02C
:20DC6000800102342FE74FF0000B0BEB8B0B03EB4B0B12F8013F2F2BABF1300B40F29282FC
:20DC8000392BF2D9144612E7A378D8F800B0023408F104080BE7A37841F02001023412E79E
:20DCA00001F4E0630F46B3F5A06F04F1010A39D000F29181B3F5407F00F09C81B3F5806F08
:20DCC00040F0D180D8F80050019508F10408002D40F02082C44B01930625BBF1000F02DBA3
:20DCE0005D4528BF5D46AE428CBF761B0026F80740F12382D9E9003001992A46984700282E
:20DD000000F0B9814FF0FF3011B0BDE8F08F01F4E06343F48073B3F5A06F41F4245704F1C8
:20DD2000010AC5D1012ED8F800308DF82830354638BF0125FA0705F1FF3508F1040840F13D
:20DD40001C82D9E9003001220AA998470028D9D12A4609F104014846FFF73AFE009B0133B2
:20DD60000028CFD1EB1800933FE001F4E06343F4807341F4C85796E701F4E06343F4807391
:20DD800041F410678FE701F4E06343F4007341F4024788E701F4E06343F4007341F48137C3
:20DDA00081E701F4E06343F4007341F400777AE701F4E06343F4806341F4806773E701F44F
:20DDC000E06343F4407341F440776CE701F4E06343F4807341F4885765E704F1010AD8F845
:20DDE0000030009A1A6008F104086378002B3FF4FCAE514620E601F4E06343F4A06341F4B3
:20DE0000A06750E701F4E06343F4007341F4C13749E701F4E06343F4807341F4B24742E7CC
:20DE200001F4E06343F4007341F4A1373BE701F4E06343F4007341F4844734E701F4E0639C
:20DE400043F4007341F442472DE701F4E06343F4007341F4E13726E701F4E06343F4C06378
:20DE600041F4C0671FE7B3F5807FBED1BBF1000FABBF27F010070123CDF804B0019317F47B
:20DE80000053069307F0E00300F01D81402B00F07C8200F20B81002B00F05A82202B40F0E5
:20DEA0009E8298F9002008F10408D317002A73F10001C0F21D82CDE9022307F4C053B3F531
:20DEC000805F00F08C81B3F5C05F00F0E781B3F5006F00F0AD81002305939B460DF13E0337
:20DEE0000493019B9B4534BFA3EB0B03002341F60802019307EA020141F208039942019BDF
:20DF000000F0138191425B4404D1DDE902120A4340F0588100250795069A7AB1059A002AB1
:20DF200040F04C8107F00602022A00F054812F49062A079A04BF0A46012507922B449E428A
:20DF40008CBFF31A0023029317F00103059307D1FE0640F1F381DDE901210A44CDE901237D
:20DF60003DB1D9E9003007992A46984700287FF4C9AE009B019F5B44102F009340F2B281AF
:20DF80001B4ED9E9003010223146103F984700287FF4B8AE102FF4D8D9F800301449D9F814
:20DFA00004003A46984700287FF4ACAED9E9003004995A469847009B1D4400287FF4A2AE14
:20DFC000019B2B449B46059B002B40F0ED80029B5B44009309E7B3F5C06F5BD0B3F5E06F35
:20DFE0003FF4FDAE01E700BF342301002C23010050230100D8F80010C948CA4D17F4804F9E
:20E0000008F104080A464FF0000314BF8346AB4600296AD00DF13B0E7146100902F00F0C55
:20E0200040EA03701D0902462B461BF80C0001F8010D52EA0300F0D1BEEB010557D0033530
:20E040007823AE4201F8013C4FF030024FF0230301F8022C01F8033CA1F1030B8CBF761B4E
:20E060000026F9077ED5D9E9003059462A46984700287FF447AE324609F104014846FFF7BC
:20E08000A7FC009B2B441D4600287FF43BAE73190093AAE6D9E90030A34901229847002835
:20E0A0007FF430AE009B013300939EE6602B00F04F81802B40F0938108F1070828F00708C0
:20E0C000F8E80223F2E6402B00F0578115D8002B00F04481202B40F0998198F800200023FB
:20E0E000CDE9022308F10408E7E60DF13B01302301F8013C04250139A2E7602B00F02E819A
:20E10000802B40F0838108F1070828F00708F8E80223D0E62B78002B00F0488115F8013F62
:20E12000002BFBD1019BED1AD7E5012B38BF01230025019307955B44EEE6324609F1040103
:20E140004846FFF745FC00287FF4DCAD0199D9E900302A46984700287FF4D4AD009B2B44D5
:20E160001D4694E7324609F104014846FFF730FC00287FF4C7AD5946E9E72A4609F10401AD
:20E180004846FFF725FC00287FF4BCADD9E9003001220AA99847009B013300287FF4B2AD66
:20E1A0002B44DFE514468EE4029A09F104014846FFF70EFC00283FF40AAFA3E55B4A07925D
:20E1C0000125BBE65A495B4A17F4804F18BF0A4607920225A0E6584A07920125AEE6DDE92E
:20E1E000022313433FF477AEDDE902231846002315460593DDE902230DF13E0107918C465B
:20E200004FEAD20B4BEA437B02F007014FEAD30E30315A4673460CF8011D52EA0301EFD105
:20E22000079BCDF810C0CDE90250A3EB0C0B58E6DDE90223134300F0C88000230593DDE9C2
:20E2400002120DF13E03CDE9086407938B46154604971C46584629460A22002303F02CFA11
:20E26000303204F8012D584629460A22002303F023FA2F465E46002F08BF0A2E83460D4643
:20E28000E8D2079B049F089E04942246A3EB020B099C26E600220023CDE9022317F480439F
:20E2A00065D10593DDE902231E4DDDE90201014300F085800DF13E000790110902F00F0E3C
:20E2C00041EA03714FEA131C0A46634615F80E1000F8011D52EA0301EFD1079B0490A3EB39
:20E2E000000BFEE5019B002B3FF460AE1F4653E6524207F4C05163EB4303B1F5805FCDE91B
:20E30000022355D0B1F5C05F45D00123B1F5006F059394D00DF13E0304934FF0000BE0E5BF
:20E320000C230100F82201003C23010028230100202301002423010030230100029A09F170
:20E3400004014846FFF744FB00283FF409AED9E4D8F8002008F10408D317A7E5D8F80030BB
:20E3600000221946CDE9021208F10408A5E50021DDE90223324D059197E7B8F80020002331
:20E38000CDE9022308F1040897E5B8F9002008F10408D3178AE57B0405D50121DDE902238C
:20E3A000274D059186E7012305937BE7019DB9E6DDE9022318460123154605931AE70DF12C
:20E3C0003E034FF0000B04938BE54FF0000B0DF13E03CDF814B0049383E51846704707F48A
:20E3E000C053B3F5805F06D0B3F5C05F3FF452AFB3F5006F13D0002305939B4600230022D7
:20E40000CDE902230DF13E0304936AE507F4C053B3F5805F08D0069B05939B46EEE74FF061
:20E42000000BCDF814B0E9E70699059100230022CDE902230DF13E038B46049351E500BF87
:20E440000C230100074A084913681844884202D8106018467047054B0C221A604FF0FF3381
:20E4600018467047D401002000000420042B002010B44FF080414FF080520020C1F80C0164
:20E480005E4BC1F81001C1F83805D2F80414C3F82015D2F80814C3F82415D2F80C14C3F8C2
:20E4A0002815D2F81014C3F82C15D2F81414C3F83015D2F81814C3F83415D2F81C14C3F894
:20E4C0004015D2F82014C3F84415D2F82414C3F84815D2F82814C3F84C15D2F82C14C3F8D4
:20E4E0005015D2F83014C3F85415D2F83414C3F86015D2F83814C3F86415D2F83C04C3F834
:20E500006805D2F840043E49C3F86C050968D2F84424C3F87025082924D04FF08043D3F8E8
:20E520000024D20744BF6FF00102C3F80024354AD2F8883043F47003C2F88830BFF34F8FED
:20E54000BFF36F8F4FF01023D3F80022002A23DBD3F80432002B1FDB2B4B2C4A1A605DF8A3
:20E56000044B70472A4B1B68002BD6D129482A4A2A4C04602A492B4BFB20C2F818050A68BF
:20E580001B68294822F00F0203F00F0313434FF400720B600260C0E7244A0123C2F804355B
:20E5A000D2F80034002BFBD04FF0102312211F4AC3F80012D2F80034002BFBD04FF0102326
:20E5C00012211A4AC3F80412D2F80034002BFBD000231649C2F80435D1F80034002BFBD077
:20E5E000BFF34F8F0749124BCA6802F4E0621343CB60BFF34F8F00BFFDE700BF00C0004001
:20E600003001001000ED00E0D80100200090D003340100108C56004000F00040488103002D
:20E62000E40E0040580200104096024000E001400400FA0510B5014682B004460120F7F76B
:20E640003BFC38B9064BDB680193204602B0BDE81040184701F004FE002002B010BD00BFAD
:20E66000A8220100002108B50846F7F725FC18B1BDE8084001F0F4BD024602210348FBF794
:20E6800045F9BDE8084001F0EBBD00BFDC01002070B5384D2B8888B0002B36D0B3F5A06F7D
:20E6A00031D8354C608B238BA28BE18B03431343228C608C0B431343A18CE28C03430B4395
:20E6C00013439BB2FBB12D4E736B9847D8B1237EFF2B1CD004F1180000F05CFB20B12B889B
:20E6E0009BB100F04DF810E0336C04A8984780B104AC204600F0F0F9054648B3284600F0BB
:20E70000E5F9FFF797FF01F0ABFD08B070BD0020F7E704F1180000F01FFBB8B904F118007E
:20E7200000F01EFA054658B100F018FA04460028DFD12846F36C9847284600F013FAE2E779
:20E7400000F074FA04460028DDD0D2E71834D0E702A8214600F0D8FC092301952A460093E6
:20E7600002A92046012300F055F905460028C5D1C9E700BFE0240020F0240020282201000B
:20E7800008B5012001F08CFA034B1B8803B908BDBDE80840FFF77CBFE024002038B50388F8
:20E7A000044623B340F2353083420FD187293BD010D801292ED0022903D1234B1B88002BF7
:20E7C0003ED140F235332380012038BD00232380032038BD8829F4D11C4B9A42F1D1D36843
:20E7E000002BEED100F0D6FBFFF752FFE9E7FAF7D9FF174B0246402116481A70F6F7CCF9E9
:20E8000001F0F6F9144B5B68984740F2353323800120DAE7002AD4D0104B05201A6001F03F
:20E820003FFAFFF735FFCCE70D4B002503F5807099698A4208BF1D8220338342F8D1C0E7A1
:20E84000FFF79EFFBDE700BFE0240020D02400200F2B0020C01B002028220100F4290020AD
:20E86000042A0020074B1B6843B12833186820B105495A680978FBF749B87047034B1B68C9
:20E880001833F3E7FC2900200F2B0020F4290020802802D1024B00221A600120704700BF7C
:20E8A00004C500400120704730B5134C0123236083B0FDF7A1FB6FF003031D1A03E0FDF756
:20E8C0009BFBC54203D5D4F80031002BF7D00A4B0022C3F80021D3F80825D3F808359205EA
:20E8E00044BF6FEA83536FEA9353034A019301235360019803B030BD00C0004010B5416050
:20E900000446F5F70DFC206010BD00BF10B50446F5F706FCD4E90021C2F1010318448842F4
:20E9200084BF5218226010BD10B50446F5F7F8FBD4E90032C3F10103184482422CBF00201B
:20E94000012010BD30B4144B1448154D4FF0A04100220324C3F80025C1F874474FF0005478
:20E96000C1F80845C1F87C271F241D21C3F8245582B0C3F86C25C3F81445C3F80C150260B0
:20E9800001680191019C074A04200121C3F80005116002B030BC7047002000401C210040E5
:20E9A00000E0D70108200040074B0849084A0020186082B01B680193019BD1F81805136864
:20E9C000C0B202B0184700BF0821004000200040D01B002050B110B5054B04469B6C9847DB
:20E9E00021460448BDE81040F7F7ECB9704700BF28220100EC01002008B5F6F769FEBDE858
:20EA0000084002490248F7F78BB800BFD5E90000EC010020F8B505469DF818200B481E46E2
:20EA2000079BF7F761F9044668B1094BD5F800C06F68A968EA689B6CC0F800C04760816067
:20EA4000C260467498472046F8BD00BFEC01002028220100002834D02DE9F041884688B050
:20EA600061B307461848F7F7DFF8064630BB3D682868EB686968AA6803AC0FC428462B8AC9
:20EA80002380FFF7A7FFC8B1052300939DF81C209DF81D300196414603A8FFF7BBFF05468C
:20EAA000386058B103AC0FCC28606960AA60EB6023882B82304608B0BDE8F0814FF0FF307B
:20EAC000F9E74FF0FF307047EC01002001460148F7F7DCB9EC01002070B5B8B105460D48D6
:20EAE000F7F774F8044688B10A4E03E0F7F73AF8044658B129461022204602F059FF0346F1
:20EB000021463046002BF1D1204670BD0024204670BD00BFEC01002001460148F7F784B85B
:20EB2000EC01002008B5FFF7D7FF28B10146BDE808400248F7F7AAB908BD00BFEC01002006
:20EB4000704700BF08B50348F6F70CFF024B00221A6008BDFC010020F41C0020002070476D
:20EB600000207047704700BF0C4B1B68A3B1984210B5044602D105E0A34203D01B68002B13
:20EB8000FAD110BD21460548F6F718FE21460448BDE81040F6F714BF704700BFF41C002018
:20EBA000FC01002038B5054670B1084B1C6814B908E0246834B110222946201D02F0F8FE1C
:20EBC0000028F6D1204638BD0446FBE7F41C002070B5C0B10E460546FFF7E4FF0446A8B1DE
:20EBE00028686968AA68EB68251D0FC51EB901232377204670BDA661F5F7AEFA0023606192
:20EC00002377204670BD0024204670BD0548F6F7BBFE04460028F6D001460348F6F7B0FDB9
:20EC2000DEE700BFFC010020F41C002038B5084B1C685CB1251D2846FFF74EFF08B1437CC7
:20EC400013B92468002CF5D1284638BD2546FBE7F41C002038B50A4D2C6824B1237F1BB16F
:20EC60002468002CFAD138BD04F11400FEF7A0FE0028F5D02046FFF777FF2C68EDE700BF9A
:20EC8000F41C00202DE9F04702FB0106B0429DF820A0DDF8249016D20446174698464FEA7D
:20ECA000DA0A05E002F084FEA8B13C44B4420AD2257C204652464146002DF3D1C9F8004054
:20ECC0003C44B442F4D3D9F80030002B14BF01200220BDE8F087C9F80040BDE8F08700BFBD
:20ECE000004870473C1D002080B32DE9F041DFF8648082B0CDE900184FF0000C0D4617466C
:20ED00001E46044603461C221148C8F800C00321FFF7B8FF012803D0002002B0BDE8F08130
:20ED2000D8F800C08CF810002068E3686168A26864460FC4D8F80000089B4361099B457418
:20ED40008774C674836102B0BDE8F081002070477C240020641D0020F8B50C4B0C4E1C46DA
:20ED60000546336003F15407237C2046294623B1627CD20802F01CFE28B11C34BC4234609F
:20ED8000F2D10020F8BD0120F8BD00BF7C240020641D0020A0B130B583B00A4C01948022EF
:20EDA000034600250092084825601C220321FFF769FF10B9206803B030BD002003B030BD0D
:20EDC000002070475C1D002080230020F0B4124B124F05461A463B60184603F1540400218D
:20EDE00048F2FE0608E0437CAB420AD01C30A0424FF001010CD00246037C002BF6D06B1CDD
:20EE0000F1D10388B342F1D121B13A60F0BC704738600020F0BC7047802300205C1D0020A8
:20EE200000B370B582B0104D0195802300930446034600260D482E6012220721FFF722FF90
:20EE4000012802D0002002B070BD2B68187420686668A168E268186028685E609960DA60F7
:20EE600002B070BD00207047601D0020F8230020002847D02DE9F04782B0234E019680239B
:20EE8000009388460346914604464FF0000A1F48C6F800A01C220321FFF7F4FE01280546DB
:20EEA00003D0002002B0BDE8F0873768387420686168A268E3680FC7376887F81290B8F161
:20EEC000000F16D1FD7412480122FF237A740373637B4373E389C38140F2FF2100224FF0D1
:20EEE000807380E80E00FFF79BFF306802B0BDE8F08787F813A0C7F81880F5F72DF978613F
:20EF00003768E0E7002070475C1D0020802300204C1D0020A0B130B583B00A4C01948022D9
:20EF20000346002500920848256012220721FFF7A9FE10B9206803B030BD002003B030BD52
:20EF400000207047601D0020F823002038B50D4BFF221A73427B5A7304464FF0807140F2D9
:20EF6000FF2000251860E289996018465D60DA81FFF7D0FF044B186000B10574002323748B
:20EF800038BD00BF4C1D0020601D002008B1FFF7DDBF704738B5124B124C1846236003F118
:20EFA000540504E020681C30A842206010D2037C002BF7D0C37C002BF4D11430FEF7F8FC27
:20EFC0000028EFD020680028EDD0FFF7BFFFE9E7FFF740FEBDE838400348F5F7E7BD00BF6E
:20EFE000802300205C1D0020D02400202DE9F04F0B8848F2FE094B4505463BD00B78FF2BE5
:20F0000038D03A483A4E00230246306000F154089A4603E01C324245326022D0107C0028C6
:20F02000F8D0507C0128F5D110884845F2D001F1FF3C571E00201CF801BF17F8014FA34589
:20F0400000F1080E3FD15FFA8EF08028F3D1504528BF134602F11C0228BF824642453260A8
:20F06000DCD12BB31C460FCC28606960AA60EB60BDE8F08F1D4B1E4E1946336003F15404EC
:20F08000002048F2FE0705E01C33A3424FF001000DD019461A7C002AF6D05A7C012AF3D131
:20F0A0001A88BA42F0D10028DCD03160DAE7336000232B806B80AB80EB802B816B81AB8125
:20F0C000EB81BDE8F08F00F1080E8BEA04045FFA8EFE670014F0800F00F1010CFCB2B6D10A
:20F0E0005FFA8CF08645F4D1B1E700BF802300205C1D00200B684A688360037AC26083F0DE
:20F1000002030372704700BF51F8083F4A6803600378426083F002030370704770B5094E1F
:20F1200070684508FAF786FC0446FAF783FC24027268A4B22044B0FBF2F302FB13002844B7
:20F1400070BD00BF70230020F0B53C4A548813889088D1881589234303430B43548990896F
:20F16000D1892B43234303430B439BB283B023B9C2E90133FD21D3601160314E314CFFF7DE
:20F180003BFCFFF7DFFC542200212F4802F046FC30464FF48472002102F040FC2B492C4B3C
:20F1A0004FF4A0604EF660224027306072601C20102286F806711A700870FFF7AFFF00254F
:20F1C00039464FF47A77CDE90055F76048F2FE072B46B0602A4686F80751C4E9007520468C
:20F1E000FFF782FD1B4B1868596804F1080303C3237A2946012283F002032046237240F259
:20F20000FF26FFF735FE4FF08073E360C4E9015520462660FFF704FE4FF00073C4E9006580
:20F22000C4E902532046FFF7FBFD0B484FF4F05103B0BDE8F040F5F7AFBC00BF3C1D00208A
:20F24000702300204C1D00207C2400207924002078240020E8240020D02400202DE9F047AC
:20F26000DFF8548008F108030FCB84B06E4686E80F0098F8077000F0DDFC0E4B1C689CB1A6
:20F28000DFF838A0DFF8389065683946304645B1BAF80030B9F800202C3B2C329BB242441D
:20F2A000A8472468002CEFD100F0DAFF04B0BDE8F08700BF681D0020F0240020E024002092
:20F2C0008C200020F8B51C4F1C4A3B7E92F80621FA71FF2B22D007F1080696E80F00184DFB
:20F2E00007F1180485E80F0094E80F0086E80F0095E80F0084E80F00124C00F09BFC2388DF
:20F300002833FA1881200021F852518000F06CFC23880D4A1344C0435880F8BD07F108045E
:20F3200094E80F0007F1180585E80F0029462046FFF75CFEE0E700BFF0240020702300201F
:20F34000701D00208C2000201825002008B5094B1B6863B11A7A8242FAD15A7A914201D094
:20F36000FF2AF5D15B6813B19847002008BD012008BD00BF6C1D002001460148F6F7D2B9FD
:20F380006C1D00202DE9F84F494B1B783A2B05460E46174600F08480464C62892389A18998
:20F3A0001343E2890B43218A1343628A0B43A18A1343E28A0B4313439BB2002B42D0237A4B
:20F3C000FF2B3FD03C4BDFF804A11B6BDFF8F0B0DFF8F090984704F11808BAF800C098E8B7
:20F3E0000F000CF1300C1FFA8CFCBCF5A06F28BF4FF4A06C8BE80F000023ACF13002214653
:20F4000004F13000AAF800C0A9F8003002F0ECFA04F108030FCBDFF8B8E09BF800C09EF88A
:20F4200006E184F807E088E80F004FF0600E3A23BCF1FF0FC4F800E0A37107D1042D01D1B3
:20F44000022E03D0BDE8F84F00F00ABF1B481C4900F12408FFF7CAFDB9F800B00BF12803DA
:20F460003846E5541C44A8F10405667000F0EAFEBAF8001048F80B00283989B2A8F12C00B7
:20F4800000F032FFB9F800302B4400225A8000F0ABFBB9F800302B44C0435880BDE8F88F12
:20F4A000084A094B1288D356002BFFF675AFC9E7AE200020F024002028220100F824002046
:20F4C000701D00208C20002018250020E0240020702300202DE9F8439EB21D4B1D4C93F882
:20F4E0000631E3710546331D60208846206099B220463A231746A37100F0F6FE2DB3286845
:20F500006968AA68EB68DFF8549004F118050FC504F10800A5F11001FFF768FDB9F8003034
:20F5200028331A19002103F804805770518000F05BFBB9F80030084A1D442C36C0436880DE
:20F540001680BDE8F843FFF7A3B8BDE8F88300BF70230020F0240020E02400208C2000202E
:20F5600008B505480549F6F7DDF8BDE8084002480349F6F7D7B800BF6C1D002014020020D4
:20F58000080200202DE9F04F9C4E9D4FB6F800C039880CF140028A4285B003D8994CE3798B
:20F5A000FF2B04D000F05CFE05B0BDE8F08F0CF12C0020440379FF2BF4D004F1280363446C
:20F5C0005B78002BEED1DFF854A28F4DCAF800300CF1420E14238E452B8071DADFF84092DD
:20F5E00004F1080B04F12C0812E02B88B6F800C039880CEB030242440CF12C00527803EBA3
:20F60000C2039BB2C21802F1020E8E452B8056DA63442C33E01840780028C3D0E35C012B71
:20F62000E3D102F109038B42BCDA61892389A0890B43E1890343208A0B43618A0343A08AA4
:20F640000B43E18A03430B4322449BB2CAF80020002BA7D052F8020F516802AB03C3584601
:20F66000FFF73AFA0246C9F8000098B1FFF72EFA0146002896D0DAF800000822023002F0FB
:20F6800097F980B9D9F800305A7C002AADD102225A74AAE705230190009302A902235846E5
:20F6A000FFF7B8F9A1E702A94846FFF7D3F90028FFF678AFD9F8003002225A7495E7204409
:20F6C0000430FFF767FB514D286000283FF46AAF62892389A1891343E2890B43218A134333
:20F6E000628A0B43A18A1343E28A0B4313439BB2002B3FF457AF464F3846FFF74BFB002817
:20F700007FF450AF228B40F2FF239A420CD1A28B638BE18B1343228C0B4313439BB21BB96D
:20F72000638CB3F5807F57D0DFF8F8804046FFF731FB2B6883427FF435AF97E80F0088E868
:20F740000F003388434418330FCB87E80F0000F087FD60232B482360282100F0C5FD328813
:20F7600029682C4F02F1280002F12C034FF63A7E4FF0880CE025A4F806E024F800C0E554D4
:20F7800040322344D1F800C0D1F80480D1F808E0C96819612518A018C3F804C0C3F80880A7
:20F7A000C3F80CE002210023D7F800E07F68A1544170C0F802E0C0F80670C0F80A30C38122
:20F7C0006B8000F011FA3388134A1344C2435A80502000F07DFDE7E694F82430FF2BA3D1D0
:20F7E00097E80F0007F1100C8CE80F0033883B4428330FCB87E80F00A9E700BF8C200020DC
:20F80000E0240020F024002088200020801D0020F8240020E824002018250020881D002081
:20F82000841D0020082500200148FFF7A5BD00BF2002002010B5084B84B09B690C4601462F
:20F840006846984721466846102202F0B1F8B0FA80F0400904B010BD2822010070B50B4B8F
:20F860001C6844B106460D4615B1A368B34205D02468002CF8D10024204670BD29462046C8
:20F88000FFF7D8FF0028F3D0204670BD8C1D002030B5114B87B005465B69019102A89847B2
:20F8A00001992846FFF7DAFF02A904462846FFF7D5FF5CB184420CD01023646934B1A042CE
:20F8C00007D0013BF9D1184607B030BD204607B030BD012007B030BD2822010070B51546AF
:20F8E0000646FFF7BBFF30B10446406918B115B183689E4200D070BD2946FFF79BFF0028BA
:20F90000F9D063683C2B84BF3C23636070BD00BF2DE9F8439146064698460F46FFF79EFF61
:20F92000494604463046FFF799FF0546B9F1000F00D068B3E4B1C4E901863A46394652F8E9
:20F94000083F52682261E3603046FFF7A1FF18B965612046BDE8F88330463946666965612D
:20F96000FFF796FF0028F4D166612046BDE8F8830D48F6F709F80446A0B1002343610146D6
:20F980000A48F5F7CFFE0A4A136801331360D2E7024649464FF0FF333046FFF7B9FF054676
:20F9A0000028C7D10024D4E72C0200208C1D0020201F002010B5044B044800241C60F5F746
:20F9C000D1FF034B1C6010BD201F00202C0200208C1D00202DE9F047184F3D6895B1DFF8D4
:20F9E0006080DFF860900646BA462C462D68636853B15A1C04D0B3428CBF9B1B0023636018
:20FA0000002DF2D1BDE8F0873B6813B905E01B681BB15A69A242FAD1F2E721465046F5F703
:20FA2000CDFE21464046F5F7CBFFD9F80030013BC9F80030002DD8D1E4E700BF8C1D002001
:20FA40002C020020201F0020F0B50B4E346883B084B10A4D0A4F0194214630462468F5F75D
:20FA6000ADFE01993846F5F7ABFF2B68013B2B60002CF0D103B0F0BD8C1D0020201F00205E
:20FA80002C020020013AF0B48E18B1421DD2CF43F51925F001030D1D1D448A1C12F8024CEF
:20FAA00012F8013C03EB04239BB2184480B2834288BF013002F1020288BF80B2AA42EDD1B8
:20FAC000F31923F00103023319448E4201D0F0BC7047337800EB032080B2B0EB032F3CBFBA
:20FAE000013080B2F0BC704770B5134D82B00646284600F0FDFB114B1C88031B9BB2ADF8D7
:20FB00000630BDF8063016FA83F005F10801202280B2FFF7B7FFBDF8062004F128012944BC
:20FB200092B2FFF7AFFF18B140BA80B202B070BD4FF6FF7002B070BDF02400208C20002076
:20FB40002DE9F0414678C478F6000836231D9E4200F102021FDB0221DFF88880074602349C
:20FB60000D461378012B0AD0632B1FD0DBB103F0C003802B2FD0C02B21D0402B1CD02C4495
:20FB8000A5B26B1CB342294627DA7A19547802346319B342E5DD124B04200221D21AFFF7D4
:20FBA000F1FB022009E00135ADB2EAE7D8F83830384698470028E2D10120BDE8F081084BEE
:20FBC000197EFF29F8D0D21A02210420FFF7DAFB0220BDE8F081024BF5E70020EDE700BF8C
:20FBE000F0240020282201003A20FFF77DBF00BF08B500F025FCFFF7A7FAFFF7B1FCFFF73D
:20FC000013FE0A4B0A4900224FF4806008801A821A86A3F85020A3F87020A3F89020A3F806
:20FC2000B020A3F8D020A3F8F02008BD042A00208A20002070B5164B1C8804B3154E3288E3
:20FC400004F1270393421DDA134D144B04F12801283A1B78AB71121B294405F1280001F022
:20FC6000C3FE604200B200F015FB044640B131882839284689B200F037FB204670BD012497
:20FC8000204670BD002400F0EBFA204670BD00BF8C200020E0240020F0240020AE20002074
:20FCA0002DE9F04F042885B037D09E4D9E4C9F4F2F600528276017D09D4E3388272B07D9C2
:20FCC00017F83C3C03F0F003602BA7F13C0B75D0DFF87C82974F00F0C3FA00233B7088F852
:20FCE000003005B0BDE8F08F934B1B681B8A002BEED092488E49DFF85C92DFF854820023C6
:20FD00000C3F08222F60276003600B80A9F8003088F80020FEF7A6FD03E0DFF83892DFF806
:20FD20003082B9F80030002BD4D0DFF820B2804A834C03F108015846303389B2138000F063
:20FD4000D3FA7D4B21881B68B9F800201D7D8BF8075028310BEB0100083252BA11260025AB
:20FD60008BF80660C58082801A8A6025ABF800502BF801205A8A42800FCB0BF1180585E8ED
:20FD80000F0029460BF10800FFF730F9654B0BF13C0230461A60FFF7A7FE2388C043283344
:20FDA00080B25B4400286ED0D8800023ABF80230002388F8003005B0BDE8F08F584600F082
:20FDC00097FA3388834283D3584600F091FA283081B2B1F5A06F31803FF67AAF594A00238E
:20FDE0005846137000F0BEFA00283FF471AF9BF80830DFF84C81A7F11409A0EB0900FF2BDD
:20FE0000A8F800003FF464AF31880DF10F020123584600F073FA18B19DF80F30002B78D005
:20FE20004948FEF7B7FF002800F09680414F318846484FF0000C01230DF10F0287F800C0C4
:20FE400000F05CFA8246002845D09DF80F30062B43D0112B00F002813A2B00F0E380002BAD
:20FE600000F0D4802B3BDAB2112A36D8112B34D8DFE803F0181533333333333333333333D6
:20FE800033333333153C4FF6FF72DA808DE71846FFF72AFE4FF6FF73984200F0EA80DFF883
:20FEA000B08018E73B785A0717D49AF8032043F004033B70002A40F067813188AAEB0B03DC
:20FEC000C91A504689B200230DF10F0200F016FA82460028B9D14FF0000AAAEB0B020121B5
:20FEE0000420FFF74FFADFF8688061E73B78980740F194805906F0D443F040033B70504627
:20FF0000FFF71EFE0128CAD00228D6D1DFF840804EE7FFF715FE01283FF4DAAE02287FF4E5
:20FF20007FAFF3E7F8290020E42400202C250020E0240020AD200020F4290020FC2900204C
:20FF40008C200020AE20002008250020F0240020F0290020002A0020B148FEF7DBFF0028F3
:20FF60007FF464AF9BF81830FF2B3FF4B1AEBBF81830BBF8082048F2FE018B4200F0BF8059
:20FF80008A4200F0CD80BBF80A10BBF80C000A43BBF80E100243BBF810000A43BBF8121084
:20FFA0000243BBF814000A43BBF8161002430A4392B2002A3FF48CAEBBF81A20BBF81C10D6
:20FFC000BBF81E0013430B43BBF82020BBF8221003431343BBF824200B4313439BB22BB96C
:20FFE000BBF82630B3F5807F3FF472AE3388B3F5A06F00F2C0809BF80730012B40F2B380FF
:020000040001F9
:20000000013BDFF834828BF80730D1E63B78DA073FF563AF43F001033B704EE743F002037D
:200020003B706CE71846FFF75FFD4FF6FF7398427FF435AFB8F8003028330BEB03021BF8E1
:2000400003005178FFF782F9012800F0E5803388DFF8E481002B7FF4ABAE3CE60193FFF74B
:20006000E9FDB8F80020019B4A44D288002A7FF40EAFB8F8003028339B44BBF802A0BAF1D2
:20008000000F3FF40CAF674FDFF8B08107F58079C8F8007004E020374F45C8F800705AD057
:2000A0003B8A002BF7D09A45F5D17B8A5E48394610221BB1BBF800C09C45ECD13B682BB924
:2000C0007B681BB9BB680BB9FB681BB101F070FC0028E0D13388554ADFF86491DFF8588147
:2000E000303B338000231360A9F800300222504B88F800202B602360FEF7B4FB11E69A4297
:200100007FF4E6AD4648FEF727FE024600287FF4DFAD02210120FFF735F9DFF81C8147E6B9
:20012000BBF81A40BBF81C10BBF81E20BBF8200023430B431343BBF82210BBF824200343E3
:200140000B4313439BB2002BDCD1BBF82630B3F5807FD7D1BCE5002204210120FFF712F974
:20016000DFF8D48024E6002211460320FFF70AF9DFF8C4801CE64FF4A06200210220FFF71A
:2001800001F9DFF8B48013E62A4BDB6B984700283FF4A3AE3388B3F5A06FECD89BF807301B
:2001A000012BE0D9013B1E488BF80730FEF7F2FD00287FF492AE1A48FEF7ACFE00287FF4A3
:2001C0008CAE9BF81830FF2B3FF487AEBBF81830BBF81A2013439BB2002B7FF497AEBBF857
:2001E0001E10BBF81C30BBF82020BBF822000B431343BBF82410BBF8262003430B439BB2A5
:2002000052EA03013FF469AE002B7FF47FAEB2F5807F7FF47BAE60E600F022F817E700BF3A
:2002200008250020042A0020F8240020FC2900202025002028220100F0290020F42900207C
:20024000002A0020054A030C02EA00225BBAC0F307209BB2104343EA0040704700FFFF0037
:2002600030B4074B074C084D0FCB84E80F000749074A00230B8013702B8030BC704700BF6C
:20028000341F0020241F0020E02400208C200020AE2000200C490B881A18B2F5A06F11D8F1
:2002A00010B40A4C2288C24208D480B2024418440880228001205DF8044B704700205DF8AB
:2002C000044B704700207047E02400208C200020B0F5A06F98BF034A03469ABF13800120A3
:2002E00000207047E024002049BA8180704700BF0379407900EB032080B27047BBB18379F5
:2003000013702823994219DB1278062A184417D0112A1BD03A2A1FD09A1C8A420ED84278A8
:20032000D200083213449942B8BF00207047037813704378DB0008339942E5DA00207047F1
:20034000142213449942B8BF00207047082213449942B8BF00207047042213449942B8BF6E
:2003600000207047F8B5012307461546FFF7C6FFD0B10E46044609E0BCF1110F12D0BCF10E
:200380003A0F0FD0FFF7BAFF044668B195F800C0E11B711ABCF1060F20464FF000032A4675
:2003A00089B2E9D12046F8BD00242046F8BD00BFF0B585B0012301920DF10F02019D0746A4
:2003C000FFF79CFF04460E4668B91BE0BCF1060F1AD0BCF1110F17D0BCF13A0F14D0FFF7A2
:2003E0008DFF044670B19DF80FC0E11B711AAC4520464FF000030DF10F0289B2E6D120461B
:2004000005B0F0BD9DF80FC0AC4518BF0024204605B0F0BD07289ABF024B33F81000002032
:20042000704700BF241F0020072803469DBF034A012022F813100020704700BF241F00206B
:20044000054B00224FF6FF71C3E901221A60DA601A811980704700BF341F00202DE9F04F80
:200460000E4687B0002972D0002A74D013888146002B44D00024DFF8F4A0DFF8F4B0551CFC
:20048000A046022709E0B8F1000F20DB53D008F10108102F17D00237023515F8012C2B7819
:2004A00003EB02239BB2002BEDD0B8F1000F0EDD4FF0FF38311B09EB04005246FDF7DCF936
:2004C0000444A642E5D8204607B0BDE8F08F022F09D1311B09EB04005246FDF7CDF9044405
:2004E000A642D8D8EFE7311B09EB04005A460593FDF7C2F90444A642059BDBD8E3E753883B
:20050000002BB7D19388002BB4D1D388002BB1D11389002BAED154894FF6FF739C42A9D123
:20052000D57B947B537B0093CDE90145137B0C4AFDF7A2F9C8E7311B09EB0400094AFDF752
:200540009BF90444A642BED94FF00108A1E7084607B0BDE8F08F044AFDF78EF90E20B3E7B6
:200560009C230100B02301008C230100B8230100B423010041B94FF0A04303214FF40022DE
:20058000C3F84C17C3F80C25704700BF30B40A4B0A4D1D604FF080520949146952695C6176
:2005A00002FB04F20024C3E90244491B59601A6130BC0448F1F760B8541F002000100000BF
:2005C00090250100BC2301002DE9F047032908D8DFE801F009342A021B491C4A00230B70A3
:2005E0001370BDE8F0871A4F1A4EDFF86CA08846814606E0402231465046F2F701FD0028AF
:20060000EFD14846F2F7F8FC3B680546002BF1D00028EFD0444600E03B68305D0134E4B289
:200620009847A542F8D8E5E740220A490A48F2F7E7FC064B01221A70BDE8F087024B0022FC
:200640001A70BDE8F08700BFB1200020B02000206C1F0020F81F0020E0230100083808B571
:20066000062805D8DFE800F00E161F040404050008BD0F490F4A00230B701370BDE80840E0
:20068000F0F7D6BFF7F75AFE0028F1D1BDE80840F0F7CCBF0649074A00230B701370BDE8E9
:2006A0000840F0F7DBBFBDE80840F0F7C3BF00BFB1200020B020002008B5F3F71DFB09486B
:2006C000F0F710FF00B108BD0748F0F7D5FF0028F9D1F0F793FF0028F5D1044A044B10702E
:2006E000187008BD04240100E0230100B0200020AF200020124B1B780BB32DE9F041114D4E
:200700002B78D3B9104E3378BBB10123DFF840800E4F2B70327841463846F2F749FC04465B
:2007200000F07EF8002CF5D12B7823B100F078F82B78002BFAD100233370BDE8F08170475E
:20074000B0200020B1200020AF200020E023010038200020114B1B78ABB1114B1A783F2AAB
:200760000DD810B419781A780E4C0132D2B21A701B786054402B0DD05DF8044B70471B7895
:20078000402B05D0704703F0FF02054B1A707047FFF7B0BF5DF8044BFFF7ACBFB020002083
:2007A000AF200020382000204FF0A0434FF49A510022C3F80815C3F80C25704700B5104BD5
:2007C00093E8070085B001AB83E807000D491846F8F746FD48B90C48F8F77CFD60B90B4B32
:2007E00001221A7005B05DF804FBF0F7B7FD0648F8F770FD0028F2D0F0F7B0FDEFE700BFEB
:2008000010240100A9070100B2200020B3200020024B1B7803B97047F8F74EBDB3200020CD
:20082000034B1B7803B97047024B1878F8F778BDB3200020B220002008B5074B044613B161
:200840000021AFF30080054B1868836A03B19847204600F02FFF00BF000000001C24010081
:2008600070B50D4D0D4C641BA4100026A64209D10B4D0C4C01F048FA641BA4100026A64261
:2008800005D170BD55F8043B98470136EEE755F8043B98470136F2E7B0020020B0020020BF
:2008A000B0020020B402002038B5104B1D68AB6B0446B3B9182000F095F80246A86320B916
:2008C0000B4B0C48422100F05DF80B490B4BC0E900130B4B83600B23838100210120C2E908
:2008E0000401AB6B00221C615A6138BD4802002080240100972401000E33CDAB34126DE671
:20090000ECDE0500174B10B51C68A36BB3B9182000F068F8A06328B90246134B13484E2107
:2009200000F030F8124A134BC0E90023124B83600B23838101220023C0E90423A16B0F482E
:200940000A694B690E4C504304FB0300A2FB04345A1C044444F10000C1E9042020F000409B
:2009600010BD00BF4802002080240100972401000E33CDAB34126DE6ECDE05002DF4515835
:200980002D7F954C1FB514461A46094B1B680546D8684CB1074B0091CDE9013406492B464F
:2009A00000F00EF801F0E0F8044B1C46F3E700BF4802002013250100202501004E250100D1
:2009C0000EB403B5014603AB054853F8042B0068019300F0B9F802B05DF804EB03B07047E4
:2009E00048020020024B0146186800F053B800BF4802002037B5002948D051F8043C01900E
:200A0000002BA1F10404B8BFE41800F085FD204A01981368154633B96360146003B0BDE8D8
:200A2000304000F07FBDA3420BD921686218934204BF1A685B68636004BF521822602C6073
:200A4000ECE71A465B680BB1A342FAD911685518A5420BD1246821445418A3421160DDD122
:200A60001C685B68536021441160D7E702D90C230360D3E7256861198B4204BF19685B68E6
:200A8000636004BF491921605460C7E703B030BD78200020F8B5CD1C25F0030508350C2D0A
:200AA00038BF0C25002D064601DBA94203D90C2333600020F8BD00F02FFD21490A68144609
:200AC0009CB9204F3B6823B92146304600F092FA38602946304600F08DFA431C23D10C2304
:200AE0003360304600F01EFDE3E723685B1B17D40B2B03D923601C44256004E06368A2421F
:200B00000CBF0B605360304600F00CFD04F10B00231D20F00700C21ACCD01B1AA350C9E7D6
:200B200022466468CCE7C41C24F00304A042E3D0211A304600F05EFA0130DDD1CFE700BFF1
:200B4000782000207C2000202DE9F04F0D469DB014469846064618B183690BB900F01EFC25
:200B6000894B9D421BD175686B6ED90705D4AB899A0502D4A86D01F034F8AB891B0701D560
:200B80002B69EBB92946304600F096FAC0B16B6EDC070ED54FF0FF301DB0BDE8F08F7B4B83
:200BA0009D4201D1B568DFE7794B9D4208BFF568DAE7AB899805EDD4A86D01F013F8E9E7A6
:200BC0000023099320238DF82930CDF80C803023DFF8C0818DF82A304FF0010923469A4608
:200BE00013F8012B0AB1252AF9D1BAEB040B0BD05B4622462946304600F037FF013000F026
:200C0000AA80099A5A4409929AF80030002B00F0A28000234FF0FF32CDE905230AF1010A58
:200C2000049307938DF853301A935446052214F8011B5848F0F7E4FA049AD8B9D10644BF77
:200C400020238DF85330130744BF2B238DF853309AF800302A2B15D0079A544600204FF040
:200C60000A0C214611F8013B303B092B4ED9B0B1079214E0A0EB080309FA03F31343049382
:200C8000A246D2E7039B191D1B680391002BBBBF5B4242F0020207930793B8BF0492237874
:200CA0002E2B0CD163782A2B35D1039B1A1D1B680392002BB8BF4FF0FF3302340593DFF823
:200CC000E4A0217803225046F0F79AFA40B14023A0EB0A0003FA00F0049B0343013404933A
:200CE00014F8011B2C488DF828100622F0F788FA00283FD0294B1BBB039B073323F0070394
:200D000008330393099B3B44099367E70CFB02320C460120A5E700230134059319464FF02D
:200D20000A0C204610F8012B303A092A03D9002BC5D00591C3E70CFB012104460123F0E71C
:200D400003AB00932A46164B04A93046AFF300800746781CD6D16B6ED90705D4AB899A054F
:200D600002D4A86D00F03EFFAB895B063FF512AF099811E703AB00932A46094B04A9304610
:200D800000F012F8E4E700BF4024010060240100202401004F2501005925010000000000AC
:200DA0006B1A0100552501002DE9FF470C469146277E0C99782F80469A4604F1430207D8FD
:200DC000622F0AD8002F00F0D880582F00F0A38004F1420684F842703AE0A7F16303152BCC
:200DE000F6D801A050F823F0410E0100550E0100D10D0100D10D0100D10D0100D10D0100F9
:200E0000550E0100D10D0100D10D0100D10D0100D10D0100610F0100850E0100430F01009A
:200E2000D10D0100D10D0100830F0100D10D0100850E0100D10D0100D10D01004B0F0100D5
:200E40000B681A1D1B680A6004F1420684F842300123A3E0256808682E0600F104030AD521
:200E600005680B60002D03DA2D236D4284F843305E480A2319E015F0400F05680B6018BFD3
:200E80002DB2EFE70B682568181D0860280601D51D6802E06906FBD51D8854486F2F0CBFAC
:200EA00008230A23002184F843106668A660002EA2BF216821F0040121600DB9002E4DD056
:200EC0001646B5FBF3F103FB1157C75D06F8017D2F46BB420D46F4D9082B0BD12368DF070A
:200EE00008D5236961689942DEBF302306F8013C06F1FF36921B2261CDF800A04B4603AABB
:200F00002146404600F0C3FD01304CD14FF0FF3004B0BDE8F087354884F8457023680E68F9
:200F20001F0656F8045B0E6014D5D90744BF43F0200323601DB9236823F02003236010237F
:200F4000B0E7236843F0200323607823284884F84530E3E75E0648BFADB2E6E71646BBE73B
:200F60000B68266860691D1D0D6035061B6801D5186002E07106FBD5188000232361164630
:200F8000BAE70B681A1D0A601E68626800213046F0F736F908B1801B606063682361002319
:200FA00084F84330A8E72369324649464046D0470130ABD023689B0713D4E068039B984203
:200FC000B8BF1846A4E70123324649464046D04701309BD00135E36803995B1AAB42F2DC00
:200FE000EBE7002504F11906F5E700BF602501007125010038B5064D0023044608462B60A8
:20100000FDF720FA431C02D12B6803B1236038BD042B0020F8B50E461446054618B1836927
:201020000BB900F0BBF9214B9C422BD16C68A369A360A3891A072FD523696BB32369206810
:20104000C01A6369F6B28342374604DC2146284600F026F930BBA368013BA36023685A1C06
:2010600022601E7063690130834204D0A389DB0706D50A2E04D12146284600F011F988B9C4
:201080003846F8BD0A4B9C4201D1AC68CFE7094B9C4208BFEC68CAE72146284600F00CF887
:2010A0000028CBD04FF0FF37EAE700BF402401006024010020240100324B70B51D680646C6
:2010C0000C4625B1AB6913B9284600F067F92E4B9C420FD16C68A389B4F90C2019072CD41A
:2010E000DD0611D40923336042F04003A3814FF0FF303EE0254B9C4201D1AC68EBE7244BCF
:201100009C4208BFEC68E6E7580712D5616B41B104F14403994202D03046FFF76BFC002326
:201120006363A38923F02403A3810023636023692360A38943F00803A38123694BB9A38920
:2011400003F42073B3F5007F03D02146304600F0A3F9A089B4F90C2010F001030AD000239F
:20116000A36063695B42A361236943B910F08000BAD170BD810758BF6369A360F4E70020D6
:20118000F7E700BF480200204024010060240100202401008A892DE9F041054610070C460B
:2011A00058D44B68002B05DC0B6C002B02DC0020BDE8F081E66A002EF9D0002312F480524C
:2011C0002F682B6032D0606DA3895A0705D56368C01A636B0BB1236CC01A00230246E66A64
:2011E000216A2846B047431CA38906D129681D292CD82A4ACA40D60728D500226260D904A9
:201200002269226004D5421C01D12B6803B96065616B2F600029CAD004F14403994202D09D
:201220002846FFF7E7FB00206063C1E7216A01232846B047411CC7D12B68002BC4D01D2B3A
:2012400001D0162B01D12F60B1E7A38943F04003A381ADE70F69002FA9D093070E6808BF32
:201260004B690F6018BF0023A6EB07088B60B8F1000F9CDD216AA66A43463A462846B0478C
:20128000002806DCA38943F04003A3814FF0FF308EE70744A8EB0008E9E700BF01004020C5
:2012A00038B50B6905460C4613B90025284638BD18B183690BB900F071F8144B9C421BD1E1
:2012C0006C68B4F90C30002BEFD0626ED00704D4990502D4A06D00F084FC28462146FFF72C
:2012E00059FF636EDA070546E0D4A3899B05DDD4A06D00F077FCD9E7054B9C4201D1AC6824
:20130000DFE7044B9C4208BFEC68DAE7402401006024010020240100002310B50446C0E9F4
:201320000033C0E90433836081814366C2818361194608225C3000F071FB054B6362054B0F
:20134000A362054BE362054B2462236310BD00BF831C0100A51C0100DD1C0100011D010090
:20136000014900F01EBC00BFA1120100014800F038BC00BF182B0020014800F033BC00BFB0
:20138000182B0020014800F02CBC00BF132B0020014800F027BC00BF132B002010B5044664
:2013A000FFF7F0FFA3691BB1BDE81040FFF7F0BFC4E912332365134B134A1B68A262A34235
:2013C00004BF0123A361204600F020F86060204600F01CF8A060204600F018F80022E060C2
:2013E00004216068FFF798FFA06801220921FFF793FFE06802221221FFF78EFF0123A3614C
:20140000D2E700BF1C24010061130100F8B50746FFF7ACFF1E4B1E68B36913B93046FFF7C0
:20142000BDFF4836D6E90134013B03D533680BB33668F7E7B4F90C50D5B9164BE36004F165
:201440005800656600F0CCFBFFF796FFC4E90155C4E904552560A5610822294604F15C00A9
:2014600000F0DCFAC4E90D55C4E912552046F8BD6834D9E70421384600F07DFB0446306027
:201480000028D5D1FFF778FF0C233B60EEE700BF1C2401000100FFFF8B8973B59D07064647
:2014A0000C4607D504F14703236023610123636102B070BD01AB6A4600F095FB0099054631
:2014C0003046FFF7E7FA48B9B4F90C309A05EFD423F0030343F00203A381E3E70D4BB362C7
:2014E000A389206043F08003A381009B6361019B20615BB1B4F90E10304600F067F828B175
:20150000A38923F0030343F00103A381A0890543A581CDE761130100014800F062BB00BF56
:20152000142B0020014800F05DBB00BF142B0020024B0146186800F07ABB00BF480200207B
:2015400038B5074D00230446084611462B6000F091F8431C02D12B6803B1236038BD00BF84
:20156000042B002038B5074D04460846114600222A601A4600F096F8431C02D12B6803B1E9
:20158000236038BD042B002038B5064D0023044608462B6000F04EF8431C02D12B6803B14F
:2015A000236038BD042B002038B5074D00230446084611462B6000F045F8431C02D12B6894
:2015C00003B1236038BD00BF042B002038B5064D0023044608462B6000F044F8431C02D1ED
:2015E0002B6803B1236038BD042B002038B5074D04460846114600222A601A4600F042F877
:20160000431C02D12B6803B1236038BD042B002038B5074D04460846114600222A601A464E
:2016200000F038F8431C02D12B6803B1236038BD042B0020024B58221A604FF0FF307047E4
:20164000042B0020024B58221A604FF0FF307047042B0020024B58221A604FF0FF30704720
:20166000042B0020024B58221A600020704700BF042B0020024B58221A604FF0FF3070478F
:20168000042B0020024B58221A604FF0FF307047042B0020024B58221A604FF0FF307047E0
:2016A000042B0020024B58221A604FF0FF307047042B0020FEE700BF53B94AB9002908BF83
:2016C00000281CBF4FF0FF314FF0FF3000F06EB9ADF1080C6DE904CE00F006F8DDF804E092
:2016E000DDE9022304B070472DE9F047089D04468C46002B40F083808A42174647D9B2FA33
:2017000082F242B1C2F1200024FA00F09140974040EA010C94404FEA1748230CBCFBF8F662
:201720001FFA87FE08FB16C143EA014306FB0EF1994209D9FB1806F1FF3080F019819942E5
:2017400040F21681023E3B445B1AA4B2B3FBF8F008FB103344EA034400FB0EFEA64509D911
:201760003C1900F1FF3380F00581A64540F2028102383C4440EA0640A4EB0E0400261DB19C
:20178000D4400023C5E900433146BDE8F08702B9FFDEB2FA82F2002A50D1CB1B4FEA174E07
:2017A0001FFA87F80126B3FBFEFC210C0EFB1C3341EA034108FB0CF38B4207D979180CF191
:2017C000FF3002D28B4200F2E9808446C91AA3B2B1FBFEF00EFB101143EA014408FB00F8AB
:2017E000A04507D93C1900F1FF3302D2A04500F2D9801846A4EB080440EA0C40BFE78B42C6
:2018000009D9002D00F0B1800026C5E9000130463146BDE8F087B3FA83F6002E4AD18B427E
:2018200002D3824200F2B880841A61EB030101208C46002DA8D0C5E9004CA5E7C2F1200303
:2018400020FA03F6974001FA02F04FEA174ED9403043030CB1FBFEF61FFA87F80EFB161110
:2018600043EA014306FB08F1994204FA02F409D9FB1806F1FF3C80F08D80994240F28A8073
:20188000023E3B445B1A81B2B3FBFEF00EFB103341EA034100FB08F38B4207D9791800F165
:2018A000FF3C73D28B4271D902383944CB1A40EA064678E7C6F1200C03FA06F422FA0CF32B
:2018C0001C4320FA0CF701FA06F34FEA144E21FA0CF11F433B0CB1FBFEF91FFA84F80EFBFB
:2018E000191143EA014109FB08FA8A4502FA06F200FA06F308D9611809F1FF3048D28A4527
:2019000046D9A9F102092144A1EB0A01BFB2B1FBFEF00EFB101147EA014700FB08F8B84561
:2019200007D9E71900F1FF312ED2B8452CD90238274440EA0940A7EB0807A0FB02894F4531
:20194000C64649461AD317D05DB1B3EB0E0267EB010707FA0CFCF2404CEA0202F740C5E9A8
:20196000002700263146BDE8F0872E4628460BE70646E9E61846FDE64345E5D2B8EB020E65
:2019800069EB04010138DFE70846D2E760468DE78146B9E7664675E730464AE7ACF1020C0D
:2019A000394413E702383C4424E700BF704700BF30B501390024A24201D1002005E0035D58
:2019C00001340D5DAB42F6D0581B30BD0A44914200F1FF3300D1704710B511F8014B03F874
:2019E000014F9142F9D110BD884210B501EB020402D98442234607D8431EA14208D011F89E
:201A0000012B03F8012FF8E7024401468A4200D110BD13F8014D02F8014DF7E7024403468B
:201A2000934200D1704703F8011BF9E7034613F8012B002AFBD1181A013870479368013B83
:201A4000002B10B4936008DA9469A34201DB0A2903D15DF8044BFFF7DDBA1368581C10606D
:201A6000197008465DF8044B7047F8B506460F461446D518AC4201D1002007E014F8011BB0
:201A80003A463046FFF7DAFF431CF3D1F8BD2DE9F047164699468A680B69DDF82080934271
:201AA000B8BF1346336091F8432007460C460AB1013333602368990642BF33680233336028
:201AC000256815F0060506D104F1190AE36832689B1AAB4226DC94F84320131E226818BF70
:201AE000012392062BD404F1430249463846C04701301ED02368E568326803F00603042B21
:201B000008BFAD1AA36822690CBF25EAE57500259342C4BF9B1AED1800261A34B5421AD1E0
:201B2000002008E00123524649463846C047013003D14FF0FF30BDE8F0870135C6E7E11862
:201B40005A1C302081F84300224494F8451082F843100233C7E70123224649463846C0476C
:201B60000130E6D00136D9E708B50620FFF7E0FC0120FFF79FFD70B54A1E682555430E4619
:201B800005F17401FEF786FF044640B10021C0E900160C30A06005F16802FFF73FFF20460F
:201BA00070BD2DE9F8430646884600F148040027D4E90195B9F1010905D52468002CF7D1C8
:201BC0003846BDE8F883AB89012B07D9B5F90E30013303D029463046C04707436835E9E791
:201BE00070477047704770B50E46B1F90E10002996B014461D4607DA00232B60B3891A0668
:201C000010D44FF480630EE06A46FFF7CDFC0028F2DB019A02F47042A2F500535A425A4104
:201C20002A60EEE740230020236016B070BD1F2938B504460D4604D9162303604FF0FF3093
:201C400038BD426C12B152F821304BB9204600F016F82A4601462046BDE83840FFF770BCBF
:201C6000012B0AD0591C03D1162303600120E7E7002442F82540284698470020E0E7FFF79D
:201C8000E9BC10B50C46B1F90E10FFF7C1FC0028ABBF636DA3891B1823F48053ACBF63652F
:201CA000A38110BD2DE9F0411F468B89DB0505460C46164605D5B1F90E1002230022FFF7BB
:201CC00095FCA389B4F90E1023F48053A38132463B462846BDE8F041FFF744BC10B50C4624
:201CE000B1F90E10FFF782FC431CA38915BF606523F4805343F48053A38118BFA38110BDA4
:201D0000B1F90E10FFF740BCF8B500BFF8BC08BC9E467047F8B500BFF8BC08BC9E4670470B
:201D20000100000101010100F913000008000000090000000A000000850000008000000072
:201D4000810000000D0000000E00000003000000030000006D2C0000ED1F0000000000003C
:201D600000000000000000007C030020881D010001000203008000000F000000090200007E
:201D80000001048032000000993200000000000000000000000000000000000012010002AC
:201DA0000000004015190F52000101020301000099300000000000009D300000880300200B
:201DC000313C00000538000000000000000000000000000025303468582530386C580000BF
:201DE00000000403090400004E6F726469632053656D69636F6E647563746F7200000000F1
:201E00006E524635322055534220434443206F6E20436F6E74696B692D4E47004465666141
:201E2000756C7420636F6E66696775726174696F6E0000005573657220310000E01D0100C7
:201E4000E81D0100001E0100B42000201C1E0100341E01000001020304050000427574742D
:201E60006F6E2031000000000600010800010901010C0001427574746F6E2048414C20700B
:201E8000726F636573730000FF0006000000000000B000400B0003004D61696E000000002B
:201EA000494E464F000000005B252D34733A20252D3130735D2000005374617274696E6759
:201EC00020436F6E74696B692D4E47002D20526F7574696E673A2025730A00002D204E651E
:201EE000743A2025730A00002D204D41433A2025730A00002D203830322E31352E3420500B
:201F0000414E49443A203078253034780A0000002D203830322E31352E34204465666175B6
:201F20006C74206368616E6E656C3A2025750A004E6F64652049443A2025750A0000000099
:201F40004C696E6B2D6C6179657220616464726573733A200000000054656E7461746976FA
:201F600065206C696E6B2D6C6F63616C204950763620616464726573733A200043534D410D
:201F8000000000007C1F01001948000065470000694700000D4700001947000025470000C8
:201FA0004374696D65722070726F6365737300004576656E742074696D65720021520000E8
:201FC000195200005D50000048656C6C6F20576F726C642120286E756D6265722025642909
:201FE0000A000000506572696F6469632070726F636573730000000048656C6C6F20776F8F
:20200000726C642070726F6365737300BC000020CC00002000000000000000000000000097
:2020200025730000284E554C4C204C4C206164647229000025303278000000006E524635CF
:2020400032383430204945454500000045525200546F6F206C6F6E673A202575206279742C
:2020600065732C206D61782025750A0054583A20746F6F206C6F6E672028257520627974B9
:202080006573290A000000006E524635323834302049454545205246206472697665720090
:2020A00069660000456300007565000055660000ED61000021640000D5600000F5660000B1
:2020C000F9630000ED5E0000115F00007D6400003D6100003D6000000000000002030405BF
:2020E000060708090B00000008010C011001140118011C01200124012C0100000C0D0E0F9C
:2021000010111213140000003001340138013C014001440148014C01500100009573000014
:20212000C9730000757B0000857C0000C97C00000D7D0000517D0000FD7B0000417C0000A0
:20214000B97B000049760000F97A0000258700008D7E0000957D0000117E0000057F00003D
:20216000817F0000FD7F0000157A0000917A0000CD7300008D74000081880000797900000D
:202180004A6F696E000000004C6F63616C2072657061697200000000506F69736F6E207217
:2021A0006F757465730000005369676E69666963616E742072616E6B207570646174650011
:2021C000476F7420706172656E7400004865617264206F6C642076657273696F6E206672CA
:2021E0006F6D20726F6F74004D756C74696361737420444953000000526561636861626C57
:2022000065000000496E697420726F6F7400000044414F206D6178207274780052504C201B
:202220004C697465000000001C2201009DBD0000059B00001D9B00009D9B00006D9E0000DC
:202240000DBE0000F19E000031BD000049BD00006D9F0000819F000079A6000035A7000009
:20226000E9A50000F1A3000081A30000DDBD000065BD00003DBE000069BD000053656E73A2
:202280006F72730053657269616C20647269766572000000736963736C6F7770616E00009B
:2022A000002B2C3CFE8000009422010009C20000D1CE000015C70000000140FF0088828046
:2022C0000F2822200F252321537461636B000000436865636B206661696C65643A202575C0
:2022E0002076732E2025750A00000000537461636B20636865636B00303132333435363733
:20230000383961626364656600000000303132333435363738394142434445460000000055
:2023200030580000307800002D0000002B00000020000000286E756C6C29000025000000C4
:2023400020202020202020202020202020202020303030303030303030303030303030307D
:202360005443502F495020737461636B0000000054656D7065726174757265007023010056
:20238000A9E8000091E80000A5E80000284E554C4C20495020616464722900003A3A4646A6
:2023A00046463A25752E25752E25752E257500003A3A00003A00000025780000441F002097
:2023C000C01D0100010200000F000000000000001001000038020020541F00207505010094
:2023E000701F0020541D01000200010601020482810100000000010181000000C905010056
:20240000AE020020000000005D0601000000000001000000D0070000060000004C0200203C
:2024200000000000000000000000000000000000000000000000000000000000000000009C
:2024400000000000000000000000000000000000000000000000000000000000000000007C
:2024600000000000000000000000000000000000000000000000000000000000000000005C
:202480005245454E54206D616C6C6F6320737563636565646564002F6D6E742F776F726BF1
:2024A00073706163652F776F726B73706163652F4743432D392D706970656C696E652F6A94
:2024C000656E6B696E732D4743432D392D706970656C696E652D3230305F3230323030354A
:2024E00032315F313539303035333337342F7372632F6E65776C69622F6E65776C69622F0F
:202500006C6962632F7374646C69622F72616E642E63002C2066756E6374696F6E3A2000FF
:20252000617373657274696F6E2022257322206661696C65643A2066696C6520222573224C
:202540002C206C696E65202564257325730A00232D302B2000686C4C0065666745464700B5
:202560003031323334353637383941424344454600303132333435363738396162636465BD
:20258000660000000000000058EDFE7F0100000000000000E9130000000000000000000016
:2025A00000000000000000000000000000000000000000000000000000000000000000001B
:2025C0000000000000000000000000000000000000000000000000005C1E0100010000007F
:2025E0000101060000000000100000200000000000000000741E0100F53D000000000000DE
:202600000C000800680400200804002038000200E4040020740400200C0008004805002093
:20262000E804002000000000A01F0100554800000000000000000000B01F0100654A0000B2
:202640000000000000000000F81F0100895300000000000000000000E41F0100D15300005E
:2026600000000000000000000C0000000000000070050020030000000C001000240800204E
:20268000640700200000000088200100D56200000000000000001A01021402147C230100E8
:2026A00000000000599600000000000004000800980D0020780D0020AA000800F0120020E1
:2026C000A00D002000000000E9A900009B0300000000000029AA00009B020000000000008D
:2026E00059AB00009B01000000000000EDAD00009B00000065B2000075B2000031B30000E3
:2027000049B3000089B2000001B3000075B3000069B20000010000009401002000000000D5
:20272000080000000000000008130020000000007C2201004DC000000000000000000000AA
:202740008422010041C100000000000000000000EC2201002DD9000000000000202B002050
:202760000090D00300000000602301009DE7000000000000000000001200000000000000DC
:20278000D41B002020000200381D0020F81C0020000000005DF2000081FF00000000000090
:2027A000C5F2000080FF00000000000085F5000087FF000018001000101F0020901D00209F
:2027C000436F6E74696B692D4E472044465500004C0200200000000040240100602401000F
:2027E000202401000000000000000000000000000000000000000000000000000000000094
:202800000000000000000000000000000000000000000000000000000000000000000000B8
:202820000000000000000000000000000000000000000000CDAB1000C5120000A112000086
:04000005000052297C
:00000001FF
