:020000040000FA
:201000000000042029530000515300005353000055530000575300005953000000000000E8
:201020000000000000000000000000005B5300005D530000000000005F53000061530000EC
:20104000F1710000F16700007DEA00006353000063530000635300008D6E0000635300009C
:20106000E5C000006353000063530000017300006353000001720000635300006353000056
:201080000D93000063530000635300006353000063530000635300006353000063530000B6
:2010A0006353000063530000635300006353000063530000635300000000000000000000EC
:2010C00063530000635300006353000063530000635300006353000063530000F18A00009B
:2010E000635300006353000063530000000000000000000063530000000000006353000062
:201100000000000000000000000000000000000000000000000000000000000000000000CF
:201120000000000000000000000000000000000000000000000000000000000000000000AF
:2011400000000000000000000000000000000000000000000000000000000000000000008F
:2011600000000000000000000000000000000000000000000000000000000000000000006F
:2011800000000000000000000000000000000000000000000000000000000000000000004F
:2011A00000000000000000000000000000000000000000000000000000000000000000002F
:2011C00000000000000000000000000000000000000000000000000000000000000000000F
:2011E0000000000000000000000000000000000000000000000000000000000000000000EF
:2012000001F0FF01102A2BDB10F0070F08D010F8013B013A8B422DD010F0070F42B3F6D194
:20122000F0B441EA012141EA014122F007047FF000070023F0E80256083C85EA010586EA41
:20124000010685FA47F5A3FA87F586FA47F6A5FA87F68EB9EED1F0BC01F0FF0102F007023C
:2012600032B110F8013B013A83EA010313B1F8D10020704701387047002D06BF354603389F
:20128000073815F0010F07D1013015F4807F02BF013015F4C03F0130F0BC0138704700BF63
:2012A00010B5054C237833B9044B13B10448AFF300800123237010BDC802002000000000A2
:2012C0009826010008B5034B1BB103490348AFF3008008BD00000000CC020020982601004D
:2012E000A3F5803A704700BF174B002B08BF134B9D46FFF7F5FF00218B460F461348144AA7
:20130000121A10F0F5FB0E4B002B00D098470D4B002B00D098470020002104000D000D48A5
:20132000002802D00C48AFF300800FF003FB2000290002F097FF0FF0E9FA00BF00000800C6
:20134000000000000000000000000420C80200204C2B0020000000000000000000B585B0FE
:201360000346002101AA44F20100CDE90111039300F004F805B05DF804FB00BF72B6094B93
:201380001B68DB0700D500BEBFF34F8F0649074BCA6802F4E0621343CB60BFF34F8F00BFEA
:2013A000FDE700BFF0ED00E000ED00E00400FA050378052B02D0094B1B681847084BD3F82C
:2013C0008424D3F8803413F0FF0FF4D1054BD2B2052A08BF1846014B1B681847E4020020B4
:2013E000007002400C1E0100014B02481B681847E4020020101E0100012803D0022809D064
:2014000020B17047054B06481B681847034B05481B681847014B04481B681847E4020020C7
:20142000041E0100001E0100081E01002DE9F04F87B0002504460F4690469946029500E0C7
:2014400001356268012356682146002202A8B0470028F5D18DF80600049065B382468346CA
:201460000AE09DF806306668023B7668B0479DF806309B445D451ED9626801235668214681
:201480000DF1060204A8B04762680123566821460DF1070204A8B0479DF80730BB424FF0DE
:2014A0000002214604A8DCD1D04508D00AF1010A5FFA8AFAD5E7052007B0BDE8F08F109A34
:2014C0009DF80630136089F8003089F801706168023B4D6809F102022146A847002007B045
:2014E000BDE8F08FF0B5054683B03B4806F02CFE044610B1204603B0F0BD384A3849394BAA
:2015000014700C604822214637481C6010F0F0FA36482146482210F0EBFA002D54D095E823
:201520000700334B83E80700002847D0002005F059FA08B1852844D12E4D2B7A002B49D02E
:20154000013BDBB205F10C024FF0030E6E68274FDFF894C01EFB032E05F109046378EBB133
:20156000A278611C1144013B51FA83F1224408E003F00F0307EBC30391421D6030685860D9
:201580000CD012F8013B1806F2D503F00F030CEBC30391421D6030685860F2D1033474452F
:2015A000DCD10B238DF804301248336801A99847044600289ED006F009FE9BE70E4A1A60E8
:2015C000B4E7FFF7CBFEB7E7094B0B4A5D601D721A60ABE76E68E4E7B1130000BF200020AE
:2015E0008003002084030020F002002038030020E40200203C1E0100C119000010B506F03E
:20160000FFFE68B106F004FF044648B9064805F0FDF9034628B1FFF7A1FE2346184610BDEC
:201620000823184610BD00BFFC1D010006F0D8BD07F0D6BC4FF0804303E0D3F83824D10783
:2016400007D5D3F838249207F7D5024B02481B6818477047E4020020141E010000B5054BB4
:2016600083B082221B688DF8042001A8984703B05DF804FBE40200202DE9F043057A83B0D7
:20168000002D5ED005F1FF3E5FFA8EF300F10C024FF0030E00F10901334FDFF8D4C01EFB92
:2016A000032E0C4666780022964204EB020319D094F8028013F9089013F80830B9F1000F44
:2016C0000BDB03F00F0307EBC3031B680132002BEAD0112003B0BDE8F08303F00F030CEBD4
:2016E000C303F2E70334A645DCD100261E4FDFF880C0324602EB42020A445378EBB1002450
:2017000023460CE003F00F0307EBC303186045682D685D6055780134E3B29D420CD99578D8
:20172000134413F905E05B5DBEF1000FEADA03F00F030CEBC303E9E7057A0136F2B2954264
:20174000D8D80A4A13681BB11A681368002BFBD1106043680B228DF804201B6801A998474D
:2017600003B0BDE8F08300BF3803002080030020F0020020024B1878003818BF012070470B
:20178000BE200020030710B5044604D52046BDE8104007F0BDBA06F0D5FF204607F010FB5E
:2017A0002046BDE8104007F0B3BA00BF07F0F6BC014B1868704700BF80030020F0B40E4B20
:2017C0001F688FB13E7A96B100231C463A4602E0DCB2A6420BD9557A854203F1010302F181
:2017E0000302F5D101B10C703846F0BC70473B681F68002FE6D1F7E780030020436811467C
:201800001B68184700F00F03082B0AD802064CBF054A064A02EBC303186810B143681B68FB
:2018200018471020704700BFF00200203803002038B5094B1C6864B1054602E023681C6820
:201840003CB1636829461B68204698470628F5D038BD062038BD00BF8003002038B50D46F4
:20186000044606F041FE18B1054B1B78022B01D0082038BD29462046BDE8384006F044BE38
:20188000BF20002038B50D46044606F02DFE18B1054B1B78022B01D0082038BD2946204602
:2018A000BDE8384006F0C2BEBF200020F8B543689B6805460C4616461BB19847062800D099
:2018C000F8BDEEB92B7AA3421CD9093504EB44042C44677897B133463A469A420BD9A3784D
:2018E000A2190136D05CFFF74DFFF3B2BB4205D262789A42F3D800231B78FFDE0020F8BD26
:201900000720F8BD7378FFDE70B54368DB6805460C4603B198472B7AA3421AD9093504EB36
:2019200044042C4466789EB100252B46324693420BD2A37862190135D05C07F02FFCEBB24B
:201940009E4205D962789342F3D300231B78FFDE70BD00235B78FFDE43681B6903B118477F
:201960001846704770B50A4B1D687DB12E7A4EB100242146013400222846FFF797FFE1B20F
:20198000B142F7D32B681D68002DEFD170BD00BF8003002070B5094B1D6875B12E7A46B133
:2019A0000024214601342846FFF7AEFFE1B2B142F8D32B681D68002DF0D170BD800300202F
:2019C00070B503780446852B00F2BF80DFE813F00002B201BE003A026602E300EA00BD00D1
:2019E000040117012A01BD00BD00BD00BD003D01BD00BD00BD00BD00BD00BD00BD00BD0085
:201A0000BD00BD00BD00BD00BD00BD00BD00BD00BD00BD00BD00BD00BD00BD00BD00BD00F6
:201A2000BD00BD00BD00BD00BD00BD00BD00BD00BD00BD00BD00BD00BD00BD00BD00BD00D6
:201A4000BD00BD00BD00BD00BD00BD00BD00BD00BD00BD00BD00BD00BD00BD00BD00BD00B6
:201A6000BD00BD00BD00BD00BD00BD00BD00BD00BD00BD00BD00BD00BD00BD00BD00BD0096
:201A8000BD00BD00BD00BD00BD00BD00BD00BD00BD00BD00BD00BD00BD00BD00BD00BD0076
:201AA000BD00BD00BD00BD00BD00BD00BD00BD00BD00BD00BD00BD00BD00BD00BD00BD0056
:201AC000BD00BD00BD00BD00BD00BD00BD00BD005101860060011C02E301E3008C4B8D4953
:201AE000D3E9000290478C4B1C684CB1894D636820461B682946984723681C68002CF6D11F
:201B0000864C63680BB10D209847FFF743FF01F075FB834B1B68002B00F0FD810120814DEE
:201B200006F03CFC2A78931EDBB2062B00F215827D49CB5C13B104F03BFF2A78022A40F000
:201B40000C8206F0A7FC01232B7070BD754D2A78931EDBB2062B00F2CD817349CB5C13B1B8
:201B600004F026FF2A78022A40F0C48106F092FC6A4B5B6803222A700BB102209847664BE0
:201B80001D6845B16B6828461B68214698472B681D68002DF6D15E4B2146D3E90002BDE841
:201BA0007040104790F902308278002BB4BF5F4B574B02F00F0203EBC203D3E900022146A4
:201BC00090470028C1D0A0780207BED00307BCD4BDE8704006F088BD504B5B680BB108205A
:201BE00098474D4B1D68002DAFD06B6828461B68214698472B681D68002DF6D1A5E7474B09
:201C00005B680BB109209847434B1D68002D9CD06B6828461B68214698472B681D68002D42
:201C2000F6D192E73D4B5B680BB10A2098473A4B1D68002D89D06B6828461B6821469847BA
:201C40002B681D68002DF6D17FE7344B5B680BB10F209847304B1D68002D3FF476AF6B68AE
:201C600028461B68214698472B681D68002DF6D16BE72C4C2378062B00F04F8103F0FD03D8
:201C8000052B7FF462AF06F00FFC0223237070BD244DFFF77FFE07F097F92A78931EDBB25F
:201CA000062B31D82049CB5C13B104F081FE2A78022A29D106F0EEFB174B1C6800232B70D8
:201CC0004CB11B4E636820461B683146984723681C68002CF6D10E4B1549D3E90002904746
:201CE0000E4B5B680BB10E2098472B78023BDBB2062B3FF62AAF0C4AD35C002B3FF425AF9C
:201D0000BDE8704004F054BE082AD5D1D2E700BF38030020181E010080030020E4020020DD
:201D200084030020BF200020F41D0100F00200201C1E01009C4DFFF72DFE01F055FA2A78B2
:201D4000931EDBB2062B00F2D9809849CB5C002B00F0D480022A03D0082A01D006F0A4FBBB
:201D6000934B5B6802222A700BB101209847914B2146D3E9000290478F4B1D68002D3FF4B1
:201D8000E4AE6B6828461B68214698472B681D68002DF6D170BD844D2B78032B00F0C68096
:201DA00006F040FB00283FF4D0AE2A78931EDBB2062B40F2EB80814804F0CCFD2A78022A17
:201DC00001D0082A01D106F065FB06232B7070BD754B1B78032B00F0A580082B00F0A2800C
:201DE000734B5B680BB100209847754B1D68002D3FF4ABAE6B6828461B68214698472B680C
:201E00005D68002DF6D170BD674D2B78032B7FF49CAE07F015F900283FF497AE2A78931EA2
:201E2000DBB2062B00F2BB806049CB5C13B104F0BFFD2A78022A40F0B28006F02BFB042300
:201E40002B7070BD584D2A78082A5CD0931EDBB2062B00F286805549CB5C002B00F08180CD
:201E6000022A00F0878005232B70514B5B680BB1032098474F4B2146D3E9000290474E4B30
:201E80001D68002D3FF461AE6B6828461B68214698472B681D68002DF6D170BD444B5B68B9
:201EA0000BB103209847434B4649D3E900029047414B1C684CB1434D636820461B682946F2
:201EC000984723681C68002CF6D1374D2B78062B1ED0082B0BD09A1ED2B2062A4DD83349C0
:201EE0008A5C002A49D0022B01D006F0DDFA02232B7070BD082A7FF43BAE37E62F4804F0EB
:201F000029FD2A7826E702232B7006F0D7FAACE707232B7070BD207A01E606F0C5FA08237F
:201F2000237070BD2848FFF74BFD59E707F088F800283FF435AF2A78931EDBB2062B2BD829
:201F40001A49CB5C13B104F033FD2A78022A23D106F0A0FA04232B7022E7082A7FF4F3ADAD
:201F6000EFE5164804F0F6FC2B78022B02D0082B7FF479AF06F08EFA75E7104804F0EAFCCD
:201F80002B78022BB3D0082BB1D0AEE70749CB5C002B7FF414AF0EE7082ADBD1D8E7082A09
:201FA0007FF44DAF49E700BFBF200020F41D0100E402002038030020800300200800002086
:201FC00084030020241E0100201E01004360CA699A4205D38A6902600B67CB610020704784
:201FE00001F1280202608B6700207047F0B504680E7A002C00F07284A4F212347C2C00F279
:20200000C1827C2C00F2BE82DFE814F074020003DE02CF02C7022A0307032303BC02BC020C
:20202000BC02BC02BC02BC026702D702BC02BC02BC02BC02CC010F03E602BC02BC02BC026D
:20204000F401EE038C03BC02BC02BC02BC02FF00CB034803BC02BC02BC02BC02BC02BC0287
:202060006402BC02BC02BC02BC0219019B039303AC035703BC02BC02C3038403B4033903EF
:202080005F03BC02BC024103DB015003ED00BC02BC023203DB00F503BD00BC03BC02BC0286
:2020A000BC02BC02BC02BC02BC02BC02BC02BC02BC02BC02BC02BC02BC02BC02BC02BC0240
:2020C000BC02C900D303BC02BC02BC026703BC02BC02BC02BC02AC00BC02BC02BC02BC0263
:2020E000AC00BC02BC02BC02BC02BC02BC027D00C002BC02BC02BC02BC02B800BC02BC0255
:20210000BC02BC02B80001240025002A00F0CD8307795755A3424FF00005057140F27C83DB
:20212000171901343D70B04D0F7D2D682D78AF4200F0B0838F7DAF4209D10025A34205715F
:2021400040F24D85254601340AB107795755DFF8A0C2A64F9CF800503F780135EDB28CF8D2
:2021600000507BE1012500240AB1077917554024AB42047140F289836C1CC6E7012400253F
:20218000002AE2D1E3E701240025002A40F031848D7D0571A34240F262830134FFE0012589
:2021A0000024002A00F03D8307791755AB424FF00504047140F27E83274602EB050C6C1C65
:2021C000FDE201250024002A40F011840624AB42047140F23F8301350C7D0471AB4240F214
:2021E00091836C1CD4E701250024002A40F003840524AB42047140F228836C1C2425A3423F
:20220000057140F27583651CE0E701240025002A00F0FA83077957554FF0000CA34280F821
:2022200004C040F29084651C0027AB4202F804C0077140F2F383541901352770F3E00125EE
:202240000024002A00F0EF8307791755AB424FF02404047140F2C183274605F1010C00240F
:2022600063455755047140F2A98325460CF101071024BB4202F80C50047140F2908325461B
:2022800007F1010C01246345D555047140F2788325460CEB04070524BB4202F80C50047142
:2022A00040F25D83254607F1010C24246345D555047140F24A8325460CF101070124BB427C
:2022C00002F80C50047140F23683254607EB040C03246345D555047140F228830CF101078B
:2022E00002F80C40BB4291F816C080F804C040F218837C1C0425A34202F807C0057140F224
:202300000B8302EB040C2F4601342425A3428CF80070057140F2FB822F46651C1755AB42F2
:202320004FF00204047140F29F82274602EB050C6C1C0225A3428CF80070057140F2DD8296
:202340002F46651C1755AB424FF00504047140F27C82274602EB050C6C1C2425A3428CF89C
:202360000070057140F2C4822F46651C1755AB424FF00604047140F26D82571901353C707F
:202380000F7D0771AB4240F2BD826C1C5755A3428D7D057140F26382171901343D70124DBA
:2023A0002D6851E001270024002A00F04082057915559F424FF00004047180F0F5827D1C2E
:2023C00039E101250024002A40F017830224AB42047140F249826C1C0225A342057140F2E4
:2023E0008C82651C04E700BF88030020C0200020C220002001240025002A00F098830779F8
:2024000057559C424FF00205057180F05883671C1555BB424C7E047140F2E48202EB070C6A
:202420007D1C8CF800400024AB42047140F221826C1C0AB107795755C64D91F814C02D6870
:202440002F78BC4500F01A82DFF810E3DFF810C36F788EF8007000258CF80050BD423FD3ED
:20246000BD4F3D780135EDB23D70AE4240F2CA810925A342057140F25583651C002A00F07E
:20248000128307791755AB424FF00404047140F2B682274602EB050C6C1C8CF800700F7A38
:2024A000AD4D2D78AF4240F2AC8305EB450501F10907DFF8A0C217F805E080F804E03D44E5
:2024C0009C42CCF8005080F07E82671C002A7FF46EAFACE101240025ABE701250024CDE7F6
:2024E0000725A342057140F29281651C002A7FF45BAE96E1002A00F0EB8204791470012BBE
:202500004FF00B04047140F2238302250127D455AB420F7D077140F25B8205F1010C02247F
:2025200063455755047140F2448225460CF101070224BB4202F80C50047140F22B82254632
:2025400007F1010C02246345D555047140F213820CF1010702F80C40BB4291F819C080F820
:2025600004C040F2F7817C1C0025A34202F807C0057140F2E581171901343D70764F002580
:202580003D7072E7002303601846F0BD002A00F0F282057917460124C4E5002A00F0F282DF
:2025A00005794FF0010C0027CCE7002A00F0EC82057901274FF0000CBAE7002A00F0FF82C2
:2025C00007799446012468E7002A00F0D78207794FF0010C0025A2E75E4C002A00F0E68214
:2025E00007792468944601258CF8007024780F7DA74200F0B9818F7DA7427FF414AF0A2447
:202600009D42047180F0F5826C1C00E6002A00F0D28204790125002779E7002A00F0B0822D
:2026200090F804C0012400279EE7002A00F0C182047901250027DFF81CC1D455DCF8004065
:20264000AB426778077140F2A08102EB050C0135CAE7002A00F0B1820579174601248CE73E
:20266000002A00F08482047901274FF0000C71E7002A00F0A7820779944601246DE6002AB3
:2026800000F08E82047901274FF0000C28E6002A00F0A18207799446012436E6002A00F04A
:2026A00000821446077927700125BCE6002A00F08E820779944601243BE6002A00F0728287
:2026C000057901274FF0000CE5E5002A00F0608290F804C0012400270CE61E4C012527689A
:2026E00000241AB190F804C002F804C03C780F7DA74200F0E9808F7DA7427FF438AD0224EC
:20270000AB42047140F270822C460135002A7FF42CAD2CE5002A00F04782057901274FF03C
:20272000000CCBE5002A00F0BC8104799446012577E6002A00F01682057901274FF0000C09
:2027400096E5002A00F0458207794FF0010C002585E500BF88030020C1200020C020002057
:20276000C2200020002A00F0308205794FF0010C002787E5002A00F00F8205794FF0010CB9
:202780000027A5E5002A00F0F48105791746012404E6002A00F0218205794FF0010C002761
:2027A00083E5002A00F0F68190F804C0012500243AE5002A00F0EA810779944601248CF8E3
:2027C0000070C14FC14D3F682D7897F801C0AC4540F2148297F802C03D44A34215F80C50F6
:2027E00005716CD9651C7CE7002A00F0D7810579012700240CE6002A00F0B68104791746E1
:202800000125BCE540F2993303600120F0BD40F26D3303600120F0BD4FF461730360012024
:20282000F0BD0524AB42047144D96C1CC9E79F42027180F0B9807D1CA34C2468AB4267782E
:20284000077140F2A2800135D0E640F2553303600120F0BD40F2573303600120F0BD40F2B6
:20286000593303600120F0BD40F2513303600120F0BD4FF44F7303600120F0BD0525A3426F
:20288000057140F21781651CDBE440F2833303600120F0BD0D6AA3422D7805713FF652ACF5
:2028A00040F2893303600120F0BDA3420271B3D9013438E440F26E3303600120F0BD40F28E
:2028C000723303600120F0BD0324AB4204713FF61BAF40F2773303600120F0BD08240471EC
:2028E000002B7FF407AE40F2123303600120F0BD40F2563303600120F0BD40F252330360D7
:202900000120F0BD4FF4567303600120F0BD4FF4547303600120F0BD40F24F330360012039
:20292000F0BD4FF4537303600120F0BD40F24B3303600120F0BD40F24A3303600120F0BDEF
:2029400040F2193303600120F0BD40F2493303600120F0BD4FF4467303600120F0BD4FF479
:20296000527303600120F0BD02249D42047180F0F4806C1C40E540F2173303600120F0BDA9
:2029800040F2453303600120F0BD4FF44A7303600120F0BD40F2163303600120F0BD4FF43C
:2029A000517303600120F0BD40F2273303600120F0BD40F2153303600120F0BD40F2433312
:2029C00003600120F0BD40F2263303600120F0BD4FF4457303600120F0BD40F242330360D4
:2029E0000120F0BD40F22E3303600120F0BD0779BCE40779CAE40779A4E407798EE440F2CB
:202A0000213303600120F0BDA342027140F29B80013400259C420571C0F0938040F2353381
:202A200003600120F0BD2424AB420471D5D96C1C00259C420571C1D2013410259C420571BB
:202A4000ADD2013401259C42057199D22C4405259C42057183D2013424259C420571BFF415
:202A600074AF013401259C420571BFF464AF2C4403259C420571BFF459AF01348D7D057162
:202A80009C42BFF44EAF01340425A34205717FF643AF01342425A34205717FF638AF651CD2
:202AA00094E40125BFE40424AB420471A7D90F7A6C1CF5E440F2413303600120F0BD40F2D8
:202AC0002D3303600120F0BD88030020C22000200B24012B04713BD902240D7D05719C42D0
:202AE000BFF476AF01340225A34205717FF661AF013402259C420571BFF44CAF0134022508
:202B0000A34205717FF637AF01344D7E05719C42BFF420AF013400259C420571BFF410AF09
:202B200001342BE54FF4487303600120F0BD02259C420571C3D201344D7E05719C42BFF40A
:202B400051AF651C6FE44FF44D7303600120F0BD40F2133303600120F0BD4FF44B73036060
:202B60000120F0BD012468E70125FFF735BB0124CBE7012413E40124FFF7D5BA0124B2E7AC
:202B80000124C8E70124BAE70124B2E7012418E6012479E701243CE7012469E70124CBE7A1
:202BA00001246BE7012452E701245BE7246801251CE5012540E601248FE70124DEE43746DB
:202BC00001246DE40124FFF719BB01243AE7012402E401242CE701245CE701243CE740F225
:202BE0008E3303600120F0BD4FF45F7303600120F0BD40F2333303600120F0BD00231B781E
:202C0000FFDE024A002313601B78FFDE8803002070B90B681A7B202A01D0062070471A4651
:202C200052F80E1F9961918892799A7799837047032070474360CA699A4210D38A6910B4F5
:202C40000260C8690C6FC01A1C441A44C86100380C6718BF01205DF8044B8A61704701F1CA
:202C60002802026000208B67704700BF2DE9F0470B7888B00D4606460E2B14D8DFE803F0BA
:202C800008180808130D281313181308080808000024204608B0BDE8F0874B78DA0930D146
:202CA0005B09012B4CD00624204608B0BDE8F0870368002403F134022046C3E91E44C3E92B
:202CC00020445A671C845C62DC6208B0BDE8F087027A8B78002A00F06581817A0930002983
:202CE00000F05E81F17A415C9942D1D01B061ED4EF7807F0FD03012BCAD0002F65D00324BF
:202D0000C7E713F0600FC3F3411200F09180012AC9D18B78212BC6D1B1F80720072AC2D14A
:202D20000168681C183100F073FA0446B1E7EC78002C00F09D80032C14BF03240024A8E7A5
:202D40008B780768202B00F09B80222BABD1B1F80730002BA7D1B1F8035097F820303D84C3
:202D600005F0010203F001039342154690D0C3691BB1C2F10301C9B29847002D88D1337A98
:202D8000012B40F20B81737B06F10C04002B00F00381B37BE05C06F07DF9337A012B40F2D4
:202DA000FD80737B012B40F2F780B37B23442C46587806F06FF907F13403C7E91E55C7E99C
:202DC00020557D62FD627B6763E73568012A05F10C0140F2DF80727B012A06F10C0340F268
:202DE000D7800691B27B704905911344AC6A93F80180002C60D1EA6FEB6AAC67C5E91F42C3
:202E0000002B00F0B480296B1846002205F1240383E803004046EA6205A9FEF733FD0446D5
:202E2000F369002B3FF435AF30460021984730E703F01F03012B7FF436AF8C78062C7FF425
:202E400032AF05A8039200F0D5FC03AA00920746EA78297930463B46FEF7E8FA05283FF4D0
:202E600018AF039A3946681C00F0D2F9044610E7F369002B3FF40CAF30460121984708E714
:202E8000B1F80720072A7FF40EAF3B73B1F80730DBB27B7300200E37CDE90573079000F0DE
:202EA0008BFF002005A9FEF7D9FC0446002867D0002000F089FFECE6D5F88490686A4C4599
:202EC00028BF4C4605F1340A224651460EF0E8FDE86FEA6AEF67A9EB04030AEB0401044485
:202EE000C5E91D13C5F88040002A43D005F12C0797E8030005F12404002284E80300EA6294
:202F0000002B3BD091461BE0696F686A0EF0C8FDD5E91D32A96AC5F880100B44521AC5E966
:202F20001D32F36913B1002130469847EB6A13B397E8030084E80300AB6FC5F82C90EBB171
:202F4000AA6A9342E0D2696F686A1A460EF0A8FDD5E90932A96FE967521A0B44C5E9093224
:202F600053B1404605A9FEF78DFC044658E700236B6255E700236B62002451E76B6AEFE7EF
:202F80000A4B049603A9039300F020FC04468FE73B78FFDE7B78FFDE2B78FFDE6B78FFDE94
:202FA0000B78FFDE5378FFDE352C0000112C000010B503681C8CE40784B015D50B46017ABE
:202FC000012916D9417B00F10C0481B1817B605C91060CBF0124002401A9CDE9013203945C
:202FE000FEF73CFC04B010BD082004B010BD0B78FFDE00235B78FFDE0368D3F880007047DA
:20300000F0B50468238CDB0783B022D50546002016460F4600F0D0FEA26F42B9636AE3B19D
:203020001124002000F0D0FE204603B0F0BD964228BF1646616F324638460EF031FDD4E9ED
:203040001D239B1B3244C4E91D23C4F880600024E7E70824204603B0F0BDC4E909762A7AC7
:20306000012A12D9697B012905F10C020FD9AB7B0849009113440C34587801946946FEF798
:2030800001FC041E08BF9224CBE75B78FFDE1B78FFDE00BFCD1F0000002070472DE9F04FEB
:2030A0004B6885B0CDE900020C46002B71D005F017FBE568019B9D4228BF1D468146002DA5
:2030C0007CD04FF0000A5646D3464FF00108D4E90113AB421F4628BF2F46E9B13A4609EBD1
:2030E00006000EF0DDFCD4E90223D21BDB1BC4E90223C4F804B0ED1B3E442AB3002B08BF93
:203100004FF00008002DE2D1009BC3F800905E60404605B0BDE8F08FABB120463B4650F8FA
:20312000101B4A68D2F804A009EB0602D047D4E90223D21BDB1BC4E90223ED1B3E445AB105
:203140004FF0010ADAE7E368BAF1000F04D15BB99846002DBBD1D7E7226812681268226021
:203160004FF0010A002BF3D02168F1B1CDF808B003E0A36821680133A3604B6800225F6825
:2031800002A80123B8470028F3D12061002D9ED1BAE70B681B681B68002B88D18B68002B9D
:2031A00085D1036043609846B2E76160002EABD0019BB34288BF4FF00008A5E72E464FF074
:2031C0000108A1E7054B0528187004D0044A137823F0020313700348FEF7F2BBC320002021
:2031E000C42000204C1E010008B50020FEF7CAFABDE808408020FEF7C5BA00BF08B500202D
:20320000FEF7D4FABDE808408020FEF7CFBA00BF70B5C38893421E4628BF1646934284B02C
:203220000D4612D8002400200394CDE9015600F0C3FD01A98020FEF711FB044688B10020CB
:2032400000F0C2FD204604B070BD8020144605F03BF9B4FBF0F202FB1044B4FA84F46409E0
:20326000E1E705F017FB80280BD1094A094B92E8030083E80300002000F0A6FD204604B09C
:2032800070BD002000F0A0FD1024204604B070BD841E0100B00300202DE9F04F0B780E2B52
:2032A00089B018D8F3B1013B0D2B1BD8DFE803F01F0E281A354C1A1A1A1A0E666F07B24BE1
:2032C0001B78012B02D00120FFF77CFF0024204609B0BDE8F08F852B04D1AB4B1B78032B28
:2032E00000F040810624204609B0BDE8F08FA64B1B78032BF6D00320FFF764FF0624E6E7C5
:20330000A24803F0ABFA0028E0D0A14B01221A60BFF36F8FBFF34F8FD8E705230DF1150090
:203320008DF8143005F01EFA9DF81530994E002203F01F043260032C00F2B980DFE814F007
:20334000E800B90099008D00C87803280D46C9D0904E3368002B00F00381002271683260AA
:203360009847044600287ED13368002B00F00581AB78002BAAD105F017FAA8E7824B1B78B3
:20338000002BA3D00020FFF71DFF00249FE74FF08043D3F8383413F0010F7B4B1B7806D038
:2033A000022B93D00220FFF70DFF00248FE7012B89D18BE7BDF81B30002B00F0D880092B20
:2033C00028BF09239946FEF7F3F90546002800F0DB81BB464FF0090ACDF80CB04FF0000840
:2033E00001E008F101086A68012357682946002203A8B8470028F4D12A682B7A15681C44F9
:20340000C244E4B2002DE7D1634D644928464A460EF046FB2C71A5F802A0FEF7ABF918B153
:20342000EB7943F02003EB71FEF7C2F95C4BBDF81B2018600020C3E90159DA6000F0BCFCAF
:2034400058498020FEF71EFA0446002800F09F81002000F0B9FC062C05D105A8FEF7E8F94C
:203460000446002C73D005F00BFA204609B0BDE8F08F9DF81900020707D005A9FEF7C2F96A
:2034800006280446EDD19DF8153013F0600F0ED19DF816303C4A9DF819401278012B00F0D6
:2034A000B980032B00F0A680002B00F0C6800624D9E79DF8190003A9FEF780F90546002809
:2034C00059D09DF80C1005AAFEF798F906280446C7D19DF8152012F0600FC4D12A4B9DF8F3
:2034E0000C101B78D20940F014819DF816200B2AB9D1052B40F0B280BDF81730FF2B00F249
:20350000FC809DF817202846FEF7D0F90446A8E713F0600FC3F341179FD1DB0948D19DF8DC
:203520001630032B00F09C80092B00F0A880012B93D1BDF81730012B8FD1FEF71BF9002876
:2035400000F0D980184A137823F00203137033686BB105F09FF9044600287FF4B7AE0AE71B
:203560000E2480E70420FFF72DFE0624AFE605F07DF90024ABE6102475E70C4B1B68082BF1
:2035800033D005F073F9A2E6C3200020B80300205C700240B0030020BC030020501E010032
:2035A000980300208C1E0100C4200020300100109DF81620062A00F08780082A73D0002ACF
:2035C0007FF44BAF7B497C4B09781A80890744BF02221A7078490DF115000222FFF718FE93
:2035E0000446062C7FF43DAF37E7744B1B68002BC7D16BE625073FF55AAFBDF81730002BEC
:203600007FF455AF052A01D0200727D1204605F06BF89CE721073FF54AAFBDF81730002B57
:203620007FF445AF052A01D0230717D1204605F089F8204605F0C4FB89E7052A01D027077D
:203640000CD1204605F05CF85B49034602220DF115000B80FFF7DCFD044602E7082402E718
:20366000BDF81730012B7FF4F8AEFEF783F8002841D0504A137843F00203137067E7504C96
:203680002378043B012BE9D89DF81730BBB3012B33D1FEF767F92378052B3FF458AF05206A
:2036A000FFF790FD53E7464A1278052A47D0042A7FF4D3AE404B1F703F490DF115000122F3
:2036C000FFF7A6FD04468CE79DF81830022B3FF471AE032B36D0012B7FF4BFAEBDF81B30F8
:2036E000002B3FF444AF37490DF115001222FFF78FFD044675E70F24B5E60724B3E6FEF703
:2037000049F92378042B3FF422AF0420FFF75AFD1DE79DF816705FB30A2F7FF4A4AE052BC9
:203720009CD128460192FEF717F92349019A03460B700DF11500FFF76BFD044691E61E4AB1
:203740001370B9E7BDF81B30002B3FF410AFBDF819109DF8170000F01DFB014600283FF4F5
:203760007CAE0A780DF11500FFF752FD044638E7052B7FF473AF10490DF1150002220F80F8
:20378000FFF746FD04466CE64FF0090A3CE605F081F8802808D10C4B93E8030086E80300AB
:2037A000204600F011FBD2E6204600F00DFB102459E600BFC4200020BC0300203401001037
:2037C000C3200020701E0100841E010038B505460C4605F05FF8A84207D194E80300044A4F
:2037E00082E803000023184638BD1023184638BDB003002008B1402303600148704700BF4F
:20380000BC030020F0B40D7A0DB101F109050468002C59D06FF4AB763444142C00F24A8126
:20382000142C00F24781DFE814F05400E700EE00F500FC00030109011001170145014501E6
:203840001E0125012C0145013B0033012700390115003F0101250024002A40F0DB818A8A77
:20386000AB424FEA1222027140F2338140F26D1303600120F0BC704701250024002A40F058
:20388000CD814A8AAB424FEA1222027140F226816C1C8A8A0271A34240F27B81651CDEE7F8
:2038A00001250024002A40F0B7810A8AAB424FEA1222027140F217816C1C4A8A0271A3424D
:2038C00040F26C81651CDCE709240471002B00F0F680002A00F0A48104791470012B4FF0A7
:2038E0000404047140F2F0800227012694559F422D78057180F089817E1C0024B342D5551D
:20390000047140F27D812546771C0024BB429555047140F2708125467E1CFF24B342D5551A
:20392000047140F263812546771C0124BB429555047140F2568125463E190124B342D5556E
:20394000047140F249812546371900249F429555047180F03C8125467E1C09249E42D5556E
:20396000047180F02F812546771C21249F429555047180F0228126467C1C09259C42D655E1
:20398000057180F015811619013435700E7C0671A34240F20881651C16550E8A9D424FEA65
:2039A0001626067180F09F8057196C1C3E708E7C06719C4280F0F280651C16554E8A9D423B
:2039C0004FEA1626067180F0898057196C1C3E700E7D0671A34240F2DC80651C1655898A68
:2039E0009D424FEA1121017173D22A44117040F26D13036001203DE7002A00F0B3800479B3
:203A00000127002672E7002A00F0A58005790126002772E7002A00F097800579012700269E
:203A200073E7002A00F0898005790126002774E7002A5DD005790127002676E7002A00F048
:203A40009E8005790126002777E7002A00F0958005790127002678E7002A00F08C80057920
:203A60000126002779E7002A00F083800579012700267AE7002A00F08A800679012400275F
:203A80007BE7002A00F081800579164601247CE7002A78D006791746012487E7002A70D0FC
:203AA00006791746012492E7002A3FF4DFAE017911709CE7002303601846F0BC704740F2AB
:203AC000571303600120F8E74FF4AC7303600120F3E740F26B1303600120EEE740F26913A2
:203AE00003600120E9E740F2671303600120E4E701240122A342027173D914440122A3422B
:203B0000027169D9144400229C4202715FD2013409229C42027155D2013421229C42027153
:203B20004BD2013409229C42027141D201340A8A0271A34237D9651CB7E60124FF229C4231
:203B4000027153D20134D4E701240022A342027151D90134F2E701240022A34202714FD93F
:203B60000134F2E701242A780271A3424DD90134F2E70124D1E70124CAE70124C3E701243D
:203B8000BCE7012485E6012497E60124CFE70124C8E74FF4B573036001208EE74FF4B473D3
:203BA0000360012089E74FF4B3730360012084E74FF4B273036001207FE740F2631303605C
:203BC00001207AE74FF4B1730360012075E740F25F130360012070E74FF4AF7303600120B4
:203BE0006BE740F25D130360012066E74FF4AE730360012061E740F25B13036001205CE769
:203C00004FF4AD730360012057E740F259130360012052E70679E1E60679BDE60679CCE68B
:203C20000422012B02717FF64FAF02249BE700BF0B780E2B0BD8DFE803F0080808080A0C56
:203C4000080A0A0A0A08080808000020704706207047F0B54B78DA0985B00C46064611D160
:203C60005B09012B02D0062005B0F0BD8C78002CF9D102681373036A002B3AD02146984788
:203C80002046F1E713F0600FC3F3411215D0012AE9D18B78072B07D0082BE4D1F268481CEF
:203CA000B169FFF7B5FADFE7B1F80720182ADAD1C169601CFFF7ACFAD6E703F01F03012B82
:203CC000D1D18D78062DCED103A80292FFF792FD02AA00920746E278217930463B46FDF73D
:203CE000A5FB0528BFD0029A3946601CFFF790FABAE71846B8E700BF70B54FF0805286B088
:203D0000D2F8A830D2F8A42000926FEA83436FEA93430B4A0B4E9BB202A80D2109F016FEB3
:203D200002AD002404E015F8013B06F8013B013402A80DF0E5FE8442F5D306B070BD00BF5A
:203D4000A81E0100E420002038B5114B53F8204023780BB9A01C38BD0020FFF74BFD21787D
:203D600091B12246C4F101055319DCB2234620F8141012F8011F0029F6D101335B00DBB209
:203D800043F44073038038BD40F20233FAE700BF101F010040B1052808D8054A105C28B1F8
:203DA000044B53F820300BB1FFF7CEBF00207047281F0100101F010072B6024A1368013368
:203DC00013607047FC030020034A1368013B136003B962B6704700BFFC03002010B50446AB
:203DE000006830B1002105F051FD54F8040F0028F8D110BD38B50388392B044606D03E2B94
:203E00000CD03BB100230380032038BD822912D0012038BD39230380012038BD0A4DEB68DA
:203E2000002BF5D1042001F093FB084805F0F4FD284600F03BFF04484FF4807100F02CFF85
:203E40003E232380012038BD10040020301F010038B50388502B044606D0552B0CD03BB169
:203E600000230380032038BD822912D0012038BD50230380012038BD0A4DEB68002BF5D13A
:203E8000022001F065FB084805F0C6FD284600F00DFF04484FF4C07100F0FEFE5523238076
:203EA000012038BD20040020481F010010B50388044683B1662B0AD10B4BDB680BB1012090
:203EC00010BD0A4805F098FD094805F095FD00232380032010BD04484FF4207100F0DCFEC1
:203EE00066232380012010BD0004002010000020200000202DE9F043038883B0044643B1CF
:203F0000B3F5867F0CD1822910D0012003B0BDE8F0834FF486730120238003B0BDE8F083D5
:203F200000230380032003B0BDE8F08301F0ACFABFF35F8F19491A4B0E6800220A601F7856
:203F40001A70FFB2BFF35F8F164D01F0A1FA28680028DED0DFF85090DFF8508003E055F8A3
:203F6000040F0028D5D090F84A3026FA03F3DA07F5D590F8493047FA03F3DB07EFD500F0D0
:203F800095FD0028EBD02B68D9F80020009218464246022100F028FDE1E700BF400400208D
:203FA000C520002090000020242200204D40000010B50C4A90F84B30126882B001330092C9
:203FC000044680F84B30084A03468021203000F00BFD064B19782246002002B0BDE810400F
:203FE00005F0DCBC24220020B13F0000392B002010B4094A094C13681943116021780346C4
:20400000012202FA03F30B43DBB2237004485DF8044B05F0F1BC00BF40040020C520002063
:204020009800002010B5044690F84A1090F8490001F0ECF910B994F8480010BD01280ABFD4
:2040400094F84800002080F0010010BD70B582B0044600F02BFD08B902B070BD04F12006BA
:20406000304600F023FD05462046FFF7DBFF01280FD00028F0D1002DEED1304600F0FCFCFE
:204080000D4B22462846197802B0BDE8704005F085BC002DE0D0094B094A1B680093002565
:2040A0003046234684F84B507E2100F09DFC054B28462246E7E700BF382B00202422002046
:2040C000B13F00003A2B0020F8B505F0D5FB304B304C187005F0D0FB2F4B304F187005F044
:2040E000CBFB2F4922682F4B08700025FF2139727B60FD60002A42D02B4E09E091F84A006D
:20410000F9683A72834054F8042F0B43FB60B2B392F84A3092F84910526C03F01F0343EA5B
:2041200041131F2BC6BF03F01F0331464FF0A04103F5E07342F08C0241F82350236893F8E3
:204140004A1093F8490001F01FF9226892F84A3092F8490003F01F0343EA4010012102F021
:20416000EFFD2168387A91F8492082424FF00103C4D0FF28C2D054F8042F002AC8D10B483D
:20418000002105F083FBBDE8F840044801F052B93A2B002090000020382B0020300400205A
:2041A000392B0020F13F0000000300509800002030B5174B83B000221A6002F081FB00BB01
:2041C000002002F099FB134B134A93E80300FF250090ADF80410062400231048ADF80050F9
:2041E00069468DF802408DF8043003F01FF858B901210A4803F06EF8084803F05FF803B05B
:2042000030BDFDF7ABF8DBE7FDF7A8F8F0E700BF44040020EC1F01004D420000F41F010017
:20422000014B1868704700BF4404002008B5064A13680133136000F043FD00B908BDBDE852
:20424000084000F023BD00BF44040020042800D07047FFF7EBBF00BF014B1868C0097047C1
:20426000440400202DE9F04105F01EFAFFF7A0FF07F0F8FE05F02CFB00216448644FDFF88D
:20428000E481644D644C654E05F000FB00F0A2FB0CF0FEFA09F076FB05F00EFA05F0CAFB13
:2042A0005F4B1B6898477B689847D8F804309847A979EB79226803EB0123022A338021DC4F
:2042C000584B29686A6819605A605748002105F0DDFA4FF0FF300AF0E3FD2368022B0546CE
:2042E0007DDC05F00BFA5148FFF778FD0CF0FAFA05F0F4FA04460CF0FDFA002CF8D105F06D
:2043000003FAF5E74A4A4B494B4805F019FA4B4805F082FB2368022BD2DD454A45494648EA
:2043200005F00EFA464B4748196805F009FA2368022BC5DD3E4A3F493F4805F001FAD8F836
:204340000010414805F0FCF92368022BB8DD384A3849394805F0F4F939683C4805F0F0F924
:204360002368022BACDD324A3249334805F0E8F937484AF6CD3105F0E3F92368022B9FDDF2
:204380002B4A2C492C4805F0DBF932481A2105F0D7F92368022B93DD254A2649264805F013
:2043A000CFF931882C4805F0CBF92368022B87DD1F4A2049204805F0C3F9284805F0C0F92A
:2043C0002368022B7FF77CAF284601F0A3FA2368022B7FF775AF0A2005F01CFB70E7144A4B
:2043E0001449154805F0ACF91D4805F0A9F92368022B7FF776AF284601F07CFA2368022B8D
:204400007FF76FAF0A2005F005FB6AE7DC000020E820010014210020FC000020B020002032
:20442000B421010018250020EC010020B01F0100FC1F0100042001000C2001001C200100C1
:204440003C23010030200100402001004C200100582001007420010094200100A420010055
:20446000BC200100BC23010030B590F82D50012D83B0044611D91F2505F046FB094BB0FB87
:20448000F5F11B68009301FB1501074A234604F10C0000F0A9FA03B030BDE91C01258D4028
:2044A000013DE9E7242200202D4500002DE9F0470D468B6892F82C708146506BD3E90068B7
:2044C000144601F0E5F9686805F0F0FAA968134801F0E0FA1248294601F0DCFA636B1B68EC
:2044E00073B10023A3852046FFF7BEFF36B13A46494640463346BDE8F0471847BDE8F087E8
:2045000004F10C0000F0B8FA2146064801F0C0F92146054801F0BEFAE8E700BFA8000020E6
:20452000C0000020B0040020B400002000B32DE9F047436B1D6882B00446B5B1686805F019
:20454000CBFA63490C2005F097F80121072005F087F8604B5B68984700280ADAAB6823B13D
:20456000052022462946FFF7A1FF02B0BDE8F087704704F0CFFFDFF8608190F80290D8F8C0
:20458000047004F0C7FF064604F0CEFF01463046B84705F081F8D8F818600746B04770BBFF
:2045A000002F50D1D8F81CA0D04740BBD8F8087004F0BAFFB84700285CD002281FD0AB6899
:2045C000002BD2D00420CCE707F080FD6FF028031E1A03E007F07AFDC64202D5D047002892
:2045E000F8D0D04700285DD0D8F81030032101A89847032803D19DF806304B452AD0AA6865
:20460000002AB2D094F82D300133DBB2052B84F82D3094F82C3006D90133DBB2002184F816
:204620002C3084F82D10127A9A4205D8224629460120FFF73BFF98E72046FFF715FF686839
:2046400005F02EFA91E7D8F8086004F06DFFB0470028B2D1AB68002B87D094F82C300020EE
:204660000133294684F82C3084F82D002246FFF71DFF7AE707F02AFD6FF018073F1A03E063
:2046800007F024FDC74202D5D0470028F8D0B047002899D1D047002896D1D8F814309847F9
:2046A000002891D0A96800293FF45FAF94F82C300133DBB2002284F82C3084F82D200A7A06
:2046C0009A42B9D8224629460220FFF7EFFE4CE71421002020210100B42101002DE9F041AA
:2046E00005460D200F4604F0CFFF064601F042F901210B2004F0B4FF374B1C6814B914E0F8
:20470000246894B13146201D01F06EF80028F7D0606B01F0D7F807281EDDDDB138462B469C
:204720000122BDE8F041062118472C4801F096F904460028F1D03146201D01F04FF80023C4
:2047400004F13002C4E90C322348A385214601F053F8DDE7BDE8F081214801F07FF9064619
:2047600060B3204801F07AF9B06018B305F076F97060D8B10520D6F8088004F077FFC8E92C
:20478000005710F0FF0006BF082388F8083088F80800606B314601F02FF8636B1B689E4208
:2047A000D8D12046BDE8F041FFF75EBEB1680D4801F070F90A48314601F06CF9606B01F05F
:2047C00081F80028A9D12146034801F061F82146024801F05FF9A0E7B0040020B400002099
:2047E000C0000020A800002008B5054801F024F9044801F021F9BDE80840034801F01CB9A4
:20480000C0000020A8000020B4000020014B1B6A184700BFB4210100014B5B6A184700BF28
:20482000B421010010B50D4B82B01B6898470C4B04469B6A01A91920984701280BD0002C59
:204840000198B8BF15248028D4BFC4EB0000C4F1800002B010BD002002B010BD2021010090
:20486000B4210100FFF73ABF00B583B004F056FE032804D0244B9B689847002802DA03B03C
:204880005DF804FB0D2004F0FFFE204900F0ACFF18B904F001FF0028F1D00C2004F0F4FEE2
:2048A0001A4900F0A1FF0028E9D101F06DF890B1072004F0DBFE0028E1D00223ADF80430C1
:2048C00004F028FE124B8278DB688DF80620032101A89847D3E701F07DF8072004F0C6FECE
:2048E00018B90C4B9B689847C9E70223ADF8043004F010FE064B8278DB688DF806200321A1
:2049000001A89847EDE700BF2021010014210020B4210100BC23010030B50D4C83B0A56AAF
:2049200069461920A84748B901A90420A84738B101F018F8FFF758FF236A984703B030BD9F
:204940000199E36A21F00201019104209847EFE7B4210100F8B5038805462BB1452B14D167
:20496000882916D00120F8BD174B1C6834B1A168201D00F091F92468002CF8D1134B01223D
:204980001A7045232B800120F8BD002303800320F8BD0D4B1C68002CF3D0231D9A4205D06A
:2049A0002468231D002CECD09A42F9D10648084E214600F06DFFD4E90523376832600BB164
:2049C000E06998473760DCE790050020C620002024220020024B03480021196004F056BFF9
:2049E00090050020CC00002070B50E4C049E25784661C0E90623044635B9A1600A482146ED
:204A0000BDE8704000F0F8BE084D094B2E682B60043000F041F92E6021460348BDE87040DE
:204A200000F0EABEC62000209005002024220020CC00002070B50C4B1B7804462BB921462D
:204A40000A48BDE8704000F0D7BE094D094B2E682B60043000F02AF92E6021460348BDE833
:204A6000704000F0C9BE00BFC62000209005002024220020CC00002010B50A4B1B7804464C
:204A80003BB9C0E9033321460748BDE8104000F0FFBE043000F01CF921460348BDE810400B
:204AA00000F0F6BEC62000209005002008B5084B1B7823B10069B0FA80F0400908BD014648
:204AC000044800F009FF80F00100C0B208BD00BFC62000209005002010B50446C0B20BF0F4
:204AE000A3FE0A2C01D0204610BD0BF06DFE204610BD00BFF8B588B10F46461E002500E0DF
:204B0000013516F8014F20464CB1AF4207D00BF08BFE0A2CF4D10BF057FEF1E705460BF0E9
:204B200053FE2846F8BD00BF10B5FFF779FB0B4B1A68D2E9003192680B44191A52B1D2E915
:204B4000003423441B1A9268994228BF1946002AF5D14318024A136010BD00BF9805002017
:204B6000940500202DE9F843038805465BB3592B2CD187292FD0822920D12C4FDFF8B480F5
:204B80003C684FF00009CCB1002603E0A3682646A3B11C46204609F031FF0028F6D0E068B1
:204BA0002246882104F0FAFE03464046002B2AD004F022FFA3682646002BEAD159232B806B
:204BC0000120BDE8F883194A1360F7E7002303800320BDE8F883154F3968002019B9EDE72C
:204BE00089680120D9B1CB689342F9D000B139608B68002BE2D0D868904207BF9B688B6068
:204C000019469B68F5E7E360A3686EB1B3603B68C4F808902BB1FFF787FF3C68B3E73960B0
:204C2000CCE7034A1360C9E73B60F1E79805002094050020DC00002010B50446104804F011
:204C4000DBFE1049E3680A684BB142B194420FD0134601E09C420BD09B68002BFAD10A4B80
:204C6000A2601B68E3600C60BDE81040FFF75CBF054B1B68E360BDE81040FFF755BF00BF26
:204C8000DC0000209805002024220020014804F0B3BE00BFDC00002010B5044609F098FEEE
:204CA0002046BDE81040FFF7C7BF00BF10B5044609F096FE2046BDE81040FFF7BDBF00BF36
:204CC000024B1868003818BF012070479805002010B5124B19688142044614D00B462BB1A2
:204CE0009A68A24206D01346002BF9D10023C4E9023310BDA2689A6049B1FFF715FF0023AD
:204D0000C4E9023310BD82681A60002AF5D1044B00221A600023C4E9023310BD9805002016
:204D200094050020014B1888704700BFBC02002000283ED0037A022B30B410D00378022B2E
:204D400015D00379B3B10024C37913F0030318BF012301B10C6002B1136030BC7047C57905
:204D6000447A037965B90CB9012BF2D0DBB100231C46EEE7447A14F0030418BF0124E3E7B3
:204D8000C4B1032D37D1032C2ED0022C24D143BB022D2DD00123032D24D1A4F10204B4FA5A
:204DA00084F46409D5E7023C012C8CBF00240124CFE770474BB9022D08BF0123EAD1A4F178
:204DC0000304B4FA84F46409C3E7032D01D0022D02D123461C46BCE7002BC8D1022DDAD180
:204DE000EDE701230024B4E7002BC0D10123D4E701231C46ADE7022DC7D1002BF1D1022C65
:204E00004FF00103DBD11C46A3E700BF30B500230B608B80437DDB075CBF01230B70037E9D
:204E2000012B83B00D46044623D901AA694604F11000FFF77DFF009B0BB10223EB70019B36
:204E40000BB102236B70E37D03F00303022B03D0032B14BF00230823AB70637E03F00303F9
:204E6000022B03D0032B14BF002308232B7103B030BDC37D13F0030309D0437E13F00303BB
:204E800005D0C38B828B9B1AB3FA83F35B092375CBE700BF02280CBF012307230B441A7879
:204EA000FF2A184603F1FF3303D18142F7D1012070470020704700BF30B583B06946FFF7BB
:204EC000A5FF9DF800309DF801509DF802409DF803109DF804209DF8050002332B442344A6
:204EE0000B441344184403B030BD00BF70B4437882780578C478DB00120102F0100203F0DA
:204F000008031343027905F0070564012B4304F020049201234302F0400213430B7043790F
:204F20008579467AC479027A03F001036D0043EA861305F00205A0002B4300F00C001201B7
:204F4000034302F03002134370BC4B70704700BF70B582B00D4604466946FFF757FF04F150
:204F600010002946FFF7C2FF9DF80030012B04BFA37EAB709DF801300CBF03200220022B08
:204F800006D1A38B2B54A38B421C1B0AAB5402309DF8026056B1731E234429181A7801F8E9
:204FA000012BA34203F1FF33F8D130449DF80330022B06D1E38B2B54E38B421C1B0AAB54D4
:204FC00002309DF8046056B1F31D23442918073413F8012901F8012BA342F9D1304402B07D
:204FE00070BD00BF30B40278437802F00700C2F3C005C2F300140870C2F34010C2F38012AC
:205000004D708C7003F00105C3F34004C8700A71C3F38100C3F301129B094D718C71C87199
:2050200030BC0A724B727047012943DD2DE9F04186B00F4603A914460546FFF7D3FF03ABB1
:2050400003CB9DF811201B882383206161616AB3AE1C03A802AA01A9FFF76AFE9DF81380C2
:20506000B8F1000F43D0029B002B31D1B8F1020FA38367D0B8F1030F4DD09DF81580B8F1D9
:20508000000F2CD0019BBBB9A38BE383B8F1020F4DD0B8F1030F31D0701B3B1A8742C4E978
:2050A0000E6300DA002006B0BDE8F081AB78A376EE1CCEE700207047717816F8023B029A17
:2050C00003EB01239BB2E383002ADFD1A383DDE7727816F8023B03EB02239BB2C6E71E499E
:2050E00004F1080000F07AFBA4F81E80D4E71A49204600F073FBA4F81C80BEE706F1080056
:20510000034604F1080213F8011D02F8011BB342F9D10646C0E706F108000346621E13F883
:20512000011D02F8011FB342F9D10646A5E70A4904F1080000F052FB7378237216F8023B48
:205140006372A9E70449204600F048FB7378237016F8023B637090E72C21010030B591B07D
:2051600004F0C8F9044604F0D9F96A4601462046FFF75AFF00283ED0044604F09FF9D0B32F
:205180009DF810100B2004F06BFA9DF81310072004F066FA9DF817308BB1BDF81C50FFF774
:2051A000C1FD854205D0BDF81C204FF6FF739A4221D19DF817006946FFF76CFEB0B102A958
:2051C0000C2004F059FA9DF815303BB14FF6FF71062004F045FA204611B030BD9DF81A10B5
:2051E000062004F03DFA204611B030BD69460D2004F042FAE3E74FF0FF34ECE7F8B5054637
:205200000B2014460E46A84700232074A37496B3E37463750820A847002701232376A07570
:2052200067740620A847A076FFF77CFDE0830920A84701280CBF3B4603236376FFF772FDA5
:20524000A0830A20A84701281AD066B90323E375637E022B0CD0E37DA3F10203B3FA83F35C
:205260005B092375F8BD0223E375637E022BF2D101232375F8BD0720A8476675E074C9E7C9
:20528000E775E5E730B591B00546FFF74BFD4FF6FF74A0423AD04022002168460CF028FC42
:2052A00004F0FAF96A4601461A48FFF7A7FF04F0F3F918B3ADF800400C2004F0E5F901463D
:2052C00002A800F08BFA04F015F90E9004F026F9034668460F93FFF7EFFD044615B9204603
:2052E00011B030BD04F0BAF880B104F013F901466846FFF72DFE204611B030BD0D2004F0DE
:20530000C3F90146684600F069FAD5E74FF0FF34E5E700BF6D9600000120FFF7B3BF00BF85
:205320000020FFF7AFBF00BF0649074A074B9B1A03DD043BC858D050FBDC09F003F9FBF766
:20534000D3FF0000A426010008000020C8020020FEE7FEE7FEE7FEE7FEE7FEE7FEE7FEE776
:20536000FEE7FEE700F01F030121C0F34710994000F066B808B501F047FC00B108BDBDE832
:20538000084001F0F7BB00BF30B583B01446022301F01F0100228DF8063014F00C0341EAA0
:2053A0004015ADF8042006D0042B25D0082B27D00C2B02D103238DF8043014F0030304D0E4
:2053C000022B15D0012B02D103238DF805300E4A01A9284601F022FC2306284603D401F0FE
:2053E0001BFD03B030BD012101F0AAFC03B030BD01238DF80530EAE701238DF80430DCE74D
:2054000002238DF80430D8E76553000001F01F0141EA40101F28CABF054B4FF0A04300F079
:205420001F00D3F8101521FA00F000F001007047000300500146014800F0DEB99C0500207F
:2054400070B50C4B1C689CB105460E4601E0246874B1237AAB42FAD1E36816EA0301F6D064
:2054600063682846002BF2D098472468002CF0D170BD00BF9C050020024B00221A60FFF722
:2054800079BF00BF9C050020EFF3108072B6704780F31088704700BF70B41A4A1A4D002370
:2054A000012440FA03F1C90712D59178B9B11178567801F01F0141EA46111F29C6BF01F0C7
:2054C0001F012E464FF0A04604FA01F1C6F808150133042B02F10302E3D170BC70471178CD
:2054E000567801F01F0141EA46111F29C6BF01F01F012E464FF0A04604FA01F1C6F80C1505
:20550000E6E700BFCC1F0100000300500E4A30B40E4D02F10C0403201378517803F01F039A
:2055200043EA41131F2BC6BF03F01F0329464FF0A04103F5E0730332944241F82300EBD109
:2055400030BC0F20FFF7A8BFCC1F0100000300501449DFF854C0F0B40022012740FA02F32F
:20556000DB0717D50B784C7803F01F0343EA44131F2BCABF65464FF0A04503F01F03D5F8F9
:20558000044507FA03F323EA04062340C5F80865C5F80C350132042A01F10301DED1F0BC77
:2055A000704700BFCC1F01000003005010B50948FFF740FA084800F073FB50B1064C0146A8
:2055C0000B7A5B080B72204600F036FB01460028F6D110BDF4200020EC000020014601480C
:2055E00000F08CBBEC00002080B110B50446FEF717FE2368C01AB0F5963F05D2207A0328A3
:2056000094BF0020012010BD002010BD0020704770B50546144689B1022907D006290CD153
:205620000146BDE870402A4800F068BB0146284800F064FB0646002832D170BD01462448EC
:2056400000F05CFB0646002835D0FEF7E9FD337A30602344102BA8BF10233372FEF7E0FDBF
:205660003368C01AE401B0F5963FA4B208D2337A042BB38834BF19220A222BB9B48070BD70
:20568000B3881922002BF9D002FB04F41149C2F1640203FB0242A1FB02325209B28070BD6C
:2056A000FEF7BEFD337A30602344102BA8BF102333720C34D2E7334605482946082200F0D4
:2056C0007DFB06460028B8D047F6FF73C380BCE7EC0000201F85EB5138B50546042003F086
:2056E000C5FF29460446214824B200F007FB38B3B0F9063047F6FF7293422CD004EB84043C
:2057000062005A251A4C818813FB052384FB0324DB17C3EB641424B2C48081B904F15A02A0
:2057200012B222EAE2721E2A124BA8BF1E22D201A3FB0232120902F5807292B2828038BD15
:20574000034629460948082200F038FB0028F6D047F6FF73C3808388C480002BEFD147F69C
:20576000FF739C42DAD14FF48072E7E7EC0000201F85EB518988888838B5094800F090FA66
:2057800060B1074D04462146284600F085FB2146284600F051FA04460028F4D138BD00BF1A
:2057A000EC00002000B5002183B0084800F022FA074B084A1B680093074800234FF4E131F7
:2057C000FFF712F903B05DF804FB00BFEC00002024220020AD550000F42000200B684A6835
:2057E00042600360704700BF08B508220CF04AF9B0FA80F0400908BD0368DBB110B4002401
:2058000000E0134699420FD01A681C46002AF8D100230B600368CBB11A461B68002BFBD16F
:2058200011605DF8044B70470A686CB1226000221A60EDE700230B6003684BB11A461B6843
:20584000002BFBD1116070470260F0E70160E8E70160704730B405684DB12B46002400E0E4
:205860001346994207D01A681C46002AF8D10D6030BC016070470A683CB1226000221A6058
:2058800005680D6030BC016070470260F6E700BF03689BB110B4002400E0134699421A68F7
:2058A00005D01C46002AF8D15DF8044B704734B1226000221A605DF8044B704770470260EC
:2058C000F7E700BF03682BB100201B680130002BFBD1704718467047006848B1884202D14F
:2058E00005E0814203D000680028FAD170470120704700BF00B58BB00246282168460AF05B
:2059000017FE6946024803F01BFF0BB05DF804FB34210100F0B170B50024104E054654B16F
:20592000E3070DD5295D304603F00AFF072C10D00134002CF4D12978304603F001FFF7E782
:205940002E2004F067F8295D304603F0F9FE072CEED170BD024803F0F3BE00BF482101008A
:205960003821010008B504F0CFF8014B187008BDC7200020034B197806204A1C1A7003F0CD
:205980006FBE00BFC7200020F8B5FEF749FC104E0746344600250C2003F076FE2146FFF7F3
:2059A00023FF103420B90135102DF4D10020F8BD062006EB051503F059FE2B7B8342F5D1EF
:2059C000A868381AB0F5206F8CBF00200120F8BD60060020F8B5174E0024374635460C2010
:2059E00003F052FE2946FFF7FFFE1035F8B90134102CF4D10F2407EB0414254654F8100DC5
:205A00006168A268E368A6420FC5F6D1062003F02DFE3873FEF704FC0346BB600C2003F07E
:205A200033FEBDE8F84001460248FFF7D7BE002CE1D1EBE76006002010B504464288406885
:205A400000210CF055F823886288A06802FB03F2BDE8104000210CF04BB800BF30B44588C8
:205A6000ADB14368002202E00132AA420CD0194601330C78002CF7D101230B7005888068FF
:205A800002FB050030BC7047002030BC70472846F8E700BF30B44488826854B18A420CD04B
:205AA0000588002301E0914208D00133A3422A44F9D14FF0FF3030BC704700234268D15C4E
:205AC0000029F6D00020D05430BC704783688B4208D84288008800FB023081422CBF00200B
:205AE0000120704700207047418849B143680020194413F8012B02B901308B42F9D170479B
:205B00000846704738B50D4B0D4D1C68002818BF05463CB1211D2846FFF766FE28B92468B3
:205B2000002CF7D14FF0FF3038BD064A064B9068241AA01003FB00F038BD00BF900700202E
:205B40002C21010000010020ABAAAAAA2DE9F84F224CDFF89CA0DFF88C90214F05468846D3
:205B600004F1200B54F8043FBBB19E68AEB1A5B1D9F80820AA1A91100C3207FB01F10CD0E3
:205B80005A68D86802FB010038B11AF801201B6842FA03F3DB0700D5B0475C45E2D1D5B1AC
:205BA000104B0F4A9B68EB1A9B1002FB03F30E490E480022CA5429460AF80320FFF768FEAE
:205BC000B8F1000F01D1BDE8F88F29460548BDE8F84FFFF75FBF4FF0FF33E8E75C07002090
:205BE000ABAAAAAA0001002080070020900700206808002038B10368072B04D80C4A52F8EB
:205C00002330984210D00B4A1368072B0AD830B4074C03605D1C8160156044F823000120AA
:205C200030BC70470020704781600120704700BF6007002064080020F0B5164B164D9C68F2
:205C4000164E20B301B3C768D0F804C0C91B91FBFCF101EB4102013119D014EB820314D08F
:205C600054F82230A3EB040E4FEAAE0205FB02F20CFB02714BB11EF10C0F08D021B1B35CB0
:205C800002681341DB07DCD50B461846F0BD00231846F0BD00010020ABAAAAAA68080020CF
:205CA000124B1968F9B1124B9B68C91AD0B111F10C0F17D010B40F4B4468C268891003FB09
:205CC00001F304FB032149B10B4C0268E35C1341DB0703D508465DF8044B70475DF8044B58
:205CE000FFF7AABF0021FFF7A7BF00BF9007002000010020ABAAAAAA6808002010B50446E9
:205D00000846FFF7FFFE84B1431C02460DD06368E06803FB020038B1054B21689B5C0B4171
:205D200013F0010F08BF002010BD002010BD00BF680800202DE9F84316460D46FFF7DEFF8D
:205D400028B10024012006B13460BDE8F88304462846FFF7D7FE0130F3D11448FFF7C4FE2E
:205D60000028EED1124B1D68F5B1DFF84C90DFF83C80104F06E02046291D05F0B1FB044692
:205D80002D686DB1D8F80830EB1A9B1007FB03F319F80330002BF3D1002CECD12C1DEFE765
:205DA000201E18BF0120CEE72046CCE70001002090070020ABAAAAAA800700202DE9F04170
:205DC00082B060B32F4B0C46002908BF1C46214601AA0546FFF7AEFF08B32046FFF792FEB9
:205DE000461C21D06A68EC6800FB0244002120460BF07EFEEB686A68E31A93FBF2F35A1CE0
:205E000006D021492D68C85C0122AA400243CA54204602B0BDE8F081B8F1000F1DD1002421
:205E2000204602B0BDE8F081184FDDF804803846FFF714FE06460028EED015483146FFF7F2
:205E4000DBFCBB682146301DF41AFFF7C7FC14F10C0F12D16A680024C8E74046FFF752FE59
:205E6000411CDCD0BB6800EB400013EB8006D6D000213046FFF76AFEDFE7064BA01003FBE7
:205E800000F0AFE72C210100680800200001002090070020ABAAAAAA18B319B3C3684268B1
:205EA000CB1A93FBF2F35A1C1CD070B40F4E0568F45C012202FA05F524EA0504F454C36847
:205EC0004468CB1A93FBF4F3591C0DD0084C0068E15C02FA00F021EA0001E154104670BCC2
:205EE00070477047002070471046F8E7680800208007002098B199B1C2684368891A91FB5A
:205F0000F3F14B1C0CD010B4064A0368545C012000FA03F3234353545DF8044B70477047FB
:205F20000020704780070020A0B1A1B1C2684368891A91FBF3F14B1C0DD010B4074C026893
:205F4000635C012000FA02F223EA020363545DF8044B704770470020704700BF800700205B
:205F600088B179B1C3684068C91A91FBF0F14B1C08D0054B986801EB410110EB810002D090
:205F800004307047002070470001002070B50B4B1C685CB105460E46012D09D01DB96368CB
:205FA0000BB1984718B92468002CF5D1002070BDA3683046002BF6D09847F3E778080020DF
:205FC000064B074A01211960D2F8503513F0FF03FAD1C2F8FC3F0120704700BF1010004079
:205FE00000100040A1B1192810D8DFE800F00D770F0F6E65605B453F0F3A0F0F0F36322E5F
:206000002A0F26221E1A17130020704701207047022070477D230B600020704700200860AB
:20602000704710230B60002070470A230B600020704720230B600020704703230B6000208F
:20604000704708230B6000207047D8230B60002070471A230B60002070470B230B600020A7
:206060007047244B1B780B6000207047224B93F900300B6000207047204B214A012082B091
:2060800018601368002BFCD00020106012681D4B0192019AD3F8483503F07F035B420B60B1
:2060A00002B07047184B5B790B6000207047164B5B780B6000207047134BDB78002008604F
:2060C000002BA1D001230B6070470F4B1B7800200860002B98D004230B607047094B0B4AE4
:2060E000D3F80835A2FB03239B080A33DBB20B6000207047C8200020C920002014100040B1
:206100001C110040001000401C010020CDCCCCCC0120704770B582B0FFF7B6F9BFF35F8FE0
:206120001C4B1B78ABB11C4B1C4902224FF0FF34C1F80843C3F88021C3F88020BFF34F8F5C
:20614000BFF36F8FBFF35F8F02B0BDE87040FFF79FB9134903F0FF020A600968114B019181
:2061600001991A601A680D490B4B00924FF0FF3502224FF44054009EC1F80853C3F88021CF
:20618000C1F804431A60BFF35F8F02B0BDE87040FFF77EB91C01002000E100E00010004063
:2061A0003011004034110040144BD3F8FC0F28B1D3F85035DBB2032B01D000207047104BBD
:2061C0001B7803F0FF0073B10E4B1B78053B7A2BF3D80D4B1B68002BEFD10C4B1868B0FA33
:2061E00080F040097047074A1378053B7A2BE5D892F8800080F00100704700BF0010004070
:206200001C0100207C08002030110040341100400D2801D001207047042A05D121B1034B95
:206220001B680B6000207047022070470009002070B51B4CD4F85055EDB2032D82B028D0A1
:20624000184B1948194AC4F804051949C3F8102501264FF00062C3F81415C3F80465C3F875
:206260000425FFF757FFD4F8003243F01003C4F80032D4F80032022D43F40023C4F8003202
:2062800009D00C4B0C4A002119601B680193019B166002B070BD094B1E6002B070BD00BF66
:2062A0000010004000F001407C080020381100404C800040581100400410004008100040CF
:2062C00070B5304D304C314A00232B6084B02D680095009D236024680194019C136014684C
:2062E00002942B4D029C42F8043C2C7852F8043C0393631F7A2B039A02D8023CA1420ADA11
:206300008122002122480BF0F3FBFFF791FF0024204604B070BD2246691C0BF0C1FB2B198D
:206320001C4E5B781C4A3F2B9ABF9B00DBB2FF233370D2F84835194A03F07F035B425BB241
:2063400099B20420137003F08BF93178032003F087F9134B2A7813491A74D1F84C055860D9
:20636000D1F8481599605200DA605D68084881220021023D1D600BF0BBFBFFF759FF204678
:2063800004B070BD381100400C110040341100407C080020C820002000100040C9200020AC
:2063A000000900200080004010B5038804461BB340F2D332934224D1822901D0012010BD21
:2063C000124A1378053B7A2B16D8114B1B6813B992F8803083B10AF08DFA03F0D3F803F0B8
:2063E00089F88021FFF76CFF002805DD80B203F07BF8084BDB68984740F2D3332380012007
:2064000010BD00230380032010BD00BF7C08002030110040E82001007D2910B50C4609D88E
:2064200001460A48A31C00F8013B22460BF038FB002010BD064A0749074803F081F921468A
:206440007D22064803F07CF9012010BD1409002050210100602101000C2001006421010015
:2064600070B4164B1649174C0F22C3F810258A780A3A02EB8202C3F808250879CD798A794B
:206480004979120642EA0522024342EA0142C3F86C2640F2022600250B48C3F834657F2108
:2064A00040F20122C3F83845C3F83C55C3F81405C3F81815C3F8502670BC704700100040E3
:2064C0001C010020211001000800000608B5084BD3F8FC2F1AB1FFF7ABFE012008BD0122C6
:2064E000C3F8FC2FFFF7BCFFFFF7A2FE012008BD0010004030B585B0FFF7E8FF104A11498E
:206500001148124C0023136015680395039D0B600D680295029D0360036801930123019844
:20652000236001E00B6813B91368002BFAD0044A044B10681B68B0FA80F0400905B030BDAB
:2065400048110040441100404C1100402C10004010B5072867D8DFE800F01A2A6666485260
:206560005A04364A3648C9B25171D0F8FC3F5BB11179D479937952791B0643EA04230B4302
:2065800043EA0243C0F86C360024204610BD01294FD000294AD12B4A294B01211160D3F804
:2065A000504514F0FF04FAD1C3F8FC4FEDE7A1F10B030F2B3AD8214A214BC8B29070D3F892
:2065C000FC2F002AE0D01F4A01201060D3F8504514F0FF04FAD10A3901EB8101C3F8FC4FD3
:2065E000C3F80815FFF772FFCFE731F007041DD1124BC1F380011970FFF78CFDC5E731F025
:20660000010413D10D4BC9B2D970204610BD0B4A0B4BC9B25170D3F8FC2F002AB4D0C3F8FC
:206620000C150024B1E70124204610BD0224204610BDFFF74BFF0024A7E700BF1C010020DE
:20664000001000401010004010B57D2884B04BD82C4CFFF73BFFE378002B3FD163782A4A3C
:206660002A49DBB20120C2F80C350860D2F85035DBB2022BFAD12649264BC2F804350023CC
:206680000B600868019001980B66086E029002988B648B6C0393039BD2F8003223F01003A6
:2066A000C2F80032D2F80032012143F48023C2F80032116005F00AFD6FF002031C1A05F00E
:2066C00005FDE042FBD4104AD2F85035DBB20B2BFAD0FFF7ADFD002004B010BDFFF70AFF51
:2066E0000028BBD10220F7E70B4A0C4904460C4803F026F821460B4803F022F8012004B0F1
:2067000010BD00BF1C010020001000400C1000400C11004014090020502101006021010076
:206720000C2001008021010010B50C46FFF774FE2046BDE81040FFF787BF00BF10B51A498D
:206740001A481B4A1B4C00230B6003704B6023708B6082B0CB600B741360136800934FF045
:2067600080430121009819601368002BFCD0002414601368019321460F48019B03F086F83F
:20678000214681220D480BF0B3F90D4B0122C3F8FC2FFFF765FE0B4A1378DBB21370FFF753
:2067A000B9FC204602B010BD00090020C820002000010040C92000200C0100207C080020F3
:2067C000001000401C010020074A1378053B7A2B07D8064B1B6813B992F88000704701200A
:2067E00070470020704700BF7C08002030110040154B1B7803B1704700B503F0FF02134BC2
:20680000196883B029B9124B1A6882B903B05DF804FB1A601B6800930E480F4B009A0122C4
:2068200083F8802003B05DF804EB03F0E5B819601B68019381220848019B0BF059F903B097
:206840005DF804EBFFF7F4BC1C01002030110040341100400C0100207C08002010B403462D
:20686000002253E8000F00EA020143E8001494F0000FF6D15DF8044B704700BF10B568B926
:206880000E4CA368012262703BB1D3E900230020A2609847A368002BF7D110BD0128FCD111
:2068A000064C2369A070002BF7D0D3E900230120226198472369002BF7D110BD940900208D
:2068C00010B50B4C237882B013B1852002B010BD08486360A3602361E36000F0B5F80190DC
:2068E00000F0BEF801980123237002B010BD00BF940900207D68000038B5154DAB78044606
:2069000073B110B14368012098470020FDF754FAEB680133EB600020BDE83840FDF754BA74
:2069200003F0FF00FDF748FA64B12A6942B1944208D0134601E09C4204D01B68002BFAD181
:2069400022602C61EB68002BE2D100F09FF8DFE79409002038B5154D6B78044673B110B18C
:206960004368002098470020FDF726FA6B6801336B600020BDE83840FDF726BA03F0FF0064
:20698000FDF71AFA64B1AA6842B1944208D0134601E09C4204D01B68002BFAD12260AC6034
:2069A0006B68002BE2D100F089F8DFE79409002038B50B4C0020FDF7FFF96368013B636018
:2069C000656825B1BDE838400020FDF7FDB900F087F865700020BDE83840FDF7F5B900BF4B
:2069E0009409002010B5074C23784BB9064B002808BF184600F044FB08B90123237010BD11
:206A0000852010BDCA200020EC21010000B583B0019000F069FB00F06FFB019800F056FBEB
:206A200000F05AFB002003B05DF804FB10B4034653E8000F00EA010243E8002494F0000FC4
:206A4000F6D15DF8044B7047044A137923B90121106091801846704785207047A809002079
:206A6000084B1A68D20704D4C02283F8002301221A60054A4FF080410123C1F81835137077
:206A8000704700BF00E100E03B2B002010B4094B094A0021196083B01B680193019C4FF00E
:206AA000804102200123C1F80403136003B05DF8044B70470401004008000040074B00228D
:206AC0001A6082B01B68019301994FF080430122C3F804231A6002B0704700BF000100406F
:206AE000074B01221A604FF08042D2F80C3403F00113B3F1011FF8D0024B00225A71704718
:206B000004000040A809002010B5174B1A6882B062B10021154A19601B68507900934FF05B
:206B200080410123009CC1F8083398B1104B1A68BAB100221A601B6801934FF08042022178
:206B40000A4B0198C2F808131B68012002B0BDE810401847116853718847054B1A68002AC0
:206B6000E7D102B010BD00BF00010040A80900200401004030B41F4C94F86A3082B0002BF6
:206B800033D104F12F03204604F15F01FF2203F8012F8B42FBD14FF0FF3222600123072BE2
:206BA00088BFE11803F1010340F8042F88BF81F858200C2BF3D11049104B0020C022888041
:206BC000606683F8062340221A600D4B0D4A18601B680193019D01214FF0004384F86A10F9
:206BE000C2F8043302B030BC7047082002B030BC704700BFB0090020140A002000E100E03B
:206C00007C61004000600040034B93F86A00003818BF0120704700BFB0090020F0B4454FBD
:206C20003B1893F93030002B5DDA91F802C0CCF3400CBCF1000F0CBF0823002307EB83040F
:206C4000A4F104040CBF0C26082602E001339E424CD954F8045F0135F8D13C1847F82320CD
:206C600084F83030BCF1000F4FD08A7854071AD4D5074ED41F284C7887BF2F4D00F01F0236
:206C800002464FF0A04502F5E072A40045F822402A4DC40800F0070C2E5D012202FA0CF20E
:206CA00032432A558A7812F0020222D09B0003F1804303F5C0430978D3F8104524F44F345D
:206CC00024F44074C3F8104502020904D3F8100501F4403102F47C520A430243C3F810253B
:206CE0000020F0BC70470820F0BC70470420F0BC7047083B1F44097897F8603043EA8113F8
:206D000087F860301046F0BC7047FA1882F85800ABE71F2887BF084A00F01F0404464FF0BA
:206D2000A04202EB8402D2F8004724F00204C2F80047ADE7B009002000030050140A0020D4
:206D400070B4324C251883B095F93030072B22DD234493F858309B09032B46D0012B0CBFA9
:206D60004FF400324FF440321F288ABF284B4FF0A04300F01F0003EB8000D0F8003723F431
:206D80004033C0F80037D0F800371A43C0F8002703B070BC7047DAB2072AF9D8980000F1A9
:206DA000804000F5C04003F140029200D0F8106592B202F1804202F5C04246F00106C0F832
:206DC00010650020106012680192019A0029DFD095F9302054F82220002AD9D00D49012276
:206DE00002FA03F3C1F80433D2E71F288ABF084A4FF0A04200F01F03D2F8102598BF034644
:206E0000DA4002F0010202321204ADE7B00900200003005000600040194B034493F9303022
:206E2000072B13DD1F288ABF164B4FF0A04300F01F0003EB8000D0F8003723F44033C0F85F
:206E40000037D0F80037C0F800377047DAB2072A14D810B49A0002F1804202F5C0420A4C4B
:206E6000D2F81005012120F0010001FA03F3C2F81005C4F808335DF8044B7047704700BF78
:206E8000B009002000030050006000402DE9F04F002289B0CDE9022216461546704B714C6D
:206EA0007148012204E0043383424FEA420211D019680129F7D1D4F804131142F3D01D60CF
:206EC000196800910433834246EA020600994FEA4202EDD1654B1A68012A07D016F0FF0F50
:206EE00017D1002E32DB09B0BDE8F08F00221A601B6801934FF0A042019BD2F810255C4B7C
:206F00000292D3F81035039316F0FF0F1ED046F00046584F01250024A30003F180432E42FE
:206F200003F5C0434FEA45050BD0D3F8100557F82420D3F81015C0F30520C1F3014102B114
:206F400090470134082CE7D1002ECCDA4FF0FF33494D0DF1100ACDE906330022CAF804204F
:206F60000492A5F16408454C0027012614F9010B431C32D0C0F3C20E08AB03EB0E0C00F0F2
:206F800007031CF8081C06FA03F31942C2B200F03F0022D008EB0009910999F9309058F891
:206FA0002990B9F1000F4CD003294CD01F288BBFDFF8BCE04FF0A04E02F01F0202460EEB76
:206FC00082021CF818ECD2F800C71EEA030FCCF3014C1BD1BCF1030F3CD0A542C6D1002FFA
:206FE00081D04FF0A0430299D3F81035204A9942D2F8102503D1039991423FF474AFDDE9D0
:207000000401CDE90232CDE90601ACE7BCF1020FE3D1032904D0B9F1000FDED0C847DCE786
:207020004FF4403CD2F8003723F44033C2F80037D2F8003701374CEA0303FFB2C2F80037FE
:20704000E9E70329C9D11AF80EB04BEA030B0AF80EB0ABE70329DED14FF4003CE2E700BF53
:207060000061004000600040206100407C61004000030050B0090020140A0020100A00204D
:20708000104A1378DBB910B403780F494FF08044C3F34003C4F88035037803F00103C4F845
:2070A00078350B68DB0704D4C02381F8003301230B600123137000205DF8044B7047852011
:2070C000704700BF3C2B002000E100E0014B02681A607047240A00204FF080434FF46072A6
:2070E000C3F80423704700BF4FF080434FF46072C3F80823704700BF014B00221A60704726
:20710000240A002010B54FF0804386B0D3F80443620705D5D3F8082103F58473002A4ED1A3
:20712000A30603D52A4B1A68002A3FD1600603D5284B1A68002A2FD1210602D5264B1A684F
:207140000ABBE20502D5254B1A6892B9A3050ED5234B1A685AB100221A601A68214B0592C8
:20716000059A1B68022006B0BDE81040184706B010BD00221A601B4A1B6804930120136887
:20718000049A9847E2E700201860164A1B6803931368039A9847D4E700221A60124A1B686B
:2071A000029301201368029A9847C5E7002018600D4A1B6801931368019A9847B6E70022BD
:2071C0001A600A4A1B6800931368009A9847A7E714010040180100401C01004020010040DD
:2071E00024010040240A0020200A00201C0A002008B5FFF787FFBDE80840FFF785BC00BF30
:20720000074B0849084A0020186082B01B680193019BD1F808051368C0B202B0184700BF69
:2072200000D1004000D00040280A002070B443791E4C1F4E03EB430546F82320655D8DBB63
:2072400090F904308A78002B24DB03F1604303F561435201D2B283F8002390F90430002BB5
:2072600007DB144D03F01F0601225B09B24045F8232003680A88C3F8082543790879C97857
:2072800003EB4303E218012550709170E554002070BC7047084D03F00F0352011D44D2B20B
:2072A0002A76DAE7082070BC704700BF2C0A0020300A002000E100E0FCEC00E00368044AB1
:2072C00001211960437903EB43030221D15470472C0A002010B403680022C3F8002183B06E
:2072E000D3F80031026801930123019CC2F8443311B10268C2F8043303B05DF8044B704777
:207300002DE9F041274F284EDFF8A08084B000244FF48035D7F804332B4211D056F824200D
:207320000023E0B262B1C7F84853C7F8085346F8243056F824300393D8F80030039A9847CB
:207340000134032C4FEA4505E4D1164BD3F80423D10702D5D3F80021C2B9124BD3F80423D9
:20736000920710D5D3F804216AB10022C3F80421D3F804210D4B0192019A1B68052004B0B0
:20738000BDE8F041184704B0BDE8F0810022C3F80021064AD3F80031029304201368029AD4
:2073A0009847DAE700B0004040B10040300A0020084B09491B68094AA1FB03139B0C9168E5
:2073C00000FB03F09368CB1A23F07F438342F9D3704700BFE801002083DE1B4310E000E06B
:2073E00030B44C689C4208D2002545600968016093420CD0002030BC704743600D680560B0
:207400000868E41A18449342C1E90004F2D1201E18BF012030BC704710B4D1E900439A42E6
:2074200028BF1A46C0E90042D1E90030801A1344C1E90030003818BF01205DF8044B7047DA
:207440004B689A4228BF1A4662B10B68C0E90032D1E90030801A1344C1E90030101E18BF3B
:20746000012070471346F1E710B5094B09491A68094C82B0002301208DF804008DF8073006
:20748000ADF8053001A823700B70904702B010BD5C0B0020CE200020CB200020704700BFEF
:2074A00000B583B00D4B0E4900228DF80420D3F82025ADF80620D3F8C0040A4A09681368C0
:2074C00000280CBF4FF480704FF00120034301A81360884703B05DF804FB00BF007002407D
:2074E0005C0B0020380A0020F8B54B680B4F934228BF13461D460C4606461A460968384684
:207500000AF0CEFAC6E90075D4E90030401B2B44C4E90030003818BF0120F8BD640B00207D
:2075200070B54B68934228BF13460D461C4606465BB933607460D5E90032121B2344C5E9B0
:207540000032201E18BF012070BD044B0968184622460AF0A5FA3060ECE700BF640B0020C6
:2075600010B5274BD3F80044C3F8004482B0BFF36F8FBFF34F8FBFF36F8FBFF34F8FE1052E
:207580000ED5204B20491A68022000238DF80730ADF805308DF80400012301A80B7090472F
:2075A000A2050DD5174B18491A68032000238DF804008DF80730ADF8053001A80B7090479D
:2075C00063051AD5104B1A78BAB10D4C0F48012100221A70C4F808150160BFF36F8FBFF3E2
:2075E0004F8F084BADF8052004211B688DF807208DF804100DEB0100984702B010BD00BF8D
:20760000007002405C0B0020CB2000205870024070B5394A0126136806FA01F42343136004
:20762000030682B0054610D4344B1B681C420AD1334B8DF8060006221B688DF807608DF880
:20764000042001A8984702B070BD2E4B00F00F0133F8113003F1804303F51C331A68DAB1AF
:2076600000221A60BFF36F8FBFF34F8F264B80281B6822D0082B08BF244B254808BF1A6089
:20768000244B03EB01120026927B0670032A4FEA011029D01B583BB3184B19682140D2D118
:2076A000174B8DF8065006221B688DF807108DF8042001A8984702B070BD082B08BF134BDE
:2076C000134908BF1A60144B93F89E200020032A087003D0D3F89030002BDDD16FF0010108
:2076E0000648FFF7A3F9D7E7012303FA01F1C9430248FFF79BF9CFE7380A0020340A002083
:207700005C0B0020FC210100300100101C7C0240CC200020CC0A00203C0A0020064B93F964
:2077200000201878002AB4BF0021102100F00F031944FFF76DBF00BFCE2000202DE9F04F07
:20774000DFF8F4A2DFF8F882DAF80040D8F80030234089B000F0C68013F0012400F0C5802A
:2077600094FAA4F4002C00F0C580B4FA84F70F2F3D461BD8DFF8CCA24FEA071B0AEB0716F3
:207780005AF80B30B289716806A8984767F07F09012302974FFA89F903FA07F708B94AF856
:2077A0000B006FEA070B05F008072CE0A7F11003974A4FF0010BDDB20BFA07FB4FFA83F911
:2077C00013F008032C4602EB05166FEA0B0B019340F0988003950022019205F594738D4AB1
:2077E00052F82330B28971683768029306A8B847069A22B1079A029B934200F2DB80019F84
:20780000029400B93060844B1B68082B02D1834B82221A60D8F80020B368079902EA0B02A1
:207820000B44C8F800207E4AB360B9F1000F4FF001031370069A73DB002F00F08580754BED
:20784000C3F8A027C3F8A417734B1B68082B4FEA850540F08A80734B1B68002B40F085801E
:20786000B9F1000FB4BF042328231D446E4A6F49029B6F4EDFF8D081EDB2B4BF914689465F
:2078800005F1804509EB430905F51C35002701243760BFF36F8FBFF34F8F2C60BFF36F8F43
:2078A000BFF34F8F0220FFF783FD3368002BEFD01E20FFF77DFDD8F800309A0606D40220D1
:2078C000FFF776FDD8F800309B06F8D50120FFF76FFDB9F8003003F1804303F51C331B68EC
:2078E000002BD4D009B0BDE8F08F93FAA3F4002C7FF43BAF1023464E039399464FF0FF3B7A
:20790000254668E7434BD3F8C034D9037DD5B28971683468019F029506A80023A04770E73C
:20792000002F61D105EB85039B0003F1804303F51C33AD00C3F80026C3F80416364B1B686E
:20794000082B5CD0042311E005EB85039B0003F1804303F51C33AD00C3F80027C3F804173A
:207960002D4B1B68082B3FF476AF28232B44DBB203F1804303F51C3301221A60BFF36F8FEF
:20798000BFF34F8F284B294A2A4913EA290938BF9146029B39F8132002F1804202F51C3206
:2079A00002E00B68002B9DD11368002BF9D009B0BDE8F08F02245946B4731F48FFF736F816
:2079C0001E4B03991B688DF8174006228DF816108DF8142005A89847DAF80030D8F8004019
:2079E00023407FF4B9AE7DE70A4BC3F8A026C3F8A416094B1B68082B4FEA8505A2D1094B07
:207A00001B68002B3FF42CAF9CE70395EAE600BF3C0A002000700240300100101C7C0240CD
:207A2000CC20002034010010FC2101001C2201000471024000710240340A00205C0B002049
:207A4000380A0020CC0A00207474024038B5214BD3F86C44C3F86C44BFF36F8FBFF34F8F25
:207A60001D4B1B68082B28D09CB1012594FAA4F3B3FA83F21146D3B10F2AA2F1100005FA80
:207A800002F30DDDC0B224EA0304FFF7C1FD002CECD1124B1B787BB9BDE83840FFF74EBEA0
:207AA00005FA02F224EA020441F08000EDE720211020FFF7ADFDD9E738BD094B1B68002B72
:207AC000D2D1084A136803F0011123F0011311601C43C9E70070024030010010CC2000208B
:207AE00034010010600B002010B5184B1B68082B82B002D1164B00221A60164B164C93F888
:207B00007E200021032A217005D01B6F6BB1FFF715FE02B010BD11486FF40001FEF786FFAE
:207B20002378002BF3D002B010BD6FF400010B48FEF77CFF0A4B062107221B688DF8041055
:207B4000ADF8062001A89847EAE700BF300100101C7C02403C0A0020CC200020340A002057
:207B60005C0B0020134B1B68082B02D1124B00221A60124B124993F88E200020032A0870E8
:207B800002D0D3F8803003B1704700B56FF0807183B00C48FEF74AFF0B4B062108221B6839
:207BA0008DF80410ADF8062001A8984703B05DF804FB00BF300100101C7C02403C0A002092
:207BC000CC200020340A00205C0B002000B5184B1B68082B83B002D1164B00221A60164B82
:207BE000164993F81E210020032A087005D0D3F8103153B103B05DF804FB6FF480711048FF
:207C0000FEF714FF03B05DF804FB6FF480710C48FEF70CFF0B4B062188221B688DF804106A
:207C2000ADF8062001A8984703B05DF804FB00BF300100101C7C02403C0A0020CC2000209E
:207C4000340A00205C0B00200B4B1B68082B02D10A4B00221A600A4B0A4993F89E2000205E
:207C6000032A087003D0D3F8903003B1704706486FF00101FEF7DABE300100101C7C02403F
:207C80003C0A0020CC200020340A00200B4B1B68082B02D10A4B00221A600A4B0A4993F811
:207CA0000E210020032A087003D0D3F8003103B1704706486FF08001FEF7B8BE30010010BC
:207CC0001C7C02403C0A0020CC200020340A00200B4B1B68082B02D10A4B00221A600A4BD5
:207CE0000A4993F8EE200020032A087003D0D3F8E03003B1704706486FF02001FEF796BEA3
:207D0000300100101C7C02403C0A0020CC200020340A00200B4B1B68082B02D10A4B002222
:207D20001A600A4B0A4993F8FE200020032A087003D0D3F8F03003B1704706486FF040019C
:207D4000FEF774BE300100101C7C02403C0A0020CC200020340A00200B4B1B68082B02D132
:207D60000A4B00221A600A4B0A4993F8AE200020032A087003D0D3F8A03003B17047064825
:207D80006FF00201FEF752BE300100101C7C02403C0A0020CC200020340A00200B4B1B68B8
:207DA000082B02D10A4B00221A600A4B0A4993F8BE200020032A087003D0D3F8B03003B1C4
:207DC000704706486FF00401FEF730BE300100101C7C02403C0A0020CC200020340A00206C
:207DE0000B4B1B68082B02D10A4B00221A600A4B0A4993F8CE200020032A087003D0D3F82F
:207E0000C03003B1704706486FF00801FEF70EBE300100101C7C02403C0A0020CC20002003
:207E2000340A00200B4B1B68082B02D10A4B00221A600A4B0A4993F8DE200020032A08701E
:207E400003D0D3F8D03003B1704706486FF01001FEF7ECBD300100101C7C02403C0A00203C
:207E6000CC200020340A002010B5184B1B68082B82B002D1164B00221A60164B164C93F86A
:207E80002E200021032A217005D01B6A6BB1FFF755FC02B010BD11486FF48021FEF7C6FD64
:207EA0002378002BF3D002B010BD6FF480210B48FEF7BCFD0A4B062102221B688DF80410F9
:207EC000ADF8062001A89847EAE700BF300100101C7C02403C0A0020CC200020340A0020D4
:207EE0005C0B002010B5184B1B68082B82B002D1164B00221A60164B164C93F83E2000214E
:207F0000032A217005D01B6B6BB1FFF717FC02B010BD11486FF40021FEF788FD2378002B87
:207F2000F3D002B010BD6FF400210B48FEF77EFD0A4B062103221B688DF80410ADF8062030
:207F400001A89847EAE700BF300100101C7C02403C0A0020CC200020340A00205C0B002097
:207F600010B5174B1B68082B82B002D1154B00221A60154B154C9A7F0021032A217005D095
:207F80001B696BB1FFF7DAFB02B010BD10486FF40031FEF74BFD2378002BF3D002B010BDC6
:207FA0006FF400310A48FEF741FD0A4B062101221B688DF80410ADF8062001A89847EAE7C9
:207FC000300100101C7C02403C0A0020CC200020340A00205C0B002010B5184B1B68082B51
:207FE00082B002D1164B00221A60164B164C93F84E200021032A217005D01B6C6BB1FFF776
:208000009DFB02B010BD11486FF48011FEF70EFD2378002BF3D002B010BD6FF480110B48AD
:20802000FEF704FD0A4B042206211B688DF80410ADF806200DEB02009847E9E730010010D7
:208040001C7C02403C0A0020CC200020340A00205C0B002010B5184B1B68082B82B002D10C
:20806000164B00221A60164B164C93F85E200021032A217005D01B6D6BB1FFF75FFB02B0DD
:2080800010BD11486FF40011FEF7D0FC2378002BF3D002B010BD6FF400110B48FEF7C6FCFF
:2080A0000A4B062105221B688DF80410ADF8062001A89847EAE700BF300100101C7C024003
:2080C0003C0A0020CC200020340A00205C0B002010B5174B1B68082B82B002D1154B0022E5
:2080E0001A60154B154C93F86E200021032A217005D01B6E6BB1FFF721FB02B010BD1048EA
:208100006FF48001FEF792FC2378002BF3D002B010BD6FF480010A48FEF788FC094A0623C5
:2081200012688DF80430ADF8063001A89047EBE7300100101C7C02403C0A0020CC20002052
:20814000340A00205C0B00201D490B78002B34D130B41C4C1C4A206001240C701046194699
:2081600040251C4607E011F0080F00F1100014BF4FF4007540250131C9B20929A0F89C50E5
:2081800080F89E40C0F89040C0F89840EBD14020002107E013F0080F02F1100214BF4FF418
:2081A000007040200133DBB2092B9081917311609160EFD1002030BC70470820704700BF62
:2081C000CD2000205C0B00203C0A00200249034A00230B60137070475C0B0020CD200020B1
:2081E00038B5604B4FF40062C3F80024BFF36F8FBFF34F8F5C4B1B68082B62D00D2B11D17A
:208200000020FBF7D9FD594B1A68002A00F08780574B03221A600020FBF7D6FD524B1B68E9
:20822000082B52D04F4A0123C2F80035BFF36F8FBFF34F8FD2F800341B05FBD54FF4006369
:20824000C2F80034BFF36F8FBFF34F8F464B1B68082B48D0434A474D474843498024C2F8F7
:208260001C45002340F2FF14C2F830352B6004600A68424D424C4349082A08BF424A4FF048
:20828000020008BF13600023374A2B70237008701368082B10D00D2B12D10020FBF78CFD14
:2082A000324B1A68002A42D0314B00221A60BDE838400020FBF788BD344B1B68002BECD10D
:2082C00038BD324B1B68002B9AD10020FBF774FD264B1A68002A3CD02D4BC0221A60002073
:2082E000FBF772FD9EE70020FBF766FD1F4B1A6842B3274B00221A600020FBF765FD1A4B5B
:208300001B68082BA6D12349234B40F2E370402208601A60BFF36F8FBFF34F8F9AE714496F
:2083200049F2753203201A6008601A6073E7104849F27531196002601960BDE838400020B8
:20834000FBF742BD124849F27531196002601960D2E70F4949F27532C0201A6008601A606E
:20836000BDE700BF007002403001001000EC064014ED0640340A0020380A0020CC20002062
:20838000CE200020CD2000201C7C02403401001014EC06400078024004780240114B002267
:2083A0001A7028B9104B1B68082B13D00F4900E00F49104B104AC3F80413C02182F82713B2
:2083C000802151600122C3F80425BFF36F8FBFF34F8F7047094B06491A68044B002A18BFD8
:2083E0001946E6E7CB200020300100100714C0010714E0010070024000E100E03401001075
:20840000024B1878003818BF01207047CD200020034B1878012894BF00200120704700BF7A
:20842000CD20002010B50020FBF7C6FC144B1B7803F0FF0453B1134AD2F82C355BB1124BB9
:208440001B680021082BC2F82C150AD00020FBF7BBFC204610BD1C460020FBF7B5FC2046E9
:2084600010BD0A4B1A683AB9094949F27532C0201A6008601A60E9E7054BC0221A60E5E7AD
:20848000CB200020007002403001001000EC064014EC0640024B034AC3F80823704700BF70
:2084A0000070024004148001024B034AC3F80423704700BF0070024004148001014B0022C6
:2084C0001A707047CB200020064B10F0800FA3F1900200F00F0008BF134603EB0013988909
:2084E000704700BFCC0A0020064A010600F00F034CBFD2F81005D2F81405D84000F00100E1
:20850000704700BF007002402DE9F0414FFA80F8B8F1000F00F00F0504464FF00000B4BF73
:20852000074610270E46FBF747FC55B9324B1B78A34206D010240020FBF746FC2046BDE8C2
:20854000F0812E4BDFF8DCC01C68DCF80030E4432F440122A4B202FA07F71C433C4025D158
:20856000B8F1000F29DB264A2649DFF8BC80280105EB450E42F8008001EB8E0E02EB051895
:2085800096E80700204D1F43802600238EE80700C8E901E3CCF8007088F80E300020C5F8DD
:2085A0000461FBF711FC2046BDE8F08111240020FBF70AFC2046BDE8F081326813491448C0
:2085C00002F0604205EB450EB2F1005F01EB051800EB8E0E4FEA051506D0B268D20754BF03
:2085E0000C4A0D4A4A51CBE7B268D00754BF0B4A0B4A4A51C4E700BFCE200020380A00205E
:208600003C0A00208C21002000E100E0CC0A002020210020E974000021750000197400008F
:2086200041740000340A0020E17300002DE9F04147B2002F00F00F0504464FF00000B4BF64
:2086400080464FF010080E46FBF7B6FB55B91F4B1B78A34206D010240020FBF7B5FB2046E4
:20866000BDE8F0811A4B1B491C680A68E443A8440123A4B203FA08F314431C401FD116489F
:20868000DFF858E0A0F1900C10EA270738BF674607EB051C2D01CCF80840306878511343CE
:2086A0000B607268CCF8042080238CF80E400020CEF80431FBF788FB2046BDE8F0811124D7
:2086C0000020FBF781FB2046BDE8F081CE200020380A0020340A0020CC0A002000E100E00B
:2086E00000487047640B0020044B40F48070C3F81805BFF36F8FBFF34F8F704700700240F8
:20870000010718D4020600F00F0309D40B4A9B001A445068A0F10100B0FA80F040097047CC
:20872000074A03F5847352F82300A0F10100B0FA80F0400970470020704700BF4074024054
:2087400000700240064BC3F80C05BFF34F8F40F48070C3F80C05BFF36F8FBFF34F8F7047D3
:20876000007002400F4B002202604260D3F880240270D3F884244270D3F88824D3F88C14DF
:2087800042EA01224280D3F89024D3F8941442EA01228280D3F89824D3F89C3442EA032311
:2087A000C380704700700240104B1B68082B07D00F4B01221A60BFF36F8FBFF34F8F704737
:2087C0000C4B1B68002BF3D1EFF3108172B6084B01221A60BFF36F8FBFF34F8F1A60BFF3D9
:2087E0006F8FBFF34F8F81F310887047300100104C7002403401001010B5164B1B68082BC8
:2088000082B002D1144B00221A60144B14499A7B0020032A087015D01C681CB1FFF7C4FFD3
:2088200002B010BD6FF480310E48FEF7FFF80E4BADF8064006221B688DF8042001A8984743
:2088400002B010BD6FF480310648FEF7EFF802B010BD00BF300100101C7C02403C0A00209C
:20886000CC200020340A00205C0B0020034B01221A60BFF36F8FBFF34F8F70475070024023
:20888000034B01221A60BFF36F8FBFF34F8F704754700240014B1878704700BFCE20002090
:2088A00070B5264B1B68082B044622D00020FBF783FA14F0800F224814BF0022102204F089
:2088C0000F050368A91801228A4023EA020314F00804036008D11B4B05F5947543F8254004
:2088E000BFF36F8FBFF34F8FBDE870400020FBF76BBA154B1D68002DD8D12846FBF75CFA3B
:2089000014F0800F0E48114E114904F00F0414BF002210222244012303FA02F2036823EA94
:208920000203036040F2C57303EB440434600D6028460B68BDE87040FBF746BA30010010C5
:20894000380A0020007002403401001000780240047802402DE9F04F5C4C5D4EDFF87C81CA
:20896000236896F90010D8F800205A4896F80090D0F88054DB439BB2002983B043EA020388
:2089800024DB09F00F0A0AF11002012797403B4248D1514F0DF1040805F080056FF001118F
:2089A0004E483570FEF742F8236839680022052543F0010340468DF80720ADF805208DF81D
:2089C00004502360884703B0BDE8F08F09F00F074FF0010A0AFA07FA13EA0A0FD9D00020DD
:2089E000FBF7EAF919F0080F10D1B9F1800F5ED03B493C4A07F2DA335B000B601368116870
:208A0000DBB243F002030B43136013682368D8F8002062EA030111EA0A0F24D12E4F0DF106
:208A200004081CE00020FBF7C7F9D8F800302E4937EA030001EB0A1B4FEA0A1A33D12268C5
:208A400041F80A0023EA070322EA0707C8F8003027600323204F8BF80E300DF104080020AB
:208A6000FBF7B2F998E721498DF806904FEA071C01EB071022EA0A02174FC8F800204FF059
:208A8000000E41F80CE0032206210DF1040843EA0A0382738DF807208DF804103A682360B4
:208AA00040469047DBE74846FFF7FAFED1E70C4B0C4A40F2B471196013681168DBB243F032
:208AC00004030B4313601368A0E700BF380A0020CE200020007002405C0B0020340A002006
:208AE00000780240047802403C0A0020CC0A00202DE9F0417C4BD3F80453002D00F0E080F5
:208B00000024DFF804E2A44629460127774A91FAA1F3B3FA83F08600324483B3166807FA42
:208B200000F321EA030136B1C2F800C0BFF36F8FBFF34F8F1C430029E8D16D4B1B68082BE3
:208B400029D06C4F04F4000534F4000410D0DFF8BC81012694FAA4F3B3FA83F206FA02F1E3
:208B60009BB124EA010458F822309847002CF1D13B780BB9FEF7E2FD4DB9BDE8F081DEF8EA
:208B80000020002AC2D07246CEE79847E2E7BDE8F041FFF7DFBE584B564F1B68002BD1D1E3
:208BA0003B78002B7ED1A00240F18380534A544BDFF848E1DFF848C140F2A9711160196858
:208BC0004E4A11F0FF0118BF1B6840F2AA7018BF19404B4B10601A68494812F0FF021CBF2F
:208BE0001B681A40454B40F2AB761E60036813F0FF031CBF0068034040F2AC70CEF800002D
:208C0000DCF8000001403F480AD0066840F2A9780E430660CEF80080CCF80010DCF8001068
:208C2000DFF8D8C0364E40F2AD71CCF8001031680A4009D0016840F2AA7E41EA02410160CF
:208C4000CCF800E0326032682C492D4A40F2AE760E60126813400ED0D90748BF44F40004C6
:208C60002649DA06264A40F2AB760E601360136848BF44F00104036833F001121CBF05F0D5
:208C800080710C4313F0011F3FF45CAF6B0544BF026044F4806455E7174B1C68ECB9154F17
:208CA0003B7833B104F4000534F400047FF44FAF62E704F4000534F400047FF448AF59E767
:208CC0000B4B1B68082BE7D00A4B1B78002B7FF454AFBDE8F041FEF731BD064B1B78002B80
:208CE0003FF448AF49E700BF007002400071024030010010CC2000203401001000780240AA
:208D000004780240600B0020807102403022010070B5044640B2002833DB254B254A04F01A
:208D20000F05595D012303FA01F1C2F80413D2F81415E940C90723D4D2F81415AB400B4376
:208D4000C2F81435BFF36F8FBFF34F8FC5B1002816DB14F0080613D13046FBF72DF8204658
:208D6000FFF79EFD144910350B68012202FA05F523EA05030B603046BDE87040FBF724B81B
:208D800070BD0E4B0B4A04F00F05595D012303FA01F1C2F80413D2F81015E940CE07EFD4A6
:208DA000D2F81015AB400B43C2F81035CAE700BF1022010000700240340A0020F0210100C7
:208DC000020610B5044609D4030707D4094A00F00F039B001A445368012B07D0064BC3F8A2
:208DE0001845BFF36F8FBFF34F8F10BDFFF758FDF4E700BF40740240007002402DE9F04F27
:208E00005C4D5D4E2B6832684FEA134A4FEA0A4A5AEA020A83B01BD0584FDFF870819AFA3D
:208E2000AAF4002C00F08180B4FA84FBBBF10F0F30DDABF11003DCB213F0080F4FF00103D9
:208E400003FA0BFB2AEA0B0A08D0BAF1000FE6D140F2FF132B6003B0BDE8F08F07EB0419E8
:208E60000020FAF7A9FF33683BEA03006CD12A68C9F8000023EA0B0322EA0B0233602A6095
:208E8000032389F80E300020FAF79EFFBAF1000FC5D1DDE71BF008004CD14BF08009FAF746
:208EA0008BFFB9F1800F0BF00F0351D0344803F2DA3149000160D8F80010D8F80000C9B270
:208EC00041F002010143C8F80010D8F80010D5F800C03068012460EA0C0E04FA03F11EEAC2
:208EE000010F1DD0274A8DF8069020EA01004FEA031E306002EB0313224800224CEA01012D
:208F00004FF0030C40F80E2083F80EC01E4B8DF807C006221B688DF8042001A8296098473A
:208F200004FA0BFB2AEA0B0AADE7B9464FF4803B102495E7012303FA0BFB2AEA0B0ABAF1C8
:208F4000000F7FF46CAF83E72046FFF7A9FC97E70B4940F2B4700860D8F80010D8F80000C9
:208F6000C9B241F004010143C8F80010D8F80010ADE700BF380A0020340A00203C0A0020D3
:208F800000780240CC0A00205C0B00200478024008B5FFF733FF0A4B0022C3F80425BFF3EA
:208FA0006F8FBFF34F8F074A8021C2F88410BFF34F8FBFF36F8F4FF0FF32C3F8082308BD88
:208FC0000070024000E100E0044B8022C3F884215B681B0600D47047FFF7DABF00E100E00E
:208FE00008B5114B8022C3F884215B681B0618D40E4B0022D3F80413C3F80813C3F8002573
:20900000BFF36F8FBFF34F8F094B0A491B68082B04BF094B1A60094B0020012208701A7089
:2090200008BDFFF7B5FFE3E700E100E00070024030010010CC2000201C7C0240CD20002050
:2090400010B50020FAF7B8FE104B1B782BB900240020FAF7B9FE204610BD03F0FF04FFF7A7
:20906000CDFE0B4AD2F8003413F40073EFD10121C2F82C15D2F80014890544BF1C46C2F8F0
:209080002C350020FAF7A0FE204610BDCB20002000700240F0B5044683B00020FAF78CFE13
:2090A00022061ED4364E3748326804F00F0101F110050123AB400F0100EB011533EA0201AE
:2090C0004CD1314CC151216822EA030221EA0303326023600323AB730020FAF775FE03B0A9
:2090E000F0BD230704F00F020FD4802C3AD02748274902F2DA335B0003600B680868DBB2ED
:2091000043F0020303430B600B681F4D1C4E29683068012360EA010793401F42DCD01D4F32
:209120008DF806404FEA021C20EA030007EB02123060194C002047F80C000B430620032102
:2091400091738DF8071022688DF8040001A82B6090470020FAF738FE03B0F0BD2046FFF74E
:209160009FFBB7E7094B0A4940F2B47018600B680868DBB243F0040303430B600B68C4E7C9
:20918000340A00203C0A0020380A00200078024004780240CC0A00205C0B00202DE9F0416D
:2091A00046B282B004460020FAF706FE002E3CDB4C484D49026804F00F0707F11005012312
:2091C000AB4033EA020C3D464FEA071E01EB071876D1464C41F80EC0216822EA030221EA08
:2091E000030302602360032388F80E300020FAF7EBFD3F490122D1F81435BA4023EA0203DE
:20920000C1F81435BFF36F8FBFF34F8F394B3A4A374912EA260238BF1A460123525D934063
:20922000C1F8083302B0BDE8F08104F00F0C230765460FD4802C47D03049314A0CF2DA33E9
:209240005B000B6013681168DBB243F002030B4313601368DFF894E02248DEF8002001683F
:20926000012361EA020703FA0CF31F4226D0254F8DF806404FEA0C1821EA0301224C0160A9
:2092800007EB0C1C002147F80810062003211A438CF80E108DF807108DF804002168CEF87F
:2092A000002001A8DC4388470020FAF78DFD104AD2F810352340C2F81035A3E7DC43F3E70E
:2092C0002046FFF7EDFA8EE70C4B0D4A40F2B471196013681168DBB243F004030B431360DC
:2092E0001368B7E7340A00203C0A0020380A00200070024010220100F0210100007802407E
:2093000004780240CC0A00205C0B002010B5074C236882B03BB1064B1B68984700232360F8
:2093200023680193019B02B010BD00BF00010140A40B002070B5114B114A1D781160DDB9AB
:20934000104E027801211970C6F80C25416804464FF47A720023C803490C08F017FAC6F86F
:209360000405237A084A5B01DBB282F810334FF480331360284670BD082070BDD0200020E6
:20938000A40B00200000014000E100E0044B054901220220C3F804231A600870704700BFD0
:2093A00000000140D020002010B504460020FAF703FD0E4A1378072B11D80D492370581CE1
:2093C0001070D1F80805012202FA03F30343C1F8083500240020FAF7F7FC204610BD042463
:2093E0000020FAF7F1FC204610BD00BFCF20002000000140034B044A00F5C07043F82020F1
:20940000704700BF000001403546526E2DE9F0410E4A0F4B16781F88F419802C03DD00246F
:209420002046BDE8F081DFF8308032464146054608F036FB074B1B7833443A46A81958FAC7
:2094400083F108F02DFB2046BDE8F081D1200020B2200020B4200020A80B002070B4134BB0
:20946000134D144A2C781B781288234452FA83F39BB21A18802A15DC013B1BB2002B0CDBFF
:209480000D4A591C1E1811443244013B11F8016D02F801691BB25E1CF7D1204428700120BC
:2094A00070BC7047002070BC704700BFB4200020D1200020B2200020A80B0020084A138850
:2094C00083420BDB10B407490C8880B21B1A20440880138001205DF8044B70470020704700
:2094E000B2200020B4200020014B1880704700BFB2200020044A054B12781B7804481344DC
:2095000050FA83F0704700BFB4200020D1200020A80B002000487047A80B0020014B188882
:20952000704700BFB22000200549064A064B127808781B88104453FA80F080B2704700BF6E
:20954000D1200020B4200020B220002010B50A4B0A4C0B49002220461A605A609A60DA6060
:209560001A615A61FCF73AF904F108000449BDE81040FCF733B900BF08220020F82100202F
:209580002C21010004480549054A002303800B801370FFF7DBBF00BFB4200020B2200020AB
:2095A000D120002070B5802982B00B4A0B4D0C4E01900C464FF0000328BF802413703380AD
:2095C0002B80FFF7C3FF01990648224608F068FA20462C8002B070BDD1200020B22000208A
:2095E000B4200020A80B0020F0B40C4B0C4A1C685D689F68DE68C6600460456087601C6922
:209600005D694561046154689068D36812680A604C608860F0BCCB60704700BF082200207B
:20962000F821002070B40C4B026844688568C668DE601A605C609D60026944695C611A6184
:20964000064B0C6848688A68C968D9601C6058609A6070BC704700BF08220020F8210020E6
:20966000014B23F81010704708220020014B33F81000704708220020024B0C3803EBC0009B
:20968000FCF7ACB8F8210020024B0C3803EBC000704700BFF821002001490248FCF7A4B869
:2096A0002C2101000022002008B5FBF7E5FEBDE80840FBF72BBF00BF08B5FAF705FD002030
:2096C00000F028FA05F0A8F902F0F8FD07F05EF802F0F4FD06F0C4FF4FF08052064BD2F8E6
:2096E000A800D2F8A4205A604CF6F4613622D87019809A7008BD00BF14210020014800215D
:2097000000F0C4B8B401002010B5FBF7BDFE0446BFF35F8F00F036F900B930BFBFF35F8F45
:209720002046BDE81040FBF7B3BE00BF0AB90020704708B508461146FBF7DCF9002008BD04
:209740000FB400B583B004AA054852F8041B019204F0CAF903B05DF804EB04B0704700BF8F
:209760002C010020F8B5254D2A688242044642D0002A33D0134601E0002B2FD01B689C42D9
:20978000FAD15BB31E4EA37B376853B1A36843B18C4206D000223460832104F10C009847E6
:2097A0002A68A2421BD02AB11368A3421DD01A46002AF9D1A37B83B12D680023A37365B196
:2097C000AB7B13F0010F284622464FF0870101D000F018F82D68002DF2D13760F8BD236886
:2097E0002B60A37B002BE7D1F7E723681360A37B002BE1D1F1E71346C3E700BF202200200A
:20980000242200208368BBB170B504460B4E0220A073346004F10C000D4698470238012864
:2098200004D9832D02D00123A37370BD21462046BDE87040FFF796BF704700BF2422002019
:2098400038B50B4A0B4B146800221A707CB1012501E024685CB1E37B002BFAD0E58120465C
:2098600000228221FFF7CEFF2468002CF3D138BD20220020D5200020034B1878FF281ABF9A
:20988000421C1A7080207047D320002070B50E4D2C68844207D00A4634B1234600E01BB17B
:2098A0001B689842FBD170BD0028FCD0074E04600121002334688173838181212860FFF7AC
:2098C000A1FF346070BD00BF2022002024220020014B8B221A707047D32000202DE9F0410C
:2098E000234D2B78FBB9234E3378BBB12248234C027802EB420704EB8701013202F01F02D3
:20990000013B0270486854F827800F7ADBB2337060B1812F1FD0827BD2071ED428781844C9
:20992000C0B2BDE8F081FFF78BFFDCE7144A14685CB9F3E7A37B13F0010F204642463946F5
:2099400001D0FFF75FFF24685CB12B78002BF1D0FFF776FFEEE70123837342463946FFF763
:2099600051FF337828781844C0B2BDE8F08100BFD5200020D4200020D2200020280C00201A
:2099800020220020034A044B10781B781844C0B2704700BFD5200020D420002070B40D4DC3
:2099A0002C78202C12D00C4B0C4E1B78234403F01F0303EB430301342C7006EB830446F85A
:2099C000232060602172002070BC7047012070BC704700BFD4200020D2200020280C0020B1
:2099E00038B5837B034CDB07256801D5FFF70AFF256038BD2422002018B1837B013B012BDA
:209A000000D97047024A01231370C373704700BFD5200020FBF760B810B5044608F070F889
:209A200001462046FBF766F8BDE810400A20FBF753B800BF08B50448FBF7FEFFBDE8084069
:209A40000248FBF7F9BF00BF40010020340100200148FCF749B800BF3401002038B50E4809
:209A6000FBF7FCFF044678B10C48FBF7F7FF0546206058B1FFF7CAFC05F19A01A5F880000C
:209A800005F18200FFF7B0FD204638BD214602482C46FBF7FFFFF7E73401002040010020A9
:209AA000006800F19A018230FFF79EBD10B5014604460748FCF70AF800B910BD21680548B9
:209AC000FBF7E8FF21460248BDE81040FBF7E2BF340100204001002010B501460446094817
:209AE000FBF7F4FF00B910BD2468B4F880102046FFF758FD04F19A0104F18200BDE8104086
:209B0000FFF790BD3401002008B506F065FF80B208BD00BF0F4B0121002219601946C3F8AF
:209B20000021D1F80031002BFBD0D1F80805094A0023C0B2C1F80031D2F80031002BFBD07B
:209B4000D2F80815012340EA012080B2536006F015BF00BF00D0004010B48179427904793B
:209B6000521A224208D003464A1C00682240405C9A715DF8044B70474FF0FF30F9E700BFB5
:209B800038B505460C4605F015F98DB10F4B2868696803C3ACB121460D4B51F8080F49684C
:209BA00003C3BDE8384009480122002105F0CAB90346064D59689A680068DB680FC5002CAB
:209BC000E9D10449014805F0FFFAEAE728130020301300201825002010B5044C237803B1F7
:209BE00010BDFFF7CDFF0123237010BDD620002010B51D4C217882B031B31C4B002403F1E0
:209C0000540193F820201AB193F82120012A15D01C338B42F5D1204605F026F904B9F8B1BB
:209C200002F096F94023024621460020009300F081FB00F029FA002002B010BD1A7CFE2A02
:209C400008D003F11004E3E70846FFF799FF01232370D2E75A7C802ADAD003F11004D7E71E
:209C60004FF0FF30E8E700BFD6200020A0230020054B187B30B1B3F84E00DB8AC01AB0FA49
:209C800080F04009704700BF282200202DE9F0471A4CDFF86C809DF82490164607460D4670
:209CA00020464FF4B07200219A4607F021FFB8F82030B34205D108994A46504602F098F9AC
:209CC00010B90020BDE8F08701264FF0FF33F0214FF2F0026773E1732673E364A4F8503079
:209CE000A4F85820C4F8088028686968AA68EB681C340FC43046BDE8F08700BF2822002068
:209D00007C010020437D012B01D900207047F0B590F8512090F8503083B0CDE900320446FE
:209D2000028A00F13C032146007EFFF7AFFF48B3164B226A607D617FE58B5A610022666D19
:209D40001976618B5D83257F83F85C20A77D83F854709873207D83F85300E07D198299683B
:209D600083F855201E609D7483F852000B689847074801F06BFE01F09BFF01F0D1FF01202F
:209D800003B0F0BD002003B0F0BD00BF282200209422010008B5FFF76BFF084B08B983F857
:209DA0005C009B681B68984701F076FC044801F04DFEBDE8084002F00DB800BF282200202A
:209DC0009C2201000A4B93F9521093F85220002902F10102B4BFD2B202F07F02197B83F8EC
:209DE0005220F022DA7301B97047FFF7D3BF00BF282200202DE9F0414C4D05F16400B5F889
:209E00004E40FAF739FE95F85C30032B5BD0FFF72FFF804620B1AB68BDE8F041DB691847D3
:209E20006F6C434E01F060FC01F012FC686C01F08DFB03463068A5F84E30FBF731FF0446B5
:209E4000002836D1002F55D0B5F84E30B5F84C209A4201D9A5F84C30B5F850304FF6FF7289
:209E600093420AD0B5F84E10914206D0CB1A002BB8BF5B42B3F5007F3FDC95F85B30002BD6
:209E8000C9D06B6C002B3ED0002F46D001F014FE002385F85B30AB68BDE8F041DB6918471A
:209EA00023681BB321463068FBF7C6FE04460028C8D0204601F04AFBB5F84E308342EFD837
:209EC000C4F80080EEE7002001F0C2FB4FF6FF739C42A5F84E309ED0164801F0B7FD01F091
:209EE0001FFFAB68BDE8F041DB691847FAF798F92060D7E7B5F84E30ACE70F48A5F85010E6
:209F000001F0A4FDB9E70B4885F85C3001F09EFD01F02EFD01F004FFBAE70123074885F886
:209F20005C3001F093FD01F0E7FEAFE728220020A0010020AC220100BC220100D4220100D8
:209F400030B4084D2B7B53B1044630B11C350FCD20606160A260E360012030BC704718461E
:209F600030BC70472822002010B5FFF781FE134C78B994F9582094F85830002A03F10103CF
:209F8000B4BFDBB203F07F03002084F8583001F02DF9FBF7F1FB01F07FFB05F0BFFD01F026
:209FA000F7FE94F841305B0602D40023237310BD034802F007F80023237310BD28220020C6
:209FC00054220020024B032283F85C2001F002BF2822002008B50F4B1A7B8AB19A6C511C0C
:209FE0000ED082420DD9101AB0F5967F986407D2586C28B101F0B6FABDE8084000F092BFB4
:20A0000008BD00210322996483F85C20BDE8084001F0E0BE2822002010B5084C237B5BB198
:20A0200094F840200146D20804F11C0007F02AFDB0FA80F0400910BD184610BD282200201F
:20A0400008B5FFF715FE18B1BDE80840FFF7BABE08BD00BF024B1B7B03B97047FFF79ABEEE
:20A0600028220020074B9A7B187B1AB9003818BF0120704728B193F85C00012894BF002066
:20A080000120704728220020024B1B7B03B97047FFF7B0BE282200202DE9F041614D2A7BC0
:20A0A00006460C462AB16A7B237E9A4209D0BDE8F081FFF7DDFD98B12B7B002BF3D1BDE883
:20A0C000F08159481022214607F0DCFC0028EED1628AEB8A9A4209D2BDE8F041FFF78ABEF3
:20A0E0002046FFF70FFE0028E6D1E0E7E17D95F8520001F00FFF628A002840D14FF6FF7339
:20A100009A4204D095F85730013385F8573095F85210E07D01F0FEFE48B1B5F84E20EB8A81
:20A120009A4257D0FFF7A4FD074600286BD022460121304600F0DAFEE8B1304601F0C6FA4D
:20A140000746002843D090F80680304601F0BEFA002849D0638A8380637E8371AB6CABB9C9
:20A160006B8BAA7BC3EB03135B01AB641AB117B16B6C9F4217D02B7B002B98D0ACE7EB8A22
:20A180009A42F8D1294801F061FCF4E7002FF2D06B6C9F42EFD16B8BAA7BC3EB03135B01DC
:20A1A000AB64002AE7D0607E414601F0B3FE0028E1D095F90F20EB7B002A03F10103B4BF17
:20A1C000DBB203F07F03EB7301F076FCD3E74FF0F008BAE7E37D85F85230FFF749FD002867
:20A1E000A5D0FFF7EFFDA2E7304604F005FD0028C1D00F4B0146012218682346FBF7DEFDE0
:20A200000028A7D1B7E701F0C3FD384601F020FA2046FFF777FD2B7B002B88D0FFF7BAFD20
:20A2200085E700BF2822002044220020E0220100A001002011B1084801F008BC10B50A4663
:20A240000321044600F052FE20B12046BDE8104000F084BE10BD00BFFC22010038B591F8D1
:20A2600023300C460546BBB1FF2B1BBF0D4A508B4FF0FF3343430A460020294605F0B2FBD4
:20A2800018B194F92530002B00DB38BD218C2846BDE8384001F030BC0A461846294605F0F1
:20A2A00087FBEEE72822002070B5154D0E4695F85910044601F02EFE08B185F8594095F849
:20A2C0005830A34200D070BD95F85C30012B76B207D001F035FC002EF5DA032385F85C3082
:20A2E00070BD002E02DA01F02BFCF6E70223054885F85C3001F0AAFBBDE8704001F020BCFF
:20A30000282200200C23010070B50E461C4605463AB924B11DB1064BAE801B7B23B90120D5
:20A3200070BD01F0ADFBF4E7FFF764FD012070BD282200202DE9F047284C82B094F80CC022
:20A340009DF828A00546174699460E46BCF1000F0AD0102204F11C0007F094FB80B34FF0F4
:20A36000F008FFF701FE01E04FF0F0083B463146CDE9009A28460122FFF788FC184F1948BD
:20A3800084F852800023012140F608421E263C25A173228280214FF0FF32A37484F8533026
:20A3A000A4F854300223676126766583A4F84E10A26484F85C3002B0BDE8F04701F046BB84
:20A3C00094F9523094F85280002B08F10108B4BF5FFA88F808F07F08C3E700BF2822002045
:20A3E000000480001823010002484FF4B072002107F07EBB28220020144A907918B992F871
:20A400002A10632901D00120704792F82910C1B992F82B30042B15D10D4B187B88B110B4AE
:20A420005C7B92F82D00A0420ED1B3F84E1082F82D000B0A43EA0123D38501205DF8044B9A
:20A4400070477047084670470846F7E7202500202822002070B5174A0546118816482B2279
:20A4600006F010F804461548FFF7D6FD08B9002070BD1349002005F05BFA104906460020D5
:20A4800005F056FA14B1A278032A06D00028EED0002EECD04369B342E9D1084C0FCC00211A
:20A4A00048F2FE002880AA60EB606980A980E980012070BD10250020202500203825002067
:20A4C000442200202DE9F04F794B7A4F19888FB038462B2205F0D6FF18B18378032B044663
:20A4E00003D000200FB0BDE8F08FC0780490002800F0CF806378217962790133DB00DBB267
:20A5000001F00F05A3EB12130E09083B0595C5F11005C6F110015B1B93FBF1F30133DBB253
:20A520009842069601918C4607934FEA1216D8D8614B0FCB0DF1280989E80F006278E3782C
:20A540000132D200D2B2961B083E761B96FBFCF60136F0B2C51AEDB2A842029040F2A4803E
:20A56000069E0994B446059EE01B012B08BFB446011BB646019E624601F110039B1A06FBFB
:20A5800005414FF0000A01F108080393CCF1100200F11003564654460893C24609EB0C0BDD
:20A5A0009046039B03EB0A00B0F5A06F99D842465146584607F074FA484604F055FC0028ED
:20A5C0006BD0731CDEB214B9012E8AD801249DF82800FF2885D0BDF82800BDF82AC040EABF
:20A5E0000C0080B2E8B9BDF82EE0BDF82C00BDF830C040EA0E00BDF832E040EA0C00BDF849
:20A6000034C040EA0E0040EA0C00BDF836C080B250EA0C033FF465AF18B9BCF5807F3FF4B7
:20A6200060AF019B01359A44029BEDB2AB42B8D8099C049A079B01999B1ADBB201FB03F8EA
:20A64000DDE90510089B08F10808012A18BF014643445B1AB3F5A06F05913FF642AF164B5A
:20A66000059E0FCBA04489E80F00C6F1100506F1180041462A46384407F012FA2A464046B2
:20A6800009EB060107F00CFAE378013BE370012028E701200FB0BDE8F08F484604F0A4FC82
:20A6A00000288ED1044692E7E31B10330893C0E7102500202025002038250020002919DB79
:20A6C000CB0717D44378ABB92DE9F041425A40F263439A4200EB010409D11A4D2B7B33B14C
:20A6E0006A7BE3789A4202D1A3789A0604D50020BDE8F08100207047A2881349170A0C20F7
:20A70000DE09D1F8008047EA0227FEF7BDFF01464046FBF7F3FAB5F84E10A578BFB2B942BE
:20A7200094BF002101218E42C5F380131CBF45F04005A57086EA01023946BDE8F041FFF740
:20A74000E3BD00BF28220020A00100202DE9F0432B4E2C4F318883B038460DF1070201239D
:20A7600005F036FE002842D09DF80730062B3ED0044607F10609B84614E013B9A378632BB3
:20A7800016D03188E31BC91A204689B200230DF1070205F01DFE044648B39DF80730062B1C
:20A7A000814624D0112B22D03A2B20D02B2BE4D1237889F8003065780135ED00684205F065
:20A7C000D3FDC0B13188283989B2404605F0F6FD3288E31B9A420EDDD21A6119204607F033
:20A7E0006DF999F800308DF80730062BDAD1012003B0BDE8F083002003B0BDE8F08300BF04
:20A8000010250020202500202DE9F04FA34E337B89B063B3A24C228B48F2FE039A4226D093
:20A82000237EFF2B23D0FFF723FA054688B904F1080004F019FB28B19A4BE27993F80631DB
:20A840009A4219D0FFF7D8FD0546284609B0BDE8F08F04F11809FFF779FF4846FFF7DCFBF3
:20A8600028B14946002005F063F8804688BB0125284609B0BDE8F08F8B4F3A88B2F59F6F35
:20A88000F6D8283A04F1280104F1300007F016F9B6F84E20A179767B84F82950130A43EAD9
:20A8A000022340F26342E385628584F82C5084F82810A571082084F82D6005F055FD398852
:20A8C000283989B2204605F079FDFFF795FD0546CEE706F11C01002005F02AF8019000287F
:20A8E00048D04946002005F03DF8002842D0D8F81410002900F0C480019B8B4200F0C7803C
:20A900006A4BCDF80C809B6902934FF0000B0F270DF1100A8846029B414650469847DFF8C2
:20A9200098C139466046D6465246002312F8015B10F8016FAE4202D10133102BF6D19F420A
:20A940000CDAD8F814800BF10103DBB2B8F1000F15D0019A424512D09B46DCE700271EF89E
:20A96000013B1CF8012F9A4206D10137102FF6D13946E6E700257BE73946FFB2E1E7C1F1E9
:20A980001006C7F1180A16FB0BAA5FFA8AFB1AF0070A1FBFCAF1080A5FFA8AFAD3445FFA10
:20A9A0008BFBDDF80C801D465B463F4A02931288D118B1F5A06FDDDC3D49088828302118F6
:20A9C0005844283A2044039107F078F803995A460846002107F08CF8A279029B84F8282078
:20A9E0002B22A271B3F1080248BF03F1FF32D210304B2E4984F82920ABEB0A024FEA0A1A85
:20AA000084F82B5084F82DA0D5180DF1100A8B69029307EB07120320574484F82A0084F87D
:20AA20002C204446DDF80480CDF804B0D346BA461F466269904521465846A5EB060508D0D8
:20AA4000B84732465146284607F02AF86469002CEFD1DA46029BDDF804B021465046984786
:20AA60009AE80F0089E80F00584605F07DFC0E4B0B481988283989B205F0A0FC0125F7E63C
:20AA800008230D468A469B460F2701268DE7082300259B46AA460F27012686E72822002061
:20AAA00020250020A0230020102500203C230100BC200020482500203725002008B50C4A81
:20AAC000137B43B10B4B0C491B88527B2C3358185B5C9A4203D0BDE8084005F02BBCC178A2
:20AAE0008078FFF7E1FBBDE8084005F023BC00BF28220020BC200020202500202DE9F041FA
:20AB00008EB02622002104A806F0F2FF434B444C1F88444B217B07F12C02D618D25C8DF844
:20AB2000322011B1617B914204D005F003FC0EB0BDE8F0813C4A083315880FCB2C3DED1B0D
:20AB4000ADB20027E846032D88E80F00CDE90477CDE90677E9D97378217EF2788DF835308E
:20AB60005B068DF83310ADF8302046D40424AC424FDA002720E0621CAA42D6DA321950780A
:20AB800002300444AC42D0DC052B21D10328CCDD7318DA788DF834200732D210131D8342E5
:20ABA000C3D10431314408A8CDE90877CDE90A7706F076FFAC422CDA335D2146002BDAD10F
:20ABC0000134A542F6DA05F0B5FB0EB0BDE8F081062BEFD10528A8DD731813285B798DF84E
:20ABE0003330E7DD0631731870589A685968DB680DF1100CACE80F00DCE7132D95D904F17B
:20AC00001C001022311D06F03DFF00288DD11424ADE704A94046FFF721FB86E7BC20002066
:20AC20002822002020250020102500202DE9F0439DB05C22002105A806F05AFF9B4B9C4FEE
:20AC40009C4A1D889C4B0C9307F1080314880FCB2C3C641BA4B201AE86E80F004FF0010CB5
:20AC6000964BADF824C040F60842172CADF82E200D9304D805F05EFB1DB0BDE8F08305F10F
:20AC80002C03DD19AE4695F8038095F802905EF8080F95F804C0DB5DDEF80410DEF808208E
:20ACA0008DF82C3048EA0927DEF80C30ADF826702CF07F0ECCF3C2078DF828E08DF8297028
:20ACC00095F8018095F805E08DF82B800CF0070C05AF182C8DF82AC08DF82DE00FC700F0F6
:20ACE000E08018216B5C002BC4D04A1CA242C1DA6A18507802304718A742BBDC023B062B87
:20AD0000B8D80FF2080C5CF823F000BF33AE0000D9AD00007DAD000075AC000075AC000095
:20AD200075AC000029AD00002028A3D193788DF86430802B9ED892F809C0D37892F808806B
:20AD4000D07A8DF8653010316B184FEA0C4C92F80AE09A684CEA086C4CEA000C6858596857
:20AD6000DB684CEA0E2C0DF1500ECDF860C0AEE80F00A74280F295803946B3E710287FF406
:20AD800079AF294492F807C08B7A91F8069091F8088091F80EE0D17A507A41EA0321D37B6F
:20ADA000ADF824104CEA092C40EA08205179ADF834C0ADF8360092F803C01079527B8DF897
:20ADC0002EC043EA0E23ADF832308DF82F008DF830108DF83120CCE707287FF74BAF05EB8F
:20ADE000010C53799CF804E092F802C092F807808DF84CC01B0443EA0E6392F806E0D2789D
:20AE00008DF84D200CF1070243EA0803D21043EA0E2302F1070E86451293BFF62BAFBCF10E
:20AE2000800F3FF627AF083129440EA806F038FE9FE705287FF71EAF137992F803E092F877
:20AE400002C08DF868C0D90941EA4E018DF86910C3F3011E51798DF86AE003F00F038DF831
:20AE60006B308DF86C10BCF1000F82D0BCF1070F0DD0BCF1020F7FF4FDAE07287FF7FAAE5F
:20AE80009179D3798DF86E108DF86F3071E707287FF7F0AE9179D37943EA0123ADF86E30B0
:20AEA00067E705A93046FFF7F7F8E3E6BC2000202025002010250020001E3C0000048000DE
:20AEC00008B5084B1B7B4BB10748017EA1F1FF01B1FA81F108304909FFF7ACF9BDE8084041
:20AEE00005F028BA2822002020250020F0B583B00E461746054603F059FE044610B120461D
:20AF000003B0F0BD0C20FEF7BFFB22460146CDE900672846012303F0E7FD0446204603B05E
:20AF2000F0BD00BF70B50446FFF7AEF8084B094D198809482C314B1900225A70944218BFA5
:20AF400020464A550223BDE870409B2104F02CBBBC20002020250020882300202DE9F04F5A
:20AF60008BB00646FFF790F800F068FF10B1002E00F02C81974B984A1B88984D2C339C188A
:20AF8000697B995495F85230637000F057FF002867D0FF23194695F85320914F95F854C057
:20AFA000A170002AE3700FCF95F80E80A0600CF0070C14BF6FF07F0E4FF0000E4CEAC807EA
:20AFC0004EEA070700202771EF7BE160226163616771A071E07100F031FF002846D12B7845
:20AFE000002B43D06978A878A376CA0142EA0012E87849080243E17602200621072B22778F
:20B000002076617600F0DB80022B40F0DF80A879EA7963772021A077E27727234FF02908F3
:20B0200009932823CDE907384FF02B092A23CDE905394FF02F0A2E23CDE9033A2D222C2326
:20B04000CDE9013222238B464FF0260C4FF030084FF0250E4FF024094FF0230A00932127E4
:20B0600026E0B5F84E30190ADBB294E71F23099321222023CDE90732232022232727CDE995
:20B0800005302623CDE903374FF0250E2423CDE9013E18211A238B464FF01E0C4FF0280875
:20B0A0004FF01D0E4FF01C094FF01B0A00931927042060540098AA8AEB8A0E21E1554FF0CE
:20B0C00000072754297C099F04F80A10687CA97C04F809004FEA122A04F80E1004F80CA046
:20B0E000E255079AA968059F95F840C0180AA054089A287EA3540A8C6B8B4FEA122E04F8E0
:20B1000007E0069FE255019A4FF00007A754029AA054039A190AA154049AA354BCF1000FFA
:20B120000FD100F08BFE18B92E4B002E08BF1E464346304601229B210BB0BDE8F04F04F0A2
:20B1400033BAD5F83CE095F841A0DFF89C90082504F8085004EB0B05B9E80F0085F812C029
:20B160004FF01E0C85F811C04FEA1E6C85F814C085F818C0CEF3074C85F815C085F819C0F3
:20B180000BF12009CEF3072C5FFA8EFE85F816C085F81AC085F813A085F817E085F81BE0EB
:20B1A0000BF11C0C04EB0905002744F80C700BF1300844F809006960AA60EB60B1E7EB88ED
:20B1C00060771A0A2021E377A27726E70BB0BDE8F08F00BFBC20002020250020282200204A
:20B1E0004422002088230020542200202DE9F041074600F0ADFE304C8046606C00F0B2F990
:20B200000646FEF741FF237B002B52D0636C002B4FD0B8F1000F4CD0002E4AD0A37B002B44
:20B2200047D0264B264A1B88617B94F858C02C339D18002F99540CBF002380236B70052032
:20B240000023122180221C342871697185F803C0EA71AB70AB7103CCD8F800C0D8F804200E
:20B26000D8F808E0D8F80C80C5F808C0EA604FF0060C14226A76C5F81E00C5F82210C5F8FD
:20B280001480C5F810E0AB76EB762B776F7785F818C056F8083FA4F108007468C5F82630ED
:20B2A0000222C5F82A402E23BDE8F0419B2104F07BB9BDE8F08100BF28220020BC200020FD
:20B2C00020250020F0B583B00E4615460190FEF7DBFE0A4B0A4A1B880A490198497B2C33C8
:20B2E0009C1899540027042303229B21A670E570677003B0BDE8F04004F056B9BC200020B5
:20B30000202500202822002008B5074804F09EF8064804F09BF8064804F098F8BDE8084034
:20B32000044804F093B800BF7001002064010020580100204C010020704700BF014B0022E3
:20B340001A7070472822002008B500F017F908B1808808BD4FF6FF7008BD00BFB0B138B579
:20B360000446858800F00AF968B183884FF6FE722B44934207D8204600F000F948B1808837
:20B38000284480B238BD4FF6FF7038BD4FF6FF7070474FF6FF70F3E770B50646FFF7DEFF34
:20B3A0000B4B0446586CFFF7D9FF336804F1BF05044623B9A542B4BF0020012070BDF8F72A
:20B3C0002FFF3368C01AB0F5963FF3D9002070BD2822002088B138B5094B0446DD8AFFF7AC
:20B3E000BDFFA2884FF6FF7153198B4228BF0B46984238BF184680B238BD4FF6FF70704780
:20B400002822002008B500F0B9F828B18088B0F5007F8CBF0020012008BD00BF10B5044640
:20B42000FFF79CFF034620461C4600F0A7F840B18388B3F5007F05D8B4F5004F8CBF002078
:20B44000012010BD002010BD70B50E46F0B10446FFF7E4FF0546AEB13046FFF7DFFF88B1A7
:20B46000DDB1164D6B6CA34220D09E4217D02046FFF774FF05463046FFF770FF85420CD2CE
:20B48000204670BD002DFBD1002070BD0029FBD00846FFF7C3FF0028F6D0304670BD2046E2
:20B4A000FFF77AFF0028E2D03046F7E73046FFF773FF0028E4D16B6CD7E700BF2822002076
:20B4C00010B500F03BF828B1044B9B68BDE810405B6918474FF6FF7010BD00BF2822002097
:20B4E00070B5044608460D46FFF7EAFF06462046FFF7E6FF86428CBF2846204670BD00BFFD
:20B5000008B50C4BD3F82821824204BF0022C3F82821D3F80421824204BF0022C3F80421DD
:20B52000054B01461868FAF7B7FCBDE8084000F051BC00BF28220020A0010020024B0146E8
:20B540001868FAF7DBBB00BFA001002020B1044B9B685B6903B118474FF6FF70704700BF40
:20B560002822002008B5044B01461868FAF7F8FCBDE8084003F03ABBA001002008B5044B07
:20B5800001461868FAF7ECFCBDE80840FAF726B8A00100202DE9F041274C237B82B00027DD
:20B5A0004BB3264D80462868FAF77AFB014610B34FF6FF76A3685B690846B3B101919847A8
:20B5C000B0420199034610D0E28A82420DD8B4F814C00846BCF1000F11D0B4F84C20624478
:20B5E000B24228BF3246934209DD2868FAF724FB01460028DED1384602B0BDE8F081A3682E
:20B600000191DB68984701990028EED0B8F1000F07D1A368019138469B6998470199074681
:20B62000E3E708460191FFF7A9FFF9F7DDFF01990028EED1D9E700BF28220020A0010020CB
:20B6400008B5FFF79BFFBDE80840F9F7CDBF00BF70B50F4D696C814219D00E4E0446306835
:20B66000FAF762FC21463068FAF744FC686CFFF779FF03F001FB03F0E1FA2046FFF772FF7F
:20B68000002103F00FFB01236C6485F85B3070BD28220020A001002038B50B4D0020FFF7DD
:20B6A000D7FF2868FAF7FCFA50B104462046FFF727FF21462868FAF7BFFA04460028F5D197
:20B6C000BDE83840FEF7E0BCA001002008B503F06DFA03F065FA034B01461868BDE8084090
:20B6E000FAF70CBBA001002038B5FEF7C1FAF8B90546FFF74FFF0446D0B1FFF73FFFF9F705
:20B7000073FF68B90E4DD5F82831A3B16B6CA34209D00120FFF73EFF38B10446204638BD4A
:20B72000074BC3F82851204638BD6B6C002BFAD10024204638BDC5F8284100F0C1FAE5E73F
:20B7400028220020024B03491868FAF753BA00BFA001002001B5000030B5134D134995F804
:20B76000553080249C40A1FB043483B0A3092B66FEF7CAF90E4A0F4912682B6E0092E40986
:20B7800004FB00F0A1FB002104EBD1315A1A2A660124094AA5F8564005F1A4000023F9F7B0
:20B7A00023F903B030BD00BF28220020D34D62102422002001800080B1B8000000B583B05A
:20B7C000FEF7A2F90A4B0B491B680093A1FB0031490A01EB8101A0EBC11081B2064A07485E
:20B7E00001F5A0710023F9F7FFF803B05DF804FB24220020CDCCCCCC51B800000C23002042
:20B8000008B5054BD3F80401FFF7ACFE18B1BDE80840FFF7A3BB08BD2822002010B50B4C56
:20B82000012384F85A30FFF7C9FF94F9582094F85830207E0133002AB4BFDBB203F07F0396
:20B8400084F85830BDE81040FFF7D0BC2822002010B50B4C94F85A30207E013384F85A30F9
:20B86000FFF7C4FC94F85A30042B03D8BDE81040FFF7A4BFBDE810400248FEF7EBBB00BF0B
:20B8800028220020242301000348002290F85C1100F59670FFF716BD28220020024B1B7B83
:20B8A00003B97047FEF760BB28220020FEF7ECBB10B582B0FEF7D6FB68B3184C94F85630B1
:20B8C00073B9637C217C94F855200B449A42BCBF013284F8552002B0BDE81040FFF73CBF5D
:20B8E000FEF7C6F928B9A37C1BB194F857209A4206D2B4F84E30A4F850300020FFF72EFB8C
:20B90000074B216E1B680093064A0748002384F85630F9F769F802B010BD00BF2822002073
:20B9200024220020B1B80000CC22002000B583B0FEF7EAF80A4B0B491B680093030AA1FB03
:20B9400003134FF4345101FB130081B2064A074801F5B4510023F9F747F803B05DF804FBD4
:20B96000242200200B5BB00581BC00003023002000B5104883B0F9F799F810B903B05DF804
:20B9800004FBFEF7C1F80C4B0C491B680093A1FB0031C90AC1EB0111A0EB012081B2084AA9
:20B9A000044801F5F0610023F9F71EF803B05DF804FB00BFB8130020242200208988888893
:20B9C000C5B9000008B5FEF753F950B9094B1A7B42B15A6C32B1B3F84E204FF6FF739A42B1
:20B9E00000D008BD0020FFF79DFABDE80840FFF7BFBF00BF2822002010B5124C237B43B9BE
:20BA0000FFF7B6FFFEF740FBBDE810400E48F9F711B83C20FEF7DEFA3C2004F045F8237BF3
:20BA2000002BEDD0636C002BEAD0B4F84E204FF6FF739A42E4D0FEF727FBBDE810400248B3
:20BA4000F8F7F8BF28220020D813002010B5FEF709FB48B1094C94F8553013B1627C9A4230
:20BA600002D200F0EBF900B110BD637C84F8570084F85530BDE81040FFF76EBE282200206C
:20BA800030B50A4D2B7B83B00BB903B030BD084B084A1B68009300230446194605F1C400EC
:20BAA000C5F80441F8F7A0FF03B030BD282200202422002001B8000010B50C4C237B82B0E0
:20BAC0000BB1A37B0BB902B010BDFEF71DF8084B084A1B680093C0F3080000F580710023C0
:20BAE00004F1E400F8F780FF02B010BD28220020242200201DB8000070B50E4C227B82B08D
:20BB00000AB902B070BD03460D469A6859680068DB68A4F85C5104F596740FC4064E074AB5
:20BB200033680093002320461946F8F75DFF02B070BD00BF282200202422002089B80000F5
:20BB4000134B1A7B12B1197EFF2900D1704710B55C8B82B001FB04F1CC01FDF7D5FF0D4B2C
:20BB6000A3FB00231B0BC3EB0313A0EB432080B200F5F050084B094A1B680093844288BFFC
:20BB8000241A214606480023F8F72EFF02B010BD2822002089888888242200201DB800002E
:20BBA0000C2300202DE9F041334CF8F739FB237B002B39D0D4F8285115B12846BDE8F081EC
:20BBC0000746606C18B1FFF73BFD002852D0FDF79BFF00EB800303EB031303EB032300EB0C
:20BBE000430080B2254E45F25553984230681FD9FAF756F80446B8B14FF6FF7706E021461A
:20BC00003068FAF719F804460028D6D02046FFF717FD0028F3D12046FFF798FC0DB1B8426E
:20BC2000EDD207462546EAE700252846BDE8F081FAF736F804460028F6D04FF0000806E08F
:20BC400021463068F9F7F8FF04460028B5D02046FFF7F6FC0028F3D12046FFF78FFC0028BE
:20BC6000EED0036815B1FA1A4245E9D9A7EB03082546E5E7656CA0E728220020A001002021
:20BC800038B5FFF78FFF0546FFF76CFC30B104462846FFF773FC2046FFF760F9034B1B7BF3
:20BCA00003B938BDBDE83840FFF740BE28220020024B1B7B03B97047FFF738BE28220020AC
:20BCC00010B50A4C237B82B00BB902B010BDFDF71BFF074B074A1B680093C0F30801002390
:20BCE00004F58470F8F780FE02B010BD282200202422002081BC000010B5084C237B03B9EB
:20BD000010BD04F18400F8F7D1FE0028F8D104F18400BDE81040F8F7AFBE00BF282200203B
:20BD200010B50C4C237B82B00BB902B010BD04F18400F8F7BBFE0028F7D0074B074A1B689D
:20BD4000009304F1840000234FF41641F8F74CFE02B010BD28220020242200209DB800003D
:20BD600000B5084B084A1B68084883B04FF4F05100930023F8F738FE03B05DF804EBFFF717
:20BD8000F7BD00BF24220020F9B90000D813002010B50F4C2046F8F76FFE04F12000F8F727
:20BDA0006BFE04F14000F8F767FE04F16000F8F763FE04F18000F8F75FFE04F1A400F8F7A3
:20BDC0005BFE04F1D800BDE81040F8F755BE00BF8C2200200848037B03B9704700B5074B71
:20BDE000074A1B6883B06430009300231946F8F7FBFD03B05DF804FB2822002024220020D5
:20BE0000ADB80000044B187B20B193F85C00003818BF0120704700BF28220020054B187B30
:20BE200030B193F85C00A0F10200B0FA80F04009704700BF28220020704700BF014B187812
:20BE4000704700BFD720002010B50023C0E90033C0E902330A7D07320446D20805F020FEBC
:20BE600020460249BDE8104003F0AEB91825002008B50E48002340F2FF214FF4D0524380B5
:20BE80008380C3800381438183810180C28103F031F8FEF7A9FAFFF755FCFFF761FFFFF705
:20BEA00033FABDE8084003F0EFBD00BF8823002010B50A4C237B012B00D010BDFFF73EFB8E
:20BEC0000028FAD0D4F82831984204BF0023C4F82831BDE81040FFF77DBF00BF2822002026
:20BEE000024688B10B4669B110B4084C03CC1060516053F80C1F5B68D360916001205DF87B
:20BF0000044B704708467047704700BF44220020704700BF7F2801DD7F290EDD884206DCE0
:20BF200013DA081A7028D4BF002001207047401A0F28CCBF00200120704701F58071081AB2
:20BF40001028D4BF0020012070470020704700BF2DE9F843194E377B17B196F840700FBB4E
:20BF60003E46174C4FF0000804F1540594F820301BB194F82130012B05D01C34A542F5D1C2
:20BF80004046BDE8F883237C04F11009FE2B3A464946304609D06EB105F074FD0028ECD15D
:20BFA000C846EAE7FF082C36DBE7637C802BE4D0002EF1D104F11009C846DEE728220020FE
:20BFC000A023002000B585B001466846FFF73CFF684602F049FF08B103F042F8034B002230
:20BFE00083F8402005B05DF804FB00BF2822002078B370B54B1E7F2B84B00C4606D812F06B
:20C000004001154605D1084604B070BD002004B070BD134B0026E21DD2080146C3E90066C8
:20C02000C3E90266184605F03BFD4FF0FF33A0F12C020146684682F8404082F84150D36301
:20C04000FFF702FF684602F00FFF18B1012004B070BD704701460122684602F073FFF5E761
:20C060005422002010B4164A164B17490020106083B012680192019AD3F8102522F00F02B7
:20C0800042F00802C3F81025D3F8082542F00302C3F80825D3F804254FF4803422F003025B
:20C0A0004FF48070C3F80425C3F80443C1F88001086001221A6003B05DF8044B704700BF5B
:20C0C000408100400080004000E100E0034A044B01211160D3F84405704700BF4480004021
:20C0E00000800040064B1A6802B97047002282B01A601B680193019B02B000F003B800BF9E
:20C1000040810040054B186838B110B400241C60D0E901215DF8044B10477047F813002049
:20C120002DE9F0410488752C064607D07C2C37D0A4B1002303800320BDE8F081DFF8D0805E
:20C140002E4D98F800202E4F00233B602B6012B32C4CE256002A41DB2B6832E02A4F274DA1
:20C16000FDF78AFB294B3A6818702C60002A43D02346244C984604F80380002193688020ED
:20C1800098472B6801332B6057F82320002AF2D1DBB21F4A1370752333800120BDE8F081F4
:20C1A0001A4B1B788B4216D1144D164CDFF86080134F2B683A68E15C01F07F010132E154AC
:20C1C0003A6098F80020013393422B60C1DB3B68002BB9D1DFE70120BDE8F0810A4A0B49E8
:20C1E00052F8232009780020FDF7D8FB0028E0D17C23338001209FE71346CAE7001400203A
:20C20000FC1300201C210020240100203D2B0020D820002070B50488672C06461BD0792C8D
:20C2200033D05CB300230380032070BD1E4C1F4923681F4A0978581C002520602846D554FF
:20C24000FDF7ACFB1B4B2A4618688521FDF7A6FB30B300232360184C134D06E00A28E5D098
:20C260000D28E3D02B687E2B15DD2046FDF774FC431CF3D167233380012070BDFDF7FCFA46
:20C280000A4A094B10701C60E5E7852901D0012070BD054CDDE706495A1CC8542A60E4E716
:20C2A00079233380012070BD841400203E2B0020041400202422002088140020044B054AA8
:20C2C0001A607F22002104489A809971FDF7DEBA8814002090140020C4010020014B024A29
:20C2E0001A607047101500200100FD0010B51A4C0220A179FDF7B4F9A379112B17D0062B52
:20C3000007D03A2B1DD0BDE8104000210120FDF7A7B9124B1B8828331A191B5B51889942B1
:20C32000BDE8104028BF19460120FDF799B9618D238D9942BDE8104028BF19460120FDF792
:20C340008FB9064B28341B88195B49BABDE8104089B20120FDF784B920250020BC200020EB
:20C3600070B414780D7A84F00204A542064624D00B891BB94B89B3F57F4F0FD01F4A14686F
:20C3800001F1080303CB04F108031360012202FA06F320606160D8B270BC70478B89FE2B5C
:20C3A000ECD1164CC989236823F8021B022202FA06F02360C0B270BC7047487A53789842F4
:20C3C000D6D1887A93789842D2D1C87AD3789842CED1087B13799842CAD1487B5379984239
:20C3E000C6D1887B93799842C2D1D379CA7B9A42BED1032202FA06F0C0B2CDE7CC1B0020EA
:20C400000F4B1A78012A19D110B459880288914203D000205DF8044B70474288998891420D
:20C4200000F10200F5D1D98830F8022F9142F0D1428819899142ECD11846EBE700207047F2
:20C440001015002038B5154A154C164B24781B68156815492A460144181905F021FB60191F
:20C4600080B2FDF741F8FDF7F9FAA8B10F4B00219B6804460E48984704F03CFA2046FDF79C
:20C480002BFB2046FDF712FB0A4B1B68012B03D0032B01DC012038BD002038BDD81B0020EF
:20C4A000DA200020DC1B002020250020E8200100B9C40000D01B002070B5124B1B680C46FE
:20C4C000154613B19B68084698470F4B0D201C60FDF7DAF80D490646F9F786F900B170BD55
:20C4E0002A4621463046F9F793F8094B304621462A465B6C984729462046BDE8704002F011
:20C5000089BB00BF1C150020D01B00202C2101003C2301002DE9F0410F468046FCF7FEFFBC
:20C52000134B1978461A731E6D2B08D8114800230446A57871343DB101330C2BF9D14FF0B9
:20C54000FF363046BDE8F081C3EBC3040A4A03EB0413C418126800F8038003331144184494
:20C5600032466770A67005F09BFA3046BDE8F081DA20002020150020DC1B00202DE9F0476D
:20C5800007461446002A3BD1644EB1468846B9F80A3092464FF0FF3523BB6B1C2ED009F1B4
:20C5A000B009D4B16A1C15D0B02404FB05F406EB04090C20A9F80A80A9F80870FDF764F848
:20C5C00001464846F9F70AF904F110003044402102F0FEF92846BDE8F087B9F80A30012436
:20C5E000002BDAD009F1100002F008FA002861D1691CD4D1B9F80A30002BD0D165B2CEE761
:20C60000464E3389834208D0B6F8B830BB4224D04FF0FF352846BDE8F0877389002BF3D0BF
:20C620000C20FDF731F801463046F9F7DDF80028EAD00025EFB238462146FFF76BFF00281A
:20C640001ADB0028E4DDB02303FB05666DB2B3891844B0812846BDE8F087B6F8BA30002B8B
:20C66000D6D00C20FDF710F801462D48F9F7BCF801250028CCD0DDE7738963B3002D48D087
:20C68000284802F0BBF90028C2D0274B002103F24C5071819A781AB11A780AB99A70013146
:20C6A00071338342F6D10029B2D021463846FFF731FFC6E71C4BA9F80AA003F24C51E0B211
:20C6C0009A7822B11A78824208BF83F802A071338B42F5D161E7B6F8BA30002B98D0002D64
:20C6E00096D1124802F08AF9002891D00E4B0021A6F8BA108C4603F24C509A782AB11A78B7
:20C70000012A04BF83F802C0013171338342F4D1C9E7B6F8BA30002BE3D179E76C1A002061
:20C720001C1B00207C1A0020201500202C1B00202DE9F84315090F2D02F00F0408BF102584
:20C740000F2C06461F462DD0A04619B12A46304605F0A6F905EB08020F2A04DD5CB9D5B90F
:20C760000120BDE8F883C2F110020021701905F0BFF9002CF3D01A4ADFF868901768D9F8EA
:20C780000030DB1B03EB0807FCF7C8FE87420EDD0020BDE8F8833046394602F015FD0120AF
:20C7A000BDE8F8831024A0460029CFD1E3E7D9F80070C8F1100030443946224605F070F9E9
:20C7C000022C05D03C44C9F800400120BDE8F8830A2DF7D8FF22FE23F2723373F2E700BFAA
:20C7E000DC1B0020CC1B00202DE9F04F3A4928220A703A4A002387B013700446FCF7C2FE21
:20C80000FCF778FE364B374A1B6810600BB1FFF76DFD042003F068FE01460520FCF720FFA3
:20C820003149324E002C18BF21460D20FCF724FF2F4B9B69984700280446306011DD274B92
:20C84000284A1B78D2F800B0DFF8B0A002330BEB030505F126010BEB00029142CAF8005005
:20C8600003D3002007B0BDE8F08F00220BF803202048FFF7C5FD03461F481F46FFF7C0FDB7
:20C880008046002F00F0FF816B1CCAF8003080230193DFF86C9099F8011099F800200B0949
:20C8A00043EA0213D8B2C3F3850343EA801311F00F0F58B202F00F02DBB223D1B9F802C08E
:20C8C000BCF1000F1ED121F00F010A4340F0E0817823049327E000BFDB200020DA20002081
:20C8E0001C150020DC1B00202C210100D41B0020E82001002825002038250020CC1B002079
:20C900002025002021F00F0C52EA0C0200F0AB81DAF80020D9F80010116002F8043B602122
:20C920000491CAF8002099F80630112B00F0B981002B00F0B6813C2B00F0B381A3F12B02B5
:20C94000012A40F2AE81DAF8002002F8013BCAF8002099F80730402B00F0CE82FF2B00F0B4
:20C96000C682012B00F0BE82DAF8002002F8013BCAF80020B9F80830002B40F00382B9F88F
:20C980000C10B9F80A30B9F80E200B43B9F810101343B9F812200B43B9F814101343B9F82F
:20C9A00016200B4313439BB2002B40F00D82019B43F04003019399F81830FF2B00F02B8220
:20C9C000B8F1000F00F0698298F801202B7813432B700D20FCF758FEBB4902460020FFF7A7
:20C9E000BFFC019F0743FFB247F004030593B74B3468DAF80050D3F800B0B54B0193019BA0
:20CA00001E78112EA8464FF000075CD04EB13C2E00F04C812B2E00F054812C2E40F0918002
:20CA2000022607F1280149444A780B780191D200112B02F1080200F04081002B00F03D81B4
:20CA40003C2B00F03A812B3B012B40F236816B1C0BEB04008342BFF404AFCAF800309D18F6
:20CA60008542BFF4FEAE1846CDE9021205F018F8039A0299CAF800500346D0B2A0F1020CAF
:20CA800083F801C0934B93F800C00B781744914A6044112B107000F00E81002B00F00B81F2
:20CAA0003C2B00F008812B3B012B8CBF0023012343EA460363F01F0388F80030019B1E78A5
:20CAC000112EA846A2D128376A1C39F80710CAF800200B0A43EA01239BB223F00F024FF28F
:20CAE000B00609EB0701B24290B24A8800F0FE80120292B2B2F5704F00F0178103F47F430F
:20CB0000B3F5704F00F0FF802B46F02203F8052B0BEB04029342BFF4A4AE59F80700C5F8A6
:20CB20000100CAF8003003F1020842457FF699AE6848C9880278198002F10803CAF800806D
:20CB40000370654D049A2B78644E0BF80320614A5B441178059A5A703388A8EB0B085FFAA1
:20CB600088F85A1A02EB0800A04285F8008040F3EF80A4EB0805043D25F00705053C521B9F
:20CB8000121B002ACCBF02F1FF37032724F00708C4BF97FBF8F70437FCF75AFFB842FFF4C5
:20CBA00060AE002DFFF65DAE484A4D4BD2F80090494AB3F800A092F800B0DFF82CC1494F42
:20CBC0000AF101021A8049465A46002309F10400CCF8003004F072FF33883F4A89F803A0AC
:20CBE0001B0A63F03F0389F80030338889F80130384B3D604FEA1A2A0BF1040B187889F8A4
:20CC000002A082F800B0FFF71DFC00283FF429AE33882E492F4D09683A682D782E481B0A06
:20CC200063F01F030B7033884B7015443388ADB205229D42027009D3A0E03A683388154491
:20CC4000ADB2AB4240F29A80204A11685B1BEA089C42B8BF43460A7128463B60FFF7F2FBAC
:20CC60000028EAD1FDE5DAF8003020F03F0001431970B9F80220A3F801200333CAF800301A
:20CC8000682304934FE600287FF4FEAD019000E6DAF8002002F8013B70230493CAF800204C
:20CCA00041E6049B43F00403049352E607F1280149440326B8E60123FAE62B460BEB0400C1
:20CCC000CDE60126ADE600BF38250020DC1B002026250020DB200020DA200020102500209F
:20CCE000B6200020D81B0020D01B0020130A43EA02239BB223F00F02824276D003F47F437D
:20CD0000B3F5704F11D02B46F22203F8042B0BEB04029342BFF4A5AD39F80700CAF800301C
:20CD2000000A687048886880FDE62B46F12203F8042B0BEB04029342BFF493AD39F80700CC
:20CD4000A5F801004888CAF80030000AE870EAE68B428CB2FFF485AD49440BEB080004F092
:20CD60009FFE3088001B404480B2FCF7BDFB864B86489B680021984703F0BCFD012007B0BC
:20CD8000BDE8F08F17BB48F2FE0293420BD1B9F81A30B9F81C10B9F81E200B4313439BB2FA
:20CDA000002B00F0AE807A4FDAF800E00FCF0EF11007CEF80000CEF80410CEF80820CEF867
:20CDC0000C30CAF80070F6E5002FECD078782B78704A6F4943EA00132B700420FFF7C0FA6B
:20CDE00060F03F00C3B20193E5E52B46F32203F8022B0BEB04029342BFF433AD39F8076027
:20CE00004888CAF80030360A000A00EB061000F5AA60687087E699F81930019A022B42F0ED
:20CE200008020592B9F81A2075D04ABBB9F81C1031BBB9F81E20B9F82000B9F8221002436B
:20CE400092B211431AD199F82420002A00F0898099F82220A2B9DAF800504F4901982A4666
:20CE600040F0090002F8013B0B68C5F801300B79059006351371CAF80050BEE5002AE7D074
:20CE8000464DDAF800600FCD06F1100530607160B260F360CAF80050AFE5B9F8182048F256
:20CEA000FE039A4215D1B9F81A30B9F81C10B9F81E200B4313439BB25BB90D20FCF7E4FBE4
:20CEC000364902464046FFF74BFA019B0343DBB28CE5324DDAF80060019F05970FCD06F12A
:20CEE0001005D3E7049B43F00103049342E5049B43F0030304933DE5049B43F002030493D0
:20CF000038E5244A22490420FFF72AFA019F0743FBB201934FE5002AB2D1B9F81C10B9F843
:20CF20001E20B9F82050B9F822000A432A43B9F8245002432A4392B2002A7FF479AF99F894
:20CF40002620002A7FF475AFDAF8005099F8273005F8013B019BCAF8005043F00B03059300
:20CF60004BE5DAF8005001980D492A4640F00A0002F8013B059008888B78A5F80100043591
:20CF80009370CAF8005038E5E8200100B9C40000282500201825002043250020382500200A
:20CFA000452500202DE9F04F0C2091B0814F824CDFF81C82FCF768FB4FF0000BF8F78CFBFC
:20CFC00087F800B084F800B0FCF794FAC8F80000FCF7A4FA10B911B0BDE8F08F03F0AAF9E0
:20CFE0000420FCF743FB0146062003F087FA0320FCF73CFB0146072003F080FAD8F80030D3
:20D000001A8852BAC2F3072101F0F801C02992B200F0A680E02967D158881D792378C2F351
:20D020000A0940BA053380B22A4649462370FFF7A5FAB0F1FF3F8246CDD0604ACDF808B0E7
:20D04000B02303FB00234FF4A06C9E890123CDE9003C4E4534BF00260126FCF75FFA237896
:20D060008342B8D8FCF75AFA23783F78544AC41A07EBC5052544B5F5A06F146000F2F98188
:20D08000BBF1000F0BD00199E2198A42A3DCD8F800100BEB07001944224604F001FDB9F1DC
:20D0A000000F00F0FB81029B3BB1444AB02303FB0A233A1992B29A811A83002E40F064824D
:20D0C000009B002B87D13C441FFA84F93D4C3E4A2368A2F8009023B1FFF708F923685B683D
:20D0E000984701F029FB76E7DA46D946CDF800B04FF4A062DFF8DCB0019222783348995CE6
:20D1000001F0F0050026F02D067047D001F0E000602861D041297FF45EAF511C53FA81F3B7
:20D1200003F1200C59461E685D689868D3F80CE0C1F80CE0103363450E604D60886001F1A9
:20D140001001F0D118685B684B6008603B782833293200263B70009B2270354602937CE7CD
:20D1600058882378C2F30A0940BA043380B25A4649462370FFF702FAB0F1FF3F82463FF47B
:20D180002AAF0E49D8F80030B02202FB001202F11A0B94210122CDE90021AEE70132D2B26B
:20D1A00001F00F0511F00E0F227005707FF413AF995CABE7DB200020DA2000206C1A0020AE
:20D1C000D81B00201C15002010250020D9200020DC1B002020250020FCF7A0F92278029049
:20D1E000531C8342BFF6F7AED8F8001088188B5C90F901504678039502F1020EBC4A01EB15
:20D200000E00002D1060BCBF01301060D80600F14D81B74A10681A07A0EB010500F190817D
:20D22000029A0335AA427FF7D6AE054630F801CFAF4A80788BF80300ABF801C015F8040BFA
:20D240009BF801C01560850805F0300545EA80150CF00F0CC0F3830040F0600045EA0C0C66
:20D260008BF800008BF801C013F0040205920CD19F4A1068029A451AAA427FF7ACAE9C4A6C
:20D2800010F8015B8BF80650106013F0030300F04A819848C35C8BF807307506C6F301131C
:20D2A00040F1B281039A002AB6BF11F80E2000221209002B40F02A810BF1080519468E4A14
:20D2C0000691D25C04920C20FCF7DEF9049A069903462846FFF72CFA00283FF47CAE16F062
:20D2E000080306F0030200F0A08170071FD4531E40F2FF21012BADF83C100DD87C48D8F854
:20D3000000100368029D591A8D427FF764AE13F8011B8DF83D100360784900238A5C0BF107
:20D3200018000FA9FFF704FA00283FF454AE3B786F4A2833D2F800C0D8F800203B70029B43
:20D340000492ACEB020293427FF745AE059B002B00F014820BF10603059300220BF1280327
:20D36000CDF82CB0CDE90C9A089266469B465AE05F49049BB51C0D600299EA1A914273786D
:20D3800009937FF728AE2A46594B12F8016B1A60049B0A921146A1EB030A06F1020C069BD0
:20D3A00006F1010E19F0040F4FEADC093344D64409F1FF3A324606935FFA8AFA7FF40BAE4F
:20D3C000079D4F4B5B5D059DCDF814B02B70019B069D9D423FF7FFAD5FEAEC0C00F01282CC
:20D3E000099B8BF80030029B8BF801A07345FFF6F2AD04F055FB4FEAC909089B0A993A7882
:20D400005FFA89F94B44DBB20893394B0E441E60039B0AF1010A91440BEBCA0B87F80090D3
:20D42000002B00F0F3810B9B32780499ABEB03030233069302F0F00C02F00103751C0393FB
:20D44000BCF1E00FC2F342030BF10200A5EB01014FEA5209079340F0A681254A1560029AA1
:20D460008A427FF7B8AD039B002B81D00023099389E72449244B5FFA8AF0B02202FB00122C
:20D480000024548103F24C519A781AB11A78824208BF9C7071338B42F6D19CE5009B002B7C
:20D4A0003FF411AE002E7FF411AE94E513F0080563D10F4A1068029AA0EB010C62457FF73B
:20D4C0008AAD90F800C00A4ACCF3830C4CF0600C8BF800C010F801CB10604FEA9C0000F037
:20D4E000300040EA8C10ABF802508BF80100BBE6CC1B0020CC230100D0230100D823010035
:20D50000B42301006C1A002020150020C549087801287FF460AD487890427FF45CAD0231C0
:20D520000BF10805CBE6C04A029D1368581A85427FF751AD13F8010B8BF807001360ACE6BA
:20D54000029A02354FF0600CAA428BF800C07FF742AD90F800C0B44A4FEA9C0505F030056F
:20D560000CF00F0C45EA0C0C8BF801C0B0F80150ABF802500330106076E660250020ABF8D4
:20D580000050ABF802006FE6DFF8BC82B02303FB0AF308EB03025589B2F818B0A2F80C90E0
:20D5A0005D4568D3B5F5A06F65D81A3308EB03015A469E489E4E04F073FA9C4BA5EB0B02FD
:20D5C00003EB0B00002104F093FAF51E06F24C5B02E07136B34574D016F8012C002AF8D00C
:20D5E00016F8033C9A45F4D116F8023C8F4802EBC301B1F5A06F4FEAC3033146184400F2ED
:20D60000258104F04DFAE4E78A4A0C20D25C0492FCF73AF8049A884903460BF10800FFF7C3
:20D6200087F800287FF45BAED5E4710738D50399002906DA2178D8F800300B449B7803F0F6
:20D640000F03784D297801297FF4C5AC697899427FF4C1AC794B0D209A5C0392FCF714F82D
:20D66000039A0346A91C0BF11800FFF761F800287FF45DAEAFE4B0235FFA8AF003FB008A35
:20D680006F4B0024AAF80A4003F24C519A781AB11A78824208BF9C7071339942F6D19AE464
:20D6A000644B0D209A5C0392FBF7EEFF039A624903460BF11800FFF73BF800287FF437AED6
:20D6C00089E45FFA8AF1B02303FB018A00205D4AAAF80A00AB781BB12B788B4208BFA870FC
:20D6E0007135AA42F6D1009B002B3FF4ECACEDE40299013399427FF76EAC9CF801301B094C
:20D70000A3F575639BB21B0243F0F00333809CF8013003F00F03A3F575639BB21B0243F07F
:20D72000F0037380404B0CF102051D6053070CD43D49049A0B6802989A1A013290427FF75D
:20D740004AAC33F8022BF2800B60FBF7E7FE364AD8F8001012680346B9F1000F00F0AF80CC
:20D76000089AA9F128039B1A9BB21A0212B21B0A3978134301F10802B3803A702A4BD8F816
:20D7800000201B689B1A2370B9F1000F71D0A9F128031A1200268BF80530009B8BF8042093
:20D7A0003546029359E4049B0299B446ACEB030399425E46DDE90C9ADDF82CB07FF70BAC82
:20D7C00002F0F802F02AD9D10199A6EB0B0207328A42BFF600AC059911220A709CF80020FC
:20D7E00002F0F301F03903293FF6F5AB01A050F821F000BFFDD80000D1D8000093D8000077
:20D80000F1D600008BF801C0FFF7E5BB049B029ADDF82CB0F31A9A42DDE90C9AAEDCFFF7A6
:20D82000DABB00BF10150020CC1B00202025002023150020D4230100B8230100D0230100C3
:20D84000201500206C1A00206C1A0020B02303FB0A823249002353815FFA8AF0AA781AB198
:20D860002A78824208BFAB707135A942F6D1FFF7B2BBFBF753FE21783A78431A1344283B00
:20D880005BBAABF80430009B02934E464D46FFF7E4BB0299033399427FF79DAB9CF8013081
:20D8A000A3F580539BB21B0243F0F0033380BCF8023073801A4B0CF104051D6036E7521A70
:20D8C000C2F1080213449BB21A0212B21B0A4FE70299033399427FF77EABBCF801303380C9
:20D8E0009CF80330A3F580539BB21B0243F0F00373800B4B0CF104051D6017E702990433CA
:20D9000099427FF768ABBCF801303380BCF803307380034B0CF105051D6007E76C1A0020CB
:20D92000CC1B002038B54368934294BF03F1FF35154604462A46006804F0B2F8D4E90032EE
:20D940002B44521BC4E90032002038BD0CB410B586B008AA029052F8043B094C0192084639
:20D960000390194604A802ABCDE9044300F0BCF8029B00221A7006B0BDE8104002B070475E
:20D9800025D90000074B82B001AA9A42019304D9CD2103F8011B9342FBD10348002102B049
:20D9A000FBF774BF502B0020D401002038B5124C124D02F09FFF2378CD2B08D0AC4202D34A
:20D9C0000EE0AC4212D014F8013FCD2BF9D1AC4202D30BE0AC4209D014F8013FCD2BF9D0F9
:20D9E00002F088FFAC4203D2281B38BD02F082FF4FF0FF3038BD00BF502B0020000004205F
:20DA000070B50388044633B1972B0DD1154BDB6873B1012070BD13484FF4A061F7F73CF9B1
:20DA200097232380012070BD00230380032070BDFFF7BCFF0C4E0D4BF61AB04205460DD9AF
:20DA40000B4B1B68002B09DD0A4A0B490B48FBF777FE0B4832462946FBF772FE0148F7F7A7
:20DA600025F9DDE7E01B002000000420502B0020FC000020DC230100602101000C2001001F
:20DA8000E423010010B50446F6F7E6FBD4E900321344C01A6FF0004398422CBF00200120D9
:20DAA00010BD00BF102A2DE9F041144606460D460DD90C4F01E0102C0CD9336828681022C0
:20DAC0003946103C98470028F5D0BDE8F0811046002AFAD03368286802492246BDE8F0419B
:20DAE000184700BF542401000B78002B00F0DF842DE9F04F91B0904600228A4681460092D7
:20DB000004E01AF8013F002B00F0D680252BF8D1514500F00381AAEB0104D9E90030224647
:20DB20009847002840F05881009A9AF8003022440092002B00F0C3809AF801300AF1010460
:20DB4000002B00F0BC800021A3F12002102A0AD8DFE802F0AF0909AC09090909090909A96D
:20DB600009A60909A100A3F13102082A40F2BD802A2B00F0C88000262E2B00F0AB804FF075
:20DB8000FF3B6C2B00F09F80682B00F0CA807A2B03D1637841F060010134782B00F2EA80BE
:20DBA000DFE813F08D00E800E800E800E800E800E800E800E800E800E800E800E800E80046
:20DBC000E800E800E800E800E800E800E800E800E800E800E800E800E800E800E800E800C5
:20DBE000E800E800E800E800E800E800E800C401E800E800E800E800E800E800E800E800C8
:20DC0000E800E800E800E800E800E800E800E800E800E800E800E800E800E800E800E80084
:20DC2000E800E800E800BD01E800E800E800B601AF01A801E800E800E800E800E800E80036
:20DC4000E800E800E800E800E800E800E800E800E800E800A101E800E800E800E800E8008A
:20DC6000E800E800E8009A01E80093011F015B0169016201E8001F01E800E800E800E800E4
:20DC800085017E017701E800E8007001E8005401E800E8004D0141F0100114F8013F53E7A3
:20DCA00041F00101F9E741F00601F6E741F00801F3E741F00201F0E78A457FF42CAF009868
:20DCC00011B0BDE8F08F63786C2B31D0013441F0600162E76378A3F13000092804F1010214
:20DCE0002BD92A2B3AD0144649E7002606EB860603EB460614F8013FA3F13002092AA6F17E
:20DD00003006F3D938E7D8F800606378002E08F10408B8BF41F0010101342DE79AF80030EF
:20DD200007E76378682B20D0013441F0400134E7A37841F0800102342FE74FF0000B0BEB7C
:20DD40008B0B03EB4B0B12F8013F2F2BABF1300B40F29282392BF2D9144612E7A378D8F8BB
:20DD600000B0023408F104080BE7A37841F02001023412E701F4E0630F46B3F5A06F04F1F1
:20DD8000010A39D000F29181B3F5407F00F09C81B3F5806F40F0D180D8F80050019508F130
:20DDA0000408002D40F02082C44B01930625BBF1000F02DB5D4528BF5D46AE428CBF761BFA
:20DDC0000026F80740F12382D9E9003001992A469847002800F0B9814FF0FF3011B0BDE847
:20DDE000F08F01F4E06343F48073B3F5A06F41F4245704F1010AC5D1012ED8F800308DF891
:20DE00002830354638BF0125FA0705F1FF3508F1040840F11C82D9E9003001220AA998476C
:20DE20000028D9D12A4609F104014846FFF73AFE009B01330028CFD1EB1800933FE001F4A4
:20DE4000E06343F4807341F4C85796E701F4E06343F4807341F410678FE701F4E06343F491
:20DE6000007341F4024788E701F4E06343F4007341F4813781E701F4E06343F4007341F4F4
:20DE800000777AE701F4E06343F4806341F4806773E701F4E06343F4407341F440776CE781
:20DEA00001F4E06343F4807341F4885765E704F1010AD8F80030009A1A6008F104086378AC
:20DEC000002B3FF4FCAE514620E601F4E06343F4A06341F4A06750E701F4E06343F40073D6
:20DEE00041F4C13749E701F4E06343F4807341F4B24742E701F4E06343F4007341F4A1371D
:20DF00003BE701F4E06343F4007341F4844734E701F4E06343F4007341F442472DE701F439
:20DF2000E06343F4007341F4E13726E701F4E06343F4C06341F4C0671FE7B3F5807FBED170
:20DF4000BBF1000FABBF27F010070123CDF804B0019317F40053069307F0E00300F01D81DE
:20DF6000402B00F07C8200F20B81002B00F05A82202B40F09E8298F9002008F10408D31798
:20DF8000002A73F10001C0F21D82CDE9022307F4C053B3F5805F00F08C81B3F5C05F00F07D
:20DFA000E781B3F5006F00F0AD81002305939B460DF13E030493019B9B4534BFA3EB0B0347
:20DFC000002341F60802019307EA020141F208039942019B00F0138191425B4404D1DDE90F
:20DFE00002120A4340F0588100250795069A7AB1059A002A40F04C8107F00602022A00F04A
:20E0000054812F49062A079A04BF0A46012507922B449E428CBFF31A0023029317F00103A6
:20E02000059307D1FE0640F1F381DDE901210A44CDE901233DB1D9E9003007992A469847E8
:20E0400000287FF4C9AE009B019F5B44102F009340F2B2811B4ED9E9003010223146103F4A
:20E06000984700287FF4B8AE102FF4D8D9F800301449D9F804003A46984700287FF4ACAE2E
:20E08000D9E9003004995A469847009B1D4400287FF4A2AE019B2B449B46059B002B40F0A4
:20E0A000ED80029B5B44009309E7B3F5C06F5BD0B3F5E06F3FF4FDAE01E700BF4824010049
:20E0C0004024010064240100D8F80010C948CA4D17F4804F08F104080A464FF0000314BF06
:20E0E0008346AB4600296AD00DF13B0E7146100902F00F0C40EA03701D0902462B461BF850
:20E100000C0001F8010D52EA0300F0D1BEEB010557D003357823AE4201F8013C4FF03002AC
:20E120004FF0230301F8022C01F8033CA1F1030B8CBF761B0026F9077ED5D9E90030594695
:20E140002A46984700287FF447AE324609F104014846FFF7A7FC009B2B441D4600287FF43A
:20E160003BAE73190093AAE6D9E90030A3490122984700287FF430AE009B013300939EE6C8
:20E18000602B00F04F81802B40F0938108F1070828F00708F8E80223F2E6402B00F0578106
:20E1A00015D8002B00F04481202B40F0998198F800200023CDE9022308F10408E7E60DF17F
:20E1C0003B01302301F8013C04250139A2E7602B00F02E81802B40F0838108F1070828F065
:20E1E0000708F8E80223D0E62B78002B00F0488115F8013F002BFBD1019BED1AD7E5012BFF
:20E2000038BF01230025019307955B44EEE6324609F104014846FFF745FC00287FF4DCADBB
:20E220000199D9E900302A46984700287FF4D4AD009B2B441D4694E7324609F104014846FA
:20E24000FFF730FC00287FF4C7AD5946E9E72A4609F104014846FFF725FC00287FF4BCAD06
:20E26000D9E9003001220AA99847009B013300287FF4B2AD2B44DFE514468EE4029A09F199
:20E2800004014846FFF70EFC00283FF40AAFA3E55B4A07920125BBE65A495B4A17F4804F28
:20E2A00018BF0A4607920225A0E6584A07920125AEE6DDE9022313433FF477AEDDE9022378
:20E2C0001846002315460593DDE902230DF13E0107918C464FEAD20B4BEA437B02F0070135
:20E2E0004FEAD30E30315A4673460CF8011D52EA0301EFD1079BCDF810C0CDE90250A3EB5B
:20E300000C0B58E6DDE90223134300F0C88000230593DDE902120DF13E03CDE9086407939F
:20E320008B46154604971C46584629460A22002303F02CFA303204F8012D584629460A227A
:20E34000002303F023FA2F465E46002F08BF0A2E83460D46E8D2079B049F089E0494224682
:20E36000A3EB020B099C26E600220023CDE9022317F4804365D10593DDE902231E4DDDE979
:20E380000201014300F085800DF13E000790110902F00F0E41EA03714FEA131C0A46634645
:20E3A00015F80E1000F8011D52EA0301EFD1079B0490A3EB000BFEE5019B002B3FF460AE62
:20E3C0001F4653E6524207F4C05163EB4303B1F5805FCDE9022355D0B1F5C05F45D00123E8
:20E3E000B1F5006F059394D00DF13E0304934FF0000BE0E5202401000C240100502401003C
:20E400003C240100342401003824010044240100029A09F104014846FFF744FB00283FF4C3
:20E4200009AED9E4D8F8002008F10408D317A7E5D8F8003000221946CDE9021208F10408AD
:20E44000A5E50021DDE90223324D059197E7B8F800200023CDE9022308F1040897E5B8F993
:20E46000002008F10408D3178AE57B0405D50121DDE90223274D059186E7012305937BE723
:20E48000019DB9E6DDE9022318460123154605931AE70DF13E034FF0000B04938BE54FF00F
:20E4A000000B0DF13E03CDF814B0049383E51846704707F4C053B3F5805F06D0B3F5C05F43
:20E4C0003FF452AFB3F5006F13D0002305939B4600230022CDE902230DF13E0304936AE52D
:20E4E00007F4C053B3F5805F08D0069B05939B46EEE74FF0000BCDF814B0E9E706990591E8
:20E5000000230022CDE902230DF13E038B46049351E500BF20240100074A08491368184481
:20E52000884202D8106018467047054B0C221A604FF0FF3318467047E4010020000004200B
:20E54000342B002010B44FF080414FF080520020C1F80C015E4BC1F81001C1F83805D2F84E
:20E560000414C3F82015D2F80814C3F82415D2F80C14C3F82815D2F81014C3F82C15D2F823
:20E580001414C3F83015D2F81814C3F83415D2F81C14C3F84015D2F82014C3F84415D2F873
:20E5A0002414C3F84815D2F82814C3F84C15D2F82C14C3F85015D2F83014C3F85415D2F8C3
:20E5C0003414C3F86015D2F83814C3F86415D2F83C04C3F86805D2F840043E49C3F86C0586
:20E5E0000968D2F84424C3F87025082924D04FF08043D3F80024D20744BF6FF00102C3F819
:20E600000024354AD2F8883043F47003C2F88830BFF34F8FBFF36F8F4FF01023D3F800221A
:20E62000002A23DBD3F80432002B1FDB2B4B2C4A1A605DF8044B70472A4B1B68002BD6D101
:20E6400029482A4A2A4C04602A492B4BFB20C2F818050A681B68294822F00F0203F00F0392
:20E6600013434FF400720B600260C0E7244A0123C2F80435D2F80034002BFBD04FF0102330
:20E6800012211F4AC3F80012D2F80034002BFBD04FF0102312211A4AC3F80412D2F8003445
:20E6A000002BFBD000231649C2F80435D1F80034002BFBD0BFF34F8F0749124BCA6802F497
:20E6C000E0621343CB60BFF34F8F00BFFDE700BF00C000403001001000ED00E0E80100206E
:20E6E0000090D003340100108C56004000F0004048810300E40E00405802001040960240A0
:20E7000000E001400400FA0510B5014682B004460120F7F73BFC38B9064BDB680193204688
:20E7200002B0BDE81040184701F004FE002002B010BD00BFBC230100002108B50846F7F788
:20E7400025FC18B1BDE8084001F0F4BD024602210348FBF745F9BDE8084001F0EBBD00BF15
:20E76000EC01002070B5384D2B8888B0002B36D0B3F5A06F31D8354C608B238BA28BE18B53
:20E7800003431343228C608C0B431343A18CE28C03430B4313439BB2FBB12D4E736B9847E9
:20E7A000D8B1237EFF2B1CD004F1180000F05CFB20B12B889BB100F04DF810E0336C04A885
:20E7C000984780B104AC204600F0F0F9054648B3284600F0E5F9FFF797FF01F0ABFD08B0DB
:20E7E00070BD0020F7E704F1180000F01FFBB8B904F1180000F01EFA054658B100F018FAFB
:20E8000004460028DFD12846F36C9847284600F013FAE2E700F074FA04460028DDD0D2E7C0
:20E820001834D0E702A8214600F0D8FC092301952A46009302A92046012300F055F905467D
:20E840000028C5D1C9E700BF10250020202500203C23010008B5012001F08CFA034B1B882B
:20E8600003B908BDBDE80840FFF77CBF1025002038B50388044623B340F2353083420FD1D0
:20E8800087293BD010D801292ED0022903D1234B1B88002B3ED140F235332380012038BD10
:20E8A00000232380032038BD8829F4D11C4B9A42F1D1D368002BEED100F0D6FBFFF752FFD2
:20E8C000E9E7FAF7D9FF174B0246402116481A70F6F7E2F901F0F6F9144B5B68984740F2D1
:20E8E000353323800120DAE7002AD4D0104B05201A6001F03FFAFFF735FFCCE70D4B0025DF
:20E9000003F5807099698A4208BF1D8220338342F8D1C0E7FFF79EFFBDE700BF1025002008
:20E92000002500203F2B0020F01B00203C230100242A0020342A0020074B1B6843B128336D
:20E94000186820B105495A680978FBF749B87047034B1B681833F3E72C2A00203F2B002035
:20E96000242A0020802802D1024B00221A600120704700BF04C500400120704730B5134C09
:20E980000123236083B0FDF7A1FB6FF003031D1A03E0FDF79BFBC54203D5D4F80031002BFD
:20E9A000F7D00A4B0022C3F80021D3F80825D3F80835920544BF6FEA83536FEA9353034AE8
:20E9C000019301235360019803B030BD00C0004010B541600446F5F723FC206010BD00BFCC
:20E9E00010B50446F5F71CFCD4E90021C2F101031844884284BF5218226010BD10B504463E
:20EA0000F5F70EFCD4E90032C3F10103184482422CBF0020012010BD30B4144B1448154D3F
:20EA20004FF0A04100220324C3F80025C1F874474FF00054C1F80845C1F87C271F241D21A3
:20EA4000C3F8245582B0C3F86C25C3F81445C3F80C15026001680191019C074A0420012183
:20EA6000C3F80005116002B030BC7047002000401C21004000E0D70108200040074B084970
:20EA8000084A0020186082B01B680193019BD1F818051368C0B202B0184700BF082100409B
:20EAA00000200040001C002050B110B5054B04469B6C984721460448BDE81040F7F7ECB939
:20EAC000704700BF3C230100FC01002008B5F6F769FEBDE8084002490248F7F78BB800BFC0
:20EAE000A9EA0000FC010020F8B505469DF818200B481E46079BF7F761F9044668B1094B49
:20EB0000D5F800C06F68A968EA689B6CC0F800C047608160C260467498472046F8BD00BF92
:20EB2000FC0100203C230100002834D02DE9F041884688B061B307461848F7F7DFF806460D
:20EB400030BB3D682868EB686968AA6803AC0FC428462B8A2380FFF7A7FFC8B10523009347
:20EB60009DF81C209DF81D300196414603A8FFF7BBFF0546386058B103AC0FCC28606960A2
:20EB8000AA60EB6023882B82304608B0BDE8F0814FF0FF30F9E74FF0FF307047FC010020F4
:20EBA00001460148F7F7DCB9FC01002070B5B8B105460D48F7F774F8044688B10A4E03E0DF
:20EBC000F7F73AF8044658B129461022204602F059FF034621463046002BF1D1204670BDCB
:20EBE0000024204670BD00BFFC01002001460148F7F784B8FC01002008B5FFF7D7FF28B149
:20EC00000146BDE808400248F7F7AAB908BD00BFFC010020704700BF08B50348F6F70CFF0E
:20EC2000024B00221A6008BD0C020020241D00200020704700207047704700BF0C4B1B6899
:20EC4000A3B1984210B5044602D105E0A34203D01B68002BFAD110BD21460548F6F718FE0A
:20EC600021460448BDE81040F6F714BF704700BF241D00200C02002038B5054670B1084B7B
:20EC80001C6814B908E0246834B110222946201D02F0F8FE0028F6D1204638BD0446FBE78E
:20ECA000241D002070B5C0B10E460546FFF7E4FF0446A8B128686968AA68EB68251D0FC566
:20ECC0001EB901232377204670BDA661F5F7C4FA002360612377204670BD0024204670BD93
:20ECE0000548F6F7BBFE04460028F6D001460348F6F7B0FDDEE700BF0C020020241D0020AA
:20ED000038B5084B1C685CB1251D2846FFF74EFF08B1437C13B92468002CF5D1284638BD0A
:20ED20002546FBE7241D002038B50A4D2C6824B1237F1BB12468002CFAD138BD04F1140089
:20ED4000FEF7A0FE0028F5D02046FFF777FF2C68EDE700BF241D00202DE9F04702FB010688
:20ED6000B0429DF820A0DDF8249016D20446174698464FEADA0A05E002F084FEA8B13C4407
:20ED8000B4420AD2257C204652464146002DF3D1C9F800403C44B442F4D3D9F80030002B20
:20EDA00014BF01200220BDE8F087C9F80040BDE8F08700BF004870476C1D002080B32DE954
:20EDC000F041DFF8648082B0CDE900184FF0000C0D4617461E46044603461C221148C8F8FE
:20EDE00000C00321FFF7B8FF012803D0002002B0BDE8F081D8F800C08CF810002068E368A7
:20EE00006168A26864460FC4D8F80000089B4361099B45748774C674836102B0BDE8F0814D
:20EE200000207047AC240020941D0020F8B50C4B0C4E1C460546336003F15407237C204648
:20EE4000294623B1627CD20802F01CFE28B11C34BC423460F2D10020F8BD0120F8BD00BFC3
:20EE6000AC240020941D0020A0B130B583B00A4C01948022034600250092084825601C22C8
:20EE80000321FFF769FF10B9206803B030BD002003B030BD002070478C1D0020B0230020AC
:20EEA000F0B4124B124F05461A463B60184603F15404002148F2FE0608E0437CAB420AD033
:20EEC0001C30A0424FF001010CD00246037C002BF6D06B1CF1D10388B342F1D121B13A6038
:20EEE000F0BC704738600020F0BC7047B02300208C1D002000B370B582B0104D0195802338
:20EF000000930446034600260D482E6012220721FFF722FF012802D0002002B070BD2B68C2
:20EF2000187420686668A168E268186028685E609960DA6002B070BD00207047901D002020
:20EF400028240020002847D02DE9F04782B0234E01968023009388460346914604464FF0D2
:20EF6000000A1F48C6F800A01C220321FFF7F4FE0128054603D0002002B0BDE8F0873768A4
:20EF8000387420686168A268E3680FC7376887F81290B8F1000F16D1FD7412480122FF23DA
:20EFA0007A740373637B4373E389C38140F2FF2100224FF0807380E80E00FFF79BFF306865
:20EFC00002B0BDE8F08787F813A0C7F81880F5F743F978613768E0E7002070478C1D0020D3
:20EFE000B02300207C1D0020A0B130B583B00A4C0194802203460025009208482560122266
:20F000000721FFF7A9FE10B9206803B030BD002003B030BD00207047901D0020282400206A
:20F0200038B50D4BFF221A73427B5A7304464FF0807140F2FF2000251860E2899960184629
:20F040005D60DA81FFF7D0FF044B186000B105740023237438BD00BF7C1D0020901D0020EE
:20F0600008B1FFF7DDBF704738B5124B124C1846236003F1540504E020681C30A842206096
:20F0800010D2037C002BF7D0C37C002BF4D11430FEF7F8FC0028EFD020680028EDD0FFF777
:20F0A000BFFFE9E7FFF740FEBDE838400348F5F7FDBD00BFB02300208C1D002000250020C0
:20F0C0002DE9F04F0B8848F2FE094B4505463BD00B78FF2B38D03A483A4E00230246306067
:20F0E00000F154089A4603E01C324245326022D0107C0028F8D0507C0128F5D1108848454B
:20F10000F2D001F1FF3C571E00201CF801BF17F8014FA34500F1080E3FD15FFA8EF08028BA
:20F12000F3D1504528BF134602F11C0228BF824642453260DCD12BB31C460FCC2860696044
:20F14000AA60EB60BDE8F08F1D4B1E4E1946336003F15404002048F2FE0705E01C33A342AC
:20F160004FF001000DD019461A7C002AF6D05A7C012AF3D11A88BA42F0D10028DCD0316004
:20F18000DAE7336000232B806B80AB80EB802B816B81AB81EB81BDE8F08F00F1080E8BEAFC
:20F1A00004045FFA8EFE670014F0800F00F1010CFCB2B6D15FFA8CF08645F4D1B1E700BF79
:20F1C000B02300208C1D00200B684A688360037AC26083F002030372704700BF51F8083FD9
:20F1E0004A6803600378426083F002030370704770B5094E70684508FAF786FC0446FAF7EC
:20F2000083FC24027268A4B22044B0FBF2F302FB1300284470BD00BFA0230020F0B53C4AAF
:20F22000548813889088D1881589234303430B4354899089D1892B43234303430B439BB249
:20F2400083B023B9C2E90133FD21D3601160314E314CFFF73BFCFFF7DFFC542200212F48F6
:20F2600002F046FC30464FF48472002102F040FC2B492C4B4FF4A0604EF660224027306071
:20F2800072601C20102286F806711A700870FFF7AFFF002539464FF47A77CDE90055F76059
:20F2A00048F2FE072B46B0602A4686F80751C4E900752046FFF782FD1B4B1868596804F1AF
:20F2C000080303C3237A2946012283F002032046237240F2FF26FFF735FE4FF08073E360C6
:20F2E000C4E9015520462660FFF704FE4FF00073C4E90065C4E902532046FFF7FBFD0B48BA
:20F300004FF4F05103B0BDE8F040F5F7C5BC00BF6C1D0020A02300207C1D0020AC24002080
:20F32000A9240020A824002018250020002500202DE9F047DFF8548008F108030FCB84B048
:20F340006E4686E80F0098F8077000F0DDFC0E4B1C689CB1DFF838A0DFF8389065683946E8
:20F36000304645B1BAF80030B9F800202C3B2C329BB24244A8472468002CEFD100F0DAFFA6
:20F3800004B0BDE8F08700BF981D00202025002010250020BC200020F8B51C4F1C4A3B7E1C
:20F3A00092F80621FA71FF2B22D007F1080696E80F00184D07F1180485E80F0094E80F0002
:20F3C00086E80F0095E80F0084E80F00124C00F09BFC23882833FA1881200021F8525180CF
:20F3E00000F06CFC23880D4A1344C0435880F8BD07F1080494E80F0007F1180585E80F00AC
:20F4000029462046FFF75CFEE0E700BF20250020A0230020A01D0020BC2000204825002093
:20F4200008B5094B1B6863B11A7A8242FAD15A7A914201D0FF2AF5D15B6813B19847002014
:20F4400008BD012008BD00BF9C1D002001460148F6F7D2B99C1D00202DE9F84F494B1B7804
:20F460003A2B05460E46174600F08480464C62892389A1891343E2890B43218A1343628AE8
:20F480000B43A18A1343E28A0B4313439BB2002B42D0237AFF2B3FD03C4BDFF804A11B6BA4
:20F4A000DFF8F0B0DFF8F090984704F11808BAF800C098E80F000CF1300C1FFA8CFCBCF5FE
:20F4C000A06F28BF4FF4A06C8BE80F000023ACF13002214604F13000AAF800C0A9F80030B4
:20F4E00002F0ECFA04F108030FCBDFF8B8E09BF800C09EF806E184F807E088E80F004FF0FA
:20F50000600E3A23BCF1FF0FC4F800E0A37107D1042D01D1022E03D0BDE8F84F00F00ABF32
:20F520001B481C4900F12408FFF7CAFDB9F800B00BF128033846E5541C44A8F10405667012
:20F5400000F0EAFEBAF8001048F80B00283989B2A8F12C0000F032FFB9F800302B440022D2
:20F560005A8000F0ABFBB9F800302B44C0435880BDE8F88F084A094B1288D356002BFFF63B
:20F5800075AFC9E7DD200020202500203C23010028250020A01D0020BC20002048250020E2
:20F5A00010250020A02300202DE9F8439EB21D4B1D4C93F80631E3710546331D60208846A2
:20F5C000206099B220463A231746A37100F0F6FE2DB328686968AA68EB68DFF8549004F1F2
:20F5E00018050FC504F10800A5F11001FFF768FDB9F8003028331A19002103F80480577045
:20F60000518000F05BFBB9F80030084A1D442C36C04368801680BDE8F843FFF7A3B8BDE886
:20F62000F88300BFA02300202025002010250020BC20002008B505480549F6F7DDF8BDE838
:20F64000084002480349F6F7D7B800BF9C1D002024020020180200202DE9F04F9C4E9D4F0D
:20F66000B6F800C039880CF140028A4285B003D8994CE379FF2B04D000F05CFE05B0BDE85D
:20F68000F08F0CF12C0020440379FF2BF4D004F1280363445B78002BEED1DFF854A28F4DC7
:20F6A000CAF800300CF1420E14238E452B8071DADFF8409204F1080B04F12C0812E02B888C
:20F6C000B6F800C039880CEB030242440CF12C00527803EBC2039BB2C21802F1020E8E45D6
:20F6E0002B8056DA63442C33E01840780028C3D0E35C012BE3D102F109038B42BCDA618953
:20F700002389A0890B43E1890343208A0B43618A0343A08A0B43E18A03430B4322449BB2C3
:20F72000CAF80020002BA7D052F8020F516802AB03C35846FFF73AFA0246C9F8000098B1A4
:20F74000FFF72EFA0146002896D0DAF800000822023002F097F980B9D9F800305A7C002ACC
:20F76000ADD102225A74AAE705230190009302A902235846FFF7B8F9A1E702A94846FFF770
:20F78000D3F90028FFF678AFD9F8003002225A7495E720440430FFF767FB514D28600028AC
:20F7A0003FF46AAF62892389A1891343E2890B43218A1343628A0B43A18A1343E28A0B43B7
:20F7C00013439BB2002B3FF457AF464F3846FFF74BFB00287FF450AF228B40F2FF239A425C
:20F7E0000CD1A28B638BE18B1343228C0B4313439BB21BB9638CB3F5807F57D0DFF8F880D0
:20F800004046FFF731FB2B6883427FF435AF97E80F0088E80F003388434418330FCB87E8AE
:20F820000F0000F087FD60232B482360282100F0C5FD328829682C4F02F1280002F12C03CE
:20F840004FF63A7E4FF0880CE025A4F806E024F800C0E55440322344D1F800C0D1F804808D
:20F86000D1F808E0C96819612518A018C3F804C0C3F80880C3F80CE002210023D7F800E0D9
:20F880007F68A1544170C0F802E0C0F80670C0F80A30C3816B8000F011FA3388134A134488
:20F8A000C2435A80502000F07DFDE7E694F82430FF2BA3D197E80F0007F1100C8CE80F001F
:20F8C00033883B4428330FCB87E80F00A9E700BFBC2000201025002020250020B82000203E
:20F8E000B01D0020282500201825002048250020B81D0020B41D0020382500200148FFF722
:20F90000A5BD00BF3002002010B5084B84B09B690C4601466846984721466846102202F0C5
:20F92000B1F8B0FA80F0400904B010BD3C23010070B50B4B1C6844B106460D4615B1A36876
:20F94000B34205D02468002CF8D10024204670BD29462046FFF7D8FF0028F3D0204670BD85
:20F96000BC1D002030B5114B87B005465B69019102A8984701992846FFF7DAFF02A9044620
:20F980002846FFF7D5FF5CB184420CD01023646934B1A04207D0013BF9D1184607B030BDDA
:20F9A000204607B030BD012007B030BD3C23010070B515460646FFF7BBFF30B104464069C8
:20F9C00018B115B183689E4200D070BD2946FFF79BFF0028F9D063683C2B84BF3C23636049
:20F9E00070BD00BF2DE9F8439146064698460F46FFF79EFF494604463046FFF799FF0546B9
:20FA0000B9F1000F00D068B3E4B1C4E901863A46394652F8083F52682261E3603046FFF7FD
:20FA2000A1FF18B965612046BDE8F8833046394666696561FFF796FF0028F4D166612046DA
:20FA4000BDE8F8830D48F6F709F80446A0B10023436101460A48F5F7CFFE0A4A136801338C
:20FA60001360D2E7024649464FF0FF333046FFF7B9FF05460028C7D10024D4E73C020020A6
:20FA8000BC1D0020501F002010B5044B044800241C60F5F7D1FF034B1C6010BD501F0020FC
:20FAA0003C020020BC1D00202DE9F047184F3D6895B1DFF86080DFF860900646BA462C4614
:20FAC0002D68636853B15A1C04D0B3428CBF9B1B00236360002DF2D1BDE8F0873B6813B921
:20FAE00005E01B681BB15A69A242FAD1F2E721465046F5F7CDFE21464046F5F7CBFFD9F85F
:20FB00000030013BC9F80030002DD8D1E4E700BFBC1D00203C020020501F0020F0B50B4E44
:20FB2000346883B084B10A4D0A4F0194214630462468F5F7ADFE01993846F5F7ABFF2B683B
:20FB4000013B2B60002CF0D103B0F0BDBC1D0020501F00203C020020013AF0B48E18B14233
:20FB60001DD2CF43F51925F001030D1D1D448A1C12F8024C12F8013C03EB04239BB21844CF
:20FB800080B2834288BF013002F1020288BF80B2AA42EDD1F31923F00103023319448E4257
:20FBA00001D0F0BC7047337800EB032080B2B0EB032F3CBF013080B2F0BC704770B5134D13
:20FBC00082B00646284600F0FDFB114B1C88031B9BB2ADF80630BDF8063016FA83F005F1A7
:20FBE0000801202280B2FFF7B7FFBDF8062004F12801294492B2FFF7AFFF18B140BA80B299
:20FC000002B070BD4FF6FF7002B070BD20250020BC2000202DE9F0414678C478F60008369C
:20FC2000231D9E4200F102021FDB0221DFF88880074602340D461378012B0AD0632B1FD0CF
:20FC4000DBB103F0C003802B2FD0C02B21D0402B1CD02C44A5B26B1CB342294627DA7A193F
:20FC6000547802346319B342E5DD124B04200221D21AFFF7F1FB022009E00135ADB2EAE76C
:20FC8000D8F83830384698470028E2D10120BDE8F081084B197EFF29F8D0D21A02210420B0
:20FCA000FFF7DAFB0220BDE8F081024BF5E70020EDE700BF202500203C2301003A20FFF750
:20FCC0007DBF00BF08B500F025FCFFF7A7FAFFF7B1FCFFF713FE0A4B0A4900224FF480602D
:20FCE00008801A821A86A3F85020A3F87020A3F89020A3F8B020A3F8D020A3F8F02008BD59
:20FD0000342A0020BA20002070B5164B1C8804B3154E328804F1270393421DDA134D144BC3
:20FD200004F12801283A1B78AB71121B294405F1280001F0C3FE604200B200F015FB04468C
:20FD400040B131882839284689B200F037FB204670BD0124204670BD002400F0EBFA204623
:20FD600070BD00BFBC2000201025002020250020DD2000202DE9F04F042885B037D09E4D1C
:20FD80009E4C9F4F2F600528276017D09D4E3388272B07D917F83C3C03F0F003602BA7F1F9
:20FDA0003C0B75D0DFF87C82974F00F0C3FA00233B7088F8003005B0BDE8F08F934B1B6897
:20FDC0001B8A002BEED092488E49DFF85C92DFF8548200230C3F08222F60276003600B80D6
:20FDE000A9F8003088F80020FEF7A6FD03E0DFF83892DFF83082B9F80030002BD4D0DFF866
:20FE000020B2804A834C03F108015846303389B2138000F0D3FA7D4B21881B68B9F8002029
:20FE20001D7D8BF8075028310BEB0100083252BA112600258BF80660C58082801A8A602503
:20FE4000ABF800502BF801205A8A42800FCB0BF1180585E80F0029460BF10800FFF730F9C4
:20FE6000654B0BF13C0230461A60FFF7A7FE2388C043283380B25B4400286ED0D880002352
:20FE8000ABF80230002388F8003005B0BDE8F08F584600F097FA3388834283D3584600F05E
:20FEA00091FA283081B2B1F5A06F31803FF67AAF594A00235846137000F0BEFA00283FF47E
:20FEC00071AF9BF80830DFF84C81A7F11409A0EB0900FF2BA8F800003FF464AF31880DF183
:20FEE0000F020123584600F073FA18B19DF80F30002B78D04948FEF7B7FF002800F0968058
:20FF0000414F318846484FF0000C01230DF10F0287F800C000F05CFA8246002845D09DF86D
:20FF20000F30062B43D0112B00F002813A2B00F0E380002B00F0D4802B3BDAB2112A36D82D
:20FF4000112B34D8DFE803F018153333333333333333333333333333153C4FF6FF72DA8047
:20FF60008DE71846FFF72AFE4FF6FF73984200F0EA80DFF8B08018E73B785A0717D49AF80F
:20FF8000032043F004033B70002A40F067813188AAEB0B03C91A504689B200230DF10F02D5
:20FFA00000F016FA82460028B9D14FF0000AAAEB0B0201210420FFF74FFADFF8688061E750
:20FFC0003B78980740F194805906F0D443F040033B705046FFF71EFE0128CAD00228D6D10A
:20FFE000DFF840804EE7FFF715FE01283FF4DAAE02287FF47FAFF3E7282A002014250020D8
:020000040001F9
:200000005C25002010250020DC200020242A00202C2A0020BC200020DD2000203825002054
:2000200020250020202A0020302A0020B148FEF7DBFF00287FF464AF9BF81830FF2B3FF4C9
:20004000B1AEBBF81830BBF8082048F2FE018B4200F0BF808A4200F0CD80BBF80A10BBF8AD
:200060000C000A43BBF80E100243BBF810000A43BBF812100243BBF814000A43BBF81610FA
:2000800002430A4392B2002A3FF48CAEBBF81A20BBF81C10BBF81E0013430B43BBF82020BF
:2000A000BBF8221003431343BBF824200B4313439BB22BB9BBF82630B3F5807F3FF472AEF0
:2000C0003388B3F5A06F00F2C0809BF80730012B40F2B380013BDFF834828BF80730D1E6E7
:2000E0003B78DA073FF563AF43F001033B704EE743F002033B706CE71846FFF75FFD4FF6E4
:20010000FF7398427FF435AFB8F8003028330BEB03021BF803005178FFF782F9012800F09D
:20012000E5803388DFF8E481002B7FF4ABAE3CE60193FFF7E9FDB8F80020019B4A44D28886
:20014000002A7FF40EAFB8F8003028339B44BBF802A0BAF1000F3FF40CAF674FDFF8B08170
:2001600007F58079C8F8007004E020374F45C8F800705AD03B8A002BF7D09A45F5D17B8AD0
:200180005E48394610221BB1BBF800C09C45ECD13B682BB97B681BB9BB680BB9FB681BB1D7
:2001A00001F070FC0028E0D13388554ADFF86491DFF85881303B338000231360A9F80030AE
:2001C0000222504B88F800202B602360FEF7B4FB11E69A427FF4E6AD4648FEF727FE024645
:2001E00000287FF4DFAD02210120FFF735F9DFF81C8147E6BBF81A40BBF81C10BBF81E20F2
:20020000BBF8200023430B431343BBF82210BBF8242003430B4313439BB2002BDCD1BBF863
:200220002630B3F5807FD7D1BCE5002204210120FFF712F9DFF8D48024E60022114603203E
:20024000FFF70AF9DFF8C4801CE64FF4A06200210220FFF701F9DFF8B48013E62A4BDB6B51
:20026000984700283FF4A3AE3388B3F5A06FECD89BF80730012BE0D9013B1E488BF80730B2
:20028000FEF7F2FD00287FF492AE1A48FEF7ACFE00287FF48CAE9BF81830FF2B3FF487AE5C
:2002A000BBF81830BBF81A2013439BB2002B7FF497AEBBF81E10BBF81C30BBF82020BBF84A
:2002C00022000B431343BBF82410BBF8262003430B439BB252EA03013FF469AE002B7FF46F
:2002E0007FAEB2F5807F7FF47BAE60E600F022F817E700BF38250020342A0020282500201A
:200300002C2A0020502500203C230100202A0020242A0020302A0020054A030C02EA0022B4
:200320005BBAC0F307209BB2104343EA0040704700FFFF0030B4074B074C084D0FCB84E8E8
:200340000F000749074A00230B8013702B8030BC704700BF641F0020541F00201025002024
:20036000BC200020DD2000200C490B881A18B2F5A06F11D810B40A4C2288C24208D480B2D5
:20038000024418440880228001205DF8044B704700205DF8044B704700207047102500206E
:2003A000BC200020B0F5A06F98BF034A03469ABF13800120002070471025002049BA818063
:2003C000704700BF0379407900EB032080B27047BBB1837913702823994219DB1278062ABC
:2003E000184417D0112A1BD03A2A1FD09A1C8A420ED84278D200083213449942B8BF00204A
:200400007047037813704378DB0008339942E5DA00207047142213449942B8BF002070472F
:20042000082213449942B8BF00207047042213449942B8BF00207047F8B5012307461546F3
:20044000FFF7C6FFD0B10E46044609E0BCF1110F12D0BCF13A0F0FD0FFF7BAFF044668B143
:2004600095F800C0E11B711ABCF1060F20464FF000032A4689B2E9D12046F8BD0024204634
:20048000F8BD00BFF0B585B0012301920DF10F02019D0746FFF79CFF04460E4668B91BE012
:2004A000BCF1060F1AD0BCF1110F17D0BCF13A0F14D0FFF78DFF044670B19DF80FC0E11BB5
:2004C000711AAC4520464FF000030DF10F0289B2E6D1204605B0F0BD9DF80FC0AC4518BF03
:2004E0000024204605B0F0BD07289ABF024B33F810000020704700BF541F0020072803465F
:200500009DBF034A012022F813100020704700BF541F0020054B00224FF6FF71C3E90122B5
:200520001A60DA601A811980704700BF641F00202DE9F04F0E4687B0002972D0002A74D001
:2005400013888146002B44D00024DFF8F4A0DFF8F4B0551CA046022709E0B8F1000F20DBD4
:2005600053D008F10108102F17D00237023515F8012C2B7803EB02239BB2002BEDD0B8F1F2
:20058000000F0EDD4FF0FF38311B09EB04005246FDF7DCF90444A642E5D8204607B0BDE897
:2005A000F08F022F09D1311B09EB04005246FDF7CDF90444A642D8D8EFE7311B09EB040021
:2005C0005A460593FDF7C2F90444A642059BDBD8E3E75388002BB7D19388002BB4D1D38833
:2005E000002BB1D11389002BAED154894FF6FF739C42A9D1D57B947B537B0093CDE9014560
:20060000137B0C4AFDF7A2F9C8E7311B09EB0400094AFDF79BF90444A642BED94FF001088A
:20062000A1E7084607B0BDE8F08F044AFDF78EF90E20B3E7B0240100C4240100A0240100F5
:20064000CC240100C824010041B94FF0A04303214FF40022C3F84C17C3F80C25704700BF97
:2006600030B40A4B0A4D1D604FF080520949146952695C6102FB04F20024C3E90244491BA8
:2006800059601A6130BC0448F0F7F6BF841F002000100000A4260100D02401002DE9F04772
:2006A000032908D8DFE801F009342A021B491C4A00230B701370BDE8F0871A4F1A4EDFF85E
:2006C0006CA08846814606E0402231465046F2F797FC0028EFD14846F2F78EFC3B680546D1
:2006E000002BF1D00028EFD0444600E03B68305D0134E4B29847A542F8D8E5E740220A49AB
:200700000A48F2F77DFC064B01221A70BDE8F087024B00221A70BDE8F08700BFE020002017
:20072000DF2000209C1F002028200020F4240100083808B5062805D8DFE800F00E161F0438
:200740000404050008BD0F490F4A00230B701370BDE80840F0F76CBFF7F75AFE0028F1D1C6
:20076000BDE80840F0F762BF0649074A00230B701370BDE80840F0F771BFBDE80840F0F7EB
:2007800059BF00BFE0200020DF20002008B5F3F7B3FA0948F0F7A6FE00B108BD0748F0F767
:2007A0006BFF0028F9D1F0F729FF0028F5D1044A044B1070187008BD18250100F42401001F
:2007C000DF200020DE200020124B1B780BB32DE9F041114D2B78D3B9104E3378BBB10123C1
:2007E000DFF840800E4F2B70327841463846F2F7DFFB044600F07EF8002CF5D12B7823B1DF
:2008000000F078F82B78002BFAD100233370BDE8F0817047DF200020E0200020DE200020EF
:20082000F424010068200020114B1B78ABB1114B1A783F2A0DD810B419781A780E4C0132FC
:20084000D2B21A701B786054402B0DD05DF8044B70471B78402B05D0704703F0FF02054BD2
:200860001A707047FFF7B0BF5DF8044BFFF7ACBFDF200020DE200020682000204FF0A043C6
:200880004FF49A510022C3F80815C3F80C25704700B5104B93E8070085B001AB83E80700A8
:2008A0000D491846F8F746FD48B90C48F8F77CFD60B90B4B01221A7005B05DF804FBF0F789
:2008C0004DFD0648F8F770FD0028F2D0F0F746FDEFE700BF242501007D080100E12000208A
:2008E000E2200020024B1B7803B97047F8F74EBDE2200020034B1B7803B97047024B187836
:20090000F8F778BDE2200020E120002008B5074B044613B10021AFF30080054B1868836A53
:2009200003B19847204600F02FFF00BF000000003025010070B50D4D0D4C641BA41000265A
:20094000A64209D10B4D0C4C01F048FA641BA4100026A64205D170BD55F8043B984701360C
:20096000EEE755F8043B98470136F2E7C0020020C0020020C0020020C402002038B5104B53
:200980001D68AB6B0446B3B9182000F095F80246A86320B90B4B0C48422100F05DF80B497F
:2009A0000B4BC0E900130B4B83600B23838100210120C2E90401AB6B00221C615A6138BD63
:2009C0005802002094250100AB2501000E33CDAB34126DE6ECDE0500174B10B51C68A36B38
:2009E000B3B9182000F068F8A06328B90246134B13484E2100F030F8124A134BC0E9002311
:200A0000124B83600B23838101220023C0E90423A16B0F480A694B690E4C504304FB0300D5
:200A2000A2FB04345A1C044444F10000C1E9042020F0004010BD00BF580200209425010010
:200A4000AB2501000E33CDAB34126DE6ECDE05002DF451582D7F954C1FB514461A46094B6B
:200A60001B680546D8684CB1074B0091CDE9013406492B4600F00EF801F0E0F8044B1C466D
:200A8000F3E700BF580200202726010034260100622601000EB403B5014603AB054853F80A
:200AA000042B0068019300F0B9F802B05DF804EB03B0704758020020024B0146186800F08C
:200AC00053B800BF5802002037B5002948D051F8043C0190002BA1F10404B8BFE41800F063
:200AE00085FD204A01981368154633B96360146003B0BDE8304000F07FBDA3420BD9216832
:200B00006218934204BF1A685B68636004BF521822602C60ECE71A465B680BB1A342FAD916
:200B200011685518A5420BD1246821445418A3421160DDD11C685B68536021441160D7E71D
:200B400002D90C230360D3E7256861198B4204BF19685B68636004BF491921605460C7E7C8
:200B600003B030BDA8200020F8B5CD1C25F0030508350C2D38BF0C25002D064601DBA9425C
:200B800003D90C2333600020F8BD00F02FFD21490A6814469CB9204F3B6823B92146304670
:200BA00000F092FA38602946304600F08DFA431C23D10C233360304600F01EFDE3E72368DA
:200BC0005B1B17D40B2B03D923601C44256004E06368A2420CBF0B605360304600F00CFD4F
:200BE00004F10B00231D20F00700C21ACCD01B1AA350C9E722466468CCE7C41C24F003046C
:200C0000A042E3D0211A304600F05EFA0130DDD1CFE700BFA8200020AC2000202DE9F04FC9
:200C20000D469DB014469846064618B183690BB900F01EFC894B9D421BD175686B6ED907D8
:200C400005D4AB899A0502D4A86D01F034F8AB891B0701D52B69EBB92946304600F096FA17
:200C6000C0B16B6EDC070ED54FF0FF301DB0BDE8F08F7B4B9D4201D1B568DFE7794B9D4208
:200C800008BFF568DAE7AB899805EDD4A86D01F013F8E9E70023099320238DF82930CDF857
:200CA0000C803023DFF8C0818DF82A304FF0010923469A4613F8012B0AB1252AF9D1BAEB1C
:200CC000040B0BD05B4622462946304600F037FF013000F0AA80099A5A4409929AF800302D
:200CE000002B00F0A28000234FF0FF32CDE905230AF1010A049307938DF853301A935446C0
:200D0000052214F8011B5848F0F77AFA049AD8B9D10644BF20238DF85330130744BF2B23CA
:200D20008DF853309AF800302A2B15D0079A544600204FF00A0C214611F8013B303B092BB4
:200D40004ED9B0B1079214E0A0EB080309FA03F313430493A246D2E7039B191D1B68039176
:200D6000002BBBBF5B4242F0020207930793B8BF049223782E2B0CD163782A2B35D1039B15
:200D80001A1D1B680392002BB8BF4FF0FF3302340593DFF8E4A0217803225046F0F730FA63
:200DA00040B14023A0EB0A0003FA00F0049B03430134049314F8011B2C488DF8281006222B
:200DC000F0F71EFA00283FD0294B1BBB039B073323F0070308330393099B3B44099367E7C0
:200DE0000CFB02320C460120A5E700230134059319464FF00A0C204610F8012B303A092ADE
:200E000003D9002BC5D00591C3E70CFB012104460123F0E703AB00932A46164B04A9304653
:200E2000AFF300800746781CD6D16B6ED90705D4AB899A0502D4A86D00F03EFFAB895B06F6
:200E40003FF512AF099811E703AB00932A46094B04A9304600F012F8E4E700BF54250100DE
:200E60007425010034250100632601006D260100000000003F1B0100692601002DE9FF4719
:200E80000C469146277E0C99782F80469A4604F1430207D8622F0AD8002F00F0D880582F08
:200EA00000F0A38004F1420684F842703AE0A7F16303152BF6D801A050F823F0150F01006D
:200EC000290F0100A50E0100A50E0100A50E0100A50E0100290F0100A50E0100A50E010068
:200EE000A50E0100A50E010035100100590F010017100100A50E0100A50E010057100100E3
:200F0000A50E0100590F0100A50E0100A50E01001F1001000B681A1D1B680A6004F1420648
:200F200084F842300123A3E0256808682E0600F104030AD505680B60002D03DA2D236D4233
:200F400084F843305E480A2319E015F0400F05680B6018BF2DB2EFE70B682568181D086081
:200F6000280601D51D6802E06906FBD51D8854486F2F0CBF08230A23002184F84310666807
:200F8000A660002EA2BF216821F0040121600DB9002E4DD01646B5FBF3F103FB1157C75D11
:200FA00006F8017D2F46BB420D46F4D9082B0BD12368DF0708D5236961689942DEBF3023A6
:200FC00006F8013C06F1FF36921B2261CDF800A04B4603AA2146404600F0C3FD01304CD1EC
:200FE0004FF0FF3004B0BDE8F087354884F8457023680E681F0656F8045B0E6014D5D907FB
:2010000044BF43F0200323601DB9236823F0200323601023B0E7236843F020032360782311
:20102000284884F84530E3E75E0648BFADB2E6E71646BBE70B68266860691D1D0D60350644
:201040001B6801D5186002E07106FBD51880002323611646BAE70B681A1D0A601E686268F6
:2010600000213046F0F7CCF808B1801B606063682361002384F84330A8E723693246494697
:201080004046D0470130ABD023689B0713D4E068039B9842B8BF1846A4E7012332464946A8
:2010A0004046D04701309BD00135E36803995B1AAB42F2DCEBE7002504F11906F5E700BF04
:2010C000742601008526010038B5064D0023044608462B60FDF720FA431C02D12B6803B1BC
:2010E000236038BD342B0020F8B50E461446054618B183690BB900F0BBF9214B9C422BD1F0
:201100006C68A369A360A3891A072FD523696BB323692068C01A6369F6B28342374604DC6D
:201120002146284600F026F930BBA368013BA36023685A1C22601E7063690130834204D0EF
:20114000A389DB0706D50A2E04D12146284600F011F988B93846F8BD0A4B9C4201D1AC683D
:20116000CFE7094B9C4208BFEC68CAE72146284600F00CF80028CBD04FF0FF37EAE700BF2A
:20118000542501007425010034250100324B70B51D6806460C4625B1AB6913B9284600F008
:2011A00067F92E4B9C420FD16C68A389B4F90C2019072CD4DD0611D40923336042F04003A3
:2011C000A3814FF0FF303EE0254B9C4201D1AC68EBE7244B9C4208BFEC68E6E7580712D5DE
:2011E000616B41B104F14403994202D03046FFF76BFC00236363A38923F02403A3810023DF
:20120000636023692360A38943F00803A38123694BB9A38903F42073B3F5007F03D02146C7
:20122000304600F0A3F9A089B4F90C2010F001030AD00023A36063695B42A361236943B9B1
:2012400010F08000BAD170BD810758BF6369A360F4E70020F7E700BF58020020542501005C
:2012600074250100342501008A892DE9F041054610070C4658D44B68002B05DC0B6C002BDF
:2012800002DC0020BDE8F081E66A002EF9D0002312F480522F682B6032D0606DA3895A077A
:2012A00005D56368C01A636B0BB1236CC01A00230246E66A216A2846B047431CA38906D1AF
:2012C00029681D292CD82A4ACA40D60728D500226260D9042269226004D5421C01D12B6871
:2012E00003B96065616B2F600029CAD004F14403994202D02846FFF7E7FB00206063C1E795
:20130000216A01232846B047411CC7D12B68002BC4D01D2B01D0162B01D12F60B1E7A389F3
:2013200043F04003A381ADE70F69002FA9D093070E6808BF4B690F6018BF0023A6EB0708CB
:201340008B60B8F1000F9CDD216AA66A43463A462846B047002806DCA38943F04003A38198
:201360004FF0FF308EE70744A8EB0008E9E700BF0100402038B50B6905460C4613B90025C5
:20138000284638BD18B183690BB900F071F8144B9C421BD16C68B4F90C30002BEFD0626E78
:2013A000D00704D4990502D4A06D00F084FC28462146FFF759FF636EDA070546E0D4A3898D
:2013C0009B05DDD4A06D00F077FCD9E7054B9C4201D1AC68DFE7044B9C4208BFEC68DAE7A9
:2013E000542501007425010034250100002310B50446C0E90033C0E9043383608181436603
:20140000C2818361194608225C3000F071FB054B6362054BA362054BE362054B24622363D9
:2014200010BD00BF571D0100791D0100B11D0100D51D0100014900F01EBC00BF75130100F6
:20144000014800F038BC00BF482B0020014800F033BC00BF482B0020014800F02CBC00BFB3
:20146000432B0020014800F027BC00BF432B002010B50446FFF7F0FFA3691BB1BDE81040B4
:20148000FFF7F0BFC4E912332365134B134A1B68A262A34204BF0123A361204600F020F8AD
:2014A0006060204600F01CF8A060204600F018F80022E06004216068FFF798FFA068012295
:2014C0000921FFF793FFE06802221221FFF78EFF0123A361D2E700BF3025010035140100F8
:2014E000F8B50746FFF7ACFF1E4B1E68B36913B93046FFF7BDFF4836D6E90134013B03D5CC
:2015000033680BB33668F7E7B4F90C50D5B9164BE36004F15800656600F0CCFBFFF796FF61
:20152000C4E90155C4E904552560A5610822294604F15C0000F0DCFAC4E90D55C4E9125544
:201540002046F8BD6834D9E70421384600F07DFB044630600028D5D1FFF778FF0C233B602A
:20156000EEE700BF302501000100FFFF8B8973B59D0706460C4607D504F1470323602361E2
:201580000123636102B070BD01AB6A4600F095FB009905463046FFF7E7FA48B9B4F90C308D
:2015A0009A05EFD423F0030343F00203A381E3E70D4BB362A389206043F08003A381009BFC
:2015C0006361019B20615BB1B4F90E10304600F067F828B1A38923F0030343F00103A38115
:2015E000A0890543A581CDE735140100014800F062BB00BF442B0020014800F05DBB00BFA2
:20160000442B0020024B0146186800F07ABB00BF5802002038B5074D002304460846114676
:201620002B6000F091F8431C02D12B6803B1236038BD00BF342B002038B5074D044608469E
:20164000114600222A601A4600F096F8431C02D12B6803B1236038BD342B002038B5064DF9
:201660000023044608462B6000F04EF8431C02D12B6803B1236038BD342B002038B5074D3D
:2016800000230446084611462B6000F045F8431C02D12B6803B1236038BD00BF342B002051
:2016A00038B5064D0023044608462B6000F044F8431C02D12B6803B1236038BD342B002008
:2016C00038B5074D04460846114600222A601A4600F042F8431C02D12B6803B1236038BDB3
:2016E000342B002038B5074D04460846114600222A601A4600F038F8431C02D12B6803B196
:20170000236038BD342B0020024B58221A604FF0FF307047342B0020024B58221A604FF06D
:20172000FF307047342B0020024B58221A604FF0FF307047342B0020024B58221A600020FE
:20174000704700BF342B0020024B58221A604FF0FF307047342B0020024B58221A604FF02F
:20176000FF307047342B0020024B58221A604FF0FF307047342B0020024B58221A604FF09F
:20178000FF307047342B0020FEE700BF53B94AB9002908BF00281CBF4FF0FF314FF0FF3061
:2017A00000F06EB9ADF1080C6DE904CE00F006F8DDF804E0DDE9022304B070472DE9F047EE
:2017C000089D04468C46002B40F083808A42174647D9B2FA82F242B1C2F1200024FA00F0AD
:2017E0009140974040EA010C94404FEA1748230CBCFBF8F61FFA87FE08FB16C143EA0143E1
:2018000006FB0EF1994209D9FB1806F1FF3080F01981994240F21681023E3B445B1AA4B29A
:20182000B3FBF8F008FB103344EA034400FB0EFEA64509D93C1900F1FF3380F00581A6452A
:2018400040F2028102383C4440EA0640A4EB0E0400261DB1D4400023C5E900433146BDE8D0
:20186000F08702B9FFDEB2FA82F2002A50D1CB1B4FEA174E1FFA87F80126B3FBFEFC210CD6
:201880000EFB1C3341EA034108FB0CF38B4207D979180CF1FF3002D28B4200F2E98084464F
:2018A000C91AA3B2B1FBFEF00EFB101143EA014408FB00F8A04507D93C1900F1FF3302D2AE
:2018C000A04500F2D9801846A4EB080440EA0C40BFE78B4209D9002D00F0B1800026C5E9F2
:2018E000000130463146BDE8F087B3FA83F6002E4AD18B4202D3824200F2B880841A61EBF5
:20190000030101208C46002DA8D0C5E9004CA5E7C2F1200320FA03F6974001FA02F04FEABF
:20192000174ED9403043030CB1FBFEF61FFA87F80EFB161143EA014306FB08F1994204FAFB
:2019400002F409D9FB1806F1FF3C80F08D80994240F28A80023E3B445B1A81B2B3FBFEF0D3
:201960000EFB103341EA034100FB08F38B4207D9791800F1FF3C73D28B4271D90238394439
:20198000CB1A40EA064678E7C6F1200C03FA06F422FA0CF31C4320FA0CF701FA06F34FEAEF
:2019A000144E21FA0CF11F433B0CB1FBFEF91FFA84F80EFB191143EA014109FB08FA8A4555
:2019C00002FA06F200FA06F308D9611809F1FF3048D28A4546D9A9F102092144A1EB0A01F4
:2019E000BFB2B1FBFEF00EFB101147EA014700FB08F8B84507D9E71900F1FF312ED2B84543
:201A00002CD90238274440EA0940A7EB0807A0FB02894F45C64649461AD317D05DB1B3EB33
:201A20000E0267EB010707FA0CFCF2404CEA0202F740C5E9002700263146BDE8F0872E468E
:201A400028460BE70646E9E61846FDE64345E5D2B8EB020E69EB04010138DFE70846D2E779
:201A600060468DE78146B9E7664675E730464AE7ACF1020C394413E702383C4424E700BF90
:201A8000704700BF30B501390024A24201D1002005E0035D01340D5DAB42F6D0581B30BDC0
:201AA0000A44914200F1FF3300D1704710B511F8014B03F8014F9142F9D110BD884210B5FC
:201AC00001EB020402D98442234607D8431EA14208D011F8012B03F8012FF8E70244014643
:201AE0008A4200D110BD13F8014D02F8014DF7E702440346934200D1704703F8011BF9E71A
:201B0000034613F8012B002AFBD1181A013870479368013B002B10B4936008DA9469A34250
:201B200001DB0A2903D15DF8044BFFF7DDBA1368581C1060197008465DF8044B7047F8B553
:201B400006460F461446D518AC4201D1002007E014F8011B3A463046FFF7DAFF431CF3D1C6
:201B6000F8BD2DE9F047164699468A680B69DDF820809342B8BF1346336091F843200746DC
:201B80000C460AB1013333602368990642BF336802333360256815F0060506D104F1190A57
:201BA000E36832689B1AAB4226DC94F84320131E226818BF012392062BD404F14302494697
:201BC0003846C04701301ED02368E568326803F00603042B08BFAD1AA36822690CBF25EAC6
:201BE000E57500259342C4BF9B1AED1800261A34B5421AD1002008E001235246494638462D
:201C0000C047013003D14FF0FF30BDE8F0870135C6E7E1185A1C302081F84300224494F8DE
:201C2000451082F843100233C7E70123224649463846C0470130E6D00136D9E708B506203E
:201C4000FFF7E0FC0120FFF79FFD70B54A1E682555430E4605F17401FEF786FF044640B1D9
:201C60000021C0E900160C30A06005F16802FFF73FFF204670BD2DE9F8430646884600F1C5
:201C800048040027D4E90195B9F1010905D52468002CF7D13846BDE8F883AB89012B07D992
:201CA000B5F90E30013303D029463046C04707436835E9E770477047704770B50E46B1F946
:201CC0000E10002996B014461D4607DA00232B60B3891A0610D44FF480630EE06A46FFF731
:201CE000CDFC0028F2DB019A02F47042A2F500535A425A412A60EEE740230020236016B097
:201D000070BD1F2938B504460D4604D9162303604FF0FF3038BD426C12B152F821304BB9D8
:201D2000204600F016F82A4601462046BDE83840FFF770BC012B0AD0591C03D116230360F8
:201D40000120E7E7002442F82540284698470020E0E7FFF7E9BC10B50C46B1F90E10FFF72D
:201D6000C1FC0028ABBF636DA3891B1823F48053ACBF6365A38110BD2DE9F0411F468B8917
:201D8000DB0505460C46164605D5B1F90E1002230022FFF795FCA389B4F90E1023F4805319
:201DA000A38132463B462846BDE8F041FFF744BC10B50C46B1F90E10FFF782FC431CA389EE
:201DC00015BF606523F4805343F48053A38118BFA38110BDB1F90E10FFF740BCF8B500BF64
:201DE000F8BC08BC9E467047F8B500BFF8BC08BC9E4670470100000101010100F913000040
:201E000008000000090000000A0000008500000080000000810000000D0000000E00000006
:201E200003000000030000006D2C0000ED1F00000000000000000000000000008C03002048
:201E40005C1E010001000203008000000F00000009020000000104803200000099320000E5
:201E600000000000000000000000000000000000120100020000004015190F52000101027A
:201E80000301000099300000000000009D30000098030020313C0000053800000000000043
:201EA000000000000000000025303468582530386C58000000000403090400004E6F7264E1
:201EC00069632053656D69636F6E647563746F72000000006E524635322055534220434499
:201EE00043206F6E20436F6E74696B692D4E470044656661756C7420636F6E6669677572AD
:201F00006174696F6E0000005573657220310000B41E0100BC1E0100D41E0100E4200020F1
:201F2000F01E0100081F01000001020304050000436F6E6D7574616E646F204C45442056D8
:201F40004552444500000000436F6E6D7574616E646F204C454420524F4A4F0050726F6366
:201F600065736F20646520617272616E71756500506172706164656F204C454420322063BC
:201F8000616461203320736567756E646F730000506172706164656F204C4544203120634B
:201FA000616461203220736567756E646F7300001000002020000020300000200000000061
:201FC000427574746F6E2031000000000600010800010901010C0001427574746F6E204828
:201FE000414C2070726F636573730000FF0006000000000000B000400B0003004D61696EAD
:2020000000000000494E464F000000005B252D34733A20252D3130735D20000053746172A9
:2020200074696E6720436F6E74696B692D4E47002D20526F7574696E673A2025730A00000A
:202040002D204E65743A2025730A00002D204D41433A2025730A00002D203830322E31357B
:202060002E342050414E49443A203078253034780A0000002D203830322E31352E34204424
:20208000656661756C74206368616E6E656C3A2025750A004E6F64652049443A2025750A97
:2020A000000000004C696E6B2D6C6179657220616464726573733A200000000054656E744D
:2020C0006174697665206C696E6B2D6C6F63616C204950763620616464726573733A20001C
:2020E00043534D4100000000E02001001949000065480000694800000D4800001948000045
:20210000254800004374696D65722070726F6365737300004576656E742074696D6572008C
:2021200021530000195300005D510000000000000000000025730000284E554C4C204C4C5E
:20214000206164647229000025303278000000006E5246353238343020494545450000005B
:2021600045525200546F6F206C6F6E673A2025752062797465732C206D61782025750A00E3
:2021800054583A20746F6F206C6F6E6720282575206279746573290A000000006E52463580
:2021A00032383430204945454520524620647269766572003D6700001964000049660000E5
:2021C00029670000C1620000F5640000A9610000C9670000CD640000C15F0000E55F000024
:2021E0005165000011620000116100000000000002030405060708090B00000008010C01F7
:202200001001140118011C01200124012C0100000C0D0E0F101112131400000030013401F9
:2022200038013C014001440148014C0150010000697400009D740000497C0000597D000032
:202240009D7D0000E17D0000257E0000D17C0000157D00008D7C00001D770000CD7B00009F
:20226000F9870000617F0000697E0000E57E0000D97F000055800000D1800000E97A0000D3
:20228000657B0000A174000061750000558900004D7A00004A6F696E000000004C6F6361BF
:2022A0006C2072657061697200000000506F69736F6E20726F757465730000005369676E44
:2022C00069666963616E742072616E6B2075706461746500476F7420706172656E740000DD
:2022E0004865617264206F6C642076657273696F6E2066726F6D20726F6F74004D756C741B
:20230000696361737420444953000000526561636861626C65000000496E697420726F6F2E
:202320007400000044414F206D6178207274780052504C204C697465000000003023010081
:2023400071BE0000D99B0000F19B0000719C0000419F0000E1BE0000C59F000005BE00009B
:202360001DBE000041A0000055A000004DA7000009A80000BDA60000C5A4000055A4000042
:20238000B1BE000039BE000011BF00003DBE000053656E736F72730053657269616C20643B
:2023A0007269766572000000736963736C6F7770616E0000002B2C3CFE800000A8230100D5
:2023C000DDC20000A5CF0000E9C70000000140FF008882800F2822200F25232153746163F4
:2023E0006B000000436865636B206661696C65643A2025752076732E2025750A0000000020
:20240000537461636B20636865636B00303132333435363738396162636465660000000046
:20242000303132333435363738394142434445460000000030580000307800002D0000009D
:202440002B00000020000000286E756C6C2900002500000020202020202020202020202080
:2024600020202020303030303030303030303030303030305443502F495020737461636BF7
:202480000000000054656D706572617475726500842401007DE9000065E9000079E90000EF
:2024A000284E554C4C20495020616464722900003A3A464646463A25752E25752E25752EFE
:2024C000257500003A3A00003A00000025780000741F0020941E0100010200000F0000009F
:2024E000000000001001000048020020841F002049060100A01F0020281E0100020001061F
:20250000010204828101000000000101810000009D060100BE020020000000003107010070
:202520000000000001000000D0070000060000005C0200200000000000000000000000003F
:2025400000000000000000000000000000000000000000000000000000000000000000007B
:2025600000000000000000000000000000000000000000000000000000000000000000005B
:2025800000000000000000000000000000000000000000005245454E54206D616C6C6F6325
:2025A00020737563636565646564002F6D6E742F776F726B73706163652F776F726B737005
:2025C0006163652F4743432D392D706970656C696E652F6A656E6B696E732D4743432D396C
:2025E0002D706970656C696E652D3230305F32303230303532315F3135393030353333377E
:20260000342F7372632F6E65776C69622F6E65776C69622F6C6962632F7374646C69622F06
:2026200072616E642E63002C2066756E6374696F6E3A2000617373657274696F6E20222519
:202640007322206661696C65643A2066696C6520222573222C206C696E6520256425732510
:20266000730A00232D302B2000686C4C00656667454647003031323334353637383941425E
:202680004344454600303132333435363738396162636465660000000000000044ECFE7F19
:2026A0000100000000000000E913000000000000901F0100F53D000000000000000000003B
:2026C000701F0100513E000000000000000000005C1F0100AD3E0000000000000000000074
:2026E0000000000000000000000000000000000000000000000000000000000000000000DA
:2027000000000000000000000000000000000000000000000000000000000000C01F0100D9
:20272000010000000101060000000000400000200000000000000000D81F0100F53E000005
:20274000000000000C000800A8040020480400203800020024050020B40400200C000800BE
:20276000880500202805002000000000042101005549000000000000000000001421010065
:20278000654B000000000000000000000C00000000000000A0050020030000000C00100099
:2027A0005408002094070020000000009C210100A96300000000000000001A0102140214D1
:2027C00090240100000000002D9700000000000004000800C80D0020A80D0020AA000800F8
:2027E00020130020D00D002000000000BDAA00009B03000000000000FDAA00009B02000040
:20280000000000002DAC00009B01000000000000C1AE00009B00000039B3000049B3000051
:2028200005B400001DB400005DB30000D5B3000049B400003DB3000001000000A4010020C3
:2028400000000000080000000000000038130020000000009023010021C10000000000006F
:20286000000000009823010015C2000000000000000000000024010001DA000000000000C5
:20288000502B00200090D003000000007424010071E8000000000000000000001200000036
:2028A00000000000041C002020000200681D0020281D00200000000031F3000081FF000008
:2028C0000000000099F3000080FF00000000000059F6000087FF000018001000401F002071
:2028E000C01D0020436F6E74696B692D4E472044465500005C020020000000005425010051
:202900007425010034250100000000000000000000000000000000000000000000000000C3
:20292000000000000000000000000000000000000000000000000000000000000000000097
:20294000000000000000000000000000000000000000000000000000CDAB1000C512000018
:04296000A1120000C0
:04000005000053297B
:00000001FF
