1758358603: mosquitto version 2.0.22 starting
1758358603: Config loaded from /mosquitto/config/mosquitto.conf.
1758358603: Opening ipv4 listen socket on port 1883.
1758358603: Opening ipv6 listen socket on port 1883.
1758358603: mosquitto version 2.0.22 running
1758358606: New connection from 172.18.0.5:50145 on port 1883.
1758358606: New client connected from 172.18.0.5:50145 as auto-1C623BE6-1EFB-E0B4-54D2-D2B8EA704392 (p2, c1, k60).
1758358606: No will message specified.
1758358606: Sending CONNACK to auto-1C623BE6-1EFB-E0B4-54D2-D2B8EA704392 (0, 0)
1758358606: Received SUBSCRIBE from auto-1C623BE6-1EFB-E0B4-54D2-D2B8EA704392
1758358606: 	Temp (QoS 0)
1758358606: auto-1C623BE6-1EFB-E0B4-54D2-D2B8EA704392 0 Temp
1758358606: Sending SUBACK to auto-1C623BE6-1EFB-E0B4-54D2-D2B8EA704392
1758358607: Received PUBLISH from auto-1C623BE6-1EFB-E0B4-54D2-D2B8EA704392 (d0, q0, r0, m0, 'Temp', ... (4 bytes))
1758358607: Sending PUBLISH to auto-1C623BE6-1EFB-E0B4-54D2-D2B8EA704392 (d0, q0, r0, m0, 'Temp', ... (4 bytes))
1758358609: Received PUBLISH from auto-1C623BE6-1EFB-E0B4-54D2-D2B8EA704392 (d0, q0, r0, m0, 'Temp', ... (4 bytes))
1758358609: Sending PUBLISH to auto-1C623BE6-1EFB-E0B4-54D2-D2B8EA704392 (d0, q0, r0, m0, 'Temp', ... (4 bytes))
1758358611: Received PUBLISH from auto-1C623BE6-1EFB-E0B4-54D2-D2B8EA704392 (d0, q0, r0, m0, 'Temp', ... (4 bytes))
1758358611: Sending PUBLISH to auto-1C623BE6-1EFB-E0B4-54D2-D2B8EA704392 (d0, q0, r0, m0, 'Temp', ... (4 bytes))
1758358613: Received PUBLISH from auto-1C623BE6-1EFB-E0B4-54D2-D2B8EA704392 (d0, q0, r0, m0, 'Temp', ... (4 bytes))
1758358613: Sending PUBLISH to auto-1C623BE6-1EFB-E0B4-54D2-D2B8EA704392 (d0, q0, r0, m0, 'Temp', ... (4 bytes))
1758358615: Received PUBLISH from auto-1C623BE6-1EFB-E0B4-54D2-D2B8EA704392 (d0, q0, r0, m0, 'Temp', ... (4 bytes))
1758358615: Sending PUBLISH to auto-1C623BE6-1EFB-E0B4-54D2-D2B8EA704392 (d0, q0, r0, m0, 'Temp', ... (4 bytes))
1758358617: Received PUBLISH from auto-1C623BE6-1EFB-E0B4-54D2-D2B8EA704392 (d0, q0, r0, m0, 'Temp', ... (4 bytes))
1758358617: Sending PUBLISH to auto-1C623BE6-1EFB-E0B4-54D2-D2B8EA704392 (d0, q0, r0, m0, 'Temp', ... (4 bytes))
1758358619: Received PUBLISH from auto-1C623BE6-1EFB-E0B4-54D2-D2B8EA704392 (d0, q0, r0, m0, 'Temp', ... (4 bytes))
1758358619: Sending PUBLISH to auto-1C623BE6-1EFB-E0B4-54D2-D2B8EA704392 (d0, q0, r0, m0, 'Temp', ... (4 bytes))
1758358621: Received PUBLISH from auto-1C623BE6-1EFB-E0B4-54D2-D2B8EA704392 (d0, q0, r0, m0, 'Temp', ... (4 bytes))
1758358621: Sending PUBLISH to auto-1C623BE6-1EFB-E0B4-54D2-D2B8EA704392 (d0, q0, r0, m0, 'Temp', ... (4 bytes))
1758358623: Received PUBLISH from auto-1C623BE6-1EFB-E0B4-54D2-D2B8EA704392 (d0, q0, r0, m0, 'Temp', ... (4 bytes))
1758358623: Sending PUBLISH to auto-1C623BE6-1EFB-E0B4-54D2-D2B8EA704392 (d0, q0, r0, m0, 'Temp', ... (4 bytes))
1758358625: Received PUBLISH from auto-1C623BE6-1EFB-E0B4-54D2-D2B8EA704392 (d0, q0, r0, m0, 'Temp', ... (4 bytes))
1758358625: Sending PUBLISH to auto-1C623BE6-1EFB-E0B4-54D2-D2B8EA704392 (d0, q0, r0, m0, 'Temp', ... (4 bytes))
1758358627: Received PUBLISH from auto-1C623BE6-1EFB-E0B4-54D2-D2B8EA704392 (d0, q0, r0, m0, 'Temp', ... (4 bytes))
1758358627: Sending PUBLISH to auto-1C623BE6-1EFB-E0B4-54D2-D2B8EA704392 (d0, q0, r0, m0, 'Temp', ... (4 bytes))
1758358629: Received PUBLISH from auto-1C623BE6-1EFB-E0B4-54D2-D2B8EA704392 (d0, q0, r0, m0, 'Temp', ... (4 bytes))
1758358629: Sending PUBLISH to auto-1C623BE6-1EFB-E0B4-54D2-D2B8EA704392 (d0, q0, r0, m0, 'Temp', ... (4 bytes))
1758358631: Received PUBLISH from auto-1C623BE6-1EFB-E0B4-54D2-D2B8EA704392 (d0, q0, r0, m0, 'Temp', ... (4 bytes))
1758358631: Sending PUBLISH to auto-1C623BE6-1EFB-E0B4-54D2-D2B8EA704392 (d0, q0, r0, m0, 'Temp', ... (4 bytes))
1758358633: Received PUBLISH from auto-1C623BE6-1EFB-E0B4-54D2-D2B8EA704392 (d0, q0, r0, m0, 'Temp', ... (4 bytes))
1758358633: Sending PUBLISH to auto-1C623BE6-1EFB-E0B4-54D2-D2B8EA704392 (d0, q0, r0, m0, 'Temp', ... (4 bytes))
1758358635: Received PUBLISH from auto-1C623BE6-1EFB-E0B4-54D2-D2B8EA704392 (d0, q0, r0, m0, 'Temp', ... (4 bytes))
1758358635: Sending PUBLISH to auto-1C623BE6-1EFB-E0B4-54D2-D2B8EA704392 (d0, q0, r0, m0, 'Temp', ... (4 bytes))
1758358637: Received PUBLISH from auto-1C623BE6-1EFB-E0B4-54D2-D2B8EA704392 (d0, q0, r0, m0, 'Temp', ... (4 bytes))
1758358637: Sending PUBLISH to auto-1C623BE6-1EFB-E0B4-54D2-D2B8EA704392 (d0, q0, r0, m0, 'Temp', ... (4 bytes))
1758358639: Received PUBLISH from auto-1C623BE6-1EFB-E0B4-54D2-D2B8EA704392 (d0, q0, r0, m0, 'Temp', ... (4 bytes))
1758358639: Sending PUBLISH to auto-1C623BE6-1EFB-E0B4-54D2-D2B8EA704392 (d0, q0, r0, m0, 'Temp', ... (4 bytes))
1758358641: Received PUBLISH from auto-1C623BE6-1EFB-E0B4-54D2-D2B8EA704392 (d0, q0, r0, m0, 'Temp', ... (4 bytes))
1758358641: Sending PUBLISH to auto-1C623BE6-1EFB-E0B4-54D2-D2B8EA704392 (d0, q0, r0, m0, 'Temp', ... (4 bytes))
1758358643: Received PUBLISH from auto-1C623BE6-1EFB-E0B4-54D2-D2B8EA704392 (d0, q0, r0, m0, 'Temp', ... (4 bytes))
1758358643: Sending PUBLISH to auto-1C623BE6-1EFB-E0B4-54D2-D2B8EA704392 (d0, q0, r0, m0, 'Temp', ... (4 bytes))
1758358645: Received PUBLISH from auto-1C623BE6-1EFB-E0B4-54D2-D2B8EA704392 (d0, q0, r0, m0, 'Temp', ... (4 bytes))
1758358645: Sending PUBLISH to auto-1C623BE6-1EFB-E0B4-54D2-D2B8EA704392 (d0, q0, r0, m0, 'Temp', ... (4 bytes))
1758358647: Received PUBLISH from auto-1C623BE6-1EFB-E0B4-54D2-D2B8EA704392 (d0, q0, r0, m0, 'Temp', ... (4 bytes))
1758358647: Sending PUBLISH to auto-1C623BE6-1EFB-E0B4-54D2-D2B8EA704392 (d0, q0, r0, m0, 'Temp', ... (4 bytes))
1758358649: Received PUBLISH from auto-1C623BE6-1EFB-E0B4-54D2-D2B8EA704392 (d0, q0, r0, m0, 'Temp', ... (4 bytes))
1758358649: Sending PUBLISH to auto-1C623BE6-1EFB-E0B4-54D2-D2B8EA704392 (d0, q0, r0, m0, 'Temp', ... (4 bytes))
1758358651: Received PUBLISH from auto-1C623BE6-1EFB-E0B4-54D2-D2B8EA704392 (d0, q0, r0, m0, 'Temp', ... (4 bytes))
1758358651: Sending PUBLISH to auto-1C623BE6-1EFB-E0B4-54D2-D2B8EA704392 (d0, q0, r0, m0, 'Temp', ... (4 bytes))
1758358653: Received PUBLISH from auto-1C623BE6-1EFB-E0B4-54D2-D2B8EA704392 (d0, q0, r0, m0, 'Temp', ... (4 bytes))
1758358653: Sending PUBLISH to auto-1C623BE6-1EFB-E0B4-54D2-D2B8EA704392 (d0, q0, r0, m0, 'Temp', ... (4 bytes))
1758358655: Received PUBLISH from auto-1C623BE6-1EFB-E0B4-54D2-D2B8EA704392 (d0, q0, r0, m0, 'Temp', ... (4 bytes))
1758358655: Sending PUBLISH to auto-1C623BE6-1EFB-E0B4-54D2-D2B8EA704392 (d0, q0, r0, m0, 'Temp', ... (4 bytes))
1758358657: Received PUBLISH from auto-1C623BE6-1EFB-E0B4-54D2-D2B8EA704392 (d0, q0, r0, m0, 'Temp', ... (4 bytes))
1758358657: Sending PUBLISH to auto-1C623BE6-1EFB-E0B4-54D2-D2B8EA704392 (d0, q0, r0, m0, 'Temp', ... (4 bytes))
1758358659: Received PUBLISH from auto-1C623BE6-1EFB-E0B4-54D2-D2B8EA704392 (d0, q0, r0, m0, 'Temp', ... (4 bytes))
1758358659: Sending PUBLISH to auto-1C623BE6-1EFB-E0B4-54D2-D2B8EA704392 (d0, q0, r0, m0, 'Temp', ... (4 bytes))
1758358661: Received PUBLISH from auto-1C623BE6-1EFB-E0B4-54D2-D2B8EA704392 (d0, q0, r0, m0, 'Temp', ... (4 bytes))
1758358661: Sending PUBLISH to auto-1C623BE6-1EFB-E0B4-54D2-D2B8EA704392 (d0, q0, r0, m0, 'Temp', ... (4 bytes))
1758358663: Received PUBLISH from auto-1C623BE6-1EFB-E0B4-54D2-D2B8EA704392 (d0, q0, r0, m0, 'Temp', ... (4 bytes))
1758358663: Sending PUBLISH to auto-1C623BE6-1EFB-E0B4-54D2-D2B8EA704392 (d0, q0, r0, m0, 'Temp', ... (4 bytes))
1758358665: Received PUBLISH from auto-1C623BE6-1EFB-E0B4-54D2-D2B8EA704392 (d0, q0, r0, m0, 'Temp', ... (4 bytes))
1758358665: Sending PUBLISH to auto-1C623BE6-1EFB-E0B4-54D2-D2B8EA704392 (d0, q0, r0, m0, 'Temp', ... (4 bytes))
1758358666: Received PINGREQ from auto-1C623BE6-1EFB-E0B4-54D2-D2B8EA704392
1758358666: Sending PINGRESP to auto-1C623BE6-1EFB-E0B4-54D2-D2B8EA704392
1758358667: Received PUBLISH from auto-1C623BE6-1EFB-E0B4-54D2-D2B8EA704392 (d0, q0, r0, m0, 'Temp', ... (4 bytes))
1758358667: Sending PUBLISH to auto-1C623BE6-1EFB-E0B4-54D2-D2B8EA704392 (d0, q0, r0, m0, 'Temp', ... (4 bytes))
1758358669: Received PUBLISH from auto-1C623BE6-1EFB-E0B4-54D2-D2B8EA704392 (d0, q0, r0, m0, 'Temp', ... (4 bytes))
1758358669: Sending PUBLISH to auto-1C623BE6-1EFB-E0B4-54D2-D2B8EA704392 (d0, q0, r0, m0, 'Temp', ... (4 bytes))
1758358671: Received PUBLISH from auto-1C623BE6-1EFB-E0B4-54D2-D2B8EA704392 (d0, q0, r0, m0, 'Temp', ... (4 bytes))
1758358671: Sending PUBLISH to auto-1C623BE6-1EFB-E0B4-54D2-D2B8EA704392 (d0, q0, r0, m0, 'Temp', ... (4 bytes))
1758358673: Received PUBLISH from auto-1C623BE6-1EFB-E0B4-54D2-D2B8EA704392 (d0, q0, r0, m0, 'Temp', ... (4 bytes))
1758358673: Sending PUBLISH to auto-1C623BE6-1EFB-E0B4-54D2-D2B8EA704392 (d0, q0, r0, m0, 'Temp', ... (4 bytes))
1758358675: Received PUBLISH from auto-1C623BE6-1EFB-E0B4-54D2-D2B8EA704392 (d0, q0, r0, m0, 'Temp', ... (4 bytes))
1758358675: Sending PUBLISH to auto-1C623BE6-1EFB-E0B4-54D2-D2B8EA704392 (d0, q0, r0, m0, 'Temp', ... (4 bytes))
1758358677: Received PUBLISH from auto-1C623BE6-1EFB-E0B4-54D2-D2B8EA704392 (d0, q0, r0, m0, 'Temp', ... (4 bytes))
1758358677: Sending PUBLISH to auto-1C623BE6-1EFB-E0B4-54D2-D2B8EA704392 (d0, q0, r0, m0, 'Temp', ... (4 bytes))
1758358679: Received PUBLISH from auto-1C623BE6-1EFB-E0B4-54D2-D2B8EA704392 (d0, q0, r0, m0, 'Temp', ... (4 bytes))
1758358679: Sending PUBLISH to auto-1C623BE6-1EFB-E0B4-54D2-D2B8EA704392 (d0, q0, r0, m0, 'Temp', ... (4 bytes))
1758358681: Received PUBLISH from auto-1C623BE6-1EFB-E0B4-54D2-D2B8EA704392 (d0, q0, r0, m0, 'Temp', ... (4 bytes))
1758358681: Sending PUBLISH to auto-1C623BE6-1EFB-E0B4-54D2-D2B8EA704392 (d0, q0, r0, m0, 'Temp', ... (4 bytes))
1758358683: Received PUBLISH from auto-1C623BE6-1EFB-E0B4-54D2-D2B8EA704392 (d0, q0, r0, m0, 'Temp', ... (4 bytes))
1758358683: Sending PUBLISH to auto-1C623BE6-1EFB-E0B4-54D2-D2B8EA704392 (d0, q0, r0, m0, 'Temp', ... (4 bytes))
1758358685: Received PUBLISH from auto-1C623BE6-1EFB-E0B4-54D2-D2B8EA704392 (d0, q0, r0, m0, 'Temp', ... (4 bytes))
1758358685: Sending PUBLISH to auto-1C623BE6-1EFB-E0B4-54D2-D2B8EA704392 (d0, q0, r0, m0, 'Temp', ... (4 bytes))
1758358687: Received PUBLISH from auto-1C623BE6-1EFB-E0B4-54D2-D2B8EA704392 (d0, q0, r0, m0, 'Temp', ... (4 bytes))
1758358687: Sending PUBLISH to auto-1C623BE6-1EFB-E0B4-54D2-D2B8EA704392 (d0, q0, r0, m0, 'Temp', ... (4 bytes))
1758358689: Received PUBLISH from auto-1C623BE6-1EFB-E0B4-54D2-D2B8EA704392 (d0, q0, r0, m0, 'Temp', ... (4 bytes))
1758358689: Sending PUBLISH to auto-1C623BE6-1EFB-E0B4-54D2-D2B8EA704392 (d0, q0, r0, m0, 'Temp', ... (4 bytes))
1758358691: Received PUBLISH from auto-1C623BE6-1EFB-E0B4-54D2-D2B8EA704392 (d0, q0, r0, m0, 'Temp', ... (4 bytes))
1758358691: Sending PUBLISH to auto-1C623BE6-1EFB-E0B4-54D2-D2B8EA704392 (d0, q0, r0, m0, 'Temp', ... (4 bytes))
1758358693: Received PUBLISH from auto-1C623BE6-1EFB-E0B4-54D2-D2B8EA704392 (d0, q0, r0, m0, 'Temp', ... (4 bytes))
1758358693: Sending PUBLISH to auto-1C623BE6-1EFB-E0B4-54D2-D2B8EA704392 (d0, q0, r0, m0, 'Temp', ... (4 bytes))
1758358695: Received PUBLISH from auto-1C623BE6-1EFB-E0B4-54D2-D2B8EA704392 (d0, q0, r0, m0, 'Temp', ... (4 bytes))
1758358695: Sending PUBLISH to auto-1C623BE6-1EFB-E0B4-54D2-D2B8EA704392 (d0, q0, r0, m0, 'Temp', ... (4 bytes))
1758358697: Received PUBLISH from auto-1C623BE6-1EFB-E0B4-54D2-D2B8EA704392 (d0, q0, r0, m0, 'Temp', ... (4 bytes))
1758358697: Sending PUBLISH to auto-1C623BE6-1EFB-E0B4-54D2-D2B8EA704392 (d0, q0, r0, m0, 'Temp', ... (4 bytes))
1758358699: Received PUBLISH from auto-1C623BE6-1EFB-E0B4-54D2-D2B8EA704392 (d0, q0, r0, m0, 'Temp', ... (4 bytes))
1758358699: Sending PUBLISH to auto-1C623BE6-1EFB-E0B4-54D2-D2B8EA704392 (d0, q0, r0, m0, 'Temp', ... (4 bytes))
1758358701: Received PUBLISH from auto-1C623BE6-1EFB-E0B4-54D2-D2B8EA704392 (d0, q0, r0, m0, 'Temp', ... (4 bytes))
1758358701: Sending PUBLISH to auto-1C623BE6-1EFB-E0B4-54D2-D2B8EA704392 (d0, q0, r0, m0, 'Temp', ... (4 bytes))
1758358703: Received PUBLISH from auto-1C623BE6-1EFB-E0B4-54D2-D2B8EA704392 (d0, q0, r0, m0, 'Temp', ... (4 bytes))
1758358703: Sending PUBLISH to auto-1C623BE6-1EFB-E0B4-54D2-D2B8EA704392 (d0, q0, r0, m0, 'Temp', ... (4 bytes))
1758358705: Received PUBLISH from auto-1C623BE6-1EFB-E0B4-54D2-D2B8EA704392 (d0, q0, r0, m0, 'Temp', ... (4 bytes))
1758358705: Sending PUBLISH to auto-1C623BE6-1EFB-E0B4-54D2-D2B8EA704392 (d0, q0, r0, m0, 'Temp', ... (4 bytes))
1758358707: Received PUBLISH from auto-1C623BE6-1EFB-E0B4-54D2-D2B8EA704392 (d0, q0, r0, m0, 'Temp', ... (4 bytes))
1758358707: Sending PUBLISH to auto-1C623BE6-1EFB-E0B4-54D2-D2B8EA704392 (d0, q0, r0, m0, 'Temp', ... (4 bytes))
1758358709: Received PUBLISH from auto-1C623BE6-1EFB-E0B4-54D2-D2B8EA704392 (d0, q0, r0, m0, 'Temp', ... (4 bytes))
1758358709: Sending PUBLISH to auto-1C623BE6-1EFB-E0B4-54D2-D2B8EA704392 (d0, q0, r0, m0, 'Temp', ... (4 bytes))
1758358711: Received PUBLISH from auto-1C623BE6-1EFB-E0B4-54D2-D2B8EA704392 (d0, q0, r0, m0, 'Temp', ... (4 bytes))
1758358711: Sending PUBLISH to auto-1C623BE6-1EFB-E0B4-54D2-D2B8EA704392 (d0, q0, r0, m0, 'Temp', ... (4 bytes))
1758358713: Received PUBLISH from auto-1C623BE6-1EFB-E0B4-54D2-D2B8EA704392 (d0, q0, r0, m0, 'Temp', ... (4 bytes))
1758358713: Sending PUBLISH to auto-1C623BE6-1EFB-E0B4-54D2-D2B8EA704392 (d0, q0, r0, m0, 'Temp', ... (4 bytes))
1758358715: Received PUBLISH from auto-1C623BE6-1EFB-E0B4-54D2-D2B8EA704392 (d0, q0, r0, m0, 'Temp', ... (4 bytes))
1758358715: Sending PUBLISH to auto-1C623BE6-1EFB-E0B4-54D2-D2B8EA704392 (d0, q0, r0, m0, 'Temp', ... (4 bytes))
1758358717: Received PUBLISH from auto-1C623BE6-1EFB-E0B4-54D2-D2B8EA704392 (d0, q0, r0, m0, 'Temp', ... (4 bytes))
1758358717: Sending PUBLISH to auto-1C623BE6-1EFB-E0B4-54D2-D2B8EA704392 (d0, q0, r0, m0, 'Temp', ... (4 bytes))
1758358719: Received PUBLISH from auto-1C623BE6-1EFB-E0B4-54D2-D2B8EA704392 (d0, q0, r0, m0, 'Temp', ... (4 bytes))
1758358719: Sending PUBLISH to auto-1C623BE6-1EFB-E0B4-54D2-D2B8EA704392 (d0, q0, r0, m0, 'Temp', ... (4 bytes))
1758358721: Received PUBLISH from auto-1C623BE6-1EFB-E0B4-54D2-D2B8EA704392 (d0, q0, r0, m0, 'Temp', ... (4 bytes))
1758358721: Sending PUBLISH to auto-1C623BE6-1EFB-E0B4-54D2-D2B8EA704392 (d0, q0, r0, m0, 'Temp', ... (4 bytes))
1758358723: Received PUBLISH from auto-1C623BE6-1EFB-E0B4-54D2-D2B8EA704392 (d0, q0, r0, m0, 'Temp', ... (4 bytes))
1758358723: Sending PUBLISH to auto-1C623BE6-1EFB-E0B4-54D2-D2B8EA704392 (d0, q0, r0, m0, 'Temp', ... (4 bytes))
1758358725: Received PUBLISH from auto-1C623BE6-1EFB-E0B4-54D2-D2B8EA704392 (d0, q0, r0, m0, 'Temp', ... (4 bytes))
1758358725: Sending PUBLISH to auto-1C623BE6-1EFB-E0B4-54D2-D2B8EA704392 (d0, q0, r0, m0, 'Temp', ... (4 bytes))
1758358727: Received PUBLISH from auto-1C623BE6-1EFB-E0B4-54D2-D2B8EA704392 (d0, q0, r0, m0, 'Temp', ... (4 bytes))
1758358727: Sending PUBLISH to auto-1C623BE6-1EFB-E0B4-54D2-D2B8EA704392 (d0, q0, r0, m0, 'Temp', ... (4 bytes))
1758358727: Received PINGREQ from auto-1C623BE6-1EFB-E0B4-54D2-D2B8EA704392
1758358727: Sending PINGRESP to auto-1C623BE6-1EFB-E0B4-54D2-D2B8EA704392
1758358729: Received PUBLISH from auto-1C623BE6-1EFB-E0B4-54D2-D2B8EA704392 (d0, q0, r0, m0, 'Temp', ... (4 bytes))
1758358729: Sending PUBLISH to auto-1C623BE6-1EFB-E0B4-54D2-D2B8EA704392 (d0, q0, r0, m0, 'Temp', ... (4 bytes))
1758358731: Received PUBLISH from auto-1C623BE6-1EFB-E0B4-54D2-D2B8EA704392 (d0, q0, r0, m0, 'Temp', ... (4 bytes))
1758358731: Sending PUBLISH to auto-1C623BE6-1EFB-E0B4-54D2-D2B8EA704392 (d0, q0, r0, m0, 'Temp', ... (4 bytes))
1758358733: Received PUBLISH from auto-1C623BE6-1EFB-E0B4-54D2-D2B8EA704392 (d0, q0, r0, m0, 'Temp', ... (4 bytes))
1758358733: Sending PUBLISH to auto-1C623BE6-1EFB-E0B4-54D2-D2B8EA704392 (d0, q0, r0, m0, 'Temp', ... (4 bytes))
1758358735: Received PUBLISH from auto-1C623BE6-1EFB-E0B4-54D2-D2B8EA704392 (d0, q0, r0, m0, 'Temp', ... (4 bytes))
1758358735: Sending PUBLISH to auto-1C623BE6-1EFB-E0B4-54D2-D2B8EA704392 (d0, q0, r0, m0, 'Temp', ... (4 bytes))
1758358737: Received PUBLISH from auto-1C623BE6-1EFB-E0B4-54D2-D2B8EA704392 (d0, q0, r0, m0, 'Temp', ... (4 bytes))
1758358737: Sending PUBLISH to auto-1C623BE6-1EFB-E0B4-54D2-D2B8EA704392 (d0, q0, r0, m0, 'Temp', ... (4 bytes))
1758358739: Received PUBLISH from auto-1C623BE6-1EFB-E0B4-54D2-D2B8EA704392 (d0, q0, r0, m0, 'Temp', ... (4 bytes))
1758358739: Sending PUBLISH to auto-1C623BE6-1EFB-E0B4-54D2-D2B8EA704392 (d0, q0, r0, m0, 'Temp', ... (4 bytes))
1758358741: Received PUBLISH from auto-1C623BE6-1EFB-E0B4-54D2-D2B8EA704392 (d0, q0, r0, m0, 'Temp', ... (4 bytes))
1758358741: Sending PUBLISH to auto-1C623BE6-1EFB-E0B4-54D2-D2B8EA704392 (d0, q0, r0, m0, 'Temp', ... (4 bytes))
1758358743: Received PUBLISH from auto-1C623BE6-1EFB-E0B4-54D2-D2B8EA704392 (d0, q0, r0, m0, 'Temp', ... (4 bytes))
1758358743: Sending PUBLISH to auto-1C623BE6-1EFB-E0B4-54D2-D2B8EA704392 (d0, q0, r0, m0, 'Temp', ... (4 bytes))
1758358745: Received PUBLISH from auto-1C623BE6-1EFB-E0B4-54D2-D2B8EA704392 (d0, q0, r0, m0, 'Temp', ... (4 bytes))
1758358745: Sending PUBLISH to auto-1C623BE6-1EFB-E0B4-54D2-D2B8EA704392 (d0, q0, r0, m0, 'Temp', ... (4 bytes))
1758358747: Received PUBLISH from auto-1C623BE6-1EFB-E0B4-54D2-D2B8EA704392 (d0, q0, r0, m0, 'Temp', ... (4 bytes))
1758358747: Sending PUBLISH to auto-1C623BE6-1EFB-E0B4-54D2-D2B8EA704392 (d0, q0, r0, m0, 'Temp', ... (4 bytes))
1758358749: Received PUBLISH from auto-1C623BE6-1EFB-E0B4-54D2-D2B8EA704392 (d0, q0, r0, m0, 'Temp', ... (4 bytes))
1758358749: Sending PUBLISH to auto-1C623BE6-1EFB-E0B4-54D2-D2B8EA704392 (d0, q0, r0, m0, 'Temp', ... (4 bytes))
1758358751: Received PUBLISH from auto-1C623BE6-1EFB-E0B4-54D2-D2B8EA704392 (d0, q0, r0, m0, 'Temp', ... (4 bytes))
1758358751: Sending PUBLISH to auto-1C623BE6-1EFB-E0B4-54D2-D2B8EA704392 (d0, q0, r0, m0, 'Temp', ... (4 bytes))
1758358753: Received PUBLISH from auto-1C623BE6-1EFB-E0B4-54D2-D2B8EA704392 (d0, q0, r0, m0, 'Temp', ... (4 bytes))
1758358753: Sending PUBLISH to auto-1C623BE6-1EFB-E0B4-54D2-D2B8EA704392 (d0, q0, r0, m0, 'Temp', ... (4 bytes))
1758358755: Received PUBLISH from auto-1C623BE6-1EFB-E0B4-54D2-D2B8EA704392 (d0, q0, r0, m0, 'Temp', ... (4 bytes))
1758358755: Sending PUBLISH to auto-1C623BE6-1EFB-E0B4-54D2-D2B8EA704392 (d0, q0, r0, m0, 'Temp', ... (4 bytes))
1758358757: Received PUBLISH from auto-1C623BE6-1EFB-E0B4-54D2-D2B8EA704392 (d0, q0, r0, m0, 'Temp', ... (4 bytes))
1758358757: Sending PUBLISH to auto-1C623BE6-1EFB-E0B4-54D2-D2B8EA704392 (d0, q0, r0, m0, 'Temp', ... (4 bytes))
1758358759: Received PUBLISH from auto-1C623BE6-1EFB-E0B4-54D2-D2B8EA704392 (d0, q0, r0, m0, 'Temp', ... (4 bytes))
1758358759: Sending PUBLISH to auto-1C623BE6-1EFB-E0B4-54D2-D2B8EA704392 (d0, q0, r0, m0, 'Temp', ... (4 bytes))
1758358761: Received PUBLISH from auto-1C623BE6-1EFB-E0B4-54D2-D2B8EA704392 (d0, q0, r0, m0, 'Temp', ... (4 bytes))
1758358761: Sending PUBLISH to auto-1C623BE6-1EFB-E0B4-54D2-D2B8EA704392 (d0, q0, r0, m0, 'Temp', ... (4 bytes))
1758358763: Received PUBLISH from auto-1C623BE6-1EFB-E0B4-54D2-D2B8EA704392 (d0, q0, r0, m0, 'Temp', ... (4 bytes))
1758358763: Sending PUBLISH to auto-1C623BE6-1EFB-E0B4-54D2-D2B8EA704392 (d0, q0, r0, m0, 'Temp', ... (4 bytes))
1758358765: Received PUBLISH from auto-1C623BE6-1EFB-E0B4-54D2-D2B8EA704392 (d0, q0, r0, m0, 'Temp', ... (4 bytes))
1758358765: Sending PUBLISH to auto-1C623BE6-1EFB-E0B4-54D2-D2B8EA704392 (d0, q0, r0, m0, 'Temp', ... (4 bytes))
1758358767: Received PUBLISH from auto-1C623BE6-1EFB-E0B4-54D2-D2B8EA704392 (d0, q0, r0, m0, 'Temp', ... (4 bytes))
1758358767: Sending PUBLISH to auto-1C623BE6-1EFB-E0B4-54D2-D2B8EA704392 (d0, q0, r0, m0, 'Temp', ... (4 bytes))
1758358769: Received PUBLISH from auto-1C623BE6-1EFB-E0B4-54D2-D2B8EA704392 (d0, q0, r0, m0, 'Temp', ... (4 bytes))
1758358769: Sending PUBLISH to auto-1C623BE6-1EFB-E0B4-54D2-D2B8EA704392 (d0, q0, r0, m0, 'Temp', ... (4 bytes))
1758358771: Received PUBLISH from auto-1C623BE6-1EFB-E0B4-54D2-D2B8EA704392 (d0, q0, r0, m0, 'Temp', ... (4 bytes))
1758358771: Sending PUBLISH to auto-1C623BE6-1EFB-E0B4-54D2-D2B8EA704392 (d0, q0, r0, m0, 'Temp', ... (4 bytes))
1758358773: Received PUBLISH from auto-1C623BE6-1EFB-E0B4-54D2-D2B8EA704392 (d0, q0, r0, m0, 'Temp', ... (4 bytes))
1758358773: Sending PUBLISH to auto-1C623BE6-1EFB-E0B4-54D2-D2B8EA704392 (d0, q0, r0, m0, 'Temp', ... (4 bytes))
1758358775: Received PUBLISH from auto-1C623BE6-1EFB-E0B4-54D2-D2B8EA704392 (d0, q0, r0, m0, 'Temp', ... (4 bytes))
1758358775: Sending PUBLISH to auto-1C623BE6-1EFB-E0B4-54D2-D2B8EA704392 (d0, q0, r0, m0, 'Temp', ... (4 bytes))
1758358777: Received PUBLISH from auto-1C623BE6-1EFB-E0B4-54D2-D2B8EA704392 (d0, q0, r0, m0, 'Temp', ... (4 bytes))
1758358777: Sending PUBLISH to auto-1C623BE6-1EFB-E0B4-54D2-D2B8EA704392 (d0, q0, r0, m0, 'Temp', ... (4 bytes))
1758358779: Received PUBLISH from auto-1C623BE6-1EFB-E0B4-54D2-D2B8EA704392 (d0, q0, r0, m0, 'Temp', ... (4 bytes))
1758358779: Sending PUBLISH to auto-1C623BE6-1EFB-E0B4-54D2-D2B8EA704392 (d0, q0, r0, m0, 'Temp', ... (4 bytes))
1758358781: Received PUBLISH from auto-1C623BE6-1EFB-E0B4-54D2-D2B8EA704392 (d0, q0, r0, m0, 'Temp', ... (4 bytes))
1758358781: Sending PUBLISH to auto-1C623BE6-1EFB-E0B4-54D2-D2B8EA704392 (d0, q0, r0, m0, 'Temp', ... (4 bytes))
1758358783: Received PUBLISH from auto-1C623BE6-1EFB-E0B4-54D2-D2B8EA704392 (d0, q0, r0, m0, 'Temp', ... (4 bytes))
1758358783: Sending PUBLISH to auto-1C623BE6-1EFB-E0B4-54D2-D2B8EA704392 (d0, q0, r0, m0, 'Temp', ... (4 bytes))
1758358785: Received PUBLISH from auto-1C623BE6-1EFB-E0B4-54D2-D2B8EA704392 (d0, q0, r0, m0, 'Temp', ... (4 bytes))
1758358785: Sending PUBLISH to auto-1C623BE6-1EFB-E0B4-54D2-D2B8EA704392 (d0, q0, r0, m0, 'Temp', ... (4 bytes))
1758358787: Received PINGREQ from auto-1C623BE6-1EFB-E0B4-54D2-D2B8EA704392
1758358787: Sending PINGRESP to auto-1C623BE6-1EFB-E0B4-54D2-D2B8EA704392
1758358787: Received PUBLISH from auto-1C623BE6-1EFB-E0B4-54D2-D2B8EA704392 (d0, q0, r0, m0, 'Temp', ... (4 bytes))
1758358787: Sending PUBLISH to auto-1C623BE6-1EFB-E0B4-54D2-D2B8EA704392 (d0, q0, r0, m0, 'Temp', ... (4 bytes))
1758358789: Received PUBLISH from auto-1C623BE6-1EFB-E0B4-54D2-D2B8EA704392 (d0, q0, r0, m0, 'Temp', ... (4 bytes))
1758358789: Sending PUBLISH to auto-1C623BE6-1EFB-E0B4-54D2-D2B8EA704392 (d0, q0, r0, m0, 'Temp', ... (4 bytes))
1758358791: Received PUBLISH from auto-1C623BE6-1EFB-E0B4-54D2-D2B8EA704392 (d0, q0, r0, m0, 'Temp', ... (4 bytes))
1758358791: Sending PUBLISH to auto-1C623BE6-1EFB-E0B4-54D2-D2B8EA704392 (d0, q0, r0, m0, 'Temp', ... (4 bytes))
1758358793: Received PUBLISH from auto-1C623BE6-1EFB-E0B4-54D2-D2B8EA704392 (d0, q0, r0, m0, 'Temp', ... (4 bytes))
1758358793: Sending PUBLISH to auto-1C623BE6-1EFB-E0B4-54D2-D2B8EA704392 (d0, q0, r0, m0, 'Temp', ... (4 bytes))
1758358795: Received PUBLISH from auto-1C623BE6-1EFB-E0B4-54D2-D2B8EA704392 (d0, q0, r0, m0, 'Temp', ... (4 bytes))
1758358795: Sending PUBLISH to auto-1C623BE6-1EFB-E0B4-54D2-D2B8EA704392 (d0, q0, r0, m0, 'Temp', ... (4 bytes))
1758358797: Received PUBLISH from auto-1C623BE6-1EFB-E0B4-54D2-D2B8EA704392 (d0, q0, r0, m0, 'Temp', ... (4 bytes))
1758358797: Sending PUBLISH to auto-1C623BE6-1EFB-E0B4-54D2-D2B8EA704392 (d0, q0, r0, m0, 'Temp', ... (4 bytes))
1758358799: Received PUBLISH from auto-1C623BE6-1EFB-E0B4-54D2-D2B8EA704392 (d0, q0, r0, m0, 'Temp', ... (4 bytes))
1758358799: Sending PUBLISH to auto-1C623BE6-1EFB-E0B4-54D2-D2B8EA704392 (d0, q0, r0, m0, 'Temp', ... (4 bytes))
1758358801: Received PUBLISH from auto-1C623BE6-1EFB-E0B4-54D2-D2B8EA704392 (d0, q0, r0, m0, 'Temp', ... (4 bytes))
1758358801: Sending PUBLISH to auto-1C623BE6-1EFB-E0B4-54D2-D2B8EA704392 (d0, q0, r0, m0, 'Temp', ... (4 bytes))
1758358803: Received PUBLISH from auto-1C623BE6-1EFB-E0B4-54D2-D2B8EA704392 (d0, q0, r0, m0, 'Temp', ... (4 bytes))
1758358803: Sending PUBLISH to auto-1C623BE6-1EFB-E0B4-54D2-D2B8EA704392 (d0, q0, r0, m0, 'Temp', ... (4 bytes))
1758358805: Received PUBLISH from auto-1C623BE6-1EFB-E0B4-54D2-D2B8EA704392 (d0, q0, r0, m0, 'Temp', ... (4 bytes))
1758358805: Sending PUBLISH to auto-1C623BE6-1EFB-E0B4-54D2-D2B8EA704392 (d0, q0, r0, m0, 'Temp', ... (4 bytes))
1758358807: Received PUBLISH from auto-1C623BE6-1EFB-E0B4-54D2-D2B8EA704392 (d0, q0, r0, m0, 'Temp', ... (4 bytes))
1758358807: Sending PUBLISH to auto-1C623BE6-1EFB-E0B4-54D2-D2B8EA704392 (d0, q0, r0, m0, 'Temp', ... (4 bytes))
1758358809: Received PUBLISH from auto-1C623BE6-1EFB-E0B4-54D2-D2B8EA704392 (d0, q0, r0, m0, 'Temp', ... (4 bytes))
1758358809: Sending PUBLISH to auto-1C623BE6-1EFB-E0B4-54D2-D2B8EA704392 (d0, q0, r0, m0, 'Temp', ... (4 bytes))
1758358811: Received PUBLISH from auto-1C623BE6-1EFB-E0B4-54D2-D2B8EA704392 (d0, q0, r0, m0, 'Temp', ... (4 bytes))
1758358811: Sending PUBLISH to auto-1C623BE6-1EFB-E0B4-54D2-D2B8EA704392 (d0, q0, r0, m0, 'Temp', ... (4 bytes))
1758358813: Received PUBLISH from auto-1C623BE6-1EFB-E0B4-54D2-D2B8EA704392 (d0, q0, r0, m0, 'Temp', ... (4 bytes))
1758358813: Sending PUBLISH to auto-1C623BE6-1EFB-E0B4-54D2-D2B8EA704392 (d0, q0, r0, m0, 'Temp', ... (4 bytes))
1758358815: Received PUBLISH from auto-1C623BE6-1EFB-E0B4-54D2-D2B8EA704392 (d0, q0, r0, m0, 'Temp', ... (4 bytes))
1758358815: Sending PUBLISH to auto-1C623BE6-1EFB-E0B4-54D2-D2B8EA704392 (d0, q0, r0, m0, 'Temp', ... (4 bytes))
1758358817: Received PUBLISH from auto-1C623BE6-1EFB-E0B4-54D2-D2B8EA704392 (d0, q0, r0, m0, 'Temp', ... (4 bytes))
1758358817: Sending PUBLISH to auto-1C623BE6-1EFB-E0B4-54D2-D2B8EA704392 (d0, q0, r0, m0, 'Temp', ... (4 bytes))
1758358819: Received PUBLISH from auto-1C623BE6-1EFB-E0B4-54D2-D2B8EA704392 (d0, q0, r0, m0, 'Temp', ... (4 bytes))
1758358819: Sending PUBLISH to auto-1C623BE6-1EFB-E0B4-54D2-D2B8EA704392 (d0, q0, r0, m0, 'Temp', ... (4 bytes))
1758358821: Received PUBLISH from auto-1C623BE6-1EFB-E0B4-54D2-D2B8EA704392 (d0, q0, r0, m0, 'Temp', ... (4 bytes))
1758358821: Sending PUBLISH to auto-1C623BE6-1EFB-E0B4-54D2-D2B8EA704392 (d0, q0, r0, m0, 'Temp', ... (4 bytes))
1758358823: Received PUBLISH from auto-1C623BE6-1EFB-E0B4-54D2-D2B8EA704392 (d0, q0, r0, m0, 'Temp', ... (4 bytes))
1758358823: Sending PUBLISH to auto-1C623BE6-1EFB-E0B4-54D2-D2B8EA704392 (d0, q0, r0, m0, 'Temp', ... (4 bytes))
1758358825: Received PUBLISH from auto-1C623BE6-1EFB-E0B4-54D2-D2B8EA704392 (d0, q0, r0, m0, 'Temp', ... (4 bytes))
1758358825: Sending PUBLISH to auto-1C623BE6-1EFB-E0B4-54D2-D2B8EA704392 (d0, q0, r0, m0, 'Temp', ... (4 bytes))
1758358827: Received PUBLISH from auto-1C623BE6-1EFB-E0B4-54D2-D2B8EA704392 (d0, q0, r0, m0, 'Temp', ... (4 bytes))
1758358827: Sending PUBLISH to auto-1C623BE6-1EFB-E0B4-54D2-D2B8EA704392 (d0, q0, r0, m0, 'Temp', ... (4 bytes))
1758358829: Received PUBLISH from auto-1C623BE6-1EFB-E0B4-54D2-D2B8EA704392 (d0, q0, r0, m0, 'Temp', ... (4 bytes))
1758358829: Sending PUBLISH to auto-1C623BE6-1EFB-E0B4-54D2-D2B8EA704392 (d0, q0, r0, m0, 'Temp', ... (4 bytes))
1758358831: Received PUBLISH from auto-1C623BE6-1EFB-E0B4-54D2-D2B8EA704392 (d0, q0, r0, m0, 'Temp', ... (4 bytes))
1758358831: Sending PUBLISH to auto-1C623BE6-1EFB-E0B4-54D2-D2B8EA704392 (d0, q0, r0, m0, 'Temp', ... (4 bytes))
1758358833: Received PUBLISH from auto-1C623BE6-1EFB-E0B4-54D2-D2B8EA704392 (d0, q0, r0, m0, 'Temp', ... (4 bytes))
1758358833: Sending PUBLISH to auto-1C623BE6-1EFB-E0B4-54D2-D2B8EA704392 (d0, q0, r0, m0, 'Temp', ... (4 bytes))
1758358835: Received PUBLISH from auto-1C623BE6-1EFB-E0B4-54D2-D2B8EA704392 (d0, q0, r0, m0, 'Temp', ... (4 bytes))
1758358835: Sending PUBLISH to auto-1C623BE6-1EFB-E0B4-54D2-D2B8EA704392 (d0, q0, r0, m0, 'Temp', ... (4 bytes))
1758358837: Received PUBLISH from auto-1C623BE6-1EFB-E0B4-54D2-D2B8EA704392 (d0, q0, r0, m0, 'Temp', ... (4 bytes))
1758358837: Sending PUBLISH to auto-1C623BE6-1EFB-E0B4-54D2-D2B8EA704392 (d0, q0, r0, m0, 'Temp', ... (4 bytes))
1758358839: Received PUBLISH from auto-1C623BE6-1EFB-E0B4-54D2-D2B8EA704392 (d0, q0, r0, m0, 'Temp', ... (4 bytes))
1758358839: Sending PUBLISH to auto-1C623BE6-1EFB-E0B4-54D2-D2B8EA704392 (d0, q0, r0, m0, 'Temp', ... (4 bytes))
1758358841: Received PUBLISH from auto-1C623BE6-1EFB-E0B4-54D2-D2B8EA704392 (d0, q0, r0, m0, 'Temp', ... (4 bytes))
1758358841: Sending PUBLISH to auto-1C623BE6-1EFB-E0B4-54D2-D2B8EA704392 (d0, q0, r0, m0, 'Temp', ... (4 bytes))
1758358843: Received PUBLISH from auto-1C623BE6-1EFB-E0B4-54D2-D2B8EA704392 (d0, q0, r0, m0, 'Temp', ... (4 bytes))
1758358843: Sending PUBLISH to auto-1C623BE6-1EFB-E0B4-54D2-D2B8EA704392 (d0, q0, r0, m0, 'Temp', ... (4 bytes))
1758358845: Received PUBLISH from auto-1C623BE6-1EFB-E0B4-54D2-D2B8EA704392 (d0, q0, r0, m0, 'Temp', ... (4 bytes))
1758358845: Sending PUBLISH to auto-1C623BE6-1EFB-E0B4-54D2-D2B8EA704392 (d0, q0, r0, m0, 'Temp', ... (4 bytes))
1758358847: Received PUBLISH from auto-1C623BE6-1EFB-E0B4-54D2-D2B8EA704392 (d0, q0, r0, m0, 'Temp', ... (4 bytes))
1758358847: Sending PUBLISH to auto-1C623BE6-1EFB-E0B4-54D2-D2B8EA704392 (d0, q0, r0, m0, 'Temp', ... (4 bytes))
1758358848: Received PINGREQ from auto-1C623BE6-1EFB-E0B4-54D2-D2B8EA704392
1758358848: Sending PINGRESP to auto-1C623BE6-1EFB-E0B4-54D2-D2B8EA704392
1758358849: Received PUBLISH from auto-1C623BE6-1EFB-E0B4-54D2-D2B8EA704392 (d0, q0, r0, m0, 'Temp', ... (4 bytes))
1758358849: Sending PUBLISH to auto-1C623BE6-1EFB-E0B4-54D2-D2B8EA704392 (d0, q0, r0, m0, 'Temp', ... (4 bytes))
1758358851: Received PUBLISH from auto-1C623BE6-1EFB-E0B4-54D2-D2B8EA704392 (d0, q0, r0, m0, 'Temp', ... (4 bytes))
1758358851: Sending PUBLISH to auto-1C623BE6-1EFB-E0B4-54D2-D2B8EA704392 (d0, q0, r0, m0, 'Temp', ... (4 bytes))
1758358853: Received PUBLISH from auto-1C623BE6-1EFB-E0B4-54D2-D2B8EA704392 (d0, q0, r0, m0, 'Temp', ... (4 bytes))
1758358853: Sending PUBLISH to auto-1C623BE6-1EFB-E0B4-54D2-D2B8EA704392 (d0, q0, r0, m0, 'Temp', ... (4 bytes))
1758358855: Received PUBLISH from auto-1C623BE6-1EFB-E0B4-54D2-D2B8EA704392 (d0, q0, r0, m0, 'Temp', ... (4 bytes))
1758358855: Sending PUBLISH to auto-1C623BE6-1EFB-E0B4-54D2-D2B8EA704392 (d0, q0, r0, m0, 'Temp', ... (4 bytes))
1758358857: Received PUBLISH from auto-1C623BE6-1EFB-E0B4-54D2-D2B8EA704392 (d0, q0, r0, m0, 'Temp', ... (4 bytes))
1758358857: Sending PUBLISH to auto-1C623BE6-1EFB-E0B4-54D2-D2B8EA704392 (d0, q0, r0, m0, 'Temp', ... (4 bytes))
1758358859: Received PUBLISH from auto-1C623BE6-1EFB-E0B4-54D2-D2B8EA704392 (d0, q0, r0, m0, 'Temp', ... (4 bytes))
1758358859: Sending PUBLISH to auto-1C623BE6-1EFB-E0B4-54D2-D2B8EA704392 (d0, q0, r0, m0, 'Temp', ... (4 bytes))
1758358861: Received PUBLISH from auto-1C623BE6-1EFB-E0B4-54D2-D2B8EA704392 (d0, q0, r0, m0, 'Temp', ... (4 bytes))
1758358861: Sending PUBLISH to auto-1C623BE6-1EFB-E0B4-54D2-D2B8EA704392 (d0, q0, r0, m0, 'Temp', ... (4 bytes))
1758358863: Received PUBLISH from auto-1C623BE6-1EFB-E0B4-54D2-D2B8EA704392 (d0, q0, r0, m0, 'Temp', ... (4 bytes))
1758358863: Sending PUBLISH to auto-1C623BE6-1EFB-E0B4-54D2-D2B8EA704392 (d0, q0, r0, m0, 'Temp', ... (4 bytes))
1758358865: Received PUBLISH from auto-1C623BE6-1EFB-E0B4-54D2-D2B8EA704392 (d0, q0, r0, m0, 'Temp', ... (4 bytes))
1758358865: Sending PUBLISH to auto-1C623BE6-1EFB-E0B4-54D2-D2B8EA704392 (d0, q0, r0, m0, 'Temp', ... (4 bytes))
1758358867: Received PUBLISH from auto-1C623BE6-1EFB-E0B4-54D2-D2B8EA704392 (d0, q0, r0, m0, 'Temp', ... (4 bytes))
1758358867: Sending PUBLISH to auto-1C623BE6-1EFB-E0B4-54D2-D2B8EA704392 (d0, q0, r0, m0, 'Temp', ... (4 bytes))
1758358869: Received PUBLISH from auto-1C623BE6-1EFB-E0B4-54D2-D2B8EA704392 (d0, q0, r0, m0, 'Temp', ... (4 bytes))
1758358869: Sending PUBLISH to auto-1C623BE6-1EFB-E0B4-54D2-D2B8EA704392 (d0, q0, r0, m0, 'Temp', ... (4 bytes))
1758358871: Received PUBLISH from auto-1C623BE6-1EFB-E0B4-54D2-D2B8EA704392 (d0, q0, r0, m0, 'Temp', ... (4 bytes))
1758358871: Sending PUBLISH to auto-1C623BE6-1EFB-E0B4-54D2-D2B8EA704392 (d0, q0, r0, m0, 'Temp', ... (4 bytes))
1758358873: Received PUBLISH from auto-1C623BE6-1EFB-E0B4-54D2-D2B8EA704392 (d0, q0, r0, m0, 'Temp', ... (4 bytes))
1758358873: Sending PUBLISH to auto-1C623BE6-1EFB-E0B4-54D2-D2B8EA704392 (d0, q0, r0, m0, 'Temp', ... (4 bytes))
1758358875: Received PUBLISH from auto-1C623BE6-1EFB-E0B4-54D2-D2B8EA704392 (d0, q0, r0, m0, 'Temp', ... (4 bytes))
1758358875: Sending PUBLISH to auto-1C623BE6-1EFB-E0B4-54D2-D2B8EA704392 (d0, q0, r0, m0, 'Temp', ... (4 bytes))
1758358877: Received PUBLISH from auto-1C623BE6-1EFB-E0B4-54D2-D2B8EA704392 (d0, q0, r0, m0, 'Temp', ... (4 bytes))
1758358877: Sending PUBLISH to auto-1C623BE6-1EFB-E0B4-54D2-D2B8EA704392 (d0, q0, r0, m0, 'Temp', ... (4 bytes))
1758358879: Received PUBLISH from auto-1C623BE6-1EFB-E0B4-54D2-D2B8EA704392 (d0, q0, r0, m0, 'Temp', ... (4 bytes))
1758358879: Sending PUBLISH to auto-1C623BE6-1EFB-E0B4-54D2-D2B8EA704392 (d0, q0, r0, m0, 'Temp', ... (4 bytes))
1758358881: Received PUBLISH from auto-1C623BE6-1EFB-E0B4-54D2-D2B8EA704392 (d0, q0, r0, m0, 'Temp', ... (4 bytes))
1758358881: Sending PUBLISH to auto-1C623BE6-1EFB-E0B4-54D2-D2B8EA704392 (d0, q0, r0, m0, 'Temp', ... (4 bytes))
1758358883: Received PUBLISH from auto-1C623BE6-1EFB-E0B4-54D2-D2B8EA704392 (d0, q0, r0, m0, 'Temp', ... (4 bytes))
1758358883: Sending PUBLISH to auto-1C623BE6-1EFB-E0B4-54D2-D2B8EA704392 (d0, q0, r0, m0, 'Temp', ... (4 bytes))
1758358885: Received PUBLISH from auto-1C623BE6-1EFB-E0B4-54D2-D2B8EA704392 (d0, q0, r0, m0, 'Temp', ... (4 bytes))
1758358885: Sending PUBLISH to auto-1C623BE6-1EFB-E0B4-54D2-D2B8EA704392 (d0, q0, r0, m0, 'Temp', ... (4 bytes))
1758358887: Received PUBLISH from auto-1C623BE6-1EFB-E0B4-54D2-D2B8EA704392 (d0, q0, r0, m0, 'Temp', ... (4 bytes))
1758358887: Sending PUBLISH to auto-1C623BE6-1EFB-E0B4-54D2-D2B8EA704392 (d0, q0, r0, m0, 'Temp', ... (4 bytes))
1758358889: Received PUBLISH from auto-1C623BE6-1EFB-E0B4-54D2-D2B8EA704392 (d0, q0, r0, m0, 'Temp', ... (4 bytes))
1758358889: Sending PUBLISH to auto-1C623BE6-1EFB-E0B4-54D2-D2B8EA704392 (d0, q0, r0, m0, 'Temp', ... (4 bytes))
1758358891: Received PUBLISH from auto-1C623BE6-1EFB-E0B4-54D2-D2B8EA704392 (d0, q0, r0, m0, 'Temp', ... (4 bytes))
1758358891: Sending PUBLISH to auto-1C623BE6-1EFB-E0B4-54D2-D2B8EA704392 (d0, q0, r0, m0, 'Temp', ... (4 bytes))
1758358893: Received PUBLISH from auto-1C623BE6-1EFB-E0B4-54D2-D2B8EA704392 (d0, q0, r0, m0, 'Temp', ... (4 bytes))
1758358893: Sending PUBLISH to auto-1C623BE6-1EFB-E0B4-54D2-D2B8EA704392 (d0, q0, r0, m0, 'Temp', ... (4 bytes))
1758358895: Received PUBLISH from auto-1C623BE6-1EFB-E0B4-54D2-D2B8EA704392 (d0, q0, r0, m0, 'Temp', ... (4 bytes))
1758358895: Sending PUBLISH to auto-1C623BE6-1EFB-E0B4-54D2-D2B8EA704392 (d0, q0, r0, m0, 'Temp', ... (4 bytes))
1758358897: Received PUBLISH from auto-1C623BE6-1EFB-E0B4-54D2-D2B8EA704392 (d0, q0, r0, m0, 'Temp', ... (4 bytes))
1758358897: Sending PUBLISH to auto-1C623BE6-1EFB-E0B4-54D2-D2B8EA704392 (d0, q0, r0, m0, 'Temp', ... (4 bytes))
1758358899: Received PUBLISH from auto-1C623BE6-1EFB-E0B4-54D2-D2B8EA704392 (d0, q0, r0, m0, 'Temp', ... (4 bytes))
1758358899: Sending PUBLISH to auto-1C623BE6-1EFB-E0B4-54D2-D2B8EA704392 (d0, q0, r0, m0, 'Temp', ... (4 bytes))
1758358901: Received PUBLISH from auto-1C623BE6-1EFB-E0B4-54D2-D2B8EA704392 (d0, q0, r0, m0, 'Temp', ... (4 bytes))
1758358901: Sending PUBLISH to auto-1C623BE6-1EFB-E0B4-54D2-D2B8EA704392 (d0, q0, r0, m0, 'Temp', ... (4 bytes))
1758358903: Received PUBLISH from auto-1C623BE6-1EFB-E0B4-54D2-D2B8EA704392 (d0, q0, r0, m0, 'Temp', ... (4 bytes))
1758358903: Sending PUBLISH to auto-1C623BE6-1EFB-E0B4-54D2-D2B8EA704392 (d0, q0, r0, m0, 'Temp', ... (4 bytes))
1758358905: Received PUBLISH from auto-1C623BE6-1EFB-E0B4-54D2-D2B8EA704392 (d0, q0, r0, m0, 'Temp', ... (4 bytes))
1758358905: Sending PUBLISH to auto-1C623BE6-1EFB-E0B4-54D2-D2B8EA704392 (d0, q0, r0, m0, 'Temp', ... (4 bytes))
1758358907: Received PUBLISH from auto-1C623BE6-1EFB-E0B4-54D2-D2B8EA704392 (d0, q0, r0, m0, 'Temp', ... (4 bytes))
1758358907: Sending PUBLISH to auto-1C623BE6-1EFB-E0B4-54D2-D2B8EA704392 (d0, q0, r0, m0, 'Temp', ... (4 bytes))
1758358909: Received PINGREQ from auto-1C623BE6-1EFB-E0B4-54D2-D2B8EA704392
1758358909: Sending PINGRESP to auto-1C623BE6-1EFB-E0B4-54D2-D2B8EA704392
1758358909: Received PUBLISH from auto-1C623BE6-1EFB-E0B4-54D2-D2B8EA704392 (d0, q0, r0, m0, 'Temp', ... (4 bytes))
1758358909: Sending PUBLISH to auto-1C623BE6-1EFB-E0B4-54D2-D2B8EA704392 (d0, q0, r0, m0, 'Temp', ... (4 bytes))
1758358911: Received PUBLISH from auto-1C623BE6-1EFB-E0B4-54D2-D2B8EA704392 (d0, q0, r0, m0, 'Temp', ... (4 bytes))
1758358911: Sending PUBLISH to auto-1C623BE6-1EFB-E0B4-54D2-D2B8EA704392 (d0, q0, r0, m0, 'Temp', ... (4 bytes))
1758358913: Received PUBLISH from auto-1C623BE6-1EFB-E0B4-54D2-D2B8EA704392 (d0, q0, r0, m0, 'Temp', ... (4 bytes))
1758358913: Sending PUBLISH to auto-1C623BE6-1EFB-E0B4-54D2-D2B8EA704392 (d0, q0, r0, m0, 'Temp', ... (4 bytes))
1758358915: Received PUBLISH from auto-1C623BE6-1EFB-E0B4-54D2-D2B8EA704392 (d0, q0, r0, m0, 'Temp', ... (4 bytes))
1758358915: Sending PUBLISH to auto-1C623BE6-1EFB-E0B4-54D2-D2B8EA704392 (d0, q0, r0, m0, 'Temp', ... (4 bytes))
1758358917: Received PUBLISH from auto-1C623BE6-1EFB-E0B4-54D2-D2B8EA704392 (d0, q0, r0, m0, 'Temp', ... (4 bytes))
1758358917: Sending PUBLISH to auto-1C623BE6-1EFB-E0B4-54D2-D2B8EA704392 (d0, q0, r0, m0, 'Temp', ... (4 bytes))
1758358919: Received PUBLISH from auto-1C623BE6-1EFB-E0B4-54D2-D2B8EA704392 (d0, q0, r0, m0, 'Temp', ... (4 bytes))
1758358919: Sending PUBLISH to auto-1C623BE6-1EFB-E0B4-54D2-D2B8EA704392 (d0, q0, r0, m0, 'Temp', ... (4 bytes))
1758358921: Received PUBLISH from auto-1C623BE6-1EFB-E0B4-54D2-D2B8EA704392 (d0, q0, r0, m0, 'Temp', ... (4 bytes))
1758358921: Sending PUBLISH to auto-1C623BE6-1EFB-E0B4-54D2-D2B8EA704392 (d0, q0, r0, m0, 'Temp', ... (4 bytes))
1758358923: Received PUBLISH from auto-1C623BE6-1EFB-E0B4-54D2-D2B8EA704392 (d0, q0, r0, m0, 'Temp', ... (4 bytes))
1758358923: Sending PUBLISH to auto-1C623BE6-1EFB-E0B4-54D2-D2B8EA704392 (d0, q0, r0, m0, 'Temp', ... (4 bytes))
1758358925: Received PUBLISH from auto-1C623BE6-1EFB-E0B4-54D2-D2B8EA704392 (d0, q0, r0, m0, 'Temp', ... (4 bytes))
1758358925: Sending PUBLISH to auto-1C623BE6-1EFB-E0B4-54D2-D2B8EA704392 (d0, q0, r0, m0, 'Temp', ... (4 bytes))
1758358927: Received PUBLISH from auto-1C623BE6-1EFB-E0B4-54D2-D2B8EA704392 (d0, q0, r0, m0, 'Temp', ... (4 bytes))
1758358927: Sending PUBLISH to auto-1C623BE6-1EFB-E0B4-54D2-D2B8EA704392 (d0, q0, r0, m0, 'Temp', ... (4 bytes))
1758358929: Received PUBLISH from auto-1C623BE6-1EFB-E0B4-54D2-D2B8EA704392 (d0, q0, r0, m0, 'Temp', ... (4 bytes))
1758358929: Sending PUBLISH to auto-1C623BE6-1EFB-E0B4-54D2-D2B8EA704392 (d0, q0, r0, m0, 'Temp', ... (4 bytes))
1758358931: Received PUBLISH from auto-1C623BE6-1EFB-E0B4-54D2-D2B8EA704392 (d0, q0, r0, m0, 'Temp', ... (4 bytes))
1758358931: Sending PUBLISH to auto-1C623BE6-1EFB-E0B4-54D2-D2B8EA704392 (d0, q0, r0, m0, 'Temp', ... (4 bytes))
1758358933: Received PUBLISH from auto-1C623BE6-1EFB-E0B4-54D2-D2B8EA704392 (d0, q0, r0, m0, 'Temp', ... (4 bytes))
1758358933: Sending PUBLISH to auto-1C623BE6-1EFB-E0B4-54D2-D2B8EA704392 (d0, q0, r0, m0, 'Temp', ... (4 bytes))
1758358935: Received PUBLISH from auto-1C623BE6-1EFB-E0B4-54D2-D2B8EA704392 (d0, q0, r0, m0, 'Temp', ... (4 bytes))
1758358935: Sending PUBLISH to auto-1C623BE6-1EFB-E0B4-54D2-D2B8EA704392 (d0, q0, r0, m0, 'Temp', ... (4 bytes))
1758358937: Received PUBLISH from auto-1C623BE6-1EFB-E0B4-54D2-D2B8EA704392 (d0, q0, r0, m0, 'Temp', ... (4 bytes))
1758358937: Sending PUBLISH to auto-1C623BE6-1EFB-E0B4-54D2-D2B8EA704392 (d0, q0, r0, m0, 'Temp', ... (4 bytes))
1758358939: Received PUBLISH from auto-1C623BE6-1EFB-E0B4-54D2-D2B8EA704392 (d0, q0, r0, m0, 'Temp', ... (4 bytes))
1758358939: Sending PUBLISH to auto-1C623BE6-1EFB-E0B4-54D2-D2B8EA704392 (d0, q0, r0, m0, 'Temp', ... (4 bytes))
1758358941: Received PUBLISH from auto-1C623BE6-1EFB-E0B4-54D2-D2B8EA704392 (d0, q0, r0, m0, 'Temp', ... (4 bytes))
1758358941: Sending PUBLISH to auto-1C623BE6-1EFB-E0B4-54D2-D2B8EA704392 (d0, q0, r0, m0, 'Temp', ... (4 bytes))
1758358943: Received PUBLISH from auto-1C623BE6-1EFB-E0B4-54D2-D2B8EA704392 (d0, q0, r0, m0, 'Temp', ... (4 bytes))
1758358943: Sending PUBLISH to auto-1C623BE6-1EFB-E0B4-54D2-D2B8EA704392 (d0, q0, r0, m0, 'Temp', ... (4 bytes))
1758358945: Received PUBLISH from auto-1C623BE6-1EFB-E0B4-54D2-D2B8EA704392 (d0, q0, r0, m0, 'Temp', ... (4 bytes))
1758358945: Sending PUBLISH to auto-1C623BE6-1EFB-E0B4-54D2-D2B8EA704392 (d0, q0, r0, m0, 'Temp', ... (4 bytes))
1758358947: Received PUBLISH from auto-1C623BE6-1EFB-E0B4-54D2-D2B8EA704392 (d0, q0, r0, m0, 'Temp', ... (4 bytes))
1758358947: Sending PUBLISH to auto-1C623BE6-1EFB-E0B4-54D2-D2B8EA704392 (d0, q0, r0, m0, 'Temp', ... (4 bytes))
1758358949: Received PUBLISH from auto-1C623BE6-1EFB-E0B4-54D2-D2B8EA704392 (d0, q0, r0, m0, 'Temp', ... (4 bytes))
1758358949: Sending PUBLISH to auto-1C623BE6-1EFB-E0B4-54D2-D2B8EA704392 (d0, q0, r0, m0, 'Temp', ... (4 bytes))
1758358951: Received PUBLISH from auto-1C623BE6-1EFB-E0B4-54D2-D2B8EA704392 (d0, q0, r0, m0, 'Temp', ... (4 bytes))
1758358951: Sending PUBLISH to auto-1C623BE6-1EFB-E0B4-54D2-D2B8EA704392 (d0, q0, r0, m0, 'Temp', ... (4 bytes))
1758358953: Received PUBLISH from auto-1C623BE6-1EFB-E0B4-54D2-D2B8EA704392 (d0, q0, r0, m0, 'Temp', ... (4 bytes))
1758358953: Sending PUBLISH to auto-1C623BE6-1EFB-E0B4-54D2-D2B8EA704392 (d0, q0, r0, m0, 'Temp', ... (4 bytes))
1758358955: Received PUBLISH from auto-1C623BE6-1EFB-E0B4-54D2-D2B8EA704392 (d0, q0, r0, m0, 'Temp', ... (4 bytes))
1758358955: Sending PUBLISH to auto-1C623BE6-1EFB-E0B4-54D2-D2B8EA704392 (d0, q0, r0, m0, 'Temp', ... (4 bytes))
1758358957: Received PUBLISH from auto-1C623BE6-1EFB-E0B4-54D2-D2B8EA704392 (d0, q0, r0, m0, 'Temp', ... (4 bytes))
1758358957: Sending PUBLISH to auto-1C623BE6-1EFB-E0B4-54D2-D2B8EA704392 (d0, q0, r0, m0, 'Temp', ... (4 bytes))
1758358959: Received PUBLISH from auto-1C623BE6-1EFB-E0B4-54D2-D2B8EA704392 (d0, q0, r0, m0, 'Temp', ... (4 bytes))
1758358959: Sending PUBLISH to auto-1C623BE6-1EFB-E0B4-54D2-D2B8EA704392 (d0, q0, r0, m0, 'Temp', ... (4 bytes))
1758358961: Received PUBLISH from auto-1C623BE6-1EFB-E0B4-54D2-D2B8EA704392 (d0, q0, r0, m0, 'Temp', ... (4 bytes))
1758358961: Sending PUBLISH to auto-1C623BE6-1EFB-E0B4-54D2-D2B8EA704392 (d0, q0, r0, m0, 'Temp', ... (4 bytes))
1758358963: Received PUBLISH from auto-1C623BE6-1EFB-E0B4-54D2-D2B8EA704392 (d0, q0, r0, m0, 'Temp', ... (4 bytes))
1758358963: Sending PUBLISH to auto-1C623BE6-1EFB-E0B4-54D2-D2B8EA704392 (d0, q0, r0, m0, 'Temp', ... (4 bytes))
1758358965: Received PUBLISH from auto-1C623BE6-1EFB-E0B4-54D2-D2B8EA704392 (d0, q0, r0, m0, 'Temp', ... (4 bytes))
1758358965: Sending PUBLISH to auto-1C623BE6-1EFB-E0B4-54D2-D2B8EA704392 (d0, q0, r0, m0, 'Temp', ... (4 bytes))
1758358967: Received PUBLISH from auto-1C623BE6-1EFB-E0B4-54D2-D2B8EA704392 (d0, q0, r0, m0, 'Temp', ... (4 bytes))
1758358967: Sending PUBLISH to auto-1C623BE6-1EFB-E0B4-54D2-D2B8EA704392 (d0, q0, r0, m0, 'Temp', ... (4 bytes))
1758358969: Received PUBLISH from auto-1C623BE6-1EFB-E0B4-54D2-D2B8EA704392 (d0, q0, r0, m0, 'Temp', ... (4 bytes))
1758358969: Sending PUBLISH to auto-1C623BE6-1EFB-E0B4-54D2-D2B8EA704392 (d0, q0, r0, m0, 'Temp', ... (4 bytes))
1758358970: Received PINGREQ from auto-1C623BE6-1EFB-E0B4-54D2-D2B8EA704392
1758358970: Sending PINGRESP to auto-1C623BE6-1EFB-E0B4-54D2-D2B8EA704392
1758358971: Received PUBLISH from auto-1C623BE6-1EFB-E0B4-54D2-D2B8EA704392 (d0, q0, r0, m0, 'Temp', ... (4 bytes))
1758358971: Sending PUBLISH to auto-1C623BE6-1EFB-E0B4-54D2-D2B8EA704392 (d0, q0, r0, m0, 'Temp', ... (4 bytes))
1758358973: Received PUBLISH from auto-1C623BE6-1EFB-E0B4-54D2-D2B8EA704392 (d0, q0, r0, m0, 'Temp', ... (4 bytes))
1758358973: Sending PUBLISH to auto-1C623BE6-1EFB-E0B4-54D2-D2B8EA704392 (d0, q0, r0, m0, 'Temp', ... (4 bytes))
1758358975: Received PUBLISH from auto-1C623BE6-1EFB-E0B4-54D2-D2B8EA704392 (d0, q0, r0, m0, 'Temp', ... (4 bytes))
1758358975: Sending PUBLISH to auto-1C623BE6-1EFB-E0B4-54D2-D2B8EA704392 (d0, q0, r0, m0, 'Temp', ... (4 bytes))
1758358977: Received PUBLISH from auto-1C623BE6-1EFB-E0B4-54D2-D2B8EA704392 (d0, q0, r0, m0, 'Temp', ... (4 bytes))
1758358977: Sending PUBLISH to auto-1C623BE6-1EFB-E0B4-54D2-D2B8EA704392 (d0, q0, r0, m0, 'Temp', ... (4 bytes))
1758358979: Received PUBLISH from auto-1C623BE6-1EFB-E0B4-54D2-D2B8EA704392 (d0, q0, r0, m0, 'Temp', ... (4 bytes))
1758358979: Sending PUBLISH to auto-1C623BE6-1EFB-E0B4-54D2-D2B8EA704392 (d0, q0, r0, m0, 'Temp', ... (4 bytes))
1758358981: Received PUBLISH from auto-1C623BE6-1EFB-E0B4-54D2-D2B8EA704392 (d0, q0, r0, m0, 'Temp', ... (4 bytes))
1758358981: Sending PUBLISH to auto-1C623BE6-1EFB-E0B4-54D2-D2B8EA704392 (d0, q0, r0, m0, 'Temp', ... (4 bytes))
1758358983: Received PUBLISH from auto-1C623BE6-1EFB-E0B4-54D2-D2B8EA704392 (d0, q0, r0, m0, 'Temp', ... (4 bytes))
1758358983: Sending PUBLISH to auto-1C623BE6-1EFB-E0B4-54D2-D2B8EA704392 (d0, q0, r0, m0, 'Temp', ... (4 bytes))
1758358985: Received PUBLISH from auto-1C623BE6-1EFB-E0B4-54D2-D2B8EA704392 (d0, q0, r0, m0, 'Temp', ... (4 bytes))
1758358985: Sending PUBLISH to auto-1C623BE6-1EFB-E0B4-54D2-D2B8EA704392 (d0, q0, r0, m0, 'Temp', ... (4 bytes))
1758358987: Received PUBLISH from auto-1C623BE6-1EFB-E0B4-54D2-D2B8EA704392 (d0, q0, r0, m0, 'Temp', ... (4 bytes))
1758358987: Sending PUBLISH to auto-1C623BE6-1EFB-E0B4-54D2-D2B8EA704392 (d0, q0, r0, m0, 'Temp', ... (4 bytes))
1758358989: Received PUBLISH from auto-1C623BE6-1EFB-E0B4-54D2-D2B8EA704392 (d0, q0, r0, m0, 'Temp', ... (4 bytes))
1758358989: Sending PUBLISH to auto-1C623BE6-1EFB-E0B4-54D2-D2B8EA704392 (d0, q0, r0, m0, 'Temp', ... (4 bytes))
1758358991: Received PUBLISH from auto-1C623BE6-1EFB-E0B4-54D2-D2B8EA704392 (d0, q0, r0, m0, 'Temp', ... (4 bytes))
1758358991: Sending PUBLISH to auto-1C623BE6-1EFB-E0B4-54D2-D2B8EA704392 (d0, q0, r0, m0, 'Temp', ... (4 bytes))
1758358993: Received PUBLISH from auto-1C623BE6-1EFB-E0B4-54D2-D2B8EA704392 (d0, q0, r0, m0, 'Temp', ... (4 bytes))
1758358993: Sending PUBLISH to auto-1C623BE6-1EFB-E0B4-54D2-D2B8EA704392 (d0, q0, r0, m0, 'Temp', ... (4 bytes))
1758358995: Received PUBLISH from auto-1C623BE6-1EFB-E0B4-54D2-D2B8EA704392 (d0, q0, r0, m0, 'Temp', ... (4 bytes))
1758358995: Sending PUBLISH to auto-1C623BE6-1EFB-E0B4-54D2-D2B8EA704392 (d0, q0, r0, m0, 'Temp', ... (4 bytes))
1758358997: Received PUBLISH from auto-1C623BE6-1EFB-E0B4-54D2-D2B8EA704392 (d0, q0, r0, m0, 'Temp', ... (4 bytes))
1758358997: Sending PUBLISH to auto-1C623BE6-1EFB-E0B4-54D2-D2B8EA704392 (d0, q0, r0, m0, 'Temp', ... (4 bytes))
1758358999: Received PUBLISH from auto-1C623BE6-1EFB-E0B4-54D2-D2B8EA704392 (d0, q0, r0, m0, 'Temp', ... (4 bytes))
1758358999: Sending PUBLISH to auto-1C623BE6-1EFB-E0B4-54D2-D2B8EA704392 (d0, q0, r0, m0, 'Temp', ... (4 bytes))
1758359001: Received PUBLISH from auto-1C623BE6-1EFB-E0B4-54D2-D2B8EA704392 (d0, q0, r0, m0, 'Temp', ... (4 bytes))
1758359001: Sending PUBLISH to auto-1C623BE6-1EFB-E0B4-54D2-D2B8EA704392 (d0, q0, r0, m0, 'Temp', ... (4 bytes))
1758359003: Received PUBLISH from auto-1C623BE6-1EFB-E0B4-54D2-D2B8EA704392 (d0, q0, r0, m0, 'Temp', ... (4 bytes))
1758359003: Sending PUBLISH to auto-1C623BE6-1EFB-E0B4-54D2-D2B8EA704392 (d0, q0, r0, m0, 'Temp', ... (4 bytes))
1758359005: Received PUBLISH from auto-1C623BE6-1EFB-E0B4-54D2-D2B8EA704392 (d0, q0, r0, m0, 'Temp', ... (4 bytes))
1758359005: Sending PUBLISH to auto-1C623BE6-1EFB-E0B4-54D2-D2B8EA704392 (d0, q0, r0, m0, 'Temp', ... (4 bytes))
1758359007: Received PUBLISH from auto-1C623BE6-1EFB-E0B4-54D2-D2B8EA704392 (d0, q0, r0, m0, 'Temp', ... (4 bytes))
1758359007: Sending PUBLISH to auto-1C623BE6-1EFB-E0B4-54D2-D2B8EA704392 (d0, q0, r0, m0, 'Temp', ... (4 bytes))
1758359009: Received PUBLISH from auto-1C623BE6-1EFB-E0B4-54D2-D2B8EA704392 (d0, q0, r0, m0, 'Temp', ... (4 bytes))
1758359009: Sending PUBLISH to auto-1C623BE6-1EFB-E0B4-54D2-D2B8EA704392 (d0, q0, r0, m0, 'Temp', ... (4 bytes))
1758359011: Received PUBLISH from auto-1C623BE6-1EFB-E0B4-54D2-D2B8EA704392 (d0, q0, r0, m0, 'Temp', ... (4 bytes))
1758359011: Sending PUBLISH to auto-1C623BE6-1EFB-E0B4-54D2-D2B8EA704392 (d0, q0, r0, m0, 'Temp', ... (4 bytes))
1758359013: Received PUBLISH from auto-1C623BE6-1EFB-E0B4-54D2-D2B8EA704392 (d0, q0, r0, m0, 'Temp', ... (4 bytes))
1758359013: Sending PUBLISH to auto-1C623BE6-1EFB-E0B4-54D2-D2B8EA704392 (d0, q0, r0, m0, 'Temp', ... (4 bytes))
1758359015: Received PUBLISH from auto-1C623BE6-1EFB-E0B4-54D2-D2B8EA704392 (d0, q0, r0, m0, 'Temp', ... (4 bytes))
1758359015: Sending PUBLISH to auto-1C623BE6-1EFB-E0B4-54D2-D2B8EA704392 (d0, q0, r0, m0, 'Temp', ... (4 bytes))
1758359017: Received PUBLISH from auto-1C623BE6-1EFB-E0B4-54D2-D2B8EA704392 (d0, q0, r0, m0, 'Temp', ... (4 bytes))
1758359017: Sending PUBLISH to auto-1C623BE6-1EFB-E0B4-54D2-D2B8EA704392 (d0, q0, r0, m0, 'Temp', ... (4 bytes))
1758359019: Received PUBLISH from auto-1C623BE6-1EFB-E0B4-54D2-D2B8EA704392 (d0, q0, r0, m0, 'Temp', ... (4 bytes))
1758359019: Sending PUBLISH to auto-1C623BE6-1EFB-E0B4-54D2-D2B8EA704392 (d0, q0, r0, m0, 'Temp', ... (4 bytes))
1758359021: Received PUBLISH from auto-1C623BE6-1EFB-E0B4-54D2-D2B8EA704392 (d0, q0, r0, m0, 'Temp', ... (4 bytes))
1758359021: Sending PUBLISH to auto-1C623BE6-1EFB-E0B4-54D2-D2B8EA704392 (d0, q0, r0, m0, 'Temp', ... (4 bytes))
1758359023: Received PUBLISH from auto-1C623BE6-1EFB-E0B4-54D2-D2B8EA704392 (d0, q0, r0, m0, 'Temp', ... (4 bytes))
1758359023: Sending PUBLISH to auto-1C623BE6-1EFB-E0B4-54D2-D2B8EA704392 (d0, q0, r0, m0, 'Temp', ... (4 bytes))
1758359025: Received PUBLISH from auto-1C623BE6-1EFB-E0B4-54D2-D2B8EA704392 (d0, q0, r0, m0, 'Temp', ... (4 bytes))
1758359025: Sending PUBLISH to auto-1C623BE6-1EFB-E0B4-54D2-D2B8EA704392 (d0, q0, r0, m0, 'Temp', ... (4 bytes))
1758359027: Received PUBLISH from auto-1C623BE6-1EFB-E0B4-54D2-D2B8EA704392 (d0, q0, r0, m0, 'Temp', ... (4 bytes))
1758359027: Sending PUBLISH to auto-1C623BE6-1EFB-E0B4-54D2-D2B8EA704392 (d0, q0, r0, m0, 'Temp', ... (4 bytes))
1758359029: Received PUBLISH from auto-1C623BE6-1EFB-E0B4-54D2-D2B8EA704392 (d0, q0, r0, m0, 'Temp', ... (4 bytes))
1758359029: Sending PUBLISH to auto-1C623BE6-1EFB-E0B4-54D2-D2B8EA704392 (d0, q0, r0, m0, 'Temp', ... (4 bytes))
1758359030: Received PINGREQ from auto-1C623BE6-1EFB-E0B4-54D2-D2B8EA704392
1758359030: Sending PINGRESP to auto-1C623BE6-1EFB-E0B4-54D2-D2B8EA704392
1758359031: Received PUBLISH from auto-1C623BE6-1EFB-E0B4-54D2-D2B8EA704392 (d0, q0, r0, m0, 'Temp', ... (4 bytes))
1758359031: Sending PUBLISH to auto-1C623BE6-1EFB-E0B4-54D2-D2B8EA704392 (d0, q0, r0, m0, 'Temp', ... (4 bytes))
1758359033: Received PUBLISH from auto-1C623BE6-1EFB-E0B4-54D2-D2B8EA704392 (d0, q0, r0, m0, 'Temp', ... (4 bytes))
1758359033: Sending PUBLISH to auto-1C623BE6-1EFB-E0B4-54D2-D2B8EA704392 (d0, q0, r0, m0, 'Temp', ... (4 bytes))
1758359035: Received PUBLISH from auto-1C623BE6-1EFB-E0B4-54D2-D2B8EA704392 (d0, q0, r0, m0, 'Temp', ... (4 bytes))
1758359035: Sending PUBLISH to auto-1C623BE6-1EFB-E0B4-54D2-D2B8EA704392 (d0, q0, r0, m0, 'Temp', ... (4 bytes))
1758359037: Received PUBLISH from auto-1C623BE6-1EFB-E0B4-54D2-D2B8EA704392 (d0, q0, r0, m0, 'Temp', ... (4 bytes))
1758359037: Sending PUBLISH to auto-1C623BE6-1EFB-E0B4-54D2-D2B8EA704392 (d0, q0, r0, m0, 'Temp', ... (4 bytes))
1758359039: Received PUBLISH from auto-1C623BE6-1EFB-E0B4-54D2-D2B8EA704392 (d0, q0, r0, m0, 'Temp', ... (4 bytes))
1758359039: Sending PUBLISH to auto-1C623BE6-1EFB-E0B4-54D2-D2B8EA704392 (d0, q0, r0, m0, 'Temp', ... (4 bytes))
1758359041: Received PUBLISH from auto-1C623BE6-1EFB-E0B4-54D2-D2B8EA704392 (d0, q0, r0, m0, 'Temp', ... (4 bytes))
1758359041: Sending PUBLISH to auto-1C623BE6-1EFB-E0B4-54D2-D2B8EA704392 (d0, q0, r0, m0, 'Temp', ... (4 bytes))
1758359043: Received PUBLISH from auto-1C623BE6-1EFB-E0B4-54D2-D2B8EA704392 (d0, q0, r0, m0, 'Temp', ... (4 bytes))
1758359043: Sending PUBLISH to auto-1C623BE6-1EFB-E0B4-54D2-D2B8EA704392 (d0, q0, r0, m0, 'Temp', ... (4 bytes))
1758359045: Received PUBLISH from auto-1C623BE6-1EFB-E0B4-54D2-D2B8EA704392 (d0, q0, r0, m0, 'Temp', ... (4 bytes))
1758359045: Sending PUBLISH to auto-1C623BE6-1EFB-E0B4-54D2-D2B8EA704392 (d0, q0, r0, m0, 'Temp', ... (4 bytes))
1758359047: Received PUBLISH from auto-1C623BE6-1EFB-E0B4-54D2-D2B8EA704392 (d0, q0, r0, m0, 'Temp', ... (4 bytes))
1758359047: Sending PUBLISH to auto-1C623BE6-1EFB-E0B4-54D2-D2B8EA704392 (d0, q0, r0, m0, 'Temp', ... (4 bytes))
1758359049: Received PUBLISH from auto-1C623BE6-1EFB-E0B4-54D2-D2B8EA704392 (d0, q0, r0, m0, 'Temp', ... (4 bytes))
1758359049: Sending PUBLISH to auto-1C623BE6-1EFB-E0B4-54D2-D2B8EA704392 (d0, q0, r0, m0, 'Temp', ... (4 bytes))
1758359051: Received PUBLISH from auto-1C623BE6-1EFB-E0B4-54D2-D2B8EA704392 (d0, q0, r0, m0, 'Temp', ... (4 bytes))
1758359051: Sending PUBLISH to auto-1C623BE6-1EFB-E0B4-54D2-D2B8EA704392 (d0, q0, r0, m0, 'Temp', ... (4 bytes))
1758359053: Received PUBLISH from auto-1C623BE6-1EFB-E0B4-54D2-D2B8EA704392 (d0, q0, r0, m0, 'Temp', ... (4 bytes))
1758359053: Sending PUBLISH to auto-1C623BE6-1EFB-E0B4-54D2-D2B8EA704392 (d0, q0, r0, m0, 'Temp', ... (4 bytes))
1758359055: Received PUBLISH from auto-1C623BE6-1EFB-E0B4-54D2-D2B8EA704392 (d0, q0, r0, m0, 'Temp', ... (4 bytes))
1758359055: Sending PUBLISH to auto-1C623BE6-1EFB-E0B4-54D2-D2B8EA704392 (d0, q0, r0, m0, 'Temp', ... (4 bytes))
1758359057: Received PUBLISH from auto-1C623BE6-1EFB-E0B4-54D2-D2B8EA704392 (d0, q0, r0, m0, 'Temp', ... (4 bytes))
1758359057: Sending PUBLISH to auto-1C623BE6-1EFB-E0B4-54D2-D2B8EA704392 (d0, q0, r0, m0, 'Temp', ... (4 bytes))
1758359059: Received PUBLISH from auto-1C623BE6-1EFB-E0B4-54D2-D2B8EA704392 (d0, q0, r0, m0, 'Temp', ... (4 bytes))
1758359059: Sending PUBLISH to auto-1C623BE6-1EFB-E0B4-54D2-D2B8EA704392 (d0, q0, r0, m0, 'Temp', ... (4 bytes))
1758359061: Received PUBLISH from auto-1C623BE6-1EFB-E0B4-54D2-D2B8EA704392 (d0, q0, r0, m0, 'Temp', ... (4 bytes))
1758359061: Sending PUBLISH to auto-1C623BE6-1EFB-E0B4-54D2-D2B8EA704392 (d0, q0, r0, m0, 'Temp', ... (4 bytes))
1758359063: Received PUBLISH from auto-1C623BE6-1EFB-E0B4-54D2-D2B8EA704392 (d0, q0, r0, m0, 'Temp', ... (4 bytes))
1758359063: Sending PUBLISH to auto-1C623BE6-1EFB-E0B4-54D2-D2B8EA704392 (d0, q0, r0, m0, 'Temp', ... (4 bytes))
1758359065: Received PUBLISH from auto-1C623BE6-1EFB-E0B4-54D2-D2B8EA704392 (d0, q0, r0, m0, 'Temp', ... (4 bytes))
1758359065: Sending PUBLISH to auto-1C623BE6-1EFB-E0B4-54D2-D2B8EA704392 (d0, q0, r0, m0, 'Temp', ... (4 bytes))
1758359067: Received PUBLISH from auto-1C623BE6-1EFB-E0B4-54D2-D2B8EA704392 (d0, q0, r0, m0, 'Temp', ... (4 bytes))
1758359067: Sending PUBLISH to auto-1C623BE6-1EFB-E0B4-54D2-D2B8EA704392 (d0, q0, r0, m0, 'Temp', ... (4 bytes))
1758359069: Received PUBLISH from auto-1C623BE6-1EFB-E0B4-54D2-D2B8EA704392 (d0, q0, r0, m0, 'Temp', ... (4 bytes))
1758359069: Sending PUBLISH to auto-1C623BE6-1EFB-E0B4-54D2-D2B8EA704392 (d0, q0, r0, m0, 'Temp', ... (4 bytes))
1758359071: Received PUBLISH from auto-1C623BE6-1EFB-E0B4-54D2-D2B8EA704392 (d0, q0, r0, m0, 'Temp', ... (4 bytes))
1758359071: Sending PUBLISH to auto-1C623BE6-1EFB-E0B4-54D2-D2B8EA704392 (d0, q0, r0, m0, 'Temp', ... (4 bytes))
1758359073: Received PUBLISH from auto-1C623BE6-1EFB-E0B4-54D2-D2B8EA704392 (d0, q0, r0, m0, 'Temp', ... (4 bytes))
1758359073: Sending PUBLISH to auto-1C623BE6-1EFB-E0B4-54D2-D2B8EA704392 (d0, q0, r0, m0, 'Temp', ... (4 bytes))
1758359075: Received PUBLISH from auto-1C623BE6-1EFB-E0B4-54D2-D2B8EA704392 (d0, q0, r0, m0, 'Temp', ... (4 bytes))
1758359075: Sending PUBLISH to auto-1C623BE6-1EFB-E0B4-54D2-D2B8EA704392 (d0, q0, r0, m0, 'Temp', ... (4 bytes))
1758359077: Received PUBLISH from auto-1C623BE6-1EFB-E0B4-54D2-D2B8EA704392 (d0, q0, r0, m0, 'Temp', ... (4 bytes))
1758359077: Sending PUBLISH to auto-1C623BE6-1EFB-E0B4-54D2-D2B8EA704392 (d0, q0, r0, m0, 'Temp', ... (4 bytes))
1758359079: Received PUBLISH from auto-1C623BE6-1EFB-E0B4-54D2-D2B8EA704392 (d0, q0, r0, m0, 'Temp', ... (4 bytes))
1758359079: Sending PUBLISH to auto-1C623BE6-1EFB-E0B4-54D2-D2B8EA704392 (d0, q0, r0, m0, 'Temp', ... (4 bytes))
1758359081: Received PUBLISH from auto-1C623BE6-1EFB-E0B4-54D2-D2B8EA704392 (d0, q0, r0, m0, 'Temp', ... (4 bytes))
1758359081: Sending PUBLISH to auto-1C623BE6-1EFB-E0B4-54D2-D2B8EA704392 (d0, q0, r0, m0, 'Temp', ... (4 bytes))
1758359083: Received PUBLISH from auto-1C623BE6-1EFB-E0B4-54D2-D2B8EA704392 (d0, q0, r0, m0, 'Temp', ... (4 bytes))
1758359083: Sending PUBLISH to auto-1C623BE6-1EFB-E0B4-54D2-D2B8EA704392 (d0, q0, r0, m0, 'Temp', ... (4 bytes))
1758359085: Received PUBLISH from auto-1C623BE6-1EFB-E0B4-54D2-D2B8EA704392 (d0, q0, r0, m0, 'Temp', ... (4 bytes))
1758359085: Sending PUBLISH to auto-1C623BE6-1EFB-E0B4-54D2-D2B8EA704392 (d0, q0, r0, m0, 'Temp', ... (4 bytes))
1758359087: Received PUBLISH from auto-1C623BE6-1EFB-E0B4-54D2-D2B8EA704392 (d0, q0, r0, m0, 'Temp', ... (4 bytes))
1758359087: Sending PUBLISH to auto-1C623BE6-1EFB-E0B4-54D2-D2B8EA704392 (d0, q0, r0, m0, 'Temp', ... (4 bytes))
1758359089: Received PUBLISH from auto-1C623BE6-1EFB-E0B4-54D2-D2B8EA704392 (d0, q0, r0, m0, 'Temp', ... (4 bytes))
1758359089: Sending PUBLISH to auto-1C623BE6-1EFB-E0B4-54D2-D2B8EA704392 (d0, q0, r0, m0, 'Temp', ... (4 bytes))
1758359091: Received PUBLISH from auto-1C623BE6-1EFB-E0B4-54D2-D2B8EA704392 (d0, q0, r0, m0, 'Temp', ... (4 bytes))
1758359091: Sending PUBLISH to auto-1C623BE6-1EFB-E0B4-54D2-D2B8EA704392 (d0, q0, r0, m0, 'Temp', ... (4 bytes))
1758359091: Received PINGREQ from auto-1C623BE6-1EFB-E0B4-54D2-D2B8EA704392
1758359091: Sending PINGRESP to auto-1C623BE6-1EFB-E0B4-54D2-D2B8EA704392
1758359093: Received PUBLISH from auto-1C623BE6-1EFB-E0B4-54D2-D2B8EA704392 (d0, q0, r0, m0, 'Temp', ... (4 bytes))
1758359093: Sending PUBLISH to auto-1C623BE6-1EFB-E0B4-54D2-D2B8EA704392 (d0, q0, r0, m0, 'Temp', ... (4 bytes))
1758359095: Received PUBLISH from auto-1C623BE6-1EFB-E0B4-54D2-D2B8EA704392 (d0, q0, r0, m0, 'Temp', ... (4 bytes))
1758359095: Sending PUBLISH to auto-1C623BE6-1EFB-E0B4-54D2-D2B8EA704392 (d0, q0, r0, m0, 'Temp', ... (4 bytes))
1758359097: Received PUBLISH from auto-1C623BE6-1EFB-E0B4-54D2-D2B8EA704392 (d0, q0, r0, m0, 'Temp', ... (4 bytes))
1758359097: Sending PUBLISH to auto-1C623BE6-1EFB-E0B4-54D2-D2B8EA704392 (d0, q0, r0, m0, 'Temp', ... (4 bytes))
1758359099: Received PUBLISH from auto-1C623BE6-1EFB-E0B4-54D2-D2B8EA704392 (d0, q0, r0, m0, 'Temp', ... (4 bytes))
1758359099: Sending PUBLISH to auto-1C623BE6-1EFB-E0B4-54D2-D2B8EA704392 (d0, q0, r0, m0, 'Temp', ... (4 bytes))
1758359101: Received PUBLISH from auto-1C623BE6-1EFB-E0B4-54D2-D2B8EA704392 (d0, q0, r0, m0, 'Temp', ... (4 bytes))
1758359101: Sending PUBLISH to auto-1C623BE6-1EFB-E0B4-54D2-D2B8EA704392 (d0, q0, r0, m0, 'Temp', ... (4 bytes))
1758359103: Received PUBLISH from auto-1C623BE6-1EFB-E0B4-54D2-D2B8EA704392 (d0, q0, r0, m0, 'Temp', ... (4 bytes))
1758359103: Sending PUBLISH to auto-1C623BE6-1EFB-E0B4-54D2-D2B8EA704392 (d0, q0, r0, m0, 'Temp', ... (4 bytes))
1758359105: Received PUBLISH from auto-1C623BE6-1EFB-E0B4-54D2-D2B8EA704392 (d0, q0, r0, m0, 'Temp', ... (4 bytes))
1758359105: Sending PUBLISH to auto-1C623BE6-1EFB-E0B4-54D2-D2B8EA704392 (d0, q0, r0, m0, 'Temp', ... (4 bytes))
1758359107: Received PUBLISH from auto-1C623BE6-1EFB-E0B4-54D2-D2B8EA704392 (d0, q0, r0, m0, 'Temp', ... (4 bytes))
1758359107: Sending PUBLISH to auto-1C623BE6-1EFB-E0B4-54D2-D2B8EA704392 (d0, q0, r0, m0, 'Temp', ... (4 bytes))
1758359109: Received PUBLISH from auto-1C623BE6-1EFB-E0B4-54D2-D2B8EA704392 (d0, q0, r0, m0, 'Temp', ... (4 bytes))
1758359109: Sending PUBLISH to auto-1C623BE6-1EFB-E0B4-54D2-D2B8EA704392 (d0, q0, r0, m0, 'Temp', ... (4 bytes))
1758359111: Received PUBLISH from auto-1C623BE6-1EFB-E0B4-54D2-D2B8EA704392 (d0, q0, r0, m0, 'Temp', ... (4 bytes))
1758359111: Sending PUBLISH to auto-1C623BE6-1EFB-E0B4-54D2-D2B8EA704392 (d0, q0, r0, m0, 'Temp', ... (4 bytes))
1758359113: Received PUBLISH from auto-1C623BE6-1EFB-E0B4-54D2-D2B8EA704392 (d0, q0, r0, m0, 'Temp', ... (4 bytes))
1758359113: Sending PUBLISH to auto-1C623BE6-1EFB-E0B4-54D2-D2B8EA704392 (d0, q0, r0, m0, 'Temp', ... (4 bytes))
1758359115: Received PUBLISH from auto-1C623BE6-1EFB-E0B4-54D2-D2B8EA704392 (d0, q0, r0, m0, 'Temp', ... (4 bytes))
1758359115: Sending PUBLISH to auto-1C623BE6-1EFB-E0B4-54D2-D2B8EA704392 (d0, q0, r0, m0, 'Temp', ... (4 bytes))
1758359117: Received PUBLISH from auto-1C623BE6-1EFB-E0B4-54D2-D2B8EA704392 (d0, q0, r0, m0, 'Temp', ... (4 bytes))
1758359117: Sending PUBLISH to auto-1C623BE6-1EFB-E0B4-54D2-D2B8EA704392 (d0, q0, r0, m0, 'Temp', ... (4 bytes))
1758359119: Received PUBLISH from auto-1C623BE6-1EFB-E0B4-54D2-D2B8EA704392 (d0, q0, r0, m0, 'Temp', ... (4 bytes))
1758359119: Sending PUBLISH to auto-1C623BE6-1EFB-E0B4-54D2-D2B8EA704392 (d0, q0, r0, m0, 'Temp', ... (4 bytes))
1758359121: Received PUBLISH from auto-1C623BE6-1EFB-E0B4-54D2-D2B8EA704392 (d0, q0, r0, m0, 'Temp', ... (4 bytes))
1758359121: Sending PUBLISH to auto-1C623BE6-1EFB-E0B4-54D2-D2B8EA704392 (d0, q0, r0, m0, 'Temp', ... (4 bytes))
1758359123: Received PUBLISH from auto-1C623BE6-1EFB-E0B4-54D2-D2B8EA704392 (d0, q0, r0, m0, 'Temp', ... (4 bytes))
1758359123: Sending PUBLISH to auto-1C623BE6-1EFB-E0B4-54D2-D2B8EA704392 (d0, q0, r0, m0, 'Temp', ... (4 bytes))
1758359125: Received PUBLISH from auto-1C623BE6-1EFB-E0B4-54D2-D2B8EA704392 (d0, q0, r0, m0, 'Temp', ... (4 bytes))
1758359125: Sending PUBLISH to auto-1C623BE6-1EFB-E0B4-54D2-D2B8EA704392 (d0, q0, r0, m0, 'Temp', ... (4 bytes))
1758359127: Received PUBLISH from auto-1C623BE6-1EFB-E0B4-54D2-D2B8EA704392 (d0, q0, r0, m0, 'Temp', ... (4 bytes))
1758359127: Sending PUBLISH to auto-1C623BE6-1EFB-E0B4-54D2-D2B8EA704392 (d0, q0, r0, m0, 'Temp', ... (4 bytes))
1758359129: Received PUBLISH from auto-1C623BE6-1EFB-E0B4-54D2-D2B8EA704392 (d0, q0, r0, m0, 'Temp', ... (4 bytes))
1758359129: Sending PUBLISH to auto-1C623BE6-1EFB-E0B4-54D2-D2B8EA704392 (d0, q0, r0, m0, 'Temp', ... (4 bytes))
1758359131: Received PUBLISH from auto-1C623BE6-1EFB-E0B4-54D2-D2B8EA704392 (d0, q0, r0, m0, 'Temp', ... (4 bytes))
1758359131: Sending PUBLISH to auto-1C623BE6-1EFB-E0B4-54D2-D2B8EA704392 (d0, q0, r0, m0, 'Temp', ... (4 bytes))
1758359133: Received PUBLISH from auto-1C623BE6-1EFB-E0B4-54D2-D2B8EA704392 (d0, q0, r0, m0, 'Temp', ... (4 bytes))
1758359133: Sending PUBLISH to auto-1C623BE6-1EFB-E0B4-54D2-D2B8EA704392 (d0, q0, r0, m0, 'Temp', ... (4 bytes))
1758359135: Received PUBLISH from auto-1C623BE6-1EFB-E0B4-54D2-D2B8EA704392 (d0, q0, r0, m0, 'Temp', ... (4 bytes))
1758359135: Sending PUBLISH to auto-1C623BE6-1EFB-E0B4-54D2-D2B8EA704392 (d0, q0, r0, m0, 'Temp', ... (4 bytes))
1758359137: Received PUBLISH from auto-1C623BE6-1EFB-E0B4-54D2-D2B8EA704392 (d0, q0, r0, m0, 'Temp', ... (4 bytes))
1758359137: Sending PUBLISH to auto-1C623BE6-1EFB-E0B4-54D2-D2B8EA704392 (d0, q0, r0, m0, 'Temp', ... (4 bytes))
1758359139: Received PUBLISH from auto-1C623BE6-1EFB-E0B4-54D2-D2B8EA704392 (d0, q0, r0, m0, 'Temp', ... (4 bytes))
1758359139: Sending PUBLISH to auto-1C623BE6-1EFB-E0B4-54D2-D2B8EA704392 (d0, q0, r0, m0, 'Temp', ... (4 bytes))
1758359141: Received PUBLISH from auto-1C623BE6-1EFB-E0B4-54D2-D2B8EA704392 (d0, q0, r0, m0, 'Temp', ... (4 bytes))
1758359141: Sending PUBLISH to auto-1C623BE6-1EFB-E0B4-54D2-D2B8EA704392 (d0, q0, r0, m0, 'Temp', ... (4 bytes))
1758359143: Received PUBLISH from auto-1C623BE6-1EFB-E0B4-54D2-D2B8EA704392 (d0, q0, r0, m0, 'Temp', ... (4 bytes))
1758359143: Sending PUBLISH to auto-1C623BE6-1EFB-E0B4-54D2-D2B8EA704392 (d0, q0, r0, m0, 'Temp', ... (4 bytes))
1758359145: Received PUBLISH from auto-1C623BE6-1EFB-E0B4-54D2-D2B8EA704392 (d0, q0, r0, m0, 'Temp', ... (4 bytes))
1758359145: Sending PUBLISH to auto-1C623BE6-1EFB-E0B4-54D2-D2B8EA704392 (d0, q0, r0, m0, 'Temp', ... (4 bytes))
1758359147: Received PUBLISH from auto-1C623BE6-1EFB-E0B4-54D2-D2B8EA704392 (d0, q0, r0, m0, 'Temp', ... (4 bytes))
1758359147: Sending PUBLISH to auto-1C623BE6-1EFB-E0B4-54D2-D2B8EA704392 (d0, q0, r0, m0, 'Temp', ... (4 bytes))
1758359149: Received PUBLISH from auto-1C623BE6-1EFB-E0B4-54D2-D2B8EA704392 (d0, q0, r0, m0, 'Temp', ... (4 bytes))
1758359149: Sending PUBLISH to auto-1C623BE6-1EFB-E0B4-54D2-D2B8EA704392 (d0, q0, r0, m0, 'Temp', ... (4 bytes))
1758359151: Received PUBLISH from auto-1C623BE6-1EFB-E0B4-54D2-D2B8EA704392 (d0, q0, r0, m0, 'Temp', ... (4 bytes))
1758359151: Sending PUBLISH to auto-1C623BE6-1EFB-E0B4-54D2-D2B8EA704392 (d0, q0, r0, m0, 'Temp', ... (4 bytes))
1758359151: Received PINGREQ from auto-1C623BE6-1EFB-E0B4-54D2-D2B8EA704392
1758359151: Sending PINGRESP to auto-1C623BE6-1EFB-E0B4-54D2-D2B8EA704392
1758359153: Received PUBLISH from auto-1C623BE6-1EFB-E0B4-54D2-D2B8EA704392 (d0, q0, r0, m0, 'Temp', ... (4 bytes))
1758359153: Sending PUBLISH to auto-1C623BE6-1EFB-E0B4-54D2-D2B8EA704392 (d0, q0, r0, m0, 'Temp', ... (4 bytes))
1758359155: Received PUBLISH from auto-1C623BE6-1EFB-E0B4-54D2-D2B8EA704392 (d0, q0, r0, m0, 'Temp', ... (4 bytes))
1758359155: Sending PUBLISH to auto-1C623BE6-1EFB-E0B4-54D2-D2B8EA704392 (d0, q0, r0, m0, 'Temp', ... (4 bytes))
1758359157: Received PUBLISH from auto-1C623BE6-1EFB-E0B4-54D2-D2B8EA704392 (d0, q0, r0, m0, 'Temp', ... (4 bytes))
1758359157: Sending PUBLISH to auto-1C623BE6-1EFB-E0B4-54D2-D2B8EA704392 (d0, q0, r0, m0, 'Temp', ... (4 bytes))
1758359159: Received PUBLISH from auto-1C623BE6-1EFB-E0B4-54D2-D2B8EA704392 (d0, q0, r0, m0, 'Temp', ... (4 bytes))
1758359159: Sending PUBLISH to auto-1C623BE6-1EFB-E0B4-54D2-D2B8EA704392 (d0, q0, r0, m0, 'Temp', ... (4 bytes))
1758359161: Received PUBLISH from auto-1C623BE6-1EFB-E0B4-54D2-D2B8EA704392 (d0, q0, r0, m0, 'Temp', ... (4 bytes))
1758359161: Sending PUBLISH to auto-1C623BE6-1EFB-E0B4-54D2-D2B8EA704392 (d0, q0, r0, m0, 'Temp', ... (4 bytes))
1758359163: Received PUBLISH from auto-1C623BE6-1EFB-E0B4-54D2-D2B8EA704392 (d0, q0, r0, m0, 'Temp', ... (4 bytes))
1758359163: Sending PUBLISH to auto-1C623BE6-1EFB-E0B4-54D2-D2B8EA704392 (d0, q0, r0, m0, 'Temp', ... (4 bytes))
1758359165: Received PUBLISH from auto-1C623BE6-1EFB-E0B4-54D2-D2B8EA704392 (d0, q0, r0, m0, 'Temp', ... (4 bytes))
1758359165: Sending PUBLISH to auto-1C623BE6-1EFB-E0B4-54D2-D2B8EA704392 (d0, q0, r0, m0, 'Temp', ... (4 bytes))
1758359167: Received PUBLISH from auto-1C623BE6-1EFB-E0B4-54D2-D2B8EA704392 (d0, q0, r0, m0, 'Temp', ... (4 bytes))
1758359167: Sending PUBLISH to auto-1C623BE6-1EFB-E0B4-54D2-D2B8EA704392 (d0, q0, r0, m0, 'Temp', ... (4 bytes))
1758359169: Received PUBLISH from auto-1C623BE6-1EFB-E0B4-54D2-D2B8EA704392 (d0, q0, r0, m0, 'Temp', ... (4 bytes))
1758359169: Sending PUBLISH to auto-1C623BE6-1EFB-E0B4-54D2-D2B8EA704392 (d0, q0, r0, m0, 'Temp', ... (4 bytes))
1758359171: Received PUBLISH from auto-1C623BE6-1EFB-E0B4-54D2-D2B8EA704392 (d0, q0, r0, m0, 'Temp', ... (4 bytes))
1758359171: Sending PUBLISH to auto-1C623BE6-1EFB-E0B4-54D2-D2B8EA704392 (d0, q0, r0, m0, 'Temp', ... (4 bytes))
1758359173: Received PUBLISH from auto-1C623BE6-1EFB-E0B4-54D2-D2B8EA704392 (d0, q0, r0, m0, 'Temp', ... (4 bytes))
1758359173: Sending PUBLISH to auto-1C623BE6-1EFB-E0B4-54D2-D2B8EA704392 (d0, q0, r0, m0, 'Temp', ... (4 bytes))
1758359175: Received PUBLISH from auto-1C623BE6-1EFB-E0B4-54D2-D2B8EA704392 (d0, q0, r0, m0, 'Temp', ... (4 bytes))
1758359175: Sending PUBLISH to auto-1C623BE6-1EFB-E0B4-54D2-D2B8EA704392 (d0, q0, r0, m0, 'Temp', ... (4 bytes))
1758359177: Received PUBLISH from auto-1C623BE6-1EFB-E0B4-54D2-D2B8EA704392 (d0, q0, r0, m0, 'Temp', ... (4 bytes))
1758359177: Sending PUBLISH to auto-1C623BE6-1EFB-E0B4-54D2-D2B8EA704392 (d0, q0, r0, m0, 'Temp', ... (4 bytes))
1758359179: Received PUBLISH from auto-1C623BE6-1EFB-E0B4-54D2-D2B8EA704392 (d0, q0, r0, m0, 'Temp', ... (4 bytes))
1758359179: Sending PUBLISH to auto-1C623BE6-1EFB-E0B4-54D2-D2B8EA704392 (d0, q0, r0, m0, 'Temp', ... (4 bytes))
1758359181: Received PUBLISH from auto-1C623BE6-1EFB-E0B4-54D2-D2B8EA704392 (d0, q0, r0, m0, 'Temp', ... (4 bytes))
1758359181: Sending PUBLISH to auto-1C623BE6-1EFB-E0B4-54D2-D2B8EA704392 (d0, q0, r0, m0, 'Temp', ... (4 bytes))
1758359183: Received PUBLISH from auto-1C623BE6-1EFB-E0B4-54D2-D2B8EA704392 (d0, q0, r0, m0, 'Temp', ... (4 bytes))
1758359183: Sending PUBLISH to auto-1C623BE6-1EFB-E0B4-54D2-D2B8EA704392 (d0, q0, r0, m0, 'Temp', ... (4 bytes))
1758359185: Received PUBLISH from auto-1C623BE6-1EFB-E0B4-54D2-D2B8EA704392 (d0, q0, r0, m0, 'Temp', ... (4 bytes))
1758359185: Sending PUBLISH to auto-1C623BE6-1EFB-E0B4-54D2-D2B8EA704392 (d0, q0, r0, m0, 'Temp', ... (4 bytes))
1758359187: Received PUBLISH from auto-1C623BE6-1EFB-E0B4-54D2-D2B8EA704392 (d0, q0, r0, m0, 'Temp', ... (4 bytes))
1758359187: Sending PUBLISH to auto-1C623BE6-1EFB-E0B4-54D2-D2B8EA704392 (d0, q0, r0, m0, 'Temp', ... (4 bytes))
1758359189: Received PUBLISH from auto-1C623BE6-1EFB-E0B4-54D2-D2B8EA704392 (d0, q0, r0, m0, 'Temp', ... (4 bytes))
1758359189: Sending PUBLISH to auto-1C623BE6-1EFB-E0B4-54D2-D2B8EA704392 (d0, q0, r0, m0, 'Temp', ... (4 bytes))
1758359191: Received PUBLISH from auto-1C623BE6-1EFB-E0B4-54D2-D2B8EA704392 (d0, q0, r0, m0, 'Temp', ... (4 bytes))
1758359191: Sending PUBLISH to auto-1C623BE6-1EFB-E0B4-54D2-D2B8EA704392 (d0, q0, r0, m0, 'Temp', ... (4 bytes))
1758359193: Received PUBLISH from auto-1C623BE6-1EFB-E0B4-54D2-D2B8EA704392 (d0, q0, r0, m0, 'Temp', ... (4 bytes))
1758359193: Sending PUBLISH to auto-1C623BE6-1EFB-E0B4-54D2-D2B8EA704392 (d0, q0, r0, m0, 'Temp', ... (4 bytes))
1758359195: Received PUBLISH from auto-1C623BE6-1EFB-E0B4-54D2-D2B8EA704392 (d0, q0, r0, m0, 'Temp', ... (4 bytes))
1758359195: Sending PUBLISH to auto-1C623BE6-1EFB-E0B4-54D2-D2B8EA704392 (d0, q0, r0, m0, 'Temp', ... (4 bytes))
1758359197: Received PUBLISH from auto-1C623BE6-1EFB-E0B4-54D2-D2B8EA704392 (d0, q0, r0, m0, 'Temp', ... (4 bytes))
1758359197: Sending PUBLISH to auto-1C623BE6-1EFB-E0B4-54D2-D2B8EA704392 (d0, q0, r0, m0, 'Temp', ... (4 bytes))
1758359199: Received PUBLISH from auto-1C623BE6-1EFB-E0B4-54D2-D2B8EA704392 (d0, q0, r0, m0, 'Temp', ... (4 bytes))
1758359199: Sending PUBLISH to auto-1C623BE6-1EFB-E0B4-54D2-D2B8EA704392 (d0, q0, r0, m0, 'Temp', ... (4 bytes))
1758359201: Received PUBLISH from auto-1C623BE6-1EFB-E0B4-54D2-D2B8EA704392 (d0, q0, r0, m0, 'Temp', ... (4 bytes))
1758359201: Sending PUBLISH to auto-1C623BE6-1EFB-E0B4-54D2-D2B8EA704392 (d0, q0, r0, m0, 'Temp', ... (4 bytes))
1758359203: Received PUBLISH from auto-1C623BE6-1EFB-E0B4-54D2-D2B8EA704392 (d0, q0, r0, m0, 'Temp', ... (4 bytes))
1758359203: Sending PUBLISH to auto-1C623BE6-1EFB-E0B4-54D2-D2B8EA704392 (d0, q0, r0, m0, 'Temp', ... (4 bytes))
1758359205: Received PUBLISH from auto-1C623BE6-1EFB-E0B4-54D2-D2B8EA704392 (d0, q0, r0, m0, 'Temp', ... (4 bytes))
1758359205: Sending PUBLISH to auto-1C623BE6-1EFB-E0B4-54D2-D2B8EA704392 (d0, q0, r0, m0, 'Temp', ... (4 bytes))
1758359207: Received PUBLISH from auto-1C623BE6-1EFB-E0B4-54D2-D2B8EA704392 (d0, q0, r0, m0, 'Temp', ... (4 bytes))
1758359207: Sending PUBLISH to auto-1C623BE6-1EFB-E0B4-54D2-D2B8EA704392 (d0, q0, r0, m0, 'Temp', ... (4 bytes))
1758359209: Received PUBLISH from auto-1C623BE6-1EFB-E0B4-54D2-D2B8EA704392 (d0, q0, r0, m0, 'Temp', ... (4 bytes))
1758359209: Sending PUBLISH to auto-1C623BE6-1EFB-E0B4-54D2-D2B8EA704392 (d0, q0, r0, m0, 'Temp', ... (4 bytes))
1758359211: Received PUBLISH from auto-1C623BE6-1EFB-E0B4-54D2-D2B8EA704392 (d0, q0, r0, m0, 'Temp', ... (4 bytes))
1758359211: Sending PUBLISH to auto-1C623BE6-1EFB-E0B4-54D2-D2B8EA704392 (d0, q0, r0, m0, 'Temp', ... (4 bytes))
1758359212: Received PINGREQ from auto-1C623BE6-1EFB-E0B4-54D2-D2B8EA704392
1758359212: Sending PINGRESP to auto-1C623BE6-1EFB-E0B4-54D2-D2B8EA704392
1758359213: Received PUBLISH from auto-1C623BE6-1EFB-E0B4-54D2-D2B8EA704392 (d0, q0, r0, m0, 'Temp', ... (4 bytes))
1758359213: Sending PUBLISH to auto-1C623BE6-1EFB-E0B4-54D2-D2B8EA704392 (d0, q0, r0, m0, 'Temp', ... (4 bytes))
1758359215: Received PUBLISH from auto-1C623BE6-1EFB-E0B4-54D2-D2B8EA704392 (d0, q0, r0, m0, 'Temp', ... (4 bytes))
1758359215: Sending PUBLISH to auto-1C623BE6-1EFB-E0B4-54D2-D2B8EA704392 (d0, q0, r0, m0, 'Temp', ... (4 bytes))
1758359217: Received PUBLISH from auto-1C623BE6-1EFB-E0B4-54D2-D2B8EA704392 (d0, q0, r0, m0, 'Temp', ... (4 bytes))
1758359217: Sending PUBLISH to auto-1C623BE6-1EFB-E0B4-54D2-D2B8EA704392 (d0, q0, r0, m0, 'Temp', ... (4 bytes))
1758359219: Received PUBLISH from auto-1C623BE6-1EFB-E0B4-54D2-D2B8EA704392 (d0, q0, r0, m0, 'Temp', ... (4 bytes))
1758359219: Sending PUBLISH to auto-1C623BE6-1EFB-E0B4-54D2-D2B8EA704392 (d0, q0, r0, m0, 'Temp', ... (4 bytes))
1758359221: Received PUBLISH from auto-1C623BE6-1EFB-E0B4-54D2-D2B8EA704392 (d0, q0, r0, m0, 'Temp', ... (4 bytes))
1758359221: Sending PUBLISH to auto-1C623BE6-1EFB-E0B4-54D2-D2B8EA704392 (d0, q0, r0, m0, 'Temp', ... (4 bytes))
1758359223: Received PUBLISH from auto-1C623BE6-1EFB-E0B4-54D2-D2B8EA704392 (d0, q0, r0, m0, 'Temp', ... (4 bytes))
1758359223: Sending PUBLISH to auto-1C623BE6-1EFB-E0B4-54D2-D2B8EA704392 (d0, q0, r0, m0, 'Temp', ... (4 bytes))
1758359225: Received PUBLISH from auto-1C623BE6-1EFB-E0B4-54D2-D2B8EA704392 (d0, q0, r0, m0, 'Temp', ... (4 bytes))
1758359225: Sending PUBLISH to auto-1C623BE6-1EFB-E0B4-54D2-D2B8EA704392 (d0, q0, r0, m0, 'Temp', ... (4 bytes))
1758359227: Received PUBLISH from auto-1C623BE6-1EFB-E0B4-54D2-D2B8EA704392 (d0, q0, r0, m0, 'Temp', ... (4 bytes))
1758359227: Sending PUBLISH to auto-1C623BE6-1EFB-E0B4-54D2-D2B8EA704392 (d0, q0, r0, m0, 'Temp', ... (4 bytes))
1758359229: Received PUBLISH from auto-1C623BE6-1EFB-E0B4-54D2-D2B8EA704392 (d0, q0, r0, m0, 'Temp', ... (4 bytes))
1758359229: Sending PUBLISH to auto-1C623BE6-1EFB-E0B4-54D2-D2B8EA704392 (d0, q0, r0, m0, 'Temp', ... (4 bytes))
1758359231: Received PUBLISH from auto-1C623BE6-1EFB-E0B4-54D2-D2B8EA704392 (d0, q0, r0, m0, 'Temp', ... (4 bytes))
1758359231: Sending PUBLISH to auto-1C623BE6-1EFB-E0B4-54D2-D2B8EA704392 (d0, q0, r0, m0, 'Temp', ... (4 bytes))
1758359233: Received PUBLISH from auto-1C623BE6-1EFB-E0B4-54D2-D2B8EA704392 (d0, q0, r0, m0, 'Temp', ... (4 bytes))
1758359233: Sending PUBLISH to auto-1C623BE6-1EFB-E0B4-54D2-D2B8EA704392 (d0, q0, r0, m0, 'Temp', ... (4 bytes))
1758359235: Received PUBLISH from auto-1C623BE6-1EFB-E0B4-54D2-D2B8EA704392 (d0, q0, r0, m0, 'Temp', ... (4 bytes))
1758359235: Sending PUBLISH to auto-1C623BE6-1EFB-E0B4-54D2-D2B8EA704392 (d0, q0, r0, m0, 'Temp', ... (4 bytes))
1758359237: Received PUBLISH from auto-1C623BE6-1EFB-E0B4-54D2-D2B8EA704392 (d0, q0, r0, m0, 'Temp', ... (4 bytes))
1758359237: Sending PUBLISH to auto-1C623BE6-1EFB-E0B4-54D2-D2B8EA704392 (d0, q0, r0, m0, 'Temp', ... (4 bytes))
1758359239: Received PUBLISH from auto-1C623BE6-1EFB-E0B4-54D2-D2B8EA704392 (d0, q0, r0, m0, 'Temp', ... (4 bytes))
1758359239: Sending PUBLISH to auto-1C623BE6-1EFB-E0B4-54D2-D2B8EA704392 (d0, q0, r0, m0, 'Temp', ... (4 bytes))
1758359241: Received PUBLISH from auto-1C623BE6-1EFB-E0B4-54D2-D2B8EA704392 (d0, q0, r0, m0, 'Temp', ... (4 bytes))
1758359241: Sending PUBLISH to auto-1C623BE6-1EFB-E0B4-54D2-D2B8EA704392 (d0, q0, r0, m0, 'Temp', ... (4 bytes))
1758359243: Received PUBLISH from auto-1C623BE6-1EFB-E0B4-54D2-D2B8EA704392 (d0, q0, r0, m0, 'Temp', ... (4 bytes))
1758359243: Sending PUBLISH to auto-1C623BE6-1EFB-E0B4-54D2-D2B8EA704392 (d0, q0, r0, m0, 'Temp', ... (4 bytes))
1758359245: Received PUBLISH from auto-1C623BE6-1EFB-E0B4-54D2-D2B8EA704392 (d0, q0, r0, m0, 'Temp', ... (4 bytes))
1758359245: Sending PUBLISH to auto-1C623BE6-1EFB-E0B4-54D2-D2B8EA704392 (d0, q0, r0, m0, 'Temp', ... (4 bytes))
1758359247: Received PUBLISH from auto-1C623BE6-1EFB-E0B4-54D2-D2B8EA704392 (d0, q0, r0, m0, 'Temp', ... (4 bytes))
1758359247: Sending PUBLISH to auto-1C623BE6-1EFB-E0B4-54D2-D2B8EA704392 (d0, q0, r0, m0, 'Temp', ... (4 bytes))
1758359249: Received PUBLISH from auto-1C623BE6-1EFB-E0B4-54D2-D2B8EA704392 (d0, q0, r0, m0, 'Temp', ... (4 bytes))
1758359249: Sending PUBLISH to auto-1C623BE6-1EFB-E0B4-54D2-D2B8EA704392 (d0, q0, r0, m0, 'Temp', ... (4 bytes))
1758359251: Received PUBLISH from auto-1C623BE6-1EFB-E0B4-54D2-D2B8EA704392 (d0, q0, r0, m0, 'Temp', ... (4 bytes))
1758359251: Sending PUBLISH to auto-1C623BE6-1EFB-E0B4-54D2-D2B8EA704392 (d0, q0, r0, m0, 'Temp', ... (4 bytes))
1758359253: Received PUBLISH from auto-1C623BE6-1EFB-E0B4-54D2-D2B8EA704392 (d0, q0, r0, m0, 'Temp', ... (4 bytes))
1758359253: Sending PUBLISH to auto-1C623BE6-1EFB-E0B4-54D2-D2B8EA704392 (d0, q0, r0, m0, 'Temp', ... (4 bytes))
1758359255: Received PUBLISH from auto-1C623BE6-1EFB-E0B4-54D2-D2B8EA704392 (d0, q0, r0, m0, 'Temp', ... (4 bytes))
1758359255: Sending PUBLISH to auto-1C623BE6-1EFB-E0B4-54D2-D2B8EA704392 (d0, q0, r0, m0, 'Temp', ... (4 bytes))
1758359257: Received PUBLISH from auto-1C623BE6-1EFB-E0B4-54D2-D2B8EA704392 (d0, q0, r0, m0, 'Temp', ... (4 bytes))
1758359257: Sending PUBLISH to auto-1C623BE6-1EFB-E0B4-54D2-D2B8EA704392 (d0, q0, r0, m0, 'Temp', ... (4 bytes))
1758359259: Received PUBLISH from auto-1C623BE6-1EFB-E0B4-54D2-D2B8EA704392 (d0, q0, r0, m0, 'Temp', ... (4 bytes))
1758359259: Sending PUBLISH to auto-1C623BE6-1EFB-E0B4-54D2-D2B8EA704392 (d0, q0, r0, m0, 'Temp', ... (4 bytes))
1758359261: Received PUBLISH from auto-1C623BE6-1EFB-E0B4-54D2-D2B8EA704392 (d0, q0, r0, m0, 'Temp', ... (4 bytes))
1758359261: Sending PUBLISH to auto-1C623BE6-1EFB-E0B4-54D2-D2B8EA704392 (d0, q0, r0, m0, 'Temp', ... (4 bytes))
1758359263: Received PUBLISH from auto-1C623BE6-1EFB-E0B4-54D2-D2B8EA704392 (d0, q0, r0, m0, 'Temp', ... (4 bytes))
1758359263: Sending PUBLISH to auto-1C623BE6-1EFB-E0B4-54D2-D2B8EA704392 (d0, q0, r0, m0, 'Temp', ... (4 bytes))
1758359265: Received PUBLISH from auto-1C623BE6-1EFB-E0B4-54D2-D2B8EA704392 (d0, q0, r0, m0, 'Temp', ... (4 bytes))
1758359265: Sending PUBLISH to auto-1C623BE6-1EFB-E0B4-54D2-D2B8EA704392 (d0, q0, r0, m0, 'Temp', ... (4 bytes))
1758359267: Received PUBLISH from auto-1C623BE6-1EFB-E0B4-54D2-D2B8EA704392 (d0, q0, r0, m0, 'Temp', ... (4 bytes))
1758359267: Sending PUBLISH to auto-1C623BE6-1EFB-E0B4-54D2-D2B8EA704392 (d0, q0, r0, m0, 'Temp', ... (4 bytes))
1758359269: Received PUBLISH from auto-1C623BE6-1EFB-E0B4-54D2-D2B8EA704392 (d0, q0, r0, m0, 'Temp', ... (4 bytes))
1758359269: Sending PUBLISH to auto-1C623BE6-1EFB-E0B4-54D2-D2B8EA704392 (d0, q0, r0, m0, 'Temp', ... (4 bytes))
1758359271: Received PUBLISH from auto-1C623BE6-1EFB-E0B4-54D2-D2B8EA704392 (d0, q0, r0, m0, 'Temp', ... (4 bytes))
1758359271: Sending PUBLISH to auto-1C623BE6-1EFB-E0B4-54D2-D2B8EA704392 (d0, q0, r0, m0, 'Temp', ... (4 bytes))
1758359272: Received PINGREQ from auto-1C623BE6-1EFB-E0B4-54D2-D2B8EA704392
1758359272: Sending PINGRESP to auto-1C623BE6-1EFB-E0B4-54D2-D2B8EA704392
1758359273: Received PUBLISH from auto-1C623BE6-1EFB-E0B4-54D2-D2B8EA704392 (d0, q0, r0, m0, 'Temp', ... (4 bytes))
1758359273: Sending PUBLISH to auto-1C623BE6-1EFB-E0B4-54D2-D2B8EA704392 (d0, q0, r0, m0, 'Temp', ... (4 bytes))
1758359275: Received PUBLISH from auto-1C623BE6-1EFB-E0B4-54D2-D2B8EA704392 (d0, q0, r0, m0, 'Temp', ... (4 bytes))
1758359275: Sending PUBLISH to auto-1C623BE6-1EFB-E0B4-54D2-D2B8EA704392 (d0, q0, r0, m0, 'Temp', ... (4 bytes))
1758359277: Received PUBLISH from auto-1C623BE6-1EFB-E0B4-54D2-D2B8EA704392 (d0, q0, r0, m0, 'Temp', ... (4 bytes))
1758359277: Sending PUBLISH to auto-1C623BE6-1EFB-E0B4-54D2-D2B8EA704392 (d0, q0, r0, m0, 'Temp', ... (4 bytes))
1758359279: Received PUBLISH from auto-1C623BE6-1EFB-E0B4-54D2-D2B8EA704392 (d0, q0, r0, m0, 'Temp', ... (4 bytes))
1758359279: Sending PUBLISH to auto-1C623BE6-1EFB-E0B4-54D2-D2B8EA704392 (d0, q0, r0, m0, 'Temp', ... (4 bytes))
1758359281: Received PUBLISH from auto-1C623BE6-1EFB-E0B4-54D2-D2B8EA704392 (d0, q0, r0, m0, 'Temp', ... (4 bytes))
1758359281: Sending PUBLISH to auto-1C623BE6-1EFB-E0B4-54D2-D2B8EA704392 (d0, q0, r0, m0, 'Temp', ... (4 bytes))
1758359283: Received PUBLISH from auto-1C623BE6-1EFB-E0B4-54D2-D2B8EA704392 (d0, q0, r0, m0, 'Temp', ... (4 bytes))
1758359283: Sending PUBLISH to auto-1C623BE6-1EFB-E0B4-54D2-D2B8EA704392 (d0, q0, r0, m0, 'Temp', ... (4 bytes))
1758359285: Received PUBLISH from auto-1C623BE6-1EFB-E0B4-54D2-D2B8EA704392 (d0, q0, r0, m0, 'Temp', ... (4 bytes))
1758359285: Sending PUBLISH to auto-1C623BE6-1EFB-E0B4-54D2-D2B8EA704392 (d0, q0, r0, m0, 'Temp', ... (4 bytes))
1758359287: Received PUBLISH from auto-1C623BE6-1EFB-E0B4-54D2-D2B8EA704392 (d0, q0, r0, m0, 'Temp', ... (4 bytes))
1758359287: Sending PUBLISH to auto-1C623BE6-1EFB-E0B4-54D2-D2B8EA704392 (d0, q0, r0, m0, 'Temp', ... (4 bytes))
1758359289: Received PUBLISH from auto-1C623BE6-1EFB-E0B4-54D2-D2B8EA704392 (d0, q0, r0, m0, 'Temp', ... (4 bytes))
1758359289: Sending PUBLISH to auto-1C623BE6-1EFB-E0B4-54D2-D2B8EA704392 (d0, q0, r0, m0, 'Temp', ... (4 bytes))
1758359291: Received PUBLISH from auto-1C623BE6-1EFB-E0B4-54D2-D2B8EA704392 (d0, q0, r0, m0, 'Temp', ... (4 bytes))
1758359291: Sending PUBLISH to auto-1C623BE6-1EFB-E0B4-54D2-D2B8EA704392 (d0, q0, r0, m0, 'Temp', ... (4 bytes))
1758359293: Received PUBLISH from auto-1C623BE6-1EFB-E0B4-54D2-D2B8EA704392 (d0, q0, r0, m0, 'Temp', ... (4 bytes))
1758359293: Sending PUBLISH to auto-1C623BE6-1EFB-E0B4-54D2-D2B8EA704392 (d0, q0, r0, m0, 'Temp', ... (4 bytes))
1758359295: Received PUBLISH from auto-1C623BE6-1EFB-E0B4-54D2-D2B8EA704392 (d0, q0, r0, m0, 'Temp', ... (4 bytes))
1758359295: Sending PUBLISH to auto-1C623BE6-1EFB-E0B4-54D2-D2B8EA704392 (d0, q0, r0, m0, 'Temp', ... (4 bytes))
1758359297: Received PUBLISH from auto-1C623BE6-1EFB-E0B4-54D2-D2B8EA704392 (d0, q0, r0, m0, 'Temp', ... (4 bytes))
1758359297: Sending PUBLISH to auto-1C623BE6-1EFB-E0B4-54D2-D2B8EA704392 (d0, q0, r0, m0, 'Temp', ... (4 bytes))
1758359299: Received PUBLISH from auto-1C623BE6-1EFB-E0B4-54D2-D2B8EA704392 (d0, q0, r0, m0, 'Temp', ... (4 bytes))
1758359299: Sending PUBLISH to auto-1C623BE6-1EFB-E0B4-54D2-D2B8EA704392 (d0, q0, r0, m0, 'Temp', ... (4 bytes))
1758359301: Received PUBLISH from auto-1C623BE6-1EFB-E0B4-54D2-D2B8EA704392 (d0, q0, r0, m0, 'Temp', ... (4 bytes))
1758359301: Sending PUBLISH to auto-1C623BE6-1EFB-E0B4-54D2-D2B8EA704392 (d0, q0, r0, m0, 'Temp', ... (4 bytes))
1758359303: Received PUBLISH from auto-1C623BE6-1EFB-E0B4-54D2-D2B8EA704392 (d0, q0, r0, m0, 'Temp', ... (4 bytes))
1758359303: Sending PUBLISH to auto-1C623BE6-1EFB-E0B4-54D2-D2B8EA704392 (d0, q0, r0, m0, 'Temp', ... (4 bytes))
1758359305: Received PUBLISH from auto-1C623BE6-1EFB-E0B4-54D2-D2B8EA704392 (d0, q0, r0, m0, 'Temp', ... (4 bytes))
1758359305: Sending PUBLISH to auto-1C623BE6-1EFB-E0B4-54D2-D2B8EA704392 (d0, q0, r0, m0, 'Temp', ... (4 bytes))
1758359307: Received PUBLISH from auto-1C623BE6-1EFB-E0B4-54D2-D2B8EA704392 (d0, q0, r0, m0, 'Temp', ... (4 bytes))
1758359307: Sending PUBLISH to auto-1C623BE6-1EFB-E0B4-54D2-D2B8EA704392 (d0, q0, r0, m0, 'Temp', ... (4 bytes))
1758359309: Received PUBLISH from auto-1C623BE6-1EFB-E0B4-54D2-D2B8EA704392 (d0, q0, r0, m0, 'Temp', ... (4 bytes))
1758359309: Sending PUBLISH to auto-1C623BE6-1EFB-E0B4-54D2-D2B8EA704392 (d0, q0, r0, m0, 'Temp', ... (4 bytes))
1758359311: Received PUBLISH from auto-1C623BE6-1EFB-E0B4-54D2-D2B8EA704392 (d0, q0, r0, m0, 'Temp', ... (4 bytes))
1758359311: Sending PUBLISH to auto-1C623BE6-1EFB-E0B4-54D2-D2B8EA704392 (d0, q0, r0, m0, 'Temp', ... (4 bytes))
1758359313: Received PUBLISH from auto-1C623BE6-1EFB-E0B4-54D2-D2B8EA704392 (d0, q0, r0, m0, 'Temp', ... (4 bytes))
1758359313: Sending PUBLISH to auto-1C623BE6-1EFB-E0B4-54D2-D2B8EA704392 (d0, q0, r0, m0, 'Temp', ... (4 bytes))
1758359315: Received PUBLISH from auto-1C623BE6-1EFB-E0B4-54D2-D2B8EA704392 (d0, q0, r0, m0, 'Temp', ... (4 bytes))
1758359315: Sending PUBLISH to auto-1C623BE6-1EFB-E0B4-54D2-D2B8EA704392 (d0, q0, r0, m0, 'Temp', ... (4 bytes))
1758359317: Received PUBLISH from auto-1C623BE6-1EFB-E0B4-54D2-D2B8EA704392 (d0, q0, r0, m0, 'Temp', ... (4 bytes))
1758359317: Sending PUBLISH to auto-1C623BE6-1EFB-E0B4-54D2-D2B8EA704392 (d0, q0, r0, m0, 'Temp', ... (4 bytes))
1758359319: Received PUBLISH from auto-1C623BE6-1EFB-E0B4-54D2-D2B8EA704392 (d0, q0, r0, m0, 'Temp', ... (4 bytes))
1758359319: Sending PUBLISH to auto-1C623BE6-1EFB-E0B4-54D2-D2B8EA704392 (d0, q0, r0, m0, 'Temp', ... (4 bytes))
1758359321: Received PUBLISH from auto-1C623BE6-1EFB-E0B4-54D2-D2B8EA704392 (d0, q0, r0, m0, 'Temp', ... (4 bytes))
1758359321: Sending PUBLISH to auto-1C623BE6-1EFB-E0B4-54D2-D2B8EA704392 (d0, q0, r0, m0, 'Temp', ... (4 bytes))
1758359323: Received PUBLISH from auto-1C623BE6-1EFB-E0B4-54D2-D2B8EA704392 (d0, q0, r0, m0, 'Temp', ... (4 bytes))
1758359323: Sending PUBLISH to auto-1C623BE6-1EFB-E0B4-54D2-D2B8EA704392 (d0, q0, r0, m0, 'Temp', ... (4 bytes))
1758359325: Received PUBLISH from auto-1C623BE6-1EFB-E0B4-54D2-D2B8EA704392 (d0, q0, r0, m0, 'Temp', ... (4 bytes))
1758359325: Sending PUBLISH to auto-1C623BE6-1EFB-E0B4-54D2-D2B8EA704392 (d0, q0, r0, m0, 'Temp', ... (4 bytes))
1758359327: Received PUBLISH from auto-1C623BE6-1EFB-E0B4-54D2-D2B8EA704392 (d0, q0, r0, m0, 'Temp', ... (4 bytes))
1758359327: Sending PUBLISH to auto-1C623BE6-1EFB-E0B4-54D2-D2B8EA704392 (d0, q0, r0, m0, 'Temp', ... (4 bytes))
1758359329: Received PUBLISH from auto-1C623BE6-1EFB-E0B4-54D2-D2B8EA704392 (d0, q0, r0, m0, 'Temp', ... (4 bytes))
1758359329: Sending PUBLISH to auto-1C623BE6-1EFB-E0B4-54D2-D2B8EA704392 (d0, q0, r0, m0, 'Temp', ... (4 bytes))
1758359331: Received PUBLISH from auto-1C623BE6-1EFB-E0B4-54D2-D2B8EA704392 (d0, q0, r0, m0, 'Temp', ... (4 bytes))
1758359331: Sending PUBLISH to auto-1C623BE6-1EFB-E0B4-54D2-D2B8EA704392 (d0, q0, r0, m0, 'Temp', ... (4 bytes))
1758359333: Received PUBLISH from auto-1C623BE6-1EFB-E0B4-54D2-D2B8EA704392 (d0, q0, r0, m0, 'Temp', ... (4 bytes))
1758359333: Sending PUBLISH to auto-1C623BE6-1EFB-E0B4-54D2-D2B8EA704392 (d0, q0, r0, m0, 'Temp', ... (4 bytes))
1758359333: Received PINGREQ from auto-1C623BE6-1EFB-E0B4-54D2-D2B8EA704392
1758359333: Sending PINGRESP to auto-1C623BE6-1EFB-E0B4-54D2-D2B8EA704392
1758359335: Received PUBLISH from auto-1C623BE6-1EFB-E0B4-54D2-D2B8EA704392 (d0, q0, r0, m0, 'Temp', ... (4 bytes))
1758359335: Sending PUBLISH to auto-1C623BE6-1EFB-E0B4-54D2-D2B8EA704392 (d0, q0, r0, m0, 'Temp', ... (4 bytes))
1758359337: Received PUBLISH from auto-1C623BE6-1EFB-E0B4-54D2-D2B8EA704392 (d0, q0, r0, m0, 'Temp', ... (4 bytes))
1758359337: Sending PUBLISH to auto-1C623BE6-1EFB-E0B4-54D2-D2B8EA704392 (d0, q0, r0, m0, 'Temp', ... (4 bytes))
1758359339: Received PUBLISH from auto-1C623BE6-1EFB-E0B4-54D2-D2B8EA704392 (d0, q0, r0, m0, 'Temp', ... (4 bytes))
1758359339: Sending PUBLISH to auto-1C623BE6-1EFB-E0B4-54D2-D2B8EA704392 (d0, q0, r0, m0, 'Temp', ... (4 bytes))
1758359341: Received PUBLISH from auto-1C623BE6-1EFB-E0B4-54D2-D2B8EA704392 (d0, q0, r0, m0, 'Temp', ... (4 bytes))
1758359341: Sending PUBLISH to auto-1C623BE6-1EFB-E0B4-54D2-D2B8EA704392 (d0, q0, r0, m0, 'Temp', ... (4 bytes))
1758359343: Received PUBLISH from auto-1C623BE6-1EFB-E0B4-54D2-D2B8EA704392 (d0, q0, r0, m0, 'Temp', ... (4 bytes))
1758359343: Sending PUBLISH to auto-1C623BE6-1EFB-E0B4-54D2-D2B8EA704392 (d0, q0, r0, m0, 'Temp', ... (4 bytes))
1758359345: Received PUBLISH from auto-1C623BE6-1EFB-E0B4-54D2-D2B8EA704392 (d0, q0, r0, m0, 'Temp', ... (4 bytes))
1758359345: Sending PUBLISH to auto-1C623BE6-1EFB-E0B4-54D2-D2B8EA704392 (d0, q0, r0, m0, 'Temp', ... (4 bytes))
1758359347: Received PUBLISH from auto-1C623BE6-1EFB-E0B4-54D2-D2B8EA704392 (d0, q0, r0, m0, 'Temp', ... (4 bytes))
1758359347: Sending PUBLISH to auto-1C623BE6-1EFB-E0B4-54D2-D2B8EA704392 (d0, q0, r0, m0, 'Temp', ... (4 bytes))
1758359349: Received PUBLISH from auto-1C623BE6-1EFB-E0B4-54D2-D2B8EA704392 (d0, q0, r0, m0, 'Temp', ... (4 bytes))
1758359349: Sending PUBLISH to auto-1C623BE6-1EFB-E0B4-54D2-D2B8EA704392 (d0, q0, r0, m0, 'Temp', ... (4 bytes))
1758359351: Received PUBLISH from auto-1C623BE6-1EFB-E0B4-54D2-D2B8EA704392 (d0, q0, r0, m0, 'Temp', ... (4 bytes))
1758359351: Sending PUBLISH to auto-1C623BE6-1EFB-E0B4-54D2-D2B8EA704392 (d0, q0, r0, m0, 'Temp', ... (4 bytes))
1758359353: Received PUBLISH from auto-1C623BE6-1EFB-E0B4-54D2-D2B8EA704392 (d0, q0, r0, m0, 'Temp', ... (4 bytes))
1758359353: Sending PUBLISH to auto-1C623BE6-1EFB-E0B4-54D2-D2B8EA704392 (d0, q0, r0, m0, 'Temp', ... (4 bytes))
1758359355: Received PUBLISH from auto-1C623BE6-1EFB-E0B4-54D2-D2B8EA704392 (d0, q0, r0, m0, 'Temp', ... (4 bytes))
1758359355: Sending PUBLISH to auto-1C623BE6-1EFB-E0B4-54D2-D2B8EA704392 (d0, q0, r0, m0, 'Temp', ... (4 bytes))
1758359357: Received PUBLISH from auto-1C623BE6-1EFB-E0B4-54D2-D2B8EA704392 (d0, q0, r0, m0, 'Temp', ... (4 bytes))
1758359357: Sending PUBLISH to auto-1C623BE6-1EFB-E0B4-54D2-D2B8EA704392 (d0, q0, r0, m0, 'Temp', ... (4 bytes))
1758359359: Received PUBLISH from auto-1C623BE6-1EFB-E0B4-54D2-D2B8EA704392 (d0, q0, r0, m0, 'Temp', ... (4 bytes))
1758359359: Sending PUBLISH to auto-1C623BE6-1EFB-E0B4-54D2-D2B8EA704392 (d0, q0, r0, m0, 'Temp', ... (4 bytes))
1758359361: Received PUBLISH from auto-1C623BE6-1EFB-E0B4-54D2-D2B8EA704392 (d0, q0, r0, m0, 'Temp', ... (4 bytes))
1758359361: Sending PUBLISH to auto-1C623BE6-1EFB-E0B4-54D2-D2B8EA704392 (d0, q0, r0, m0, 'Temp', ... (4 bytes))
1758359363: Received PUBLISH from auto-1C623BE6-1EFB-E0B4-54D2-D2B8EA704392 (d0, q0, r0, m0, 'Temp', ... (4 bytes))
1758359363: Sending PUBLISH to auto-1C623BE6-1EFB-E0B4-54D2-D2B8EA704392 (d0, q0, r0, m0, 'Temp', ... (4 bytes))
1758359365: Received PUBLISH from auto-1C623BE6-1EFB-E0B4-54D2-D2B8EA704392 (d0, q0, r0, m0, 'Temp', ... (4 bytes))
1758359365: Sending PUBLISH to auto-1C623BE6-1EFB-E0B4-54D2-D2B8EA704392 (d0, q0, r0, m0, 'Temp', ... (4 bytes))
1758359367: Received PUBLISH from auto-1C623BE6-1EFB-E0B4-54D2-D2B8EA704392 (d0, q0, r0, m0, 'Temp', ... (4 bytes))
1758359367: Sending PUBLISH to auto-1C623BE6-1EFB-E0B4-54D2-D2B8EA704392 (d0, q0, r0, m0, 'Temp', ... (4 bytes))
1758359369: Received PUBLISH from auto-1C623BE6-1EFB-E0B4-54D2-D2B8EA704392 (d0, q0, r0, m0, 'Temp', ... (4 bytes))
1758359369: Sending PUBLISH to auto-1C623BE6-1EFB-E0B4-54D2-D2B8EA704392 (d0, q0, r0, m0, 'Temp', ... (4 bytes))
1758359371: Received PUBLISH from auto-1C623BE6-1EFB-E0B4-54D2-D2B8EA704392 (d0, q0, r0, m0, 'Temp', ... (4 bytes))
1758359371: Sending PUBLISH to auto-1C623BE6-1EFB-E0B4-54D2-D2B8EA704392 (d0, q0, r0, m0, 'Temp', ... (4 bytes))
1758359373: Received PUBLISH from auto-1C623BE6-1EFB-E0B4-54D2-D2B8EA704392 (d0, q0, r0, m0, 'Temp', ... (4 bytes))
1758359373: Sending PUBLISH to auto-1C623BE6-1EFB-E0B4-54D2-D2B8EA704392 (d0, q0, r0, m0, 'Temp', ... (4 bytes))
1758359375: Received PUBLISH from auto-1C623BE6-1EFB-E0B4-54D2-D2B8EA704392 (d0, q0, r0, m0, 'Temp', ... (4 bytes))
1758359375: Sending PUBLISH to auto-1C623BE6-1EFB-E0B4-54D2-D2B8EA704392 (d0, q0, r0, m0, 'Temp', ... (4 bytes))
1758359377: Received PUBLISH from auto-1C623BE6-1EFB-E0B4-54D2-D2B8EA704392 (d0, q0, r0, m0, 'Temp', ... (4 bytes))
1758359377: Sending PUBLISH to auto-1C623BE6-1EFB-E0B4-54D2-D2B8EA704392 (d0, q0, r0, m0, 'Temp', ... (4 bytes))
1758359379: Received PUBLISH from auto-1C623BE6-1EFB-E0B4-54D2-D2B8EA704392 (d0, q0, r0, m0, 'Temp', ... (4 bytes))
1758359379: Sending PUBLISH to auto-1C623BE6-1EFB-E0B4-54D2-D2B8EA704392 (d0, q0, r0, m0, 'Temp', ... (4 bytes))
1758359381: Received PUBLISH from auto-1C623BE6-1EFB-E0B4-54D2-D2B8EA704392 (d0, q0, r0, m0, 'Temp', ... (4 bytes))
1758359381: Sending PUBLISH to auto-1C623BE6-1EFB-E0B4-54D2-D2B8EA704392 (d0, q0, r0, m0, 'Temp', ... (4 bytes))
1758359383: Received PUBLISH from auto-1C623BE6-1EFB-E0B4-54D2-D2B8EA704392 (d0, q0, r0, m0, 'Temp', ... (4 bytes))
1758359383: Sending PUBLISH to auto-1C623BE6-1EFB-E0B4-54D2-D2B8EA704392 (d0, q0, r0, m0, 'Temp', ... (4 bytes))
1758359385: Received PUBLISH from auto-1C623BE6-1EFB-E0B4-54D2-D2B8EA704392 (d0, q0, r0, m0, 'Temp', ... (4 bytes))
1758359385: Sending PUBLISH to auto-1C623BE6-1EFB-E0B4-54D2-D2B8EA704392 (d0, q0, r0, m0, 'Temp', ... (4 bytes))
1758359387: Received PUBLISH from auto-1C623BE6-1EFB-E0B4-54D2-D2B8EA704392 (d0, q0, r0, m0, 'Temp', ... (4 bytes))
1758359387: Sending PUBLISH to auto-1C623BE6-1EFB-E0B4-54D2-D2B8EA704392 (d0, q0, r0, m0, 'Temp', ... (4 bytes))
1758359389: Received PUBLISH from auto-1C623BE6-1EFB-E0B4-54D2-D2B8EA704392 (d0, q0, r0, m0, 'Temp', ... (4 bytes))
1758359389: Sending PUBLISH to auto-1C623BE6-1EFB-E0B4-54D2-D2B8EA704392 (d0, q0, r0, m0, 'Temp', ... (4 bytes))
1758359391: Received PUBLISH from auto-1C623BE6-1EFB-E0B4-54D2-D2B8EA704392 (d0, q0, r0, m0, 'Temp', ... (4 bytes))
1758359391: Sending PUBLISH to auto-1C623BE6-1EFB-E0B4-54D2-D2B8EA704392 (d0, q0, r0, m0, 'Temp', ... (4 bytes))
1758359393: Received PUBLISH from auto-1C623BE6-1EFB-E0B4-54D2-D2B8EA704392 (d0, q0, r0, m0, 'Temp', ... (4 bytes))
1758359393: Sending PUBLISH to auto-1C623BE6-1EFB-E0B4-54D2-D2B8EA704392 (d0, q0, r0, m0, 'Temp', ... (4 bytes))
1758359393: Received PINGREQ from auto-1C623BE6-1EFB-E0B4-54D2-D2B8EA704392
1758359393: Sending PINGRESP to auto-1C623BE6-1EFB-E0B4-54D2-D2B8EA704392
1758359395: Received PUBLISH from auto-1C623BE6-1EFB-E0B4-54D2-D2B8EA704392 (d0, q0, r0, m0, 'Temp', ... (4 bytes))
1758359395: Sending PUBLISH to auto-1C623BE6-1EFB-E0B4-54D2-D2B8EA704392 (d0, q0, r0, m0, 'Temp', ... (4 bytes))
1758359397: Received PUBLISH from auto-1C623BE6-1EFB-E0B4-54D2-D2B8EA704392 (d0, q0, r0, m0, 'Temp', ... (4 bytes))
1758359397: Sending PUBLISH to auto-1C623BE6-1EFB-E0B4-54D2-D2B8EA704392 (d0, q0, r0, m0, 'Temp', ... (4 bytes))
1758359399: Received PUBLISH from auto-1C623BE6-1EFB-E0B4-54D2-D2B8EA704392 (d0, q0, r0, m0, 'Temp', ... (4 bytes))
1758359399: Sending PUBLISH to auto-1C623BE6-1EFB-E0B4-54D2-D2B8EA704392 (d0, q0, r0, m0, 'Temp', ... (4 bytes))
1758359401: Received PUBLISH from auto-1C623BE6-1EFB-E0B4-54D2-D2B8EA704392 (d0, q0, r0, m0, 'Temp', ... (4 bytes))
1758359401: Sending PUBLISH to auto-1C623BE6-1EFB-E0B4-54D2-D2B8EA704392 (d0, q0, r0, m0, 'Temp', ... (4 bytes))
1758359403: Received PUBLISH from auto-1C623BE6-1EFB-E0B4-54D2-D2B8EA704392 (d0, q0, r0, m0, 'Temp', ... (4 bytes))
1758359403: Sending PUBLISH to auto-1C623BE6-1EFB-E0B4-54D2-D2B8EA704392 (d0, q0, r0, m0, 'Temp', ... (4 bytes))
1758359405: Received PUBLISH from auto-1C623BE6-1EFB-E0B4-54D2-D2B8EA704392 (d0, q0, r0, m0, 'Temp', ... (4 bytes))
1758359405: Sending PUBLISH to auto-1C623BE6-1EFB-E0B4-54D2-D2B8EA704392 (d0, q0, r0, m0, 'Temp', ... (4 bytes))
1758359407: Received PUBLISH from auto-1C623BE6-1EFB-E0B4-54D2-D2B8EA704392 (d0, q0, r0, m0, 'Temp', ... (4 bytes))
1758359407: Sending PUBLISH to auto-1C623BE6-1EFB-E0B4-54D2-D2B8EA704392 (d0, q0, r0, m0, 'Temp', ... (4 bytes))
1758359409: Received PUBLISH from auto-1C623BE6-1EFB-E0B4-54D2-D2B8EA704392 (d0, q0, r0, m0, 'Temp', ... (4 bytes))
1758359409: Sending PUBLISH to auto-1C623BE6-1EFB-E0B4-54D2-D2B8EA704392 (d0, q0, r0, m0, 'Temp', ... (4 bytes))
1758359411: Received PUBLISH from auto-1C623BE6-1EFB-E0B4-54D2-D2B8EA704392 (d0, q0, r0, m0, 'Temp', ... (4 bytes))
1758359411: Sending PUBLISH to auto-1C623BE6-1EFB-E0B4-54D2-D2B8EA704392 (d0, q0, r0, m0, 'Temp', ... (4 bytes))
1758359413: Received PUBLISH from auto-1C623BE6-1EFB-E0B4-54D2-D2B8EA704392 (d0, q0, r0, m0, 'Temp', ... (4 bytes))
1758359413: Sending PUBLISH to auto-1C623BE6-1EFB-E0B4-54D2-D2B8EA704392 (d0, q0, r0, m0, 'Temp', ... (4 bytes))
1758359415: Received PUBLISH from auto-1C623BE6-1EFB-E0B4-54D2-D2B8EA704392 (d0, q0, r0, m0, 'Temp', ... (4 bytes))
1758359415: Sending PUBLISH to auto-1C623BE6-1EFB-E0B4-54D2-D2B8EA704392 (d0, q0, r0, m0, 'Temp', ... (4 bytes))
1758359417: Received PUBLISH from auto-1C623BE6-1EFB-E0B4-54D2-D2B8EA704392 (d0, q0, r0, m0, 'Temp', ... (4 bytes))
1758359417: Sending PUBLISH to auto-1C623BE6-1EFB-E0B4-54D2-D2B8EA704392 (d0, q0, r0, m0, 'Temp', ... (4 bytes))
1758359419: Received PUBLISH from auto-1C623BE6-1EFB-E0B4-54D2-D2B8EA704392 (d0, q0, r0, m0, 'Temp', ... (4 bytes))
1758359419: Sending PUBLISH to auto-1C623BE6-1EFB-E0B4-54D2-D2B8EA704392 (d0, q0, r0, m0, 'Temp', ... (4 bytes))
1758359421: Received PUBLISH from auto-1C623BE6-1EFB-E0B4-54D2-D2B8EA704392 (d0, q0, r0, m0, 'Temp', ... (4 bytes))
1758359421: Sending PUBLISH to auto-1C623BE6-1EFB-E0B4-54D2-D2B8EA704392 (d0, q0, r0, m0, 'Temp', ... (4 bytes))
1758359423: Received PUBLISH from auto-1C623BE6-1EFB-E0B4-54D2-D2B8EA704392 (d0, q0, r0, m0, 'Temp', ... (4 bytes))
1758359423: Sending PUBLISH to auto-1C623BE6-1EFB-E0B4-54D2-D2B8EA704392 (d0, q0, r0, m0, 'Temp', ... (4 bytes))
1758359425: Received PUBLISH from auto-1C623BE6-1EFB-E0B4-54D2-D2B8EA704392 (d0, q0, r0, m0, 'Temp', ... (4 bytes))
1758359425: Sending PUBLISH to auto-1C623BE6-1EFB-E0B4-54D2-D2B8EA704392 (d0, q0, r0, m0, 'Temp', ... (4 bytes))
1758359427: Received PUBLISH from auto-1C623BE6-1EFB-E0B4-54D2-D2B8EA704392 (d0, q0, r0, m0, 'Temp', ... (4 bytes))
1758359427: Sending PUBLISH to auto-1C623BE6-1EFB-E0B4-54D2-D2B8EA704392 (d0, q0, r0, m0, 'Temp', ... (4 bytes))
1758359429: Received PUBLISH from auto-1C623BE6-1EFB-E0B4-54D2-D2B8EA704392 (d0, q0, r0, m0, 'Temp', ... (4 bytes))
1758359429: Sending PUBLISH to auto-1C623BE6-1EFB-E0B4-54D2-D2B8EA704392 (d0, q0, r0, m0, 'Temp', ... (4 bytes))
1758359431: Received PUBLISH from auto-1C623BE6-1EFB-E0B4-54D2-D2B8EA704392 (d0, q0, r0, m0, 'Temp', ... (4 bytes))
1758359431: Sending PUBLISH to auto-1C623BE6-1EFB-E0B4-54D2-D2B8EA704392 (d0, q0, r0, m0, 'Temp', ... (4 bytes))
1758359433: Received PUBLISH from auto-1C623BE6-1EFB-E0B4-54D2-D2B8EA704392 (d0, q0, r0, m0, 'Temp', ... (4 bytes))
1758359433: Sending PUBLISH to auto-1C623BE6-1EFB-E0B4-54D2-D2B8EA704392 (d0, q0, r0, m0, 'Temp', ... (4 bytes))
1758359435: Received PUBLISH from auto-1C623BE6-1EFB-E0B4-54D2-D2B8EA704392 (d0, q0, r0, m0, 'Temp', ... (4 bytes))
1758359435: Sending PUBLISH to auto-1C623BE6-1EFB-E0B4-54D2-D2B8EA704392 (d0, q0, r0, m0, 'Temp', ... (4 bytes))
1758359437: Received PUBLISH from auto-1C623BE6-1EFB-E0B4-54D2-D2B8EA704392 (d0, q0, r0, m0, 'Temp', ... (4 bytes))
1758359437: Sending PUBLISH to auto-1C623BE6-1EFB-E0B4-54D2-D2B8EA704392 (d0, q0, r0, m0, 'Temp', ... (4 bytes))
1758359439: Received PUBLISH from auto-1C623BE6-1EFB-E0B4-54D2-D2B8EA704392 (d0, q0, r0, m0, 'Temp', ... (4 bytes))
1758359439: Sending PUBLISH to auto-1C623BE6-1EFB-E0B4-54D2-D2B8EA704392 (d0, q0, r0, m0, 'Temp', ... (4 bytes))
1758359441: Received PUBLISH from auto-1C623BE6-1EFB-E0B4-54D2-D2B8EA704392 (d0, q0, r0, m0, 'Temp', ... (4 bytes))
1758359441: Sending PUBLISH to auto-1C623BE6-1EFB-E0B4-54D2-D2B8EA704392 (d0, q0, r0, m0, 'Temp', ... (4 bytes))
1758359443: Received PUBLISH from auto-1C623BE6-1EFB-E0B4-54D2-D2B8EA704392 (d0, q0, r0, m0, 'Temp', ... (4 bytes))
1758359443: Sending PUBLISH to auto-1C623BE6-1EFB-E0B4-54D2-D2B8EA704392 (d0, q0, r0, m0, 'Temp', ... (4 bytes))
1758359445: Received PUBLISH from auto-1C623BE6-1EFB-E0B4-54D2-D2B8EA704392 (d0, q0, r0, m0, 'Temp', ... (4 bytes))
1758359445: Sending PUBLISH to auto-1C623BE6-1EFB-E0B4-54D2-D2B8EA704392 (d0, q0, r0, m0, 'Temp', ... (4 bytes))
1758359447: Received PUBLISH from auto-1C623BE6-1EFB-E0B4-54D2-D2B8EA704392 (d0, q0, r0, m0, 'Temp', ... (4 bytes))
1758359447: Sending PUBLISH to auto-1C623BE6-1EFB-E0B4-54D2-D2B8EA704392 (d0, q0, r0, m0, 'Temp', ... (4 bytes))
1758359449: Received PUBLISH from auto-1C623BE6-1EFB-E0B4-54D2-D2B8EA704392 (d0, q0, r0, m0, 'Temp', ... (4 bytes))
1758359449: Sending PUBLISH to auto-1C623BE6-1EFB-E0B4-54D2-D2B8EA704392 (d0, q0, r0, m0, 'Temp', ... (4 bytes))
1758359451: Received PUBLISH from auto-1C623BE6-1EFB-E0B4-54D2-D2B8EA704392 (d0, q0, r0, m0, 'Temp', ... (4 bytes))
1758359451: Sending PUBLISH to auto-1C623BE6-1EFB-E0B4-54D2-D2B8EA704392 (d0, q0, r0, m0, 'Temp', ... (4 bytes))
1758359453: Received PUBLISH from auto-1C623BE6-1EFB-E0B4-54D2-D2B8EA704392 (d0, q0, r0, m0, 'Temp', ... (4 bytes))
1758359453: Sending PUBLISH to auto-1C623BE6-1EFB-E0B4-54D2-D2B8EA704392 (d0, q0, r0, m0, 'Temp', ... (4 bytes))
1758359454: Received PINGREQ from auto-1C623BE6-1EFB-E0B4-54D2-D2B8EA704392
1758359454: Sending PINGRESP to auto-1C623BE6-1EFB-E0B4-54D2-D2B8EA704392
1758359455: Received PUBLISH from auto-1C623BE6-1EFB-E0B4-54D2-D2B8EA704392 (d0, q0, r0, m0, 'Temp', ... (4 bytes))
1758359455: Sending PUBLISH to auto-1C623BE6-1EFB-E0B4-54D2-D2B8EA704392 (d0, q0, r0, m0, 'Temp', ... (4 bytes))
1758359457: Received PUBLISH from auto-1C623BE6-1EFB-E0B4-54D2-D2B8EA704392 (d0, q0, r0, m0, 'Temp', ... (4 bytes))
1758359457: Sending PUBLISH to auto-1C623BE6-1EFB-E0B4-54D2-D2B8EA704392 (d0, q0, r0, m0, 'Temp', ... (4 bytes))
1758359459: Received PUBLISH from auto-1C623BE6-1EFB-E0B4-54D2-D2B8EA704392 (d0, q0, r0, m0, 'Temp', ... (4 bytes))
1758359459: Sending PUBLISH to auto-1C623BE6-1EFB-E0B4-54D2-D2B8EA704392 (d0, q0, r0, m0, 'Temp', ... (4 bytes))
1758359461: Received PUBLISH from auto-1C623BE6-1EFB-E0B4-54D2-D2B8EA704392 (d0, q0, r0, m0, 'Temp', ... (4 bytes))
1758359461: Sending PUBLISH to auto-1C623BE6-1EFB-E0B4-54D2-D2B8EA704392 (d0, q0, r0, m0, 'Temp', ... (4 bytes))
1758359463: Received PUBLISH from auto-1C623BE6-1EFB-E0B4-54D2-D2B8EA704392 (d0, q0, r0, m0, 'Temp', ... (4 bytes))
1758359463: Sending PUBLISH to auto-1C623BE6-1EFB-E0B4-54D2-D2B8EA704392 (d0, q0, r0, m0, 'Temp', ... (4 bytes))
1758359465: Received PUBLISH from auto-1C623BE6-1EFB-E0B4-54D2-D2B8EA704392 (d0, q0, r0, m0, 'Temp', ... (4 bytes))
1758359465: Sending PUBLISH to auto-1C623BE6-1EFB-E0B4-54D2-D2B8EA704392 (d0, q0, r0, m0, 'Temp', ... (4 bytes))
1758359467: Received PUBLISH from auto-1C623BE6-1EFB-E0B4-54D2-D2B8EA704392 (d0, q0, r0, m0, 'Temp', ... (4 bytes))
1758359467: Sending PUBLISH to auto-1C623BE6-1EFB-E0B4-54D2-D2B8EA704392 (d0, q0, r0, m0, 'Temp', ... (4 bytes))
1758359469: Received PUBLISH from auto-1C623BE6-1EFB-E0B4-54D2-D2B8EA704392 (d0, q0, r0, m0, 'Temp', ... (4 bytes))
1758359469: Sending PUBLISH to auto-1C623BE6-1EFB-E0B4-54D2-D2B8EA704392 (d0, q0, r0, m0, 'Temp', ... (4 bytes))
1758359471: Received PUBLISH from auto-1C623BE6-1EFB-E0B4-54D2-D2B8EA704392 (d0, q0, r0, m0, 'Temp', ... (4 bytes))
1758359471: Sending PUBLISH to auto-1C623BE6-1EFB-E0B4-54D2-D2B8EA704392 (d0, q0, r0, m0, 'Temp', ... (4 bytes))
1758359472: Client auto-1C623BE6-1EFB-E0B4-54D2-D2B8EA704392 closed its connection.
1758359472: mosquitto version 2.0.22 terminating
1758359472: Saving in-memory database to /mosquitto/data//mosquitto.db.
1768700067: mosquitto version 2.0.22 starting
1768700067: Config loaded from /mosquitto/config/mosquitto.conf.
1768700067: Opening ipv4 listen socket on port 1883.
1768700067: Opening ipv6 listen socket on port 1883.
1768700067: mosquitto version 2.0.22 running
1768700068: New connection from 172.18.0.5:38871 on port 1883.
1768700068: New client connected from 172.18.0.5:38871 as auto-345CB992-135F-EC5A-2674-770025BEA8FD (p2, c1, k60).
1768700068: No will message specified.
1768700068: Sending CONNACK to auto-345CB992-135F-EC5A-2674-770025BEA8FD (0, 0)
1768700068: Received SUBSCRIBE from auto-345CB992-135F-EC5A-2674-770025BEA8FD
1768700068: 	temp_F (QoS 0)
1768700068: auto-345CB992-135F-EC5A-2674-770025BEA8FD 0 temp_F
1768700068: Sending SUBACK to auto-345CB992-135F-EC5A-2674-770025BEA8FD
1768700071: Received PUBLISH from auto-345CB992-135F-EC5A-2674-770025BEA8FD (d0, q0, r0, m0, 'temp_F', ... (5 bytes))
1768700071: Sending PUBLISH to auto-345CB992-135F-EC5A-2674-770025BEA8FD (d0, q0, r0, m0, 'temp_F', ... (5 bytes))
1768700074: Received PUBLISH from auto-345CB992-135F-EC5A-2674-770025BEA8FD (d0, q0, r0, m0, 'temp_F', ... (4 bytes))
1768700074: Sending PUBLISH to auto-345CB992-135F-EC5A-2674-770025BEA8FD (d0, q0, r0, m0, 'temp_F', ... (4 bytes))
1768700077: Received PUBLISH from auto-345CB992-135F-EC5A-2674-770025BEA8FD (d0, q0, r0, m0, 'temp_F', ... (4 bytes))
1768700077: Sending PUBLISH to auto-345CB992-135F-EC5A-2674-770025BEA8FD (d0, q0, r0, m0, 'temp_F', ... (4 bytes))
1768700080: Received PUBLISH from auto-345CB992-135F-EC5A-2674-770025BEA8FD (d0, q0, r0, m0, 'temp_F', ... (5 bytes))
1768700080: Sending PUBLISH to auto-345CB992-135F-EC5A-2674-770025BEA8FD (d0, q0, r0, m0, 'temp_F', ... (5 bytes))
1768700083: Received PUBLISH from auto-345CB992-135F-EC5A-2674-770025BEA8FD (d0, q0, r0, m0, 'temp_F', ... (5 bytes))
1768700083: Sending PUBLISH to auto-345CB992-135F-EC5A-2674-770025BEA8FD (d0, q0, r0, m0, 'temp_F', ... (5 bytes))
1768700086: Received PUBLISH from auto-345CB992-135F-EC5A-2674-770025BEA8FD (d0, q0, r0, m0, 'temp_F', ... (5 bytes))
1768700086: Sending PUBLISH to auto-345CB992-135F-EC5A-2674-770025BEA8FD (d0, q0, r0, m0, 'temp_F', ... (5 bytes))
1768700089: Received PUBLISH from auto-345CB992-135F-EC5A-2674-770025BEA8FD (d0, q0, r0, m0, 'temp_F', ... (5 bytes))
1768700089: Sending PUBLISH to auto-345CB992-135F-EC5A-2674-770025BEA8FD (d0, q0, r0, m0, 'temp_F', ... (5 bytes))
1768700092: Received PUBLISH from auto-345CB992-135F-EC5A-2674-770025BEA8FD (d0, q0, r0, m0, 'temp_F', ... (5 bytes))
1768700092: Sending PUBLISH to auto-345CB992-135F-EC5A-2674-770025BEA8FD (d0, q0, r0, m0, 'temp_F', ... (5 bytes))
1768700095: Received PUBLISH from auto-345CB992-135F-EC5A-2674-770025BEA8FD (d0, q0, r0, m0, 'temp_F', ... (5 bytes))
1768700095: Sending PUBLISH to auto-345CB992-135F-EC5A-2674-770025BEA8FD (d0, q0, r0, m0, 'temp_F', ... (5 bytes))
1768700098: Received PUBLISH from auto-345CB992-135F-EC5A-2674-770025BEA8FD (d0, q0, r0, m0, 'temp_F', ... (4 bytes))
1768700098: Sending PUBLISH to auto-345CB992-135F-EC5A-2674-770025BEA8FD (d0, q0, r0, m0, 'temp_F', ... (4 bytes))
1768700101: Received PUBLISH from auto-345CB992-135F-EC5A-2674-770025BEA8FD (d0, q0, r0, m0, 'temp_F', ... (4 bytes))
1768700101: Sending PUBLISH to auto-345CB992-135F-EC5A-2674-770025BEA8FD (d0, q0, r0, m0, 'temp_F', ... (4 bytes))
1768700104: Received PUBLISH from auto-345CB992-135F-EC5A-2674-770025BEA8FD (d0, q0, r0, m0, 'temp_F', ... (4 bytes))
1768700104: Sending PUBLISH to auto-345CB992-135F-EC5A-2674-770025BEA8FD (d0, q0, r0, m0, 'temp_F', ... (4 bytes))
1768700107: Received PUBLISH from auto-345CB992-135F-EC5A-2674-770025BEA8FD (d0, q0, r0, m0, 'temp_F', ... (4 bytes))
1768700107: Sending PUBLISH to auto-345CB992-135F-EC5A-2674-770025BEA8FD (d0, q0, r0, m0, 'temp_F', ... (4 bytes))
1768700110: Received PUBLISH from auto-345CB992-135F-EC5A-2674-770025BEA8FD (d0, q0, r0, m0, 'temp_F', ... (4 bytes))
1768700110: Sending PUBLISH to auto-345CB992-135F-EC5A-2674-770025BEA8FD (d0, q0, r0, m0, 'temp_F', ... (4 bytes))
1768700113: Received PUBLISH from auto-345CB992-135F-EC5A-2674-770025BEA8FD (d0, q0, r0, m0, 'temp_F', ... (5 bytes))
1768700113: Sending PUBLISH to auto-345CB992-135F-EC5A-2674-770025BEA8FD (d0, q0, r0, m0, 'temp_F', ... (5 bytes))
1768700116: Received PUBLISH from auto-345CB992-135F-EC5A-2674-770025BEA8FD (d0, q0, r0, m0, 'temp_F', ... (5 bytes))
1768700116: Sending PUBLISH to auto-345CB992-135F-EC5A-2674-770025BEA8FD (d0, q0, r0, m0, 'temp_F', ... (5 bytes))
1768700119: Received PUBLISH from auto-345CB992-135F-EC5A-2674-770025BEA8FD (d0, q0, r0, m0, 'temp_F', ... (5 bytes))
1768700119: Sending PUBLISH to auto-345CB992-135F-EC5A-2674-770025BEA8FD (d0, q0, r0, m0, 'temp_F', ... (5 bytes))
1768700122: Received PUBLISH from auto-345CB992-135F-EC5A-2674-770025BEA8FD (d0, q0, r0, m0, 'temp_F', ... (4 bytes))
1768700122: Sending PUBLISH to auto-345CB992-135F-EC5A-2674-770025BEA8FD (d0, q0, r0, m0, 'temp_F', ... (4 bytes))
1768700125: Received PUBLISH from auto-345CB992-135F-EC5A-2674-770025BEA8FD (d0, q0, r0, m0, 'temp_F', ... (4 bytes))
1768700125: Sending PUBLISH to auto-345CB992-135F-EC5A-2674-770025BEA8FD (d0, q0, r0, m0, 'temp_F', ... (4 bytes))
1768700128: Received PINGREQ from auto-345CB992-135F-EC5A-2674-770025BEA8FD
1768700128: Sending PINGRESP to auto-345CB992-135F-EC5A-2674-770025BEA8FD
1768700128: Received PUBLISH from auto-345CB992-135F-EC5A-2674-770025BEA8FD (d0, q0, r0, m0, 'temp_F', ... (4 bytes))
1768700128: Sending PUBLISH to auto-345CB992-135F-EC5A-2674-770025BEA8FD (d0, q0, r0, m0, 'temp_F', ... (4 bytes))
1768700131: Received PUBLISH from auto-345CB992-135F-EC5A-2674-770025BEA8FD (d0, q0, r0, m0, 'temp_F', ... (4 bytes))
1768700131: Sending PUBLISH to auto-345CB992-135F-EC5A-2674-770025BEA8FD (d0, q0, r0, m0, 'temp_F', ... (4 bytes))
1768700134: Received PUBLISH from auto-345CB992-135F-EC5A-2674-770025BEA8FD (d0, q0, r0, m0, 'temp_F', ... (5 bytes))
1768700134: Sending PUBLISH to auto-345CB992-135F-EC5A-2674-770025BEA8FD (d0, q0, r0, m0, 'temp_F', ... (5 bytes))
1768700137: Received PUBLISH from auto-345CB992-135F-EC5A-2674-770025BEA8FD (d0, q0, r0, m0, 'temp_F', ... (5 bytes))
1768700137: Sending PUBLISH to auto-345CB992-135F-EC5A-2674-770025BEA8FD (d0, q0, r0, m0, 'temp_F', ... (5 bytes))
1768700140: Received PUBLISH from auto-345CB992-135F-EC5A-2674-770025BEA8FD (d0, q0, r0, m0, 'temp_F', ... (5 bytes))
1768700140: Sending PUBLISH to auto-345CB992-135F-EC5A-2674-770025BEA8FD (d0, q0, r0, m0, 'temp_F', ... (5 bytes))
1768700143: Received PUBLISH from auto-345CB992-135F-EC5A-2674-770025BEA8FD (d0, q0, r0, m0, 'temp_F', ... (5 bytes))
1768700143: Sending PUBLISH to auto-345CB992-135F-EC5A-2674-770025BEA8FD (d0, q0, r0, m0, 'temp_F', ... (5 bytes))
1768700146: Received PUBLISH from auto-345CB992-135F-EC5A-2674-770025BEA8FD (d0, q0, r0, m0, 'temp_F', ... (4 bytes))
1768700146: Sending PUBLISH to auto-345CB992-135F-EC5A-2674-770025BEA8FD (d0, q0, r0, m0, 'temp_F', ... (4 bytes))
1768700149: Received PUBLISH from auto-345CB992-135F-EC5A-2674-770025BEA8FD (d0, q0, r0, m0, 'temp_F', ... (4 bytes))
1768700149: Sending PUBLISH to auto-345CB992-135F-EC5A-2674-770025BEA8FD (d0, q0, r0, m0, 'temp_F', ... (4 bytes))
1768700152: Received PUBLISH from auto-345CB992-135F-EC5A-2674-770025BEA8FD (d0, q0, r0, m0, 'temp_F', ... (5 bytes))
1768700152: Sending PUBLISH to auto-345CB992-135F-EC5A-2674-770025BEA8FD (d0, q0, r0, m0, 'temp_F', ... (5 bytes))
1768700155: Received PUBLISH from auto-345CB992-135F-EC5A-2674-770025BEA8FD (d0, q0, r0, m0, 'temp_F', ... (5 bytes))
1768700155: Sending PUBLISH to auto-345CB992-135F-EC5A-2674-770025BEA8FD (d0, q0, r0, m0, 'temp_F', ... (5 bytes))
1768700158: Received PUBLISH from auto-345CB992-135F-EC5A-2674-770025BEA8FD (d0, q0, r0, m0, 'temp_F', ... (4 bytes))
1768700158: Sending PUBLISH to auto-345CB992-135F-EC5A-2674-770025BEA8FD (d0, q0, r0, m0, 'temp_F', ... (4 bytes))
1768700161: Received PUBLISH from auto-345CB992-135F-EC5A-2674-770025BEA8FD (d0, q0, r0, m0, 'temp_F', ... (5 bytes))
1768700161: Sending PUBLISH to auto-345CB992-135F-EC5A-2674-770025BEA8FD (d0, q0, r0, m0, 'temp_F', ... (5 bytes))
1768700164: Received PUBLISH from auto-345CB992-135F-EC5A-2674-770025BEA8FD (d0, q0, r0, m0, 'temp_F', ... (5 bytes))
1768700164: Sending PUBLISH to auto-345CB992-135F-EC5A-2674-770025BEA8FD (d0, q0, r0, m0, 'temp_F', ... (5 bytes))
1768700167: Received PUBLISH from auto-345CB992-135F-EC5A-2674-770025BEA8FD (d0, q0, r0, m0, 'temp_F', ... (5 bytes))
1768700167: Sending PUBLISH to auto-345CB992-135F-EC5A-2674-770025BEA8FD (d0, q0, r0, m0, 'temp_F', ... (5 bytes))
1768700170: Received PUBLISH from auto-345CB992-135F-EC5A-2674-770025BEA8FD (d0, q0, r0, m0, 'temp_F', ... (5 bytes))
1768700170: Sending PUBLISH to auto-345CB992-135F-EC5A-2674-770025BEA8FD (d0, q0, r0, m0, 'temp_F', ... (5 bytes))
1768700173: Received PUBLISH from auto-345CB992-135F-EC5A-2674-770025BEA8FD (d0, q0, r0, m0, 'temp_F', ... (5 bytes))
1768700173: Sending PUBLISH to auto-345CB992-135F-EC5A-2674-770025BEA8FD (d0, q0, r0, m0, 'temp_F', ... (5 bytes))
1768700176: Received PUBLISH from auto-345CB992-135F-EC5A-2674-770025BEA8FD (d0, q0, r0, m0, 'temp_F', ... (4 bytes))
1768700176: Sending PUBLISH to auto-345CB992-135F-EC5A-2674-770025BEA8FD (d0, q0, r0, m0, 'temp_F', ... (4 bytes))
1768700179: Received PUBLISH from auto-345CB992-135F-EC5A-2674-770025BEA8FD (d0, q0, r0, m0, 'temp_F', ... (4 bytes))
1768700179: Sending PUBLISH to auto-345CB992-135F-EC5A-2674-770025BEA8FD (d0, q0, r0, m0, 'temp_F', ... (4 bytes))
1768700182: Received PUBLISH from auto-345CB992-135F-EC5A-2674-770025BEA8FD (d0, q0, r0, m0, 'temp_F', ... (4 bytes))
1768700182: Sending PUBLISH to auto-345CB992-135F-EC5A-2674-770025BEA8FD (d0, q0, r0, m0, 'temp_F', ... (4 bytes))
1768700185: Received PUBLISH from auto-345CB992-135F-EC5A-2674-770025BEA8FD (d0, q0, r0, m0, 'temp_F', ... (4 bytes))
1768700185: Sending PUBLISH to auto-345CB992-135F-EC5A-2674-770025BEA8FD (d0, q0, r0, m0, 'temp_F', ... (4 bytes))
1768700188: Received PINGREQ from auto-345CB992-135F-EC5A-2674-770025BEA8FD
1768700188: Sending PINGRESP to auto-345CB992-135F-EC5A-2674-770025BEA8FD
1768700188: Received PUBLISH from auto-345CB992-135F-EC5A-2674-770025BEA8FD (d0, q0, r0, m0, 'temp_F', ... (4 bytes))
1768700188: Sending PUBLISH to auto-345CB992-135F-EC5A-2674-770025BEA8FD (d0, q0, r0, m0, 'temp_F', ... (4 bytes))
1768700191: Received PUBLISH from auto-345CB992-135F-EC5A-2674-770025BEA8FD (d0, q0, r0, m0, 'temp_F', ... (4 bytes))
1768700191: Sending PUBLISH to auto-345CB992-135F-EC5A-2674-770025BEA8FD (d0, q0, r0, m0, 'temp_F', ... (4 bytes))
1768700194: Received PUBLISH from auto-345CB992-135F-EC5A-2674-770025BEA8FD (d0, q0, r0, m0, 'temp_F', ... (4 bytes))
1768700194: Sending PUBLISH to auto-345CB992-135F-EC5A-2674-770025BEA8FD (d0, q0, r0, m0, 'temp_F', ... (4 bytes))
1768700197: Received PUBLISH from auto-345CB992-135F-EC5A-2674-770025BEA8FD (d0, q0, r0, m0, 'temp_F', ... (4 bytes))
1768700197: Sending PUBLISH to auto-345CB992-135F-EC5A-2674-770025BEA8FD (d0, q0, r0, m0, 'temp_F', ... (4 bytes))
1768700200: Received PUBLISH from auto-345CB992-135F-EC5A-2674-770025BEA8FD (d0, q0, r0, m0, 'temp_F', ... (4 bytes))
1768700200: Sending PUBLISH to auto-345CB992-135F-EC5A-2674-770025BEA8FD (d0, q0, r0, m0, 'temp_F', ... (4 bytes))
1768700203: Received PUBLISH from auto-345CB992-135F-EC5A-2674-770025BEA8FD (d0, q0, r0, m0, 'temp_F', ... (4 bytes))
1768700203: Sending PUBLISH to auto-345CB992-135F-EC5A-2674-770025BEA8FD (d0, q0, r0, m0, 'temp_F', ... (4 bytes))
1768700206: Received PUBLISH from auto-345CB992-135F-EC5A-2674-770025BEA8FD (d0, q0, r0, m0, 'temp_F', ... (5 bytes))
1768700206: Sending PUBLISH to auto-345CB992-135F-EC5A-2674-770025BEA8FD (d0, q0, r0, m0, 'temp_F', ... (5 bytes))
1768700209: Received PUBLISH from auto-345CB992-135F-EC5A-2674-770025BEA8FD (d0, q0, r0, m0, 'temp_F', ... (5 bytes))
1768700209: Sending PUBLISH to auto-345CB992-135F-EC5A-2674-770025BEA8FD (d0, q0, r0, m0, 'temp_F', ... (5 bytes))
1768700212: Received PUBLISH from auto-345CB992-135F-EC5A-2674-770025BEA8FD (d0, q0, r0, m0, 'temp_F', ... (5 bytes))
1768700212: Sending PUBLISH to auto-345CB992-135F-EC5A-2674-770025BEA8FD (d0, q0, r0, m0, 'temp_F', ... (5 bytes))
1768700215: Received PUBLISH from auto-345CB992-135F-EC5A-2674-770025BEA8FD (d0, q0, r0, m0, 'temp_F', ... (5 bytes))
1768700215: Sending PUBLISH to auto-345CB992-135F-EC5A-2674-770025BEA8FD (d0, q0, r0, m0, 'temp_F', ... (5 bytes))
1768700218: Received PUBLISH from auto-345CB992-135F-EC5A-2674-770025BEA8FD (d0, q0, r0, m0, 'temp_F', ... (5 bytes))
1768700218: Sending PUBLISH to auto-345CB992-135F-EC5A-2674-770025BEA8FD (d0, q0, r0, m0, 'temp_F', ... (5 bytes))
1768700221: Received PUBLISH from auto-345CB992-135F-EC5A-2674-770025BEA8FD (d0, q0, r0, m0, 'temp_F', ... (5 bytes))
1768700221: Sending PUBLISH to auto-345CB992-135F-EC5A-2674-770025BEA8FD (d0, q0, r0, m0, 'temp_F', ... (5 bytes))
1768700224: Received PUBLISH from auto-345CB992-135F-EC5A-2674-770025BEA8FD (d0, q0, r0, m0, 'temp_F', ... (4 bytes))
1768700224: Sending PUBLISH to auto-345CB992-135F-EC5A-2674-770025BEA8FD (d0, q0, r0, m0, 'temp_F', ... (4 bytes))
1768700227: Received PUBLISH from auto-345CB992-135F-EC5A-2674-770025BEA8FD (d0, q0, r0, m0, 'temp_F', ... (4 bytes))
1768700227: Sending PUBLISH to auto-345CB992-135F-EC5A-2674-770025BEA8FD (d0, q0, r0, m0, 'temp_F', ... (4 bytes))
1768700230: Received PUBLISH from auto-345CB992-135F-EC5A-2674-770025BEA8FD (d0, q0, r0, m0, 'temp_F', ... (4 bytes))
1768700230: Sending PUBLISH to auto-345CB992-135F-EC5A-2674-770025BEA8FD (d0, q0, r0, m0, 'temp_F', ... (4 bytes))
1768700233: Received PUBLISH from auto-345CB992-135F-EC5A-2674-770025BEA8FD (d0, q0, r0, m0, 'temp_F', ... (4 bytes))
1768700233: Sending PUBLISH to auto-345CB992-135F-EC5A-2674-770025BEA8FD (d0, q0, r0, m0, 'temp_F', ... (4 bytes))
1768700236: Received PUBLISH from auto-345CB992-135F-EC5A-2674-770025BEA8FD (d0, q0, r0, m0, 'temp_F', ... (4 bytes))
1768700236: Sending PUBLISH to auto-345CB992-135F-EC5A-2674-770025BEA8FD (d0, q0, r0, m0, 'temp_F', ... (4 bytes))
1768700239: Received PUBLISH from auto-345CB992-135F-EC5A-2674-770025BEA8FD (d0, q0, r0, m0, 'temp_F', ... (4 bytes))
1768700239: Sending PUBLISH to auto-345CB992-135F-EC5A-2674-770025BEA8FD (d0, q0, r0, m0, 'temp_F', ... (4 bytes))
1768700242: Received PUBLISH from auto-345CB992-135F-EC5A-2674-770025BEA8FD (d0, q0, r0, m0, 'temp_F', ... (4 bytes))
1768700242: Sending PUBLISH to auto-345CB992-135F-EC5A-2674-770025BEA8FD (d0, q0, r0, m0, 'temp_F', ... (4 bytes))
1768700245: Received PUBLISH from auto-345CB992-135F-EC5A-2674-770025BEA8FD (d0, q0, r0, m0, 'temp_F', ... (4 bytes))
1768700245: Sending PUBLISH to auto-345CB992-135F-EC5A-2674-770025BEA8FD (d0, q0, r0, m0, 'temp_F', ... (4 bytes))
1768700248: Received PUBLISH from auto-345CB992-135F-EC5A-2674-770025BEA8FD (d0, q0, r0, m0, 'temp_F', ... (4 bytes))
1768700248: Sending PUBLISH to auto-345CB992-135F-EC5A-2674-770025BEA8FD (d0, q0, r0, m0, 'temp_F', ... (4 bytes))
1768700249: Received PINGREQ from auto-345CB992-135F-EC5A-2674-770025BEA8FD
1768700249: Sending PINGRESP to auto-345CB992-135F-EC5A-2674-770025BEA8FD
1768700251: Received PUBLISH from auto-345CB992-135F-EC5A-2674-770025BEA8FD (d0, q0, r0, m0, 'temp_F', ... (4 bytes))
1768700251: Sending PUBLISH to auto-345CB992-135F-EC5A-2674-770025BEA8FD (d0, q0, r0, m0, 'temp_F', ... (4 bytes))
1768700254: Received PUBLISH from auto-345CB992-135F-EC5A-2674-770025BEA8FD (d0, q0, r0, m0, 'temp_F', ... (4 bytes))
1768700254: Sending PUBLISH to auto-345CB992-135F-EC5A-2674-770025BEA8FD (d0, q0, r0, m0, 'temp_F', ... (4 bytes))
1768700257: Received PUBLISH from auto-345CB992-135F-EC5A-2674-770025BEA8FD (d0, q0, r0, m0, 'temp_F', ... (4 bytes))
1768700257: Sending PUBLISH to auto-345CB992-135F-EC5A-2674-770025BEA8FD (d0, q0, r0, m0, 'temp_F', ... (4 bytes))
1768700260: Received PUBLISH from auto-345CB992-135F-EC5A-2674-770025BEA8FD (d0, q0, r0, m0, 'temp_F', ... (4 bytes))
1768700260: Sending PUBLISH to auto-345CB992-135F-EC5A-2674-770025BEA8FD (d0, q0, r0, m0, 'temp_F', ... (4 bytes))
1768700263: Received PUBLISH from auto-345CB992-135F-EC5A-2674-770025BEA8FD (d0, q0, r0, m0, 'temp_F', ... (4 bytes))
1768700263: Sending PUBLISH to auto-345CB992-135F-EC5A-2674-770025BEA8FD (d0, q0, r0, m0, 'temp_F', ... (4 bytes))
1768700266: Received PUBLISH from auto-345CB992-135F-EC5A-2674-770025BEA8FD (d0, q0, r0, m0, 'temp_F', ... (4 bytes))
1768700266: Sending PUBLISH to auto-345CB992-135F-EC5A-2674-770025BEA8FD (d0, q0, r0, m0, 'temp_F', ... (4 bytes))
1768700269: Received PUBLISH from auto-345CB992-135F-EC5A-2674-770025BEA8FD (d0, q0, r0, m0, 'temp_F', ... (5 bytes))
1768700269: Sending PUBLISH to auto-345CB992-135F-EC5A-2674-770025BEA8FD (d0, q0, r0, m0, 'temp_F', ... (5 bytes))
1768700272: Received PUBLISH from auto-345CB992-135F-EC5A-2674-770025BEA8FD (d0, q0, r0, m0, 'temp_F', ... (5 bytes))
1768700272: Sending PUBLISH to auto-345CB992-135F-EC5A-2674-770025BEA8FD (d0, q0, r0, m0, 'temp_F', ... (5 bytes))
1768700275: Received PUBLISH from auto-345CB992-135F-EC5A-2674-770025BEA8FD (d0, q0, r0, m0, 'temp_F', ... (5 bytes))
1768700275: Sending PUBLISH to auto-345CB992-135F-EC5A-2674-770025BEA8FD (d0, q0, r0, m0, 'temp_F', ... (5 bytes))
1768700278: Received PUBLISH from auto-345CB992-135F-EC5A-2674-770025BEA8FD (d0, q0, r0, m0, 'temp_F', ... (5 bytes))
1768700278: Sending PUBLISH to auto-345CB992-135F-EC5A-2674-770025BEA8FD (d0, q0, r0, m0, 'temp_F', ... (5 bytes))
1768700281: Received PUBLISH from auto-345CB992-135F-EC5A-2674-770025BEA8FD (d0, q0, r0, m0, 'temp_F', ... (4 bytes))
1768700281: Sending PUBLISH to auto-345CB992-135F-EC5A-2674-770025BEA8FD (d0, q0, r0, m0, 'temp_F', ... (4 bytes))
1768700284: Received PUBLISH from auto-345CB992-135F-EC5A-2674-770025BEA8FD (d0, q0, r0, m0, 'temp_F', ... (5 bytes))
1768700284: Sending PUBLISH to auto-345CB992-135F-EC5A-2674-770025BEA8FD (d0, q0, r0, m0, 'temp_F', ... (5 bytes))
1768700287: Received PUBLISH from auto-345CB992-135F-EC5A-2674-770025BEA8FD (d0, q0, r0, m0, 'temp_F', ... (5 bytes))
1768700287: Sending PUBLISH to auto-345CB992-135F-EC5A-2674-770025BEA8FD (d0, q0, r0, m0, 'temp_F', ... (5 bytes))
1768700290: Received PUBLISH from auto-345CB992-135F-EC5A-2674-770025BEA8FD (d0, q0, r0, m0, 'temp_F', ... (5 bytes))
1768700290: Sending PUBLISH to auto-345CB992-135F-EC5A-2674-770025BEA8FD (d0, q0, r0, m0, 'temp_F', ... (5 bytes))
1768700293: Received PUBLISH from auto-345CB992-135F-EC5A-2674-770025BEA8FD (d0, q0, r0, m0, 'temp_F', ... (5 bytes))
1768700293: Sending PUBLISH to auto-345CB992-135F-EC5A-2674-770025BEA8FD (d0, q0, r0, m0, 'temp_F', ... (5 bytes))
1768700296: Received PUBLISH from auto-345CB992-135F-EC5A-2674-770025BEA8FD (d0, q0, r0, m0, 'temp_F', ... (5 bytes))
1768700296: Sending PUBLISH to auto-345CB992-135F-EC5A-2674-770025BEA8FD (d0, q0, r0, m0, 'temp_F', ... (5 bytes))
1768700299: Received PUBLISH from auto-345CB992-135F-EC5A-2674-770025BEA8FD (d0, q0, r0, m0, 'temp_F', ... (5 bytes))
1768700299: Sending PUBLISH to auto-345CB992-135F-EC5A-2674-770025BEA8FD (d0, q0, r0, m0, 'temp_F', ... (5 bytes))
1768700302: Received PUBLISH from auto-345CB992-135F-EC5A-2674-770025BEA8FD (d0, q0, r0, m0, 'temp_F', ... (5 bytes))
1768700302: Sending PUBLISH to auto-345CB992-135F-EC5A-2674-770025BEA8FD (d0, q0, r0, m0, 'temp_F', ... (5 bytes))
1768700305: Received PUBLISH from auto-345CB992-135F-EC5A-2674-770025BEA8FD (d0, q0, r0, m0, 'temp_F', ... (5 bytes))
1768700305: Sending PUBLISH to auto-345CB992-135F-EC5A-2674-770025BEA8FD (d0, q0, r0, m0, 'temp_F', ... (5 bytes))
1768700308: Received PUBLISH from auto-345CB992-135F-EC5A-2674-770025BEA8FD (d0, q0, r0, m0, 'temp_F', ... (5 bytes))
1768700308: Sending PUBLISH to auto-345CB992-135F-EC5A-2674-770025BEA8FD (d0, q0, r0, m0, 'temp_F', ... (5 bytes))
1768700309: Received PINGREQ from auto-345CB992-135F-EC5A-2674-770025BEA8FD
1768700309: Sending PINGRESP to auto-345CB992-135F-EC5A-2674-770025BEA8FD
1768700311: Received PUBLISH from auto-345CB992-135F-EC5A-2674-770025BEA8FD (d0, q0, r0, m0, 'temp_F', ... (4 bytes))
1768700311: Sending PUBLISH to auto-345CB992-135F-EC5A-2674-770025BEA8FD (d0, q0, r0, m0, 'temp_F', ... (4 bytes))
1768700314: Received PUBLISH from auto-345CB992-135F-EC5A-2674-770025BEA8FD (d0, q0, r0, m0, 'temp_F', ... (5 bytes))
1768700314: Sending PUBLISH to auto-345CB992-135F-EC5A-2674-770025BEA8FD (d0, q0, r0, m0, 'temp_F', ... (5 bytes))
1768700317: Received PUBLISH from auto-345CB992-135F-EC5A-2674-770025BEA8FD (d0, q0, r0, m0, 'temp_F', ... (5 bytes))
1768700317: Sending PUBLISH to auto-345CB992-135F-EC5A-2674-770025BEA8FD (d0, q0, r0, m0, 'temp_F', ... (5 bytes))
1768700320: Received PUBLISH from auto-345CB992-135F-EC5A-2674-770025BEA8FD (d0, q0, r0, m0, 'temp_F', ... (4 bytes))
1768700320: Sending PUBLISH to auto-345CB992-135F-EC5A-2674-770025BEA8FD (d0, q0, r0, m0, 'temp_F', ... (4 bytes))
1768700323: Received PUBLISH from auto-345CB992-135F-EC5A-2674-770025BEA8FD (d0, q0, r0, m0, 'temp_F', ... (5 bytes))
1768700323: Sending PUBLISH to auto-345CB992-135F-EC5A-2674-770025BEA8FD (d0, q0, r0, m0, 'temp_F', ... (5 bytes))
1768700326: Received PUBLISH from auto-345CB992-135F-EC5A-2674-770025BEA8FD (d0, q0, r0, m0, 'temp_F', ... (4 bytes))
1768700326: Sending PUBLISH to auto-345CB992-135F-EC5A-2674-770025BEA8FD (d0, q0, r0, m0, 'temp_F', ... (4 bytes))
1768700329: Received PUBLISH from auto-345CB992-135F-EC5A-2674-770025BEA8FD (d0, q0, r0, m0, 'temp_F', ... (4 bytes))
1768700329: Sending PUBLISH to auto-345CB992-135F-EC5A-2674-770025BEA8FD (d0, q0, r0, m0, 'temp_F', ... (4 bytes))
1768700332: Received PUBLISH from auto-345CB992-135F-EC5A-2674-770025BEA8FD (d0, q0, r0, m0, 'temp_F', ... (5 bytes))
1768700332: Sending PUBLISH to auto-345CB992-135F-EC5A-2674-770025BEA8FD (d0, q0, r0, m0, 'temp_F', ... (5 bytes))
1768700335: Received PUBLISH from auto-345CB992-135F-EC5A-2674-770025BEA8FD (d0, q0, r0, m0, 'temp_F', ... (5 bytes))
1768700335: Sending PUBLISH to auto-345CB992-135F-EC5A-2674-770025BEA8FD (d0, q0, r0, m0, 'temp_F', ... (5 bytes))
1768700338: Received PUBLISH from auto-345CB992-135F-EC5A-2674-770025BEA8FD (d0, q0, r0, m0, 'temp_F', ... (4 bytes))
1768700338: Sending PUBLISH to auto-345CB992-135F-EC5A-2674-770025BEA8FD (d0, q0, r0, m0, 'temp_F', ... (4 bytes))
1768700341: Received PUBLISH from auto-345CB992-135F-EC5A-2674-770025BEA8FD (d0, q0, r0, m0, 'temp_F', ... (4 bytes))
1768700341: Sending PUBLISH to auto-345CB992-135F-EC5A-2674-770025BEA8FD (d0, q0, r0, m0, 'temp_F', ... (4 bytes))
1768700344: Received PUBLISH from auto-345CB992-135F-EC5A-2674-770025BEA8FD (d0, q0, r0, m0, 'temp_F', ... (4 bytes))
1768700344: Sending PUBLISH to auto-345CB992-135F-EC5A-2674-770025BEA8FD (d0, q0, r0, m0, 'temp_F', ... (4 bytes))
1768700347: Received PUBLISH from auto-345CB992-135F-EC5A-2674-770025BEA8FD (d0, q0, r0, m0, 'temp_F', ... (4 bytes))
1768700347: Sending PUBLISH to auto-345CB992-135F-EC5A-2674-770025BEA8FD (d0, q0, r0, m0, 'temp_F', ... (4 bytes))
1768700350: Received PUBLISH from auto-345CB992-135F-EC5A-2674-770025BEA8FD (d0, q0, r0, m0, 'temp_F', ... (4 bytes))
1768700350: Sending PUBLISH to auto-345CB992-135F-EC5A-2674-770025BEA8FD (d0, q0, r0, m0, 'temp_F', ... (4 bytes))
1768700353: Received PUBLISH from auto-345CB992-135F-EC5A-2674-770025BEA8FD (d0, q0, r0, m0, 'temp_F', ... (4 bytes))
1768700353: Sending PUBLISH to auto-345CB992-135F-EC5A-2674-770025BEA8FD (d0, q0, r0, m0, 'temp_F', ... (4 bytes))
1768700356: Received PUBLISH from auto-345CB992-135F-EC5A-2674-770025BEA8FD (d0, q0, r0, m0, 'temp_F', ... (4 bytes))
1768700356: Sending PUBLISH to auto-345CB992-135F-EC5A-2674-770025BEA8FD (d0, q0, r0, m0, 'temp_F', ... (4 bytes))
1768700359: Received PUBLISH from auto-345CB992-135F-EC5A-2674-770025BEA8FD (d0, q0, r0, m0, 'temp_F', ... (4 bytes))
1768700359: Sending PUBLISH to auto-345CB992-135F-EC5A-2674-770025BEA8FD (d0, q0, r0, m0, 'temp_F', ... (4 bytes))
1768700362: Received PUBLISH from auto-345CB992-135F-EC5A-2674-770025BEA8FD (d0, q0, r0, m0, 'temp_F', ... (4 bytes))
1768700362: Sending PUBLISH to auto-345CB992-135F-EC5A-2674-770025BEA8FD (d0, q0, r0, m0, 'temp_F', ... (4 bytes))
1768700365: Received PUBLISH from auto-345CB992-135F-EC5A-2674-770025BEA8FD (d0, q0, r0, m0, 'temp_F', ... (4 bytes))
1768700365: Sending PUBLISH to auto-345CB992-135F-EC5A-2674-770025BEA8FD (d0, q0, r0, m0, 'temp_F', ... (4 bytes))
1768700368: Received PUBLISH from auto-345CB992-135F-EC5A-2674-770025BEA8FD (d0, q0, r0, m0, 'temp_F', ... (4 bytes))
1768700368: Sending PUBLISH to auto-345CB992-135F-EC5A-2674-770025BEA8FD (d0, q0, r0, m0, 'temp_F', ... (4 bytes))
1768700369: Received PINGREQ from auto-345CB992-135F-EC5A-2674-770025BEA8FD
1768700369: Sending PINGRESP to auto-345CB992-135F-EC5A-2674-770025BEA8FD
1768700371: Received PUBLISH from auto-345CB992-135F-EC5A-2674-770025BEA8FD (d0, q0, r0, m0, 'temp_F', ... (4 bytes))
1768700371: Sending PUBLISH to auto-345CB992-135F-EC5A-2674-770025BEA8FD (d0, q0, r0, m0, 'temp_F', ... (4 bytes))
1768700374: Received PUBLISH from auto-345CB992-135F-EC5A-2674-770025BEA8FD (d0, q0, r0, m0, 'temp_F', ... (4 bytes))
1768700374: Sending PUBLISH to auto-345CB992-135F-EC5A-2674-770025BEA8FD (d0, q0, r0, m0, 'temp_F', ... (4 bytes))
1768700377: Received PUBLISH from auto-345CB992-135F-EC5A-2674-770025BEA8FD (d0, q0, r0, m0, 'temp_F', ... (4 bytes))
1768700377: Sending PUBLISH to auto-345CB992-135F-EC5A-2674-770025BEA8FD (d0, q0, r0, m0, 'temp_F', ... (4 bytes))
1768700380: Received PUBLISH from auto-345CB992-135F-EC5A-2674-770025BEA8FD (d0, q0, r0, m0, 'temp_F', ... (4 bytes))
1768700380: Sending PUBLISH to auto-345CB992-135F-EC5A-2674-770025BEA8FD (d0, q0, r0, m0, 'temp_F', ... (4 bytes))
1768700383: Received PUBLISH from auto-345CB992-135F-EC5A-2674-770025BEA8FD (d0, q0, r0, m0, 'temp_F', ... (4 bytes))
1768700383: Sending PUBLISH to auto-345CB992-135F-EC5A-2674-770025BEA8FD (d0, q0, r0, m0, 'temp_F', ... (4 bytes))
1768700386: Received PUBLISH from auto-345CB992-135F-EC5A-2674-770025BEA8FD (d0, q0, r0, m0, 'temp_F', ... (4 bytes))
1768700386: Sending PUBLISH to auto-345CB992-135F-EC5A-2674-770025BEA8FD (d0, q0, r0, m0, 'temp_F', ... (4 bytes))
1768700389: Received PUBLISH from auto-345CB992-135F-EC5A-2674-770025BEA8FD (d0, q0, r0, m0, 'temp_F', ... (4 bytes))
1768700389: Sending PUBLISH to auto-345CB992-135F-EC5A-2674-770025BEA8FD (d0, q0, r0, m0, 'temp_F', ... (4 bytes))
1768700392: Received PUBLISH from auto-345CB992-135F-EC5A-2674-770025BEA8FD (d0, q0, r0, m0, 'temp_F', ... (4 bytes))
1768700392: Sending PUBLISH to auto-345CB992-135F-EC5A-2674-770025BEA8FD (d0, q0, r0, m0, 'temp_F', ... (4 bytes))
1768700395: Received PUBLISH from auto-345CB992-135F-EC5A-2674-770025BEA8FD (d0, q0, r0, m0, 'temp_F', ... (4 bytes))
1768700395: Sending PUBLISH to auto-345CB992-135F-EC5A-2674-770025BEA8FD (d0, q0, r0, m0, 'temp_F', ... (4 bytes))
1768700398: Received PUBLISH from auto-345CB992-135F-EC5A-2674-770025BEA8FD (d0, q0, r0, m0, 'temp_F', ... (4 bytes))
1768700398: Sending PUBLISH to auto-345CB992-135F-EC5A-2674-770025BEA8FD (d0, q0, r0, m0, 'temp_F', ... (4 bytes))
1768700401: Received PUBLISH from auto-345CB992-135F-EC5A-2674-770025BEA8FD (d0, q0, r0, m0, 'temp_F', ... (4 bytes))
1768700401: Sending PUBLISH to auto-345CB992-135F-EC5A-2674-770025BEA8FD (d0, q0, r0, m0, 'temp_F', ... (4 bytes))
1768700404: Received PUBLISH from auto-345CB992-135F-EC5A-2674-770025BEA8FD (d0, q0, r0, m0, 'temp_F', ... (4 bytes))
1768700404: Sending PUBLISH to auto-345CB992-135F-EC5A-2674-770025BEA8FD (d0, q0, r0, m0, 'temp_F', ... (4 bytes))
1768700407: Received PUBLISH from auto-345CB992-135F-EC5A-2674-770025BEA8FD (d0, q0, r0, m0, 'temp_F', ... (4 bytes))
1768700407: Sending PUBLISH to auto-345CB992-135F-EC5A-2674-770025BEA8FD (d0, q0, r0, m0, 'temp_F', ... (4 bytes))
1768700410: Received PUBLISH from auto-345CB992-135F-EC5A-2674-770025BEA8FD (d0, q0, r0, m0, 'temp_F', ... (4 bytes))
1768700410: Sending PUBLISH to auto-345CB992-135F-EC5A-2674-770025BEA8FD (d0, q0, r0, m0, 'temp_F', ... (4 bytes))
1768700413: Received PUBLISH from auto-345CB992-135F-EC5A-2674-770025BEA8FD (d0, q0, r0, m0, 'temp_F', ... (4 bytes))
1768700413: Sending PUBLISH to auto-345CB992-135F-EC5A-2674-770025BEA8FD (d0, q0, r0, m0, 'temp_F', ... (4 bytes))
1768700416: Received PUBLISH from auto-345CB992-135F-EC5A-2674-770025BEA8FD (d0, q0, r0, m0, 'temp_F', ... (4 bytes))
1768700416: Sending PUBLISH to auto-345CB992-135F-EC5A-2674-770025BEA8FD (d0, q0, r0, m0, 'temp_F', ... (4 bytes))
1768700419: Received PUBLISH from auto-345CB992-135F-EC5A-2674-770025BEA8FD (d0, q0, r0, m0, 'temp_F', ... (4 bytes))
1768700419: Sending PUBLISH to auto-345CB992-135F-EC5A-2674-770025BEA8FD (d0, q0, r0, m0, 'temp_F', ... (4 bytes))
1768700422: Received PUBLISH from auto-345CB992-135F-EC5A-2674-770025BEA8FD (d0, q0, r0, m0, 'temp_F', ... (5 bytes))
1768700422: Sending PUBLISH to auto-345CB992-135F-EC5A-2674-770025BEA8FD (d0, q0, r0, m0, 'temp_F', ... (5 bytes))
1768700422: Client auto-345CB992-135F-EC5A-2674-770025BEA8FD closed its connection.
1768700423: mosquitto version 2.0.22 terminating
1768700423: Saving in-memory database to /mosquitto/data//mosquitto.db.
1768700440: mosquitto version 2.0.22 starting
1768700440: Config loaded from /mosquitto/config/mosquitto.conf.
1768700440: Opening ipv4 listen socket on port 1883.
1768700440: Opening ipv6 listen socket on port 1883.
1768700440: mosquitto version 2.0.22 running
1768700441: New connection from 172.18.0.5:50773 on port 1883.
1768700441: New client connected from 172.18.0.5:50773 as auto-C21D4509-3EEB-8D69-B797-38E7193053CD (p2, c1, k60).
1768700441: No will message specified.
1768700441: Sending CONNACK to auto-C21D4509-3EEB-8D69-B797-38E7193053CD (0, 0)
1768700441: Received SUBSCRIBE from auto-C21D4509-3EEB-8D69-B797-38E7193053CD
1768700441: 	temp_F (QoS 0)
1768700441: auto-C21D4509-3EEB-8D69-B797-38E7193053CD 0 temp_F
1768700441: Sending SUBACK to auto-C21D4509-3EEB-8D69-B797-38E7193053CD
1768700443: Received PUBLISH from auto-C21D4509-3EEB-8D69-B797-38E7193053CD (d0, q0, r0, m0, 'temp_F', ... (5 bytes))
1768700443: Sending PUBLISH to auto-C21D4509-3EEB-8D69-B797-38E7193053CD (d0, q0, r0, m0, 'temp_F', ... (5 bytes))
1768700446: Received PUBLISH from auto-C21D4509-3EEB-8D69-B797-38E7193053CD (d0, q0, r0, m0, 'temp_F', ... (5 bytes))
1768700446: Sending PUBLISH to auto-C21D4509-3EEB-8D69-B797-38E7193053CD (d0, q0, r0, m0, 'temp_F', ... (5 bytes))
1768700449: Received PUBLISH from auto-C21D4509-3EEB-8D69-B797-38E7193053CD (d0, q0, r0, m0, 'temp_F', ... (4 bytes))
1768700449: Sending PUBLISH to auto-C21D4509-3EEB-8D69-B797-38E7193053CD (d0, q0, r0, m0, 'temp_F', ... (4 bytes))
1768700452: Received PUBLISH from auto-C21D4509-3EEB-8D69-B797-38E7193053CD (d0, q0, r0, m0, 'temp_F', ... (5 bytes))
1768700452: Sending PUBLISH to auto-C21D4509-3EEB-8D69-B797-38E7193053CD (d0, q0, r0, m0, 'temp_F', ... (5 bytes))
1768700455: Received PUBLISH from auto-C21D4509-3EEB-8D69-B797-38E7193053CD (d0, q0, r0, m0, 'temp_F', ... (5 bytes))
1768700455: Sending PUBLISH to auto-C21D4509-3EEB-8D69-B797-38E7193053CD (d0, q0, r0, m0, 'temp_F', ... (5 bytes))
1768700458: Received PUBLISH from auto-C21D4509-3EEB-8D69-B797-38E7193053CD (d0, q0, r0, m0, 'temp_F', ... (5 bytes))
1768700458: Sending PUBLISH to auto-C21D4509-3EEB-8D69-B797-38E7193053CD (d0, q0, r0, m0, 'temp_F', ... (5 bytes))
1768700461: Received PUBLISH from auto-C21D4509-3EEB-8D69-B797-38E7193053CD (d0, q0, r0, m0, 'temp_F', ... (5 bytes))
1768700461: Sending PUBLISH to auto-C21D4509-3EEB-8D69-B797-38E7193053CD (d0, q0, r0, m0, 'temp_F', ... (5 bytes))
1768700464: Received PUBLISH from auto-C21D4509-3EEB-8D69-B797-38E7193053CD (d0, q0, r0, m0, 'temp_F', ... (5 bytes))
1768700464: Sending PUBLISH to auto-C21D4509-3EEB-8D69-B797-38E7193053CD (d0, q0, r0, m0, 'temp_F', ... (5 bytes))
1768700467: Received PUBLISH from auto-C21D4509-3EEB-8D69-B797-38E7193053CD (d0, q0, r0, m0, 'temp_F', ... (5 bytes))
1768700467: Sending PUBLISH to auto-C21D4509-3EEB-8D69-B797-38E7193053CD (d0, q0, r0, m0, 'temp_F', ... (5 bytes))
1768700470: Received PUBLISH from auto-C21D4509-3EEB-8D69-B797-38E7193053CD (d0, q0, r0, m0, 'temp_F', ... (5 bytes))
1768700470: Sending PUBLISH to auto-C21D4509-3EEB-8D69-B797-38E7193053CD (d0, q0, r0, m0, 'temp_F', ... (5 bytes))
1768700473: Received PUBLISH from auto-C21D4509-3EEB-8D69-B797-38E7193053CD (d0, q0, r0, m0, 'temp_F', ... (5 bytes))
1768700473: Sending PUBLISH to auto-C21D4509-3EEB-8D69-B797-38E7193053CD (d0, q0, r0, m0, 'temp_F', ... (5 bytes))
1768700476: Received PUBLISH from auto-C21D4509-3EEB-8D69-B797-38E7193053CD (d0, q0, r0, m0, 'temp_F', ... (5 bytes))
1768700476: Sending PUBLISH to auto-C21D4509-3EEB-8D69-B797-38E7193053CD (d0, q0, r0, m0, 'temp_F', ... (5 bytes))
1768700479: Received PUBLISH from auto-C21D4509-3EEB-8D69-B797-38E7193053CD (d0, q0, r0, m0, 'temp_F', ... (5 bytes))
1768700479: Sending PUBLISH to auto-C21D4509-3EEB-8D69-B797-38E7193053CD (d0, q0, r0, m0, 'temp_F', ... (5 bytes))
1768700482: Received PUBLISH from auto-C21D4509-3EEB-8D69-B797-38E7193053CD (d0, q0, r0, m0, 'temp_F', ... (5 bytes))
1768700482: Sending PUBLISH to auto-C21D4509-3EEB-8D69-B797-38E7193053CD (d0, q0, r0, m0, 'temp_F', ... (5 bytes))
1768700485: Received PUBLISH from auto-C21D4509-3EEB-8D69-B797-38E7193053CD (d0, q0, r0, m0, 'temp_F', ... (4 bytes))
1768700485: Sending PUBLISH to auto-C21D4509-3EEB-8D69-B797-38E7193053CD (d0, q0, r0, m0, 'temp_F', ... (4 bytes))
1768700488: Received PUBLISH from auto-C21D4509-3EEB-8D69-B797-38E7193053CD (d0, q0, r0, m0, 'temp_F', ... (5 bytes))
1768700488: Sending PUBLISH to auto-C21D4509-3EEB-8D69-B797-38E7193053CD (d0, q0, r0, m0, 'temp_F', ... (5 bytes))
1768700491: Received PUBLISH from auto-C21D4509-3EEB-8D69-B797-38E7193053CD (d0, q0, r0, m0, 'temp_F', ... (4 bytes))
1768700491: Sending PUBLISH to auto-C21D4509-3EEB-8D69-B797-38E7193053CD (d0, q0, r0, m0, 'temp_F', ... (4 bytes))
1768700494: Received PUBLISH from auto-C21D4509-3EEB-8D69-B797-38E7193053CD (d0, q0, r0, m0, 'temp_F', ... (5 bytes))
1768700494: Sending PUBLISH to auto-C21D4509-3EEB-8D69-B797-38E7193053CD (d0, q0, r0, m0, 'temp_F', ... (5 bytes))
1768700497: Received PUBLISH from auto-C21D4509-3EEB-8D69-B797-38E7193053CD (d0, q0, r0, m0, 'temp_F', ... (5 bytes))
1768700497: Sending PUBLISH to auto-C21D4509-3EEB-8D69-B797-38E7193053CD (d0, q0, r0, m0, 'temp_F', ... (5 bytes))
1768700500: Received PUBLISH from auto-C21D4509-3EEB-8D69-B797-38E7193053CD (d0, q0, r0, m0, 'temp_F', ... (4 bytes))
1768700500: Sending PUBLISH to auto-C21D4509-3EEB-8D69-B797-38E7193053CD (d0, q0, r0, m0, 'temp_F', ... (4 bytes))
1768700502: Received PINGREQ from auto-C21D4509-3EEB-8D69-B797-38E7193053CD
1768700502: Sending PINGRESP to auto-C21D4509-3EEB-8D69-B797-38E7193053CD
1768700503: Received PUBLISH from auto-C21D4509-3EEB-8D69-B797-38E7193053CD (d0, q0, r0, m0, 'temp_F', ... (5 bytes))
1768700503: Sending PUBLISH to auto-C21D4509-3EEB-8D69-B797-38E7193053CD (d0, q0, r0, m0, 'temp_F', ... (5 bytes))
1768700506: Received PUBLISH from auto-C21D4509-3EEB-8D69-B797-38E7193053CD (d0, q0, r0, m0, 'temp_F', ... (5 bytes))
1768700506: Sending PUBLISH to auto-C21D4509-3EEB-8D69-B797-38E7193053CD (d0, q0, r0, m0, 'temp_F', ... (5 bytes))
1768700509: Received PUBLISH from auto-C21D4509-3EEB-8D69-B797-38E7193053CD (d0, q0, r0, m0, 'temp_F', ... (5 bytes))
1768700509: Sending PUBLISH to auto-C21D4509-3EEB-8D69-B797-38E7193053CD (d0, q0, r0, m0, 'temp_F', ... (5 bytes))
1768700512: Received PUBLISH from auto-C21D4509-3EEB-8D69-B797-38E7193053CD (d0, q0, r0, m0, 'temp_F', ... (5 bytes))
1768700512: Sending PUBLISH to auto-C21D4509-3EEB-8D69-B797-38E7193053CD (d0, q0, r0, m0, 'temp_F', ... (5 bytes))
1768700515: Received PUBLISH from auto-C21D4509-3EEB-8D69-B797-38E7193053CD (d0, q0, r0, m0, 'temp_F', ... (5 bytes))
1768700515: Sending PUBLISH to auto-C21D4509-3EEB-8D69-B797-38E7193053CD (d0, q0, r0, m0, 'temp_F', ... (5 bytes))
1768700518: Received PUBLISH from auto-C21D4509-3EEB-8D69-B797-38E7193053CD (d0, q0, r0, m0, 'temp_F', ... (5 bytes))
1768700518: Sending PUBLISH to auto-C21D4509-3EEB-8D69-B797-38E7193053CD (d0, q0, r0, m0, 'temp_F', ... (5 bytes))
1768700521: Received PUBLISH from auto-C21D4509-3EEB-8D69-B797-38E7193053CD (d0, q0, r0, m0, 'temp_F', ... (5 bytes))
1768700521: Sending PUBLISH to auto-C21D4509-3EEB-8D69-B797-38E7193053CD (d0, q0, r0, m0, 'temp_F', ... (5 bytes))
1768700524: Received PUBLISH from auto-C21D4509-3EEB-8D69-B797-38E7193053CD (d0, q0, r0, m0, 'temp_F', ... (4 bytes))
1768700524: Sending PUBLISH to auto-C21D4509-3EEB-8D69-B797-38E7193053CD (d0, q0, r0, m0, 'temp_F', ... (4 bytes))
1768700527: Received PUBLISH from auto-C21D4509-3EEB-8D69-B797-38E7193053CD (d0, q0, r0, m0, 'temp_F', ... (5 bytes))
1768700527: Sending PUBLISH to auto-C21D4509-3EEB-8D69-B797-38E7193053CD (d0, q0, r0, m0, 'temp_F', ... (5 bytes))
1768700530: Received PUBLISH from auto-C21D4509-3EEB-8D69-B797-38E7193053CD (d0, q0, r0, m0, 'temp_F', ... (5 bytes))
1768700530: Sending PUBLISH to auto-C21D4509-3EEB-8D69-B797-38E7193053CD (d0, q0, r0, m0, 'temp_F', ... (5 bytes))
1768700533: Received PUBLISH from auto-C21D4509-3EEB-8D69-B797-38E7193053CD (d0, q0, r0, m0, 'temp_F', ... (5 bytes))
1768700533: Sending PUBLISH to auto-C21D4509-3EEB-8D69-B797-38E7193053CD (d0, q0, r0, m0, 'temp_F', ... (5 bytes))
1768700536: Received PUBLISH from auto-C21D4509-3EEB-8D69-B797-38E7193053CD (d0, q0, r0, m0, 'temp_F', ... (5 bytes))
1768700536: Sending PUBLISH to auto-C21D4509-3EEB-8D69-B797-38E7193053CD (d0, q0, r0, m0, 'temp_F', ... (5 bytes))
1768700539: Received PUBLISH from auto-C21D4509-3EEB-8D69-B797-38E7193053CD (d0, q0, r0, m0, 'temp_F', ... (5 bytes))
1768700539: Sending PUBLISH to auto-C21D4509-3EEB-8D69-B797-38E7193053CD (d0, q0, r0, m0, 'temp_F', ... (5 bytes))
1768700542: Received PUBLISH from auto-C21D4509-3EEB-8D69-B797-38E7193053CD (d0, q0, r0, m0, 'temp_F', ... (5 bytes))
1768700542: Sending PUBLISH to auto-C21D4509-3EEB-8D69-B797-38E7193053CD (d0, q0, r0, m0, 'temp_F', ... (5 bytes))
1768700545: Received PUBLISH from auto-C21D4509-3EEB-8D69-B797-38E7193053CD (d0, q0, r0, m0, 'temp_F', ... (5 bytes))
1768700545: Sending PUBLISH to auto-C21D4509-3EEB-8D69-B797-38E7193053CD (d0, q0, r0, m0, 'temp_F', ... (5 bytes))
1768700548: Received PUBLISH from auto-C21D4509-3EEB-8D69-B797-38E7193053CD (d0, q0, r0, m0, 'temp_F', ... (5 bytes))
1768700548: Sending PUBLISH to auto-C21D4509-3EEB-8D69-B797-38E7193053CD (d0, q0, r0, m0, 'temp_F', ... (5 bytes))
1768700551: Received PUBLISH from auto-C21D4509-3EEB-8D69-B797-38E7193053CD (d0, q0, r0, m0, 'temp_F', ... (5 bytes))
1768700551: Sending PUBLISH to auto-C21D4509-3EEB-8D69-B797-38E7193053CD (d0, q0, r0, m0, 'temp_F', ... (5 bytes))
1768700554: Received PUBLISH from auto-C21D4509-3EEB-8D69-B797-38E7193053CD (d0, q0, r0, m0, 'temp_F', ... (5 bytes))
1768700554: Sending PUBLISH to auto-C21D4509-3EEB-8D69-B797-38E7193053CD (d0, q0, r0, m0, 'temp_F', ... (5 bytes))
1768700557: Received PUBLISH from auto-C21D4509-3EEB-8D69-B797-38E7193053CD (d0, q0, r0, m0, 'temp_F', ... (5 bytes))
1768700557: Sending PUBLISH to auto-C21D4509-3EEB-8D69-B797-38E7193053CD (d0, q0, r0, m0, 'temp_F', ... (5 bytes))
1768700560: Received PUBLISH from auto-C21D4509-3EEB-8D69-B797-38E7193053CD (d0, q0, r0, m0, 'temp_F', ... (5 bytes))
1768700560: Sending PUBLISH to auto-C21D4509-3EEB-8D69-B797-38E7193053CD (d0, q0, r0, m0, 'temp_F', ... (5 bytes))
1768700563: Received PUBLISH from auto-C21D4509-3EEB-8D69-B797-38E7193053CD (d0, q0, r0, m0, 'temp_F', ... (5 bytes))
1768700563: Sending PUBLISH to auto-C21D4509-3EEB-8D69-B797-38E7193053CD (d0, q0, r0, m0, 'temp_F', ... (5 bytes))
1768700563: Received PINGREQ from auto-C21D4509-3EEB-8D69-B797-38E7193053CD
1768700563: Sending PINGRESP to auto-C21D4509-3EEB-8D69-B797-38E7193053CD
1768700566: Received PUBLISH from auto-C21D4509-3EEB-8D69-B797-38E7193053CD (d0, q0, r0, m0, 'temp_F', ... (5 bytes))
1768700566: Sending PUBLISH to auto-C21D4509-3EEB-8D69-B797-38E7193053CD (d0, q0, r0, m0, 'temp_F', ... (5 bytes))
1768700569: Received PUBLISH from auto-C21D4509-3EEB-8D69-B797-38E7193053CD (d0, q0, r0, m0, 'temp_F', ... (5 bytes))
1768700569: Sending PUBLISH to auto-C21D4509-3EEB-8D69-B797-38E7193053CD (d0, q0, r0, m0, 'temp_F', ... (5 bytes))
1768700572: Received PUBLISH from auto-C21D4509-3EEB-8D69-B797-38E7193053CD (d0, q0, r0, m0, 'temp_F', ... (5 bytes))
1768700572: Sending PUBLISH to auto-C21D4509-3EEB-8D69-B797-38E7193053CD (d0, q0, r0, m0, 'temp_F', ... (5 bytes))
1768700575: Received PUBLISH from auto-C21D4509-3EEB-8D69-B797-38E7193053CD (d0, q0, r0, m0, 'temp_F', ... (5 bytes))
1768700575: Sending PUBLISH to auto-C21D4509-3EEB-8D69-B797-38E7193053CD (d0, q0, r0, m0, 'temp_F', ... (5 bytes))
1768700578: Received PUBLISH from auto-C21D4509-3EEB-8D69-B797-38E7193053CD (d0, q0, r0, m0, 'temp_F', ... (5 bytes))
1768700578: Sending PUBLISH to auto-C21D4509-3EEB-8D69-B797-38E7193053CD (d0, q0, r0, m0, 'temp_F', ... (5 bytes))
1768700581: Received PUBLISH from auto-C21D4509-3EEB-8D69-B797-38E7193053CD (d0, q0, r0, m0, 'temp_F', ... (5 bytes))
1768700581: Sending PUBLISH to auto-C21D4509-3EEB-8D69-B797-38E7193053CD (d0, q0, r0, m0, 'temp_F', ... (5 bytes))
1768700584: Received PUBLISH from auto-C21D4509-3EEB-8D69-B797-38E7193053CD (d0, q0, r0, m0, 'temp_F', ... (5 bytes))
1768700584: Sending PUBLISH to auto-C21D4509-3EEB-8D69-B797-38E7193053CD (d0, q0, r0, m0, 'temp_F', ... (5 bytes))
1768700587: Received PUBLISH from auto-C21D4509-3EEB-8D69-B797-38E7193053CD (d0, q0, r0, m0, 'temp_F', ... (5 bytes))
1768700587: Sending PUBLISH to auto-C21D4509-3EEB-8D69-B797-38E7193053CD (d0, q0, r0, m0, 'temp_F', ... (5 bytes))
1768700590: Received PUBLISH from auto-C21D4509-3EEB-8D69-B797-38E7193053CD (d0, q0, r0, m0, 'temp_F', ... (5 bytes))
1768700590: Sending PUBLISH to auto-C21D4509-3EEB-8D69-B797-38E7193053CD (d0, q0, r0, m0, 'temp_F', ... (5 bytes))
1768700593: Received PUBLISH from auto-C21D4509-3EEB-8D69-B797-38E7193053CD (d0, q0, r0, m0, 'temp_F', ... (5 bytes))
1768700593: Sending PUBLISH to auto-C21D4509-3EEB-8D69-B797-38E7193053CD (d0, q0, r0, m0, 'temp_F', ... (5 bytes))
1768700596: Received PUBLISH from auto-C21D4509-3EEB-8D69-B797-38E7193053CD (d0, q0, r0, m0, 'temp_F', ... (5 bytes))
1768700596: Sending PUBLISH to auto-C21D4509-3EEB-8D69-B797-38E7193053CD (d0, q0, r0, m0, 'temp_F', ... (5 bytes))
1768700599: Received PUBLISH from auto-C21D4509-3EEB-8D69-B797-38E7193053CD (d0, q0, r0, m0, 'temp_F', ... (5 bytes))
1768700599: Sending PUBLISH to auto-C21D4509-3EEB-8D69-B797-38E7193053CD (d0, q0, r0, m0, 'temp_F', ... (5 bytes))
1768700602: Received PUBLISH from auto-C21D4509-3EEB-8D69-B797-38E7193053CD (d0, q0, r0, m0, 'temp_F', ... (5 bytes))
1768700602: Sending PUBLISH to auto-C21D4509-3EEB-8D69-B797-38E7193053CD (d0, q0, r0, m0, 'temp_F', ... (5 bytes))
1768700605: Received PUBLISH from auto-C21D4509-3EEB-8D69-B797-38E7193053CD (d0, q0, r0, m0, 'temp_F', ... (5 bytes))
1768700605: Sending PUBLISH to auto-C21D4509-3EEB-8D69-B797-38E7193053CD (d0, q0, r0, m0, 'temp_F', ... (5 bytes))
1768700608: Received PUBLISH from auto-C21D4509-3EEB-8D69-B797-38E7193053CD (d0, q0, r0, m0, 'temp_F', ... (5 bytes))
1768700608: Sending PUBLISH to auto-C21D4509-3EEB-8D69-B797-38E7193053CD (d0, q0, r0, m0, 'temp_F', ... (5 bytes))
1768700611: Received PUBLISH from auto-C21D4509-3EEB-8D69-B797-38E7193053CD (d0, q0, r0, m0, 'temp_F', ... (5 bytes))
1768700611: Sending PUBLISH to auto-C21D4509-3EEB-8D69-B797-38E7193053CD (d0, q0, r0, m0, 'temp_F', ... (5 bytes))
1768700614: Received PUBLISH from auto-C21D4509-3EEB-8D69-B797-38E7193053CD (d0, q0, r0, m0, 'temp_F', ... (5 bytes))
1768700614: Sending PUBLISH to auto-C21D4509-3EEB-8D69-B797-38E7193053CD (d0, q0, r0, m0, 'temp_F', ... (5 bytes))
1768700617: Received PUBLISH from auto-C21D4509-3EEB-8D69-B797-38E7193053CD (d0, q0, r0, m0, 'temp_F', ... (5 bytes))
1768700617: Sending PUBLISH to auto-C21D4509-3EEB-8D69-B797-38E7193053CD (d0, q0, r0, m0, 'temp_F', ... (5 bytes))
1768700620: Received PUBLISH from auto-C21D4509-3EEB-8D69-B797-38E7193053CD (d0, q0, r0, m0, 'temp_F', ... (5 bytes))
1768700620: Sending PUBLISH to auto-C21D4509-3EEB-8D69-B797-38E7193053CD (d0, q0, r0, m0, 'temp_F', ... (5 bytes))
1768700623: Received PUBLISH from auto-C21D4509-3EEB-8D69-B797-38E7193053CD (d0, q0, r0, m0, 'temp_F', ... (5 bytes))
1768700623: Sending PUBLISH to auto-C21D4509-3EEB-8D69-B797-38E7193053CD (d0, q0, r0, m0, 'temp_F', ... (5 bytes))
1768700624: Received PINGREQ from auto-C21D4509-3EEB-8D69-B797-38E7193053CD
1768700624: Sending PINGRESP to auto-C21D4509-3EEB-8D69-B797-38E7193053CD
1768700626: Received PUBLISH from auto-C21D4509-3EEB-8D69-B797-38E7193053CD (d0, q0, r0, m0, 'temp_F', ... (5 bytes))
1768700626: Sending PUBLISH to auto-C21D4509-3EEB-8D69-B797-38E7193053CD (d0, q0, r0, m0, 'temp_F', ... (5 bytes))
1768700629: Received PUBLISH from auto-C21D4509-3EEB-8D69-B797-38E7193053CD (d0, q0, r0, m0, 'temp_F', ... (5 bytes))
1768700629: Sending PUBLISH to auto-C21D4509-3EEB-8D69-B797-38E7193053CD (d0, q0, r0, m0, 'temp_F', ... (5 bytes))
1768700632: Received PUBLISH from auto-C21D4509-3EEB-8D69-B797-38E7193053CD (d0, q0, r0, m0, 'temp_F', ... (5 bytes))
1768700632: Sending PUBLISH to auto-C21D4509-3EEB-8D69-B797-38E7193053CD (d0, q0, r0, m0, 'temp_F', ... (5 bytes))
1768700635: Received PUBLISH from auto-C21D4509-3EEB-8D69-B797-38E7193053CD (d0, q0, r0, m0, 'temp_F', ... (5 bytes))
1768700635: Sending PUBLISH to auto-C21D4509-3EEB-8D69-B797-38E7193053CD (d0, q0, r0, m0, 'temp_F', ... (5 bytes))
1768700638: Received PUBLISH from auto-C21D4509-3EEB-8D69-B797-38E7193053CD (d0, q0, r0, m0, 'temp_F', ... (5 bytes))
1768700638: Sending PUBLISH to auto-C21D4509-3EEB-8D69-B797-38E7193053CD (d0, q0, r0, m0, 'temp_F', ... (5 bytes))
1768700641: Received PUBLISH from auto-C21D4509-3EEB-8D69-B797-38E7193053CD (d0, q0, r0, m0, 'temp_F', ... (5 bytes))
1768700641: Sending PUBLISH to auto-C21D4509-3EEB-8D69-B797-38E7193053CD (d0, q0, r0, m0, 'temp_F', ... (5 bytes))
1768700644: Received PUBLISH from auto-C21D4509-3EEB-8D69-B797-38E7193053CD (d0, q0, r0, m0, 'temp_F', ... (5 bytes))
1768700644: Sending PUBLISH to auto-C21D4509-3EEB-8D69-B797-38E7193053CD (d0, q0, r0, m0, 'temp_F', ... (5 bytes))
1768700647: Received PUBLISH from auto-C21D4509-3EEB-8D69-B797-38E7193053CD (d0, q0, r0, m0, 'temp_F', ... (5 bytes))
1768700647: Sending PUBLISH to auto-C21D4509-3EEB-8D69-B797-38E7193053CD (d0, q0, r0, m0, 'temp_F', ... (5 bytes))
1768700650: Received PUBLISH from auto-C21D4509-3EEB-8D69-B797-38E7193053CD (d0, q0, r0, m0, 'temp_F', ... (5 bytes))
1768700650: Sending PUBLISH to auto-C21D4509-3EEB-8D69-B797-38E7193053CD (d0, q0, r0, m0, 'temp_F', ... (5 bytes))
1768700653: Received PUBLISH from auto-C21D4509-3EEB-8D69-B797-38E7193053CD (d0, q0, r0, m0, 'temp_F', ... (5 bytes))
1768700653: Sending PUBLISH to auto-C21D4509-3EEB-8D69-B797-38E7193053CD (d0, q0, r0, m0, 'temp_F', ... (5 bytes))
1768700656: Received PUBLISH from auto-C21D4509-3EEB-8D69-B797-38E7193053CD (d0, q0, r0, m0, 'temp_F', ... (5 bytes))
1768700656: Sending PUBLISH to auto-C21D4509-3EEB-8D69-B797-38E7193053CD (d0, q0, r0, m0, 'temp_F', ... (5 bytes))
1768700659: Received PUBLISH from auto-C21D4509-3EEB-8D69-B797-38E7193053CD (d0, q0, r0, m0, 'temp_F', ... (5 bytes))
1768700659: Sending PUBLISH to auto-C21D4509-3EEB-8D69-B797-38E7193053CD (d0, q0, r0, m0, 'temp_F', ... (5 bytes))
1768700662: Received PUBLISH from auto-C21D4509-3EEB-8D69-B797-38E7193053CD (d0, q0, r0, m0, 'temp_F', ... (5 bytes))
1768700662: Sending PUBLISH to auto-C21D4509-3EEB-8D69-B797-38E7193053CD (d0, q0, r0, m0, 'temp_F', ... (5 bytes))
1768700665: Received PUBLISH from auto-C21D4509-3EEB-8D69-B797-38E7193053CD (d0, q0, r0, m0, 'temp_F', ... (5 bytes))
1768700665: Sending PUBLISH to auto-C21D4509-3EEB-8D69-B797-38E7193053CD (d0, q0, r0, m0, 'temp_F', ... (5 bytes))
1768700668: Received PUBLISH from auto-C21D4509-3EEB-8D69-B797-38E7193053CD (d0, q0, r0, m0, 'temp_F', ... (5 bytes))
1768700668: Sending PUBLISH to auto-C21D4509-3EEB-8D69-B797-38E7193053CD (d0, q0, r0, m0, 'temp_F', ... (5 bytes))
1768700671: Received PUBLISH from auto-C21D4509-3EEB-8D69-B797-38E7193053CD (d0, q0, r0, m0, 'temp_F', ... (5 bytes))
1768700671: Sending PUBLISH to auto-C21D4509-3EEB-8D69-B797-38E7193053CD (d0, q0, r0, m0, 'temp_F', ... (5 bytes))
1768700674: Received PUBLISH from auto-C21D4509-3EEB-8D69-B797-38E7193053CD (d0, q0, r0, m0, 'temp_F', ... (5 bytes))
1768700674: Sending PUBLISH to auto-C21D4509-3EEB-8D69-B797-38E7193053CD (d0, q0, r0, m0, 'temp_F', ... (5 bytes))
1768700677: Received PUBLISH from auto-C21D4509-3EEB-8D69-B797-38E7193053CD (d0, q0, r0, m0, 'temp_F', ... (5 bytes))
1768700677: Sending PUBLISH to auto-C21D4509-3EEB-8D69-B797-38E7193053CD (d0, q0, r0, m0, 'temp_F', ... (5 bytes))
1768700680: Received PUBLISH from auto-C21D4509-3EEB-8D69-B797-38E7193053CD (d0, q0, r0, m0, 'temp_F', ... (5 bytes))
1768700680: Sending PUBLISH to auto-C21D4509-3EEB-8D69-B797-38E7193053CD (d0, q0, r0, m0, 'temp_F', ... (5 bytes))
1768700683: Received PUBLISH from auto-C21D4509-3EEB-8D69-B797-38E7193053CD (d0, q0, r0, m0, 'temp_F', ... (5 bytes))
1768700683: Sending PUBLISH to auto-C21D4509-3EEB-8D69-B797-38E7193053CD (d0, q0, r0, m0, 'temp_F', ... (5 bytes))
1768700685: Received PINGREQ from auto-C21D4509-3EEB-8D69-B797-38E7193053CD
1768700685: Sending PINGRESP to auto-C21D4509-3EEB-8D69-B797-38E7193053CD
1768700686: Received PUBLISH from auto-C21D4509-3EEB-8D69-B797-38E7193053CD (d0, q0, r0, m0, 'temp_F', ... (5 bytes))
1768700686: Sending PUBLISH to auto-C21D4509-3EEB-8D69-B797-38E7193053CD (d0, q0, r0, m0, 'temp_F', ... (5 bytes))
1768700689: Received PUBLISH from auto-C21D4509-3EEB-8D69-B797-38E7193053CD (d0, q0, r0, m0, 'temp_F', ... (5 bytes))
1768700689: Sending PUBLISH to auto-C21D4509-3EEB-8D69-B797-38E7193053CD (d0, q0, r0, m0, 'temp_F', ... (5 bytes))
1768700692: Received PUBLISH from auto-C21D4509-3EEB-8D69-B797-38E7193053CD (d0, q0, r0, m0, 'temp_F', ... (5 bytes))
1768700692: Sending PUBLISH to auto-C21D4509-3EEB-8D69-B797-38E7193053CD (d0, q0, r0, m0, 'temp_F', ... (5 bytes))
1768700695: Received PUBLISH from auto-C21D4509-3EEB-8D69-B797-38E7193053CD (d0, q0, r0, m0, 'temp_F', ... (5 bytes))
1768700695: Sending PUBLISH to auto-C21D4509-3EEB-8D69-B797-38E7193053CD (d0, q0, r0, m0, 'temp_F', ... (5 bytes))
1768700698: Received PUBLISH from auto-C21D4509-3EEB-8D69-B797-38E7193053CD (d0, q0, r0, m0, 'temp_F', ... (5 bytes))
1768700698: Sending PUBLISH to auto-C21D4509-3EEB-8D69-B797-38E7193053CD (d0, q0, r0, m0, 'temp_F', ... (5 bytes))
1768700701: Received PUBLISH from auto-C21D4509-3EEB-8D69-B797-38E7193053CD (d0, q0, r0, m0, 'temp_F', ... (5 bytes))
1768700701: Sending PUBLISH to auto-C21D4509-3EEB-8D69-B797-38E7193053CD (d0, q0, r0, m0, 'temp_F', ... (5 bytes))
1768700704: Received PUBLISH from auto-C21D4509-3EEB-8D69-B797-38E7193053CD (d0, q0, r0, m0, 'temp_F', ... (5 bytes))
1768700704: Sending PUBLISH to auto-C21D4509-3EEB-8D69-B797-38E7193053CD (d0, q0, r0, m0, 'temp_F', ... (5 bytes))
1768700707: Received PUBLISH from auto-C21D4509-3EEB-8D69-B797-38E7193053CD (d0, q0, r0, m0, 'temp_F', ... (5 bytes))
1768700707: Sending PUBLISH to auto-C21D4509-3EEB-8D69-B797-38E7193053CD (d0, q0, r0, m0, 'temp_F', ... (5 bytes))
1768700710: Received PUBLISH from auto-C21D4509-3EEB-8D69-B797-38E7193053CD (d0, q0, r0, m0, 'temp_F', ... (5 bytes))
1768700710: Sending PUBLISH to auto-C21D4509-3EEB-8D69-B797-38E7193053CD (d0, q0, r0, m0, 'temp_F', ... (5 bytes))
1768700713: Received PUBLISH from auto-C21D4509-3EEB-8D69-B797-38E7193053CD (d0, q0, r0, m0, 'temp_F', ... (5 bytes))
1768700713: Sending PUBLISH to auto-C21D4509-3EEB-8D69-B797-38E7193053CD (d0, q0, r0, m0, 'temp_F', ... (5 bytes))
1768700716: Client auto-C21D4509-3EEB-8D69-B797-38E7193053CD closed its connection.
1768700716: mosquitto version 2.0.22 terminating
1768700716: Saving in-memory database to /mosquitto/data//mosquitto.db.
