INFO:[mqtt-exporter]:Created counter for message number
INFO:[mqtt-exporter]:Created gauge for temperature
DEBUG:[mqtt-exporter]: Connecting to Mosquitto container 
DEBUG:[mqtt-exporter]:Address: mosquitto
DEBUG:[mqtt-exporter]:Port: 1883
INFO:[mqtt-exporter]: Connected with result code: Success
INFO:[mqtt-exporter]:Serial Port /dev/ACM0 is opened
DEBUG:[mqtt-exporter]:Serial Data: 37.0
INFO:[mqtt-exporter]: [Topic: Temp] b'37.0'
DEBUG:[mqtt-exporter]: 	 Topic: Temp
DEBUG:[mqtt-exporter]: 	 Payload: 37.0
INFO:[mqtt-exporter]:Payload 37.0
DEBUG:[mqtt-exporter]:Serial Data: 37.0
INFO:[mqtt-exporter]: [Topic: Temp] b'37.0'
DEBUG:[mqtt-exporter]: 	 Topic: Temp
DEBUG:[mqtt-exporter]: 	 Payload: 37.0
INFO:[mqtt-exporter]:Payload 37.0
DEBUG:[mqtt-exporter]:Serial Data: 37.0
INFO:[mqtt-exporter]: [Topic: Temp] b'37.0'
DEBUG:[mqtt-exporter]: 	 Topic: Temp
DEBUG:[mqtt-exporter]: 	 Payload: 37.0
INFO:[mqtt-exporter]:Payload 37.0
DEBUG:[mqtt-exporter]:Serial Data: 37.0
INFO:[mqtt-exporter]: [Topic: Temp] b'37.0'
DEBUG:[mqtt-exporter]: 	 Topic: Temp
DEBUG:[mqtt-exporter]: 	 Payload: 37.0
INFO:[mqtt-exporter]:Payload 37.0
DEBUG:[mqtt-exporter]:Serial Data: 37.0
INFO:[mqtt-exporter]: [Topic: Temp] b'37.0'
DEBUG:[mqtt-exporter]: 	 Topic: Temp
DEBUG:[mqtt-exporter]: 	 Payload: 37.0
INFO:[mqtt-exporter]:Payload 37.0
DEBUG:[mqtt-exporter]:Serial Data: 37.0
INFO:[mqtt-exporter]: [Topic: Temp] b'37.0'
DEBUG:[mqtt-exporter]: 	 Topic: Temp
DEBUG:[mqtt-exporter]: 	 Payload: 37.0
INFO:[mqtt-exporter]:Payload 37.0
DEBUG:[mqtt-exporter]:Serial Data: 37.0
INFO:[mqtt-exporter]: [Topic: Temp] b'37.0'
DEBUG:[mqtt-exporter]: 	 Topic: Temp
DEBUG:[mqtt-exporter]: 	 Payload: 37.0
INFO:[mqtt-exporter]:Payload 37.0
DEBUG:[mqtt-exporter]:Serial Data: 37.0
INFO:[mqtt-exporter]: [Topic: Temp] b'37.0'
DEBUG:[mqtt-exporter]: 	 Topic: Temp
DEBUG:[mqtt-exporter]: 	 Payload: 37.0
INFO:[mqtt-exporter]:Payload 37.0
DEBUG:[mqtt-exporter]:Serial Data: 37.0
INFO:[mqtt-exporter]: [Topic: Temp] b'37.0'
DEBUG:[mqtt-exporter]: 	 Topic: Temp
DEBUG:[mqtt-exporter]: 	 Payload: 37.0
INFO:[mqtt-exporter]:Payload 37.0
DEBUG:[mqtt-exporter]:Serial Data: 37.0
INFO:[mqtt-exporter]: [Topic: Temp] b'37.0'
DEBUG:[mqtt-exporter]: 	 Topic: Temp
DEBUG:[mqtt-exporter]: 	 Payload: 37.0
INFO:[mqtt-exporter]:Payload 37.0
DEBUG:[mqtt-exporter]:Serial Data: 37.0
INFO:[mqtt-exporter]: [Topic: Temp] b'37.0'
DEBUG:[mqtt-exporter]: 	 Topic: Temp
DEBUG:[mqtt-exporter]: 	 Payload: 37.0
INFO:[mqtt-exporter]:Payload 37.0
DEBUG:[mqtt-exporter]:Serial Data: 37.0
INFO:[mqtt-exporter]: [Topic: Temp] b'37.0'
DEBUG:[mqtt-exporter]: 	 Topic: Temp
DEBUG:[mqtt-exporter]: 	 Payload: 37.0
INFO:[mqtt-exporter]:Payload 37.0
DEBUG:[mqtt-exporter]:Serial Data: 37.0
INFO:[mqtt-exporter]: [Topic: Temp] b'37.0'
DEBUG:[mqtt-exporter]: 	 Topic: Temp
DEBUG:[mqtt-exporter]: 	 Payload: 37.0
INFO:[mqtt-exporter]:Payload 37.0
DEBUG:[mqtt-exporter]:Serial Data: 37.0
INFO:[mqtt-exporter]: [Topic: Temp] b'37.0'
DEBUG:[mqtt-exporter]: 	 Topic: Temp
DEBUG:[mqtt-exporter]: 	 Payload: 37.0
INFO:[mqtt-exporter]:Payload 37.0
DEBUG:[mqtt-exporter]:Serial Data: 37.0
INFO:[mqtt-exporter]: [Topic: Temp] b'37.0'
DEBUG:[mqtt-exporter]: 	 Topic: Temp
DEBUG:[mqtt-exporter]: 	 Payload: 37.0
INFO:[mqtt-exporter]:Payload 37.0
DEBUG:[mqtt-exporter]:Serial Data: 37.0
INFO:[mqtt-exporter]: [Topic: Temp] b'37.0'
DEBUG:[mqtt-exporter]: 	 Topic: Temp
DEBUG:[mqtt-exporter]: 	 Payload: 37.0
INFO:[mqtt-exporter]:Payload 37.0
DEBUG:[mqtt-exporter]:Serial Data: 37.0
INFO:[mqtt-exporter]: [Topic: Temp] b'37.0'
DEBUG:[mqtt-exporter]: 	 Topic: Temp
DEBUG:[mqtt-exporter]: 	 Payload: 37.0
INFO:[mqtt-exporter]:Payload 37.0
DEBUG:[mqtt-exporter]:Serial Data: 37.0
INFO:[mqtt-exporter]: [Topic: Temp] b'37.0'
DEBUG:[mqtt-exporter]: 	 Topic: Temp
DEBUG:[mqtt-exporter]: 	 Payload: 37.0
INFO:[mqtt-exporter]:Payload 37.0
DEBUG:[mqtt-exporter]:Serial Data: 37.0
INFO:[mqtt-exporter]: [Topic: Temp] b'37.0'
DEBUG:[mqtt-exporter]: 	 Topic: Temp
DEBUG:[mqtt-exporter]: 	 Payload: 37.0
INFO:[mqtt-exporter]:Payload 37.0
DEBUG:[mqtt-exporter]:Serial Data: 37.0
INFO:[mqtt-exporter]: [Topic: Temp] b'37.0'
DEBUG:[mqtt-exporter]: 	 Topic: Temp
DEBUG:[mqtt-exporter]: 	 Payload: 37.0
INFO:[mqtt-exporter]:Payload 37.0
DEBUG:[mqtt-exporter]:Serial Data: 37.0
INFO:[mqtt-exporter]: [Topic: Temp] b'37.0'
DEBUG:[mqtt-exporter]: 	 Topic: Temp
DEBUG:[mqtt-exporter]: 	 Payload: 37.0
INFO:[mqtt-exporter]:Payload 37.0
DEBUG:[mqtt-exporter]:Serial Data: 37.0
INFO:[mqtt-exporter]: [Topic: Temp] b'37.0'
DEBUG:[mqtt-exporter]: 	 Topic: Temp
DEBUG:[mqtt-exporter]: 	 Payload: 37.0
INFO:[mqtt-exporter]:Payload 37.0
DEBUG:[mqtt-exporter]:Serial Data: 37.0
INFO:[mqtt-exporter]: [Topic: Temp] b'37.0'
DEBUG:[mqtt-exporter]: 	 Topic: Temp
DEBUG:[mqtt-exporter]: 	 Payload: 37.0
INFO:[mqtt-exporter]:Payload 37.0
DEBUG:[mqtt-exporter]:Serial Data: 37.0
INFO:[mqtt-exporter]: [Topic: Temp] b'37.0'
DEBUG:[mqtt-exporter]: 	 Topic: Temp
DEBUG:[mqtt-exporter]: 	 Payload: 37.0
INFO:[mqtt-exporter]:Payload 37.0
DEBUG:[mqtt-exporter]:Serial Data: 37.0
INFO:[mqtt-exporter]: [Topic: Temp] b'37.0'
DEBUG:[mqtt-exporter]: 	 Topic: Temp
DEBUG:[mqtt-exporter]: 	 Payload: 37.0
INFO:[mqtt-exporter]:Payload 37.0
DEBUG:[mqtt-exporter]:Serial Data: 37.0
INFO:[mqtt-exporter]: [Topic: Temp] b'37.0'
DEBUG:[mqtt-exporter]: 	 Topic: Temp
DEBUG:[mqtt-exporter]: 	 Payload: 37.0
INFO:[mqtt-exporter]:Payload 37.0
DEBUG:[mqtt-exporter]:Serial Data: 37.0
INFO:[mqtt-exporter]: [Topic: Temp] b'37.0'
DEBUG:[mqtt-exporter]: 	 Topic: Temp
DEBUG:[mqtt-exporter]: 	 Payload: 37.0
INFO:[mqtt-exporter]:Payload 37.0
DEBUG:[mqtt-exporter]:Serial Data: 37.0
INFO:[mqtt-exporter]: [Topic: Temp] b'37.0'
DEBUG:[mqtt-exporter]: 	 Topic: Temp
DEBUG:[mqtt-exporter]: 	 Payload: 37.0
INFO:[mqtt-exporter]:Payload 37.0
DEBUG:[mqtt-exporter]:Serial Data: 37.0
INFO:[mqtt-exporter]: [Topic: Temp] b'37.0'
DEBUG:[mqtt-exporter]: 	 Topic: Temp
DEBUG:[mqtt-exporter]: 	 Payload: 37.0
INFO:[mqtt-exporter]:Payload 37.0
DEBUG:[mqtt-exporter]:Serial Data: 37.0
INFO:[mqtt-exporter]: [Topic: Temp] b'37.0'
DEBUG:[mqtt-exporter]: 	 Topic: Temp
DEBUG:[mqtt-exporter]: 	 Payload: 37.0
INFO:[mqtt-exporter]:Payload 37.0
DEBUG:[mqtt-exporter]:Serial Data: 37.0
INFO:[mqtt-exporter]: [Topic: Temp] b'37.0'
DEBUG:[mqtt-exporter]: 	 Topic: Temp
DEBUG:[mqtt-exporter]: 	 Payload: 37.0
INFO:[mqtt-exporter]:Payload 37.0
DEBUG:[mqtt-exporter]:Serial Data: 37.0
INFO:[mqtt-exporter]: [Topic: Temp] b'37.0'
DEBUG:[mqtt-exporter]: 	 Topic: Temp
DEBUG:[mqtt-exporter]: 	 Payload: 37.0
INFO:[mqtt-exporter]:Payload 37.0
DEBUG:[mqtt-exporter]:Serial Data: 37.0
INFO:[mqtt-exporter]: [Topic: Temp] b'37.0'
DEBUG:[mqtt-exporter]: 	 Topic: Temp
DEBUG:[mqtt-exporter]: 	 Payload: 37.0
INFO:[mqtt-exporter]:Payload 37.0
DEBUG:[mqtt-exporter]:Serial Data: 37.0
INFO:[mqtt-exporter]: [Topic: Temp] b'37.0'
DEBUG:[mqtt-exporter]: 	 Topic: Temp
DEBUG:[mqtt-exporter]: 	 Payload: 37.0
INFO:[mqtt-exporter]:Payload 37.0
DEBUG:[mqtt-exporter]:Serial Data: 37.0
INFO:[mqtt-exporter]: [Topic: Temp] b'37.0'
DEBUG:[mqtt-exporter]: 	 Topic: Temp
DEBUG:[mqtt-exporter]: 	 Payload: 37.0
INFO:[mqtt-exporter]:Payload 37.0
DEBUG:[mqtt-exporter]:Serial Data: 37.0
INFO:[mqtt-exporter]: [Topic: Temp] b'37.0'
DEBUG:[mqtt-exporter]: 	 Topic: Temp
DEBUG:[mqtt-exporter]: 	 Payload: 37.0
INFO:[mqtt-exporter]:Payload 37.0
DEBUG:[mqtt-exporter]:Serial Data: 37.0
INFO:[mqtt-exporter]: [Topic: Temp] b'37.0'
DEBUG:[mqtt-exporter]: 	 Topic: Temp
DEBUG:[mqtt-exporter]: 	 Payload: 37.0
INFO:[mqtt-exporter]:Payload 37.0
DEBUG:[mqtt-exporter]:Serial Data: 37.0
INFO:[mqtt-exporter]: [Topic: Temp] b'37.0'
DEBUG:[mqtt-exporter]: 	 Topic: Temp
DEBUG:[mqtt-exporter]: 	 Payload: 37.0
INFO:[mqtt-exporter]:Payload 37.0
DEBUG:[mqtt-exporter]:Serial Data: 37.0
INFO:[mqtt-exporter]: [Topic: Temp] b'37.0'
DEBUG:[mqtt-exporter]: 	 Topic: Temp
DEBUG:[mqtt-exporter]: 	 Payload: 37.0
INFO:[mqtt-exporter]:Payload 37.0
DEBUG:[mqtt-exporter]:Serial Data: 37.0
INFO:[mqtt-exporter]: [Topic: Temp] b'37.0'
DEBUG:[mqtt-exporter]: 	 Topic: Temp
DEBUG:[mqtt-exporter]: 	 Payload: 37.0
INFO:[mqtt-exporter]:Payload 37.0
DEBUG:[mqtt-exporter]:Serial Data: 37.0
INFO:[mqtt-exporter]: [Topic: Temp] b'37.0'
DEBUG:[mqtt-exporter]: 	 Topic: Temp
DEBUG:[mqtt-exporter]: 	 Payload: 37.0
INFO:[mqtt-exporter]:Payload 37.0
DEBUG:[mqtt-exporter]:Serial Data: 37.0
INFO:[mqtt-exporter]: [Topic: Temp] b'37.0'
DEBUG:[mqtt-exporter]: 	 Topic: Temp
DEBUG:[mqtt-exporter]: 	 Payload: 37.0
INFO:[mqtt-exporter]:Payload 37.0
DEBUG:[mqtt-exporter]:Serial Data: 37.0
INFO:[mqtt-exporter]: [Topic: Temp] b'37.0'
DEBUG:[mqtt-exporter]: 	 Topic: Temp
DEBUG:[mqtt-exporter]: 	 Payload: 37.0
INFO:[mqtt-exporter]:Payload 37.0
DEBUG:[mqtt-exporter]:Serial Data: 37.0
INFO:[mqtt-exporter]: [Topic: Temp] b'37.0'
DEBUG:[mqtt-exporter]: 	 Topic: Temp
DEBUG:[mqtt-exporter]: 	 Payload: 37.0
INFO:[mqtt-exporter]:Payload 37.0
DEBUG:[mqtt-exporter]:Serial Data: 37.0
INFO:[mqtt-exporter]: [Topic: Temp] b'37.0'
DEBUG:[mqtt-exporter]: 	 Topic: Temp
DEBUG:[mqtt-exporter]: 	 Payload: 37.0
INFO:[mqtt-exporter]:Payload 37.0
DEBUG:[mqtt-exporter]:Serial Data: 37.0
INFO:[mqtt-exporter]: [Topic: Temp] b'37.0'
DEBUG:[mqtt-exporter]: 	 Topic: Temp
DEBUG:[mqtt-exporter]: 	 Payload: 37.0
INFO:[mqtt-exporter]:Payload 37.0
DEBUG:[mqtt-exporter]:Serial Data: 37.0
INFO:[mqtt-exporter]: [Topic: Temp] b'37.0'
DEBUG:[mqtt-exporter]: 	 Topic: Temp
DEBUG:[mqtt-exporter]: 	 Payload: 37.0
INFO:[mqtt-exporter]:Payload 37.0
DEBUG:[mqtt-exporter]:Serial Data: 37.0
INFO:[mqtt-exporter]: [Topic: Temp] b'37.0'
DEBUG:[mqtt-exporter]: 	 Topic: Temp
DEBUG:[mqtt-exporter]: 	 Payload: 37.0
INFO:[mqtt-exporter]:Payload 37.0
DEBUG:[mqtt-exporter]:Serial Data: 37.0
INFO:[mqtt-exporter]: [Topic: Temp] b'37.0'
DEBUG:[mqtt-exporter]: 	 Topic: Temp
DEBUG:[mqtt-exporter]: 	 Payload: 37.0
INFO:[mqtt-exporter]:Payload 37.0
DEBUG:[mqtt-exporter]:Serial Data: 37.0
INFO:[mqtt-exporter]: [Topic: Temp] b'37.0'
DEBUG:[mqtt-exporter]: 	 Topic: Temp
DEBUG:[mqtt-exporter]: 	 Payload: 37.0
INFO:[mqtt-exporter]:Payload 37.0
DEBUG:[mqtt-exporter]:Serial Data: 37.0
INFO:[mqtt-exporter]: [Topic: Temp] b'37.0'
DEBUG:[mqtt-exporter]: 	 Topic: Temp
DEBUG:[mqtt-exporter]: 	 Payload: 37.0
INFO:[mqtt-exporter]:Payload 37.0
DEBUG:[mqtt-exporter]:Serial Data: 37.0
INFO:[mqtt-exporter]: [Topic: Temp] b'37.0'
DEBUG:[mqtt-exporter]: 	 Topic: Temp
DEBUG:[mqtt-exporter]: 	 Payload: 37.0
INFO:[mqtt-exporter]:Payload 37.0
DEBUG:[mqtt-exporter]:Serial Data: 37.0
INFO:[mqtt-exporter]: [Topic: Temp] b'37.0'
DEBUG:[mqtt-exporter]: 	 Topic: Temp
DEBUG:[mqtt-exporter]: 	 Payload: 37.0
INFO:[mqtt-exporter]:Payload 37.0
DEBUG:[mqtt-exporter]:Serial Data: 37.0
INFO:[mqtt-exporter]: [Topic: Temp] b'37.0'
DEBUG:[mqtt-exporter]: 	 Topic: Temp
DEBUG:[mqtt-exporter]: 	 Payload: 37.0
INFO:[mqtt-exporter]:Payload 37.0
DEBUG:[mqtt-exporter]:Serial Data: 37.0
INFO:[mqtt-exporter]: [Topic: Temp] b'37.0'
DEBUG:[mqtt-exporter]: 	 Topic: Temp
DEBUG:[mqtt-exporter]: 	 Payload: 37.0
INFO:[mqtt-exporter]:Payload 37.0
DEBUG:[mqtt-exporter]:Serial Data: 37.0
INFO:[mqtt-exporter]: [Topic: Temp] b'37.0'
DEBUG:[mqtt-exporter]: 	 Topic: Temp
DEBUG:[mqtt-exporter]: 	 Payload: 37.0
INFO:[mqtt-exporter]:Payload 37.0
DEBUG:[mqtt-exporter]:Serial Data: 37.0
INFO:[mqtt-exporter]: [Topic: Temp] b'37.0'
DEBUG:[mqtt-exporter]: 	 Topic: Temp
DEBUG:[mqtt-exporter]: 	 Payload: 37.0
INFO:[mqtt-exporter]:Payload 37.0
DEBUG:[mqtt-exporter]:Serial Data: 37.0
INFO:[mqtt-exporter]: [Topic: Temp] b'37.0'
DEBUG:[mqtt-exporter]: 	 Topic: Temp
DEBUG:[mqtt-exporter]: 	 Payload: 37.0
INFO:[mqtt-exporter]:Payload 37.0
DEBUG:[mqtt-exporter]:Serial Data: 37.0
INFO:[mqtt-exporter]: [Topic: Temp] b'37.0'
DEBUG:[mqtt-exporter]: 	 Topic: Temp
DEBUG:[mqtt-exporter]: 	 Payload: 37.0
INFO:[mqtt-exporter]:Payload 37.0
DEBUG:[mqtt-exporter]:Serial Data: 37.0
INFO:[mqtt-exporter]: [Topic: Temp] b'37.0'
DEBUG:[mqtt-exporter]: 	 Topic: Temp
DEBUG:[mqtt-exporter]: 	 Payload: 37.0
INFO:[mqtt-exporter]:Payload 37.0
DEBUG:[mqtt-exporter]:Serial Data: 37.0
INFO:[mqtt-exporter]: [Topic: Temp] b'37.0'
DEBUG:[mqtt-exporter]: 	 Topic: Temp
DEBUG:[mqtt-exporter]: 	 Payload: 37.0
INFO:[mqtt-exporter]:Payload 37.0
DEBUG:[mqtt-exporter]:Serial Data: 37.0
INFO:[mqtt-exporter]: [Topic: Temp] b'37.0'
DEBUG:[mqtt-exporter]: 	 Topic: Temp
DEBUG:[mqtt-exporter]: 	 Payload: 37.0
INFO:[mqtt-exporter]:Payload 37.0
DEBUG:[mqtt-exporter]:Serial Data: 37.0
INFO:[mqtt-exporter]: [Topic: Temp] b'37.0'
DEBUG:[mqtt-exporter]: 	 Topic: Temp
DEBUG:[mqtt-exporter]: 	 Payload: 37.0
INFO:[mqtt-exporter]:Payload 37.0
DEBUG:[mqtt-exporter]:Serial Data: 37.0
INFO:[mqtt-exporter]: [Topic: Temp] b'37.0'
DEBUG:[mqtt-exporter]: 	 Topic: Temp
DEBUG:[mqtt-exporter]: 	 Payload: 37.0
INFO:[mqtt-exporter]:Payload 37.0
DEBUG:[mqtt-exporter]:Serial Data: 37.0
INFO:[mqtt-exporter]: [Topic: Temp] b'37.0'
DEBUG:[mqtt-exporter]: 	 Topic: Temp
DEBUG:[mqtt-exporter]: 	 Payload: 37.0
INFO:[mqtt-exporter]:Payload 37.0
DEBUG:[mqtt-exporter]:Serial Data: 37.0
INFO:[mqtt-exporter]: [Topic: Temp] b'37.0'
DEBUG:[mqtt-exporter]: 	 Topic: Temp
DEBUG:[mqtt-exporter]: 	 Payload: 37.0
INFO:[mqtt-exporter]:Payload 37.0
DEBUG:[mqtt-exporter]:Serial Data: 37.0
INFO:[mqtt-exporter]: [Topic: Temp] b'37.0'
DEBUG:[mqtt-exporter]: 	 Topic: Temp
DEBUG:[mqtt-exporter]: 	 Payload: 37.0
INFO:[mqtt-exporter]:Payload 37.0
DEBUG:[mqtt-exporter]:Serial Data: 37.0
INFO:[mqtt-exporter]: [Topic: Temp] b'37.0'
DEBUG:[mqtt-exporter]: 	 Topic: Temp
DEBUG:[mqtt-exporter]: 	 Payload: 37.0
INFO:[mqtt-exporter]:Payload 37.0
DEBUG:[mqtt-exporter]:Serial Data: 37.0
INFO:[mqtt-exporter]: [Topic: Temp] b'37.0'
DEBUG:[mqtt-exporter]: 	 Topic: Temp
DEBUG:[mqtt-exporter]: 	 Payload: 37.0
INFO:[mqtt-exporter]:Payload 37.0
DEBUG:[mqtt-exporter]:Serial Data: 37.0
INFO:[mqtt-exporter]: [Topic: Temp] b'37.0'
DEBUG:[mqtt-exporter]: 	 Topic: Temp
DEBUG:[mqtt-exporter]: 	 Payload: 37.0
INFO:[mqtt-exporter]:Payload 37.0
DEBUG:[mqtt-exporter]:Serial Data: 37.0
INFO:[mqtt-exporter]: [Topic: Temp] b'37.0'
DEBUG:[mqtt-exporter]: 	 Topic: Temp
DEBUG:[mqtt-exporter]: 	 Payload: 37.0
INFO:[mqtt-exporter]:Payload 37.0
DEBUG:[mqtt-exporter]:Serial Data: 37.0
INFO:[mqtt-exporter]: [Topic: Temp] b'37.0'
DEBUG:[mqtt-exporter]: 	 Topic: Temp
DEBUG:[mqtt-exporter]: 	 Payload: 37.0
INFO:[mqtt-exporter]:Payload 37.0
DEBUG:[mqtt-exporter]:Serial Data: 37.0
INFO:[mqtt-exporter]: [Topic: Temp] b'37.0'
DEBUG:[mqtt-exporter]: 	 Topic: Temp
DEBUG:[mqtt-exporter]: 	 Payload: 37.0
INFO:[mqtt-exporter]:Payload 37.0
DEBUG:[mqtt-exporter]:Serial Data: 37.0
INFO:[mqtt-exporter]: [Topic: Temp] b'37.0'
DEBUG:[mqtt-exporter]: 	 Topic: Temp
DEBUG:[mqtt-exporter]: 	 Payload: 37.0
INFO:[mqtt-exporter]:Payload 37.0
DEBUG:[mqtt-exporter]:Serial Data: 37.0
INFO:[mqtt-exporter]: [Topic: Temp] b'37.0'
DEBUG:[mqtt-exporter]: 	 Topic: Temp
DEBUG:[mqtt-exporter]: 	 Payload: 37.0
INFO:[mqtt-exporter]:Payload 37.0
DEBUG:[mqtt-exporter]:Serial Data: 37.0
INFO:[mqtt-exporter]: [Topic: Temp] b'37.0'
DEBUG:[mqtt-exporter]: 	 Topic: Temp
DEBUG:[mqtt-exporter]: 	 Payload: 37.0
INFO:[mqtt-exporter]:Payload 37.0
DEBUG:[mqtt-exporter]:Serial Data: 37.0
INFO:[mqtt-exporter]: [Topic: Temp] b'37.0'
DEBUG:[mqtt-exporter]: 	 Topic: Temp
DEBUG:[mqtt-exporter]: 	 Payload: 37.0
INFO:[mqtt-exporter]:Payload 37.0
DEBUG:[mqtt-exporter]:Serial Data: 37.0
INFO:[mqtt-exporter]: [Topic: Temp] b'37.0'
DEBUG:[mqtt-exporter]: 	 Topic: Temp
DEBUG:[mqtt-exporter]: 	 Payload: 37.0
INFO:[mqtt-exporter]:Payload 37.0
DEBUG:[mqtt-exporter]:Serial Data: 37.0
INFO:[mqtt-exporter]: [Topic: Temp] b'37.0'
DEBUG:[mqtt-exporter]: 	 Topic: Temp
DEBUG:[mqtt-exporter]: 	 Payload: 37.0
INFO:[mqtt-exporter]:Payload 37.0
DEBUG:[mqtt-exporter]:Serial Data: 37.0
INFO:[mqtt-exporter]: [Topic: Temp] b'37.0'
DEBUG:[mqtt-exporter]: 	 Topic: Temp
DEBUG:[mqtt-exporter]: 	 Payload: 37.0
INFO:[mqtt-exporter]:Payload 37.0
DEBUG:[mqtt-exporter]:Serial Data: 37.0
INFO:[mqtt-exporter]: [Topic: Temp] b'37.0'
DEBUG:[mqtt-exporter]: 	 Topic: Temp
DEBUG:[mqtt-exporter]: 	 Payload: 37.0
INFO:[mqtt-exporter]:Payload 37.0
DEBUG:[mqtt-exporter]:Serial Data: 37.0
INFO:[mqtt-exporter]: [Topic: Temp] b'37.0'
DEBUG:[mqtt-exporter]: 	 Topic: Temp
DEBUG:[mqtt-exporter]: 	 Payload: 37.0
INFO:[mqtt-exporter]:Payload 37.0
DEBUG:[mqtt-exporter]:Serial Data: 37.0
INFO:[mqtt-exporter]: [Topic: Temp] b'37.0'
DEBUG:[mqtt-exporter]: 	 Topic: Temp
DEBUG:[mqtt-exporter]: 	 Payload: 37.0
INFO:[mqtt-exporter]:Payload 37.0
DEBUG:[mqtt-exporter]:Serial Data: 37.0
INFO:[mqtt-exporter]: [Topic: Temp] b'37.0'
DEBUG:[mqtt-exporter]: 	 Topic: Temp
DEBUG:[mqtt-exporter]: 	 Payload: 37.0
INFO:[mqtt-exporter]:Payload 37.0
DEBUG:[mqtt-exporter]:Serial Data: 37.0
INFO:[mqtt-exporter]: [Topic: Temp] b'37.0'
DEBUG:[mqtt-exporter]: 	 Topic: Temp
DEBUG:[mqtt-exporter]: 	 Payload: 37.0
INFO:[mqtt-exporter]:Payload 37.0
DEBUG:[mqtt-exporter]:Serial Data: 37.0
INFO:[mqtt-exporter]: [Topic: Temp] b'37.0'
DEBUG:[mqtt-exporter]: 	 Topic: Temp
DEBUG:[mqtt-exporter]: 	 Payload: 37.0
INFO:[mqtt-exporter]:Payload 37.0
DEBUG:[mqtt-exporter]:Serial Data: 37.0
INFO:[mqtt-exporter]: [Topic: Temp] b'37.0'
DEBUG:[mqtt-exporter]: 	 Topic: Temp
DEBUG:[mqtt-exporter]: 	 Payload: 37.0
INFO:[mqtt-exporter]:Payload 37.0
DEBUG:[mqtt-exporter]:Serial Data: 37.0
INFO:[mqtt-exporter]: [Topic: Temp] b'37.0'
DEBUG:[mqtt-exporter]: 	 Topic: Temp
DEBUG:[mqtt-exporter]: 	 Payload: 37.0
INFO:[mqtt-exporter]:Payload 37.0
DEBUG:[mqtt-exporter]:Serial Data: 37.0
INFO:[mqtt-exporter]: [Topic: Temp] b'37.0'
DEBUG:[mqtt-exporter]: 	 Topic: Temp
DEBUG:[mqtt-exporter]: 	 Payload: 37.0
INFO:[mqtt-exporter]:Payload 37.0
DEBUG:[mqtt-exporter]:Serial Data: 37.0
INFO:[mqtt-exporter]: [Topic: Temp] b'37.0'
DEBUG:[mqtt-exporter]: 	 Topic: Temp
DEBUG:[mqtt-exporter]: 	 Payload: 37.0
INFO:[mqtt-exporter]:Payload 37.0
DEBUG:[mqtt-exporter]:Serial Data: 37.0
INFO:[mqtt-exporter]: [Topic: Temp] b'37.0'
DEBUG:[mqtt-exporter]: 	 Topic: Temp
DEBUG:[mqtt-exporter]: 	 Payload: 37.0
INFO:[mqtt-exporter]:Payload 37.0
DEBUG:[mqtt-exporter]:Serial Data: 37.0
INFO:[mqtt-exporter]: [Topic: Temp] b'37.0'
DEBUG:[mqtt-exporter]: 	 Topic: Temp
DEBUG:[mqtt-exporter]: 	 Payload: 37.0
INFO:[mqtt-exporter]:Payload 37.0
DEBUG:[mqtt-exporter]:Serial Data: 37.0
INFO:[mqtt-exporter]: [Topic: Temp] b'37.0'
DEBUG:[mqtt-exporter]: 	 Topic: Temp
DEBUG:[mqtt-exporter]: 	 Payload: 37.0
INFO:[mqtt-exporter]:Payload 37.0
DEBUG:[mqtt-exporter]:Serial Data: 37.0
INFO:[mqtt-exporter]: [Topic: Temp] b'37.0'
DEBUG:[mqtt-exporter]: 	 Topic: Temp
DEBUG:[mqtt-exporter]: 	 Payload: 37.0
INFO:[mqtt-exporter]:Payload 37.0
DEBUG:[mqtt-exporter]:Serial Data: 37.0
INFO:[mqtt-exporter]: [Topic: Temp] b'37.0'
DEBUG:[mqtt-exporter]: 	 Topic: Temp
DEBUG:[mqtt-exporter]: 	 Payload: 37.0
INFO:[mqtt-exporter]:Payload 37.0
DEBUG:[mqtt-exporter]:Serial Data: 37.0
INFO:[mqtt-exporter]: [Topic: Temp] b'37.0'
DEBUG:[mqtt-exporter]: 	 Topic: Temp
DEBUG:[mqtt-exporter]: 	 Payload: 37.0
INFO:[mqtt-exporter]:Payload 37.0
DEBUG:[mqtt-exporter]:Serial Data: 37.0
INFO:[mqtt-exporter]: [Topic: Temp] b'37.0'
DEBUG:[mqtt-exporter]: 	 Topic: Temp
DEBUG:[mqtt-exporter]: 	 Payload: 37.0
INFO:[mqtt-exporter]:Payload 37.0
DEBUG:[mqtt-exporter]:Serial Data: 37.0
INFO:[mqtt-exporter]: [Topic: Temp] b'37.0'
DEBUG:[mqtt-exporter]: 	 Topic: Temp
DEBUG:[mqtt-exporter]: 	 Payload: 37.0
INFO:[mqtt-exporter]:Payload 37.0
DEBUG:[mqtt-exporter]:Serial Data: 37.0
INFO:[mqtt-exporter]: [Topic: Temp] b'37.0'
DEBUG:[mqtt-exporter]: 	 Topic: Temp
DEBUG:[mqtt-exporter]: 	 Payload: 37.0
INFO:[mqtt-exporter]:Payload 37.0
DEBUG:[mqtt-exporter]:Serial Data: 37.0
INFO:[mqtt-exporter]: [Topic: Temp] b'37.0'
DEBUG:[mqtt-exporter]: 	 Topic: Temp
DEBUG:[mqtt-exporter]: 	 Payload: 37.0
INFO:[mqtt-exporter]:Payload 37.0
DEBUG:[mqtt-exporter]:Serial Data: 37.0
INFO:[mqtt-exporter]: [Topic: Temp] b'37.0'
DEBUG:[mqtt-exporter]: 	 Topic: Temp
DEBUG:[mqtt-exporter]: 	 Payload: 37.0
INFO:[mqtt-exporter]:Payload 37.0
DEBUG:[mqtt-exporter]:Serial Data: 37.0
INFO:[mqtt-exporter]: [Topic: Temp] b'37.0'
DEBUG:[mqtt-exporter]: 	 Topic: Temp
DEBUG:[mqtt-exporter]: 	 Payload: 37.0
INFO:[mqtt-exporter]:Payload 37.0
DEBUG:[mqtt-exporter]:Serial Data: 37.0
INFO:[mqtt-exporter]: [Topic: Temp] b'37.0'
DEBUG:[mqtt-exporter]: 	 Topic: Temp
DEBUG:[mqtt-exporter]: 	 Payload: 37.0
INFO:[mqtt-exporter]:Payload 37.0
DEBUG:[mqtt-exporter]:Serial Data: 37.0
INFO:[mqtt-exporter]: [Topic: Temp] b'37.0'
DEBUG:[mqtt-exporter]: 	 Topic: Temp
DEBUG:[mqtt-exporter]: 	 Payload: 37.0
INFO:[mqtt-exporter]:Payload 37.0
DEBUG:[mqtt-exporter]:Serial Data: 37.0
INFO:[mqtt-exporter]: [Topic: Temp] b'37.0'
DEBUG:[mqtt-exporter]: 	 Topic: Temp
DEBUG:[mqtt-exporter]: 	 Payload: 37.0
INFO:[mqtt-exporter]:Payload 37.0
DEBUG:[mqtt-exporter]:Serial Data: 37.0
INFO:[mqtt-exporter]: [Topic: Temp] b'37.0'
DEBUG:[mqtt-exporter]: 	 Topic: Temp
DEBUG:[mqtt-exporter]: 	 Payload: 37.0
INFO:[mqtt-exporter]:Payload 37.0
DEBUG:[mqtt-exporter]:Serial Data: 37.0
INFO:[mqtt-exporter]: [Topic: Temp] b'37.0'
DEBUG:[mqtt-exporter]: 	 Topic: Temp
DEBUG:[mqtt-exporter]: 	 Payload: 37.0
INFO:[mqtt-exporter]:Payload 37.0
DEBUG:[mqtt-exporter]:Serial Data: 37.0
INFO:[mqtt-exporter]: [Topic: Temp] b'37.0'
DEBUG:[mqtt-exporter]: 	 Topic: Temp
DEBUG:[mqtt-exporter]: 	 Payload: 37.0
INFO:[mqtt-exporter]:Payload 37.0
DEBUG:[mqtt-exporter]:Serial Data: 37.0
INFO:[mqtt-exporter]: [Topic: Temp] b'37.0'
DEBUG:[mqtt-exporter]: 	 Topic: Temp
DEBUG:[mqtt-exporter]: 	 Payload: 37.0
INFO:[mqtt-exporter]:Payload 37.0
DEBUG:[mqtt-exporter]:Serial Data: 37.0
INFO:[mqtt-exporter]: [Topic: Temp] b'37.0'
DEBUG:[mqtt-exporter]: 	 Topic: Temp
DEBUG:[mqtt-exporter]: 	 Payload: 37.0
INFO:[mqtt-exporter]:Payload 37.0
DEBUG:[mqtt-exporter]:Serial Data: 37.0
INFO:[mqtt-exporter]: [Topic: Temp] b'37.0'
DEBUG:[mqtt-exporter]: 	 Topic: Temp
DEBUG:[mqtt-exporter]: 	 Payload: 37.0
INFO:[mqtt-exporter]:Payload 37.0
DEBUG:[mqtt-exporter]:Serial Data: 37.0
INFO:[mqtt-exporter]: [Topic: Temp] b'37.0'
DEBUG:[mqtt-exporter]: 	 Topic: Temp
DEBUG:[mqtt-exporter]: 	 Payload: 37.0
INFO:[mqtt-exporter]:Payload 37.0
DEBUG:[mqtt-exporter]:Serial Data: 37.0
INFO:[mqtt-exporter]: [Topic: Temp] b'37.0'
DEBUG:[mqtt-exporter]: 	 Topic: Temp
DEBUG:[mqtt-exporter]: 	 Payload: 37.0
INFO:[mqtt-exporter]:Payload 37.0
DEBUG:[mqtt-exporter]:Serial Data: 37.0
INFO:[mqtt-exporter]: [Topic: Temp] b'37.0'
DEBUG:[mqtt-exporter]: 	 Topic: Temp
DEBUG:[mqtt-exporter]: 	 Payload: 37.0
INFO:[mqtt-exporter]:Payload 37.0
DEBUG:[mqtt-exporter]:Serial Data: 37.0
INFO:[mqtt-exporter]: [Topic: Temp] b'37.0'
DEBUG:[mqtt-exporter]: 	 Topic: Temp
DEBUG:[mqtt-exporter]: 	 Payload: 37.0
INFO:[mqtt-exporter]:Payload 37.0
DEBUG:[mqtt-exporter]:Serial Data: 37.0
INFO:[mqtt-exporter]: [Topic: Temp] b'37.0'
DEBUG:[mqtt-exporter]: 	 Topic: Temp
DEBUG:[mqtt-exporter]: 	 Payload: 37.0
INFO:[mqtt-exporter]:Payload 37.0
DEBUG:[mqtt-exporter]:Serial Data: 37.0
INFO:[mqtt-exporter]: [Topic: Temp] b'37.0'
DEBUG:[mqtt-exporter]: 	 Topic: Temp
DEBUG:[mqtt-exporter]: 	 Payload: 37.0
INFO:[mqtt-exporter]:Payload 37.0
DEBUG:[mqtt-exporter]:Serial Data: 37.0
INFO:[mqtt-exporter]: [Topic: Temp] b'37.0'
DEBUG:[mqtt-exporter]: 	 Topic: Temp
DEBUG:[mqtt-exporter]: 	 Payload: 37.0
INFO:[mqtt-exporter]:Payload 37.0
DEBUG:[mqtt-exporter]:Serial Data: 37.0
INFO:[mqtt-exporter]: [Topic: Temp] b'37.0'
DEBUG:[mqtt-exporter]: 	 Topic: Temp
DEBUG:[mqtt-exporter]: 	 Payload: 37.0
INFO:[mqtt-exporter]:Payload 37.0
DEBUG:[mqtt-exporter]:Serial Data: 37.0
INFO:[mqtt-exporter]: [Topic: Temp] b'37.0'
DEBUG:[mqtt-exporter]: 	 Topic: Temp
DEBUG:[mqtt-exporter]: 	 Payload: 37.0
INFO:[mqtt-exporter]:Payload 37.0
DEBUG:[mqtt-exporter]:Serial Data: 37.0
INFO:[mqtt-exporter]: [Topic: Temp] b'37.0'
DEBUG:[mqtt-exporter]: 	 Topic: Temp
DEBUG:[mqtt-exporter]: 	 Payload: 37.0
INFO:[mqtt-exporter]:Payload 37.0
DEBUG:[mqtt-exporter]:Serial Data: 37.0
INFO:[mqtt-exporter]: [Topic: Temp] b'37.0'
DEBUG:[mqtt-exporter]: 	 Topic: Temp
DEBUG:[mqtt-exporter]: 	 Payload: 37.0
INFO:[mqtt-exporter]:Payload 37.0
DEBUG:[mqtt-exporter]:Serial Data: 37.0
INFO:[mqtt-exporter]: [Topic: Temp] b'37.0'
DEBUG:[mqtt-exporter]: 	 Topic: Temp
DEBUG:[mqtt-exporter]: 	 Payload: 37.0
INFO:[mqtt-exporter]:Payload 37.0
DEBUG:[mqtt-exporter]:Serial Data: 37.0
INFO:[mqtt-exporter]: [Topic: Temp] b'37.0'
DEBUG:[mqtt-exporter]: 	 Topic: Temp
DEBUG:[mqtt-exporter]: 	 Payload: 37.0
INFO:[mqtt-exporter]:Payload 37.0
DEBUG:[mqtt-exporter]:Serial Data: 37.0
INFO:[mqtt-exporter]: [Topic: Temp] b'37.0'
DEBUG:[mqtt-exporter]: 	 Topic: Temp
DEBUG:[mqtt-exporter]: 	 Payload: 37.0
INFO:[mqtt-exporter]:Payload 37.0
DEBUG:[mqtt-exporter]:Serial Data: 37.0
INFO:[mqtt-exporter]: [Topic: Temp] b'37.0'
DEBUG:[mqtt-exporter]: 	 Topic: Temp
DEBUG:[mqtt-exporter]: 	 Payload: 37.0
INFO:[mqtt-exporter]:Payload 37.0
DEBUG:[mqtt-exporter]:Serial Data: 37.0
INFO:[mqtt-exporter]: [Topic: Temp] b'37.0'
DEBUG:[mqtt-exporter]: 	 Topic: Temp
DEBUG:[mqtt-exporter]: 	 Payload: 37.0
INFO:[mqtt-exporter]:Payload 37.0
DEBUG:[mqtt-exporter]:Serial Data: 37.0
INFO:[mqtt-exporter]: [Topic: Temp] b'37.0'
DEBUG:[mqtt-exporter]: 	 Topic: Temp
DEBUG:[mqtt-exporter]: 	 Payload: 37.0
INFO:[mqtt-exporter]:Payload 37.0
DEBUG:[mqtt-exporter]:Serial Data: 37.0
INFO:[mqtt-exporter]: [Topic: Temp] b'37.0'
DEBUG:[mqtt-exporter]: 	 Topic: Temp
DEBUG:[mqtt-exporter]: 	 Payload: 37.0
INFO:[mqtt-exporter]:Payload 37.0
DEBUG:[mqtt-exporter]:Serial Data: 37.0
INFO:[mqtt-exporter]: [Topic: Temp] b'37.0'
DEBUG:[mqtt-exporter]: 	 Topic: Temp
DEBUG:[mqtt-exporter]: 	 Payload: 37.0
INFO:[mqtt-exporter]:Payload 37.0
DEBUG:[mqtt-exporter]:Serial Data: 37.0
INFO:[mqtt-exporter]: [Topic: Temp] b'37.0'
DEBUG:[mqtt-exporter]: 	 Topic: Temp
DEBUG:[mqtt-exporter]: 	 Payload: 37.0
INFO:[mqtt-exporter]:Payload 37.0
DEBUG:[mqtt-exporter]:Serial Data: 37.0
INFO:[mqtt-exporter]: [Topic: Temp] b'37.0'
DEBUG:[mqtt-exporter]: 	 Topic: Temp
DEBUG:[mqtt-exporter]: 	 Payload: 37.0
INFO:[mqtt-exporter]:Payload 37.0
DEBUG:[mqtt-exporter]:Serial Data: 37.0
INFO:[mqtt-exporter]: [Topic: Temp] b'37.0'
DEBUG:[mqtt-exporter]: 	 Topic: Temp
DEBUG:[mqtt-exporter]: 	 Payload: 37.0
INFO:[mqtt-exporter]:Payload 37.0
DEBUG:[mqtt-exporter]:Serial Data: 37.0
INFO:[mqtt-exporter]: [Topic: Temp] b'37.0'
DEBUG:[mqtt-exporter]: 	 Topic: Temp
DEBUG:[mqtt-exporter]: 	 Payload: 37.0
INFO:[mqtt-exporter]:Payload 37.0
DEBUG:[mqtt-exporter]:Serial Data: 37.0
INFO:[mqtt-exporter]: [Topic: Temp] b'37.0'
DEBUG:[mqtt-exporter]: 	 Topic: Temp
DEBUG:[mqtt-exporter]: 	 Payload: 37.0
INFO:[mqtt-exporter]:Payload 37.0
DEBUG:[mqtt-exporter]:Serial Data: 37.0
INFO:[mqtt-exporter]: [Topic: Temp] b'37.0'
DEBUG:[mqtt-exporter]: 	 Topic: Temp
DEBUG:[mqtt-exporter]: 	 Payload: 37.0
INFO:[mqtt-exporter]:Payload 37.0
DEBUG:[mqtt-exporter]:Serial Data: 37.0
INFO:[mqtt-exporter]: [Topic: Temp] b'37.0'
DEBUG:[mqtt-exporter]: 	 Topic: Temp
DEBUG:[mqtt-exporter]: 	 Payload: 37.0
INFO:[mqtt-exporter]:Payload 37.0
DEBUG:[mqtt-exporter]:Serial Data: 37.0
INFO:[mqtt-exporter]: [Topic: Temp] b'37.0'
DEBUG:[mqtt-exporter]: 	 Topic: Temp
DEBUG:[mqtt-exporter]: 	 Payload: 37.0
INFO:[mqtt-exporter]:Payload 37.0
DEBUG:[mqtt-exporter]:Serial Data: 37.0
INFO:[mqtt-exporter]: [Topic: Temp] b'37.0'
DEBUG:[mqtt-exporter]: 	 Topic: Temp
DEBUG:[mqtt-exporter]: 	 Payload: 37.0
INFO:[mqtt-exporter]:Payload 37.0
DEBUG:[mqtt-exporter]:Serial Data: 37.0
INFO:[mqtt-exporter]: [Topic: Temp] b'37.0'
DEBUG:[mqtt-exporter]: 	 Topic: Temp
DEBUG:[mqtt-exporter]: 	 Payload: 37.0
INFO:[mqtt-exporter]:Payload 37.0
DEBUG:[mqtt-exporter]:Serial Data: 37.0
INFO:[mqtt-exporter]: [Topic: Temp] b'37.0'
DEBUG:[mqtt-exporter]: 	 Topic: Temp
DEBUG:[mqtt-exporter]: 	 Payload: 37.0
INFO:[mqtt-exporter]:Payload 37.0
DEBUG:[mqtt-exporter]:Serial Data: 37.0
INFO:[mqtt-exporter]: [Topic: Temp] b'37.0'
DEBUG:[mqtt-exporter]: 	 Topic: Temp
DEBUG:[mqtt-exporter]: 	 Payload: 37.0
INFO:[mqtt-exporter]:Payload 37.0
DEBUG:[mqtt-exporter]:Serial Data: 37.0
INFO:[mqtt-exporter]: [Topic: Temp] b'37.0'
DEBUG:[mqtt-exporter]: 	 Topic: Temp
DEBUG:[mqtt-exporter]: 	 Payload: 37.0
INFO:[mqtt-exporter]:Payload 37.0
DEBUG:[mqtt-exporter]:Serial Data: 37.0
INFO:[mqtt-exporter]: [Topic: Temp] b'37.0'
DEBUG:[mqtt-exporter]: 	 Topic: Temp
DEBUG:[mqtt-exporter]: 	 Payload: 37.0
INFO:[mqtt-exporter]:Payload 37.0
DEBUG:[mqtt-exporter]:Serial Data: 37.0
INFO:[mqtt-exporter]: [Topic: Temp] b'37.0'
DEBUG:[mqtt-exporter]: 	 Topic: Temp
DEBUG:[mqtt-exporter]: 	 Payload: 37.0
INFO:[mqtt-exporter]:Payload 37.0
DEBUG:[mqtt-exporter]:Serial Data: 37.0
INFO:[mqtt-exporter]: [Topic: Temp] b'37.0'
DEBUG:[mqtt-exporter]: 	 Topic: Temp
DEBUG:[mqtt-exporter]: 	 Payload: 37.0
INFO:[mqtt-exporter]:Payload 37.0
DEBUG:[mqtt-exporter]:Serial Data: 37.0
INFO:[mqtt-exporter]: [Topic: Temp] b'37.0'
DEBUG:[mqtt-exporter]: 	 Topic: Temp
DEBUG:[mqtt-exporter]: 	 Payload: 37.0
INFO:[mqtt-exporter]:Payload 37.0
DEBUG:[mqtt-exporter]:Serial Data: 37.0
INFO:[mqtt-exporter]: [Topic: Temp] b'37.0'
DEBUG:[mqtt-exporter]: 	 Topic: Temp
DEBUG:[mqtt-exporter]: 	 Payload: 37.0
INFO:[mqtt-exporter]:Payload 37.0
DEBUG:[mqtt-exporter]:Serial Data: 37.0
INFO:[mqtt-exporter]: [Topic: Temp] b'37.0'
DEBUG:[mqtt-exporter]: 	 Topic: Temp
DEBUG:[mqtt-exporter]: 	 Payload: 37.0
INFO:[mqtt-exporter]:Payload 37.0
DEBUG:[mqtt-exporter]:Serial Data: 37.0
INFO:[mqtt-exporter]: [Topic: Temp] b'37.0'
DEBUG:[mqtt-exporter]: 	 Topic: Temp
DEBUG:[mqtt-exporter]: 	 Payload: 37.0
INFO:[mqtt-exporter]:Payload 37.0
DEBUG:[mqtt-exporter]:Serial Data: 37.0
INFO:[mqtt-exporter]: [Topic: Temp] b'37.0'
DEBUG:[mqtt-exporter]: 	 Topic: Temp
DEBUG:[mqtt-exporter]: 	 Payload: 37.0
INFO:[mqtt-exporter]:Payload 37.0
DEBUG:[mqtt-exporter]:Serial Data: 37.0
INFO:[mqtt-exporter]: [Topic: Temp] b'37.0'
DEBUG:[mqtt-exporter]: 	 Topic: Temp
DEBUG:[mqtt-exporter]: 	 Payload: 37.0
INFO:[mqtt-exporter]:Payload 37.0
DEBUG:[mqtt-exporter]:Serial Data: 37.0
INFO:[mqtt-exporter]: [Topic: Temp] b'37.0'
DEBUG:[mqtt-exporter]: 	 Topic: Temp
DEBUG:[mqtt-exporter]: 	 Payload: 37.0
INFO:[mqtt-exporter]:Payload 37.0
DEBUG:[mqtt-exporter]:Serial Data: 37.0
INFO:[mqtt-exporter]: [Topic: Temp] b'37.0'
DEBUG:[mqtt-exporter]: 	 Topic: Temp
DEBUG:[mqtt-exporter]: 	 Payload: 37.0
INFO:[mqtt-exporter]:Payload 37.0
DEBUG:[mqtt-exporter]:Serial Data: 37.0
INFO:[mqtt-exporter]: [Topic: Temp] b'37.0'
DEBUG:[mqtt-exporter]: 	 Topic: Temp
DEBUG:[mqtt-exporter]: 	 Payload: 37.0
INFO:[mqtt-exporter]:Payload 37.0
DEBUG:[mqtt-exporter]:Serial Data: 38.0
INFO:[mqtt-exporter]: [Topic: Temp] b'38.0'
DEBUG:[mqtt-exporter]: 	 Topic: Temp
DEBUG:[mqtt-exporter]: 	 Payload: 38.0
INFO:[mqtt-exporter]:Payload 38.0
DEBUG:[mqtt-exporter]:Serial Data: 38.0
INFO:[mqtt-exporter]: [Topic: Temp] b'38.0'
DEBUG:[mqtt-exporter]: 	 Topic: Temp
DEBUG:[mqtt-exporter]: 	 Payload: 38.0
INFO:[mqtt-exporter]:Payload 38.0
DEBUG:[mqtt-exporter]:Serial Data: 37.0
INFO:[mqtt-exporter]: [Topic: Temp] b'37.0'
DEBUG:[mqtt-exporter]: 	 Topic: Temp
DEBUG:[mqtt-exporter]: 	 Payload: 37.0
INFO:[mqtt-exporter]:Payload 37.0
DEBUG:[mqtt-exporter]:Serial Data: 38.0
INFO:[mqtt-exporter]: [Topic: Temp] b'38.0'
DEBUG:[mqtt-exporter]: 	 Topic: Temp
DEBUG:[mqtt-exporter]: 	 Payload: 38.0
INFO:[mqtt-exporter]:Payload 38.0
DEBUG:[mqtt-exporter]:Serial Data: 37.0
INFO:[mqtt-exporter]: [Topic: Temp] b'37.0'
DEBUG:[mqtt-exporter]: 	 Topic: Temp
DEBUG:[mqtt-exporter]: 	 Payload: 37.0
INFO:[mqtt-exporter]:Payload 37.0
DEBUG:[mqtt-exporter]:Serial Data: 37.0
INFO:[mqtt-exporter]: [Topic: Temp] b'37.0'
DEBUG:[mqtt-exporter]: 	 Topic: Temp
DEBUG:[mqtt-exporter]: 	 Payload: 37.0
INFO:[mqtt-exporter]:Payload 37.0
DEBUG:[mqtt-exporter]:Serial Data: 37.0
INFO:[mqtt-exporter]: [Topic: Temp] b'37.0'
DEBUG:[mqtt-exporter]: 	 Topic: Temp
DEBUG:[mqtt-exporter]: 	 Payload: 37.0
INFO:[mqtt-exporter]:Payload 37.0
DEBUG:[mqtt-exporter]:Serial Data: 37.0
INFO:[mqtt-exporter]: [Topic: Temp] b'37.0'
DEBUG:[mqtt-exporter]: 	 Topic: Temp
DEBUG:[mqtt-exporter]: 	 Payload: 37.0
INFO:[mqtt-exporter]:Payload 37.0
DEBUG:[mqtt-exporter]:Serial Data: 37.0
INFO:[mqtt-exporter]: [Topic: Temp] b'37.0'
DEBUG:[mqtt-exporter]: 	 Topic: Temp
DEBUG:[mqtt-exporter]: 	 Payload: 37.0
INFO:[mqtt-exporter]:Payload 37.0
DEBUG:[mqtt-exporter]:Serial Data: 37.0
INFO:[mqtt-exporter]: [Topic: Temp] b'37.0'
DEBUG:[mqtt-exporter]: 	 Topic: Temp
DEBUG:[mqtt-exporter]: 	 Payload: 37.0
INFO:[mqtt-exporter]:Payload 37.0
DEBUG:[mqtt-exporter]:Serial Data: 37.0
INFO:[mqtt-exporter]: [Topic: Temp] b'37.0'
DEBUG:[mqtt-exporter]: 	 Topic: Temp
DEBUG:[mqtt-exporter]: 	 Payload: 37.0
INFO:[mqtt-exporter]:Payload 37.0
DEBUG:[mqtt-exporter]:Serial Data: 37.0
INFO:[mqtt-exporter]: [Topic: Temp] b'37.0'
DEBUG:[mqtt-exporter]: 	 Topic: Temp
DEBUG:[mqtt-exporter]: 	 Payload: 37.0
INFO:[mqtt-exporter]:Payload 37.0
DEBUG:[mqtt-exporter]:Serial Data: 38.0
INFO:[mqtt-exporter]: [Topic: Temp] b'38.0'
DEBUG:[mqtt-exporter]: 	 Topic: Temp
DEBUG:[mqtt-exporter]: 	 Payload: 38.0
INFO:[mqtt-exporter]:Payload 38.0
DEBUG:[mqtt-exporter]:Serial Data: 37.0
INFO:[mqtt-exporter]: [Topic: Temp] b'37.0'
DEBUG:[mqtt-exporter]: 	 Topic: Temp
DEBUG:[mqtt-exporter]: 	 Payload: 37.0
INFO:[mqtt-exporter]:Payload 37.0
DEBUG:[mqtt-exporter]:Serial Data: 37.0
INFO:[mqtt-exporter]: [Topic: Temp] b'37.0'
DEBUG:[mqtt-exporter]: 	 Topic: Temp
DEBUG:[mqtt-exporter]: 	 Payload: 37.0
INFO:[mqtt-exporter]:Payload 37.0
DEBUG:[mqtt-exporter]:Serial Data: 37.0
INFO:[mqtt-exporter]: [Topic: Temp] b'37.0'
DEBUG:[mqtt-exporter]: 	 Topic: Temp
DEBUG:[mqtt-exporter]: 	 Payload: 37.0
INFO:[mqtt-exporter]:Payload 37.0
DEBUG:[mqtt-exporter]:Serial Data: 37.0
INFO:[mqtt-exporter]: [Topic: Temp] b'37.0'
DEBUG:[mqtt-exporter]: 	 Topic: Temp
DEBUG:[mqtt-exporter]: 	 Payload: 37.0
INFO:[mqtt-exporter]:Payload 37.0
DEBUG:[mqtt-exporter]:Serial Data: 37.0
INFO:[mqtt-exporter]: [Topic: Temp] b'37.0'
DEBUG:[mqtt-exporter]: 	 Topic: Temp
DEBUG:[mqtt-exporter]: 	 Payload: 37.0
INFO:[mqtt-exporter]:Payload 37.0
DEBUG:[mqtt-exporter]:Serial Data: 37.0
INFO:[mqtt-exporter]: [Topic: Temp] b'37.0'
DEBUG:[mqtt-exporter]: 	 Topic: Temp
DEBUG:[mqtt-exporter]: 	 Payload: 37.0
INFO:[mqtt-exporter]:Payload 37.0
DEBUG:[mqtt-exporter]:Serial Data: 37.0
INFO:[mqtt-exporter]: [Topic: Temp] b'37.0'
DEBUG:[mqtt-exporter]: 	 Topic: Temp
DEBUG:[mqtt-exporter]: 	 Payload: 37.0
INFO:[mqtt-exporter]:Payload 37.0
DEBUG:[mqtt-exporter]:Serial Data: 37.0
INFO:[mqtt-exporter]: [Topic: Temp] b'37.0'
DEBUG:[mqtt-exporter]: 	 Topic: Temp
DEBUG:[mqtt-exporter]: 	 Payload: 37.0
INFO:[mqtt-exporter]:Payload 37.0
DEBUG:[mqtt-exporter]:Serial Data: 37.0
INFO:[mqtt-exporter]: [Topic: Temp] b'37.0'
DEBUG:[mqtt-exporter]: 	 Topic: Temp
DEBUG:[mqtt-exporter]: 	 Payload: 37.0
INFO:[mqtt-exporter]:Payload 37.0
DEBUG:[mqtt-exporter]:Serial Data: 37.0
INFO:[mqtt-exporter]: [Topic: Temp] b'37.0'
DEBUG:[mqtt-exporter]: 	 Topic: Temp
DEBUG:[mqtt-exporter]: 	 Payload: 37.0
INFO:[mqtt-exporter]:Payload 37.0
DEBUG:[mqtt-exporter]:Serial Data: 37.0
INFO:[mqtt-exporter]: [Topic: Temp] b'37.0'
DEBUG:[mqtt-exporter]: 	 Topic: Temp
DEBUG:[mqtt-exporter]: 	 Payload: 37.0
INFO:[mqtt-exporter]:Payload 37.0
DEBUG:[mqtt-exporter]:Serial Data: 37.0
INFO:[mqtt-exporter]: [Topic: Temp] b'37.0'
DEBUG:[mqtt-exporter]: 	 Topic: Temp
DEBUG:[mqtt-exporter]: 	 Payload: 37.0
INFO:[mqtt-exporter]:Payload 37.0
DEBUG:[mqtt-exporter]:Serial Data: 37.0
INFO:[mqtt-exporter]: [Topic: Temp] b'37.0'
DEBUG:[mqtt-exporter]: 	 Topic: Temp
DEBUG:[mqtt-exporter]: 	 Payload: 37.0
INFO:[mqtt-exporter]:Payload 37.0
DEBUG:[mqtt-exporter]:Serial Data: 37.0
INFO:[mqtt-exporter]: [Topic: Temp] b'37.0'
DEBUG:[mqtt-exporter]: 	 Topic: Temp
DEBUG:[mqtt-exporter]: 	 Payload: 37.0
INFO:[mqtt-exporter]:Payload 37.0
DEBUG:[mqtt-exporter]:Serial Data: 37.0
INFO:[mqtt-exporter]: [Topic: Temp] b'37.0'
DEBUG:[mqtt-exporter]: 	 Topic: Temp
DEBUG:[mqtt-exporter]: 	 Payload: 37.0
INFO:[mqtt-exporter]:Payload 37.0
DEBUG:[mqtt-exporter]:Serial Data: 37.0
INFO:[mqtt-exporter]: [Topic: Temp] b'37.0'
DEBUG:[mqtt-exporter]: 	 Topic: Temp
DEBUG:[mqtt-exporter]: 	 Payload: 37.0
INFO:[mqtt-exporter]:Payload 37.0
DEBUG:[mqtt-exporter]:Serial Data: 37.0
INFO:[mqtt-exporter]: [Topic: Temp] b'37.0'
DEBUG:[mqtt-exporter]: 	 Topic: Temp
DEBUG:[mqtt-exporter]: 	 Payload: 37.0
INFO:[mqtt-exporter]:Payload 37.0
DEBUG:[mqtt-exporter]:Serial Data: 37.0
INFO:[mqtt-exporter]: [Topic: Temp] b'37.0'
DEBUG:[mqtt-exporter]: 	 Topic: Temp
DEBUG:[mqtt-exporter]: 	 Payload: 37.0
INFO:[mqtt-exporter]:Payload 37.0
DEBUG:[mqtt-exporter]:Serial Data: 37.0
INFO:[mqtt-exporter]: [Topic: Temp] b'37.0'
DEBUG:[mqtt-exporter]: 	 Topic: Temp
DEBUG:[mqtt-exporter]: 	 Payload: 37.0
INFO:[mqtt-exporter]:Payload 37.0
DEBUG:[mqtt-exporter]:Serial Data: 37.0
INFO:[mqtt-exporter]: [Topic: Temp] b'37.0'
DEBUG:[mqtt-exporter]: 	 Topic: Temp
DEBUG:[mqtt-exporter]: 	 Payload: 37.0
INFO:[mqtt-exporter]:Payload 37.0
DEBUG:[mqtt-exporter]:Serial Data: 37.0
INFO:[mqtt-exporter]: [Topic: Temp] b'37.0'
DEBUG:[mqtt-exporter]: 	 Topic: Temp
DEBUG:[mqtt-exporter]: 	 Payload: 37.0
INFO:[mqtt-exporter]:Payload 37.0
DEBUG:[mqtt-exporter]:Serial Data: 37.0
INFO:[mqtt-exporter]: [Topic: Temp] b'37.0'
DEBUG:[mqtt-exporter]: 	 Topic: Temp
DEBUG:[mqtt-exporter]: 	 Payload: 37.0
INFO:[mqtt-exporter]:Payload 37.0
DEBUG:[mqtt-exporter]:Serial Data: 37.0
INFO:[mqtt-exporter]: [Topic: Temp] b'37.0'
DEBUG:[mqtt-exporter]: 	 Topic: Temp
DEBUG:[mqtt-exporter]: 	 Payload: 37.0
INFO:[mqtt-exporter]:Payload 37.0
DEBUG:[mqtt-exporter]:Serial Data: 37.0
INFO:[mqtt-exporter]: [Topic: Temp] b'37.0'
DEBUG:[mqtt-exporter]: 	 Topic: Temp
DEBUG:[mqtt-exporter]: 	 Payload: 37.0
INFO:[mqtt-exporter]:Payload 37.0
DEBUG:[mqtt-exporter]:Serial Data: 37.0
INFO:[mqtt-exporter]: [Topic: Temp] b'37.0'
DEBUG:[mqtt-exporter]: 	 Topic: Temp
DEBUG:[mqtt-exporter]: 	 Payload: 37.0
INFO:[mqtt-exporter]:Payload 37.0
DEBUG:[mqtt-exporter]:Serial Data: 37.0
INFO:[mqtt-exporter]: [Topic: Temp] b'37.0'
DEBUG:[mqtt-exporter]: 	 Topic: Temp
DEBUG:[mqtt-exporter]: 	 Payload: 37.0
INFO:[mqtt-exporter]:Payload 37.0
DEBUG:[mqtt-exporter]:Serial Data: 37.0
INFO:[mqtt-exporter]: [Topic: Temp] b'37.0'
DEBUG:[mqtt-exporter]: 	 Topic: Temp
DEBUG:[mqtt-exporter]: 	 Payload: 37.0
INFO:[mqtt-exporter]:Payload 37.0
DEBUG:[mqtt-exporter]:Serial Data: 37.0
INFO:[mqtt-exporter]: [Topic: Temp] b'37.0'
DEBUG:[mqtt-exporter]: 	 Topic: Temp
DEBUG:[mqtt-exporter]: 	 Payload: 37.0
INFO:[mqtt-exporter]:Payload 37.0
DEBUG:[mqtt-exporter]:Serial Data: 37.0
INFO:[mqtt-exporter]: [Topic: Temp] b'37.0'
DEBUG:[mqtt-exporter]: 	 Topic: Temp
DEBUG:[mqtt-exporter]: 	 Payload: 37.0
INFO:[mqtt-exporter]:Payload 37.0
DEBUG:[mqtt-exporter]:Serial Data: 37.0
INFO:[mqtt-exporter]: [Topic: Temp] b'37.0'
DEBUG:[mqtt-exporter]: 	 Topic: Temp
DEBUG:[mqtt-exporter]: 	 Payload: 37.0
INFO:[mqtt-exporter]:Payload 37.0
DEBUG:[mqtt-exporter]:Serial Data: 37.0
INFO:[mqtt-exporter]: [Topic: Temp] b'37.0'
DEBUG:[mqtt-exporter]: 	 Topic: Temp
DEBUG:[mqtt-exporter]: 	 Payload: 37.0
INFO:[mqtt-exporter]:Payload 37.0
DEBUG:[mqtt-exporter]:Serial Data: 37.0
INFO:[mqtt-exporter]: [Topic: Temp] b'37.0'
DEBUG:[mqtt-exporter]: 	 Topic: Temp
DEBUG:[mqtt-exporter]: 	 Payload: 37.0
INFO:[mqtt-exporter]:Payload 37.0
DEBUG:[mqtt-exporter]:Serial Data: 37.0
INFO:[mqtt-exporter]: [Topic: Temp] b'37.0'
DEBUG:[mqtt-exporter]: 	 Topic: Temp
DEBUG:[mqtt-exporter]: 	 Payload: 37.0
INFO:[mqtt-exporter]:Payload 37.0
DEBUG:[mqtt-exporter]:Serial Data: 37.0
INFO:[mqtt-exporter]: [Topic: Temp] b'37.0'
DEBUG:[mqtt-exporter]: 	 Topic: Temp
DEBUG:[mqtt-exporter]: 	 Payload: 37.0
INFO:[mqtt-exporter]:Payload 37.0
DEBUG:[mqtt-exporter]:Serial Data: 37.0
INFO:[mqtt-exporter]: [Topic: Temp] b'37.0'
DEBUG:[mqtt-exporter]: 	 Topic: Temp
DEBUG:[mqtt-exporter]: 	 Payload: 37.0
INFO:[mqtt-exporter]:Payload 37.0
DEBUG:[mqtt-exporter]:Serial Data: 37.0
INFO:[mqtt-exporter]: [Topic: Temp] b'37.0'
DEBUG:[mqtt-exporter]: 	 Topic: Temp
DEBUG:[mqtt-exporter]: 	 Payload: 37.0
INFO:[mqtt-exporter]:Payload 37.0
DEBUG:[mqtt-exporter]:Serial Data: 37.0
INFO:[mqtt-exporter]: [Topic: Temp] b'37.0'
DEBUG:[mqtt-exporter]: 	 Topic: Temp
DEBUG:[mqtt-exporter]: 	 Payload: 37.0
INFO:[mqtt-exporter]:Payload 37.0
DEBUG:[mqtt-exporter]:Serial Data: 37.0
INFO:[mqtt-exporter]: [Topic: Temp] b'37.0'
DEBUG:[mqtt-exporter]: 	 Topic: Temp
DEBUG:[mqtt-exporter]: 	 Payload: 37.0
INFO:[mqtt-exporter]:Payload 37.0
DEBUG:[mqtt-exporter]:Serial Data: 37.0
INFO:[mqtt-exporter]: [Topic: Temp] b'37.0'
DEBUG:[mqtt-exporter]: 	 Topic: Temp
DEBUG:[mqtt-exporter]: 	 Payload: 37.0
INFO:[mqtt-exporter]:Payload 37.0
DEBUG:[mqtt-exporter]:Serial Data: 37.0
INFO:[mqtt-exporter]: [Topic: Temp] b'37.0'
DEBUG:[mqtt-exporter]: 	 Topic: Temp
DEBUG:[mqtt-exporter]: 	 Payload: 37.0
INFO:[mqtt-exporter]:Payload 37.0
DEBUG:[mqtt-exporter]:Serial Data: 37.0
INFO:[mqtt-exporter]: [Topic: Temp] b'37.0'
DEBUG:[mqtt-exporter]: 	 Topic: Temp
DEBUG:[mqtt-exporter]: 	 Payload: 37.0
INFO:[mqtt-exporter]:Payload 37.0
DEBUG:[mqtt-exporter]:Serial Data: 37.0
INFO:[mqtt-exporter]: [Topic: Temp] b'37.0'
DEBUG:[mqtt-exporter]: 	 Topic: Temp
DEBUG:[mqtt-exporter]: 	 Payload: 37.0
INFO:[mqtt-exporter]:Payload 37.0
DEBUG:[mqtt-exporter]:Serial Data: 37.0
INFO:[mqtt-exporter]: [Topic: Temp] b'37.0'
DEBUG:[mqtt-exporter]: 	 Topic: Temp
DEBUG:[mqtt-exporter]: 	 Payload: 37.0
INFO:[mqtt-exporter]:Payload 37.0
DEBUG:[mqtt-exporter]:Serial Data: 37.0
INFO:[mqtt-exporter]: [Topic: Temp] b'37.0'
DEBUG:[mqtt-exporter]: 	 Topic: Temp
DEBUG:[mqtt-exporter]: 	 Payload: 37.0
INFO:[mqtt-exporter]:Payload 37.0
DEBUG:[mqtt-exporter]:Serial Data: 37.0
INFO:[mqtt-exporter]: [Topic: Temp] b'37.0'
DEBUG:[mqtt-exporter]: 	 Topic: Temp
DEBUG:[mqtt-exporter]: 	 Payload: 37.0
INFO:[mqtt-exporter]:Payload 37.0
DEBUG:[mqtt-exporter]:Serial Data: 37.0
INFO:[mqtt-exporter]: [Topic: Temp] b'37.0'
DEBUG:[mqtt-exporter]: 	 Topic: Temp
DEBUG:[mqtt-exporter]: 	 Payload: 37.0
INFO:[mqtt-exporter]:Payload 37.0
DEBUG:[mqtt-exporter]:Serial Data: 37.0
INFO:[mqtt-exporter]: [Topic: Temp] b'37.0'
DEBUG:[mqtt-exporter]: 	 Topic: Temp
DEBUG:[mqtt-exporter]: 	 Payload: 37.0
INFO:[mqtt-exporter]:Payload 37.0
DEBUG:[mqtt-exporter]:Serial Data: 37.0
INFO:[mqtt-exporter]: [Topic: Temp] b'37.0'
DEBUG:[mqtt-exporter]: 	 Topic: Temp
DEBUG:[mqtt-exporter]: 	 Payload: 37.0
INFO:[mqtt-exporter]:Payload 37.0
DEBUG:[mqtt-exporter]:Serial Data: 37.0
INFO:[mqtt-exporter]: [Topic: Temp] b'37.0'
DEBUG:[mqtt-exporter]: 	 Topic: Temp
DEBUG:[mqtt-exporter]: 	 Payload: 37.0
INFO:[mqtt-exporter]:Payload 37.0
DEBUG:[mqtt-exporter]:Serial Data: 37.0
INFO:[mqtt-exporter]: [Topic: Temp] b'37.0'
DEBUG:[mqtt-exporter]: 	 Topic: Temp
DEBUG:[mqtt-exporter]: 	 Payload: 37.0
INFO:[mqtt-exporter]:Payload 37.0
DEBUG:[mqtt-exporter]:Serial Data: 37.0
INFO:[mqtt-exporter]: [Topic: Temp] b'37.0'
DEBUG:[mqtt-exporter]: 	 Topic: Temp
DEBUG:[mqtt-exporter]: 	 Payload: 37.0
INFO:[mqtt-exporter]:Payload 37.0
DEBUG:[mqtt-exporter]:Serial Data: 37.0
INFO:[mqtt-exporter]: [Topic: Temp] b'37.0'
DEBUG:[mqtt-exporter]: 	 Topic: Temp
DEBUG:[mqtt-exporter]: 	 Payload: 37.0
INFO:[mqtt-exporter]:Payload 37.0
DEBUG:[mqtt-exporter]:Serial Data: 37.0
INFO:[mqtt-exporter]: [Topic: Temp] b'37.0'
DEBUG:[mqtt-exporter]: 	 Topic: Temp
DEBUG:[mqtt-exporter]: 	 Payload: 37.0
INFO:[mqtt-exporter]:Payload 37.0
DEBUG:[mqtt-exporter]:Serial Data: 38.0
INFO:[mqtt-exporter]: [Topic: Temp] b'38.0'
DEBUG:[mqtt-exporter]: 	 Topic: Temp
DEBUG:[mqtt-exporter]: 	 Payload: 38.0
INFO:[mqtt-exporter]:Payload 38.0
DEBUG:[mqtt-exporter]:Serial Data: 37.0
INFO:[mqtt-exporter]: [Topic: Temp] b'37.0'
DEBUG:[mqtt-exporter]: 	 Topic: Temp
DEBUG:[mqtt-exporter]: 	 Payload: 37.0
INFO:[mqtt-exporter]:Payload 37.0
DEBUG:[mqtt-exporter]:Serial Data: 37.0
INFO:[mqtt-exporter]: [Topic: Temp] b'37.0'
DEBUG:[mqtt-exporter]: 	 Topic: Temp
DEBUG:[mqtt-exporter]: 	 Payload: 37.0
INFO:[mqtt-exporter]:Payload 37.0
DEBUG:[mqtt-exporter]:Serial Data: 37.0
INFO:[mqtt-exporter]: [Topic: Temp] b'37.0'
DEBUG:[mqtt-exporter]: 	 Topic: Temp
DEBUG:[mqtt-exporter]: 	 Payload: 37.0
INFO:[mqtt-exporter]:Payload 37.0
DEBUG:[mqtt-exporter]:Serial Data: 37.0
INFO:[mqtt-exporter]: [Topic: Temp] b'37.0'
DEBUG:[mqtt-exporter]: 	 Topic: Temp
DEBUG:[mqtt-exporter]: 	 Payload: 37.0
INFO:[mqtt-exporter]:Payload 37.0
DEBUG:[mqtt-exporter]:Serial Data: 37.0
INFO:[mqtt-exporter]: [Topic: Temp] b'37.0'
DEBUG:[mqtt-exporter]: 	 Topic: Temp
DEBUG:[mqtt-exporter]: 	 Payload: 37.0
INFO:[mqtt-exporter]:Payload 37.0
DEBUG:[mqtt-exporter]:Serial Data: 37.0
INFO:[mqtt-exporter]: [Topic: Temp] b'37.0'
DEBUG:[mqtt-exporter]: 	 Topic: Temp
DEBUG:[mqtt-exporter]: 	 Payload: 37.0
INFO:[mqtt-exporter]:Payload 37.0
DEBUG:[mqtt-exporter]:Serial Data: 38.0
INFO:[mqtt-exporter]: [Topic: Temp] b'38.0'
DEBUG:[mqtt-exporter]: 	 Topic: Temp
DEBUG:[mqtt-exporter]: 	 Payload: 38.0
INFO:[mqtt-exporter]:Payload 38.0
DEBUG:[mqtt-exporter]:Serial Data: 37.0
INFO:[mqtt-exporter]: [Topic: Temp] b'37.0'
DEBUG:[mqtt-exporter]: 	 Topic: Temp
DEBUG:[mqtt-exporter]: 	 Payload: 37.0
INFO:[mqtt-exporter]:Payload 37.0
DEBUG:[mqtt-exporter]:Serial Data: 37.0
INFO:[mqtt-exporter]: [Topic: Temp] b'37.0'
DEBUG:[mqtt-exporter]: 	 Topic: Temp
DEBUG:[mqtt-exporter]: 	 Payload: 37.0
INFO:[mqtt-exporter]:Payload 37.0
DEBUG:[mqtt-exporter]:Serial Data: 37.0
INFO:[mqtt-exporter]: [Topic: Temp] b'37.0'
DEBUG:[mqtt-exporter]: 	 Topic: Temp
DEBUG:[mqtt-exporter]: 	 Payload: 37.0
INFO:[mqtt-exporter]:Payload 37.0
DEBUG:[mqtt-exporter]:Serial Data: 37.0
INFO:[mqtt-exporter]: [Topic: Temp] b'37.0'
DEBUG:[mqtt-exporter]: 	 Topic: Temp
DEBUG:[mqtt-exporter]: 	 Payload: 37.0
INFO:[mqtt-exporter]:Payload 37.0
DEBUG:[mqtt-exporter]:Serial Data: 37.0
INFO:[mqtt-exporter]: [Topic: Temp] b'37.0'
DEBUG:[mqtt-exporter]: 	 Topic: Temp
DEBUG:[mqtt-exporter]: 	 Payload: 37.0
INFO:[mqtt-exporter]:Payload 37.0
DEBUG:[mqtt-exporter]:Serial Data: 38.0
INFO:[mqtt-exporter]: [Topic: Temp] b'38.0'
DEBUG:[mqtt-exporter]: 	 Topic: Temp
DEBUG:[mqtt-exporter]: 	 Payload: 38.0
INFO:[mqtt-exporter]:Payload 38.0
DEBUG:[mqtt-exporter]:Serial Data: 37.0
INFO:[mqtt-exporter]: [Topic: Temp] b'37.0'
DEBUG:[mqtt-exporter]: 	 Topic: Temp
DEBUG:[mqtt-exporter]: 	 Payload: 37.0
INFO:[mqtt-exporter]:Payload 37.0
DEBUG:[mqtt-exporter]:Serial Data: 37.0
INFO:[mqtt-exporter]: [Topic: Temp] b'37.0'
DEBUG:[mqtt-exporter]: 	 Topic: Temp
DEBUG:[mqtt-exporter]: 	 Payload: 37.0
INFO:[mqtt-exporter]:Payload 37.0
DEBUG:[mqtt-exporter]:Serial Data: 37.0
INFO:[mqtt-exporter]: [Topic: Temp] b'37.0'
DEBUG:[mqtt-exporter]: 	 Topic: Temp
DEBUG:[mqtt-exporter]: 	 Payload: 37.0
INFO:[mqtt-exporter]:Payload 37.0
DEBUG:[mqtt-exporter]:Serial Data: 37.0
INFO:[mqtt-exporter]: [Topic: Temp] b'37.0'
DEBUG:[mqtt-exporter]: 	 Topic: Temp
DEBUG:[mqtt-exporter]: 	 Payload: 37.0
INFO:[mqtt-exporter]:Payload 37.0
DEBUG:[mqtt-exporter]:Serial Data: 37.0
INFO:[mqtt-exporter]: [Topic: Temp] b'37.0'
DEBUG:[mqtt-exporter]: 	 Topic: Temp
DEBUG:[mqtt-exporter]: 	 Payload: 37.0
INFO:[mqtt-exporter]:Payload 37.0
DEBUG:[mqtt-exporter]:Serial Data: 37.0
INFO:[mqtt-exporter]: [Topic: Temp] b'37.0'
DEBUG:[mqtt-exporter]: 	 Topic: Temp
DEBUG:[mqtt-exporter]: 	 Payload: 37.0
INFO:[mqtt-exporter]:Payload 37.0
DEBUG:[mqtt-exporter]:Serial Data: 37.0
INFO:[mqtt-exporter]: [Topic: Temp] b'37.0'
DEBUG:[mqtt-exporter]: 	 Topic: Temp
DEBUG:[mqtt-exporter]: 	 Payload: 37.0
INFO:[mqtt-exporter]:Payload 37.0
DEBUG:[mqtt-exporter]:Serial Data: 37.0
INFO:[mqtt-exporter]: [Topic: Temp] b'37.0'
DEBUG:[mqtt-exporter]: 	 Topic: Temp
DEBUG:[mqtt-exporter]: 	 Payload: 37.0
INFO:[mqtt-exporter]:Payload 37.0
DEBUG:[mqtt-exporter]:Serial Data: 37.0
INFO:[mqtt-exporter]: [Topic: Temp] b'37.0'
DEBUG:[mqtt-exporter]: 	 Topic: Temp
DEBUG:[mqtt-exporter]: 	 Payload: 37.0
INFO:[mqtt-exporter]:Payload 37.0
DEBUG:[mqtt-exporter]:Serial Data: 37.0
INFO:[mqtt-exporter]: [Topic: Temp] b'37.0'
DEBUG:[mqtt-exporter]: 	 Topic: Temp
DEBUG:[mqtt-exporter]: 	 Payload: 37.0
INFO:[mqtt-exporter]:Payload 37.0
DEBUG:[mqtt-exporter]:Serial Data: 37.0
INFO:[mqtt-exporter]: [Topic: Temp] b'37.0'
DEBUG:[mqtt-exporter]: 	 Topic: Temp
DEBUG:[mqtt-exporter]: 	 Payload: 37.0
INFO:[mqtt-exporter]:Payload 37.0
DEBUG:[mqtt-exporter]:Serial Data: 37.0
INFO:[mqtt-exporter]: [Topic: Temp] b'37.0'
DEBUG:[mqtt-exporter]: 	 Topic: Temp
DEBUG:[mqtt-exporter]: 	 Payload: 37.0
INFO:[mqtt-exporter]:Payload 37.0
DEBUG:[mqtt-exporter]:Serial Data: 37.0
INFO:[mqtt-exporter]: [Topic: Temp] b'37.0'
DEBUG:[mqtt-exporter]: 	 Topic: Temp
DEBUG:[mqtt-exporter]: 	 Payload: 37.0
INFO:[mqtt-exporter]:Payload 37.0
DEBUG:[mqtt-exporter]:Serial Data: 37.0
INFO:[mqtt-exporter]: [Topic: Temp] b'37.0'
DEBUG:[mqtt-exporter]: 	 Topic: Temp
DEBUG:[mqtt-exporter]: 	 Payload: 37.0
INFO:[mqtt-exporter]:Payload 37.0
DEBUG:[mqtt-exporter]:Serial Data: 37.0
INFO:[mqtt-exporter]: [Topic: Temp] b'37.0'
DEBUG:[mqtt-exporter]: 	 Topic: Temp
DEBUG:[mqtt-exporter]: 	 Payload: 37.0
INFO:[mqtt-exporter]:Payload 37.0
DEBUG:[mqtt-exporter]:Serial Data: 37.0
INFO:[mqtt-exporter]: [Topic: Temp] b'37.0'
DEBUG:[mqtt-exporter]: 	 Topic: Temp
DEBUG:[mqtt-exporter]: 	 Payload: 37.0
INFO:[mqtt-exporter]:Payload 37.0
DEBUG:[mqtt-exporter]:Serial Data: 37.0
INFO:[mqtt-exporter]: [Topic: Temp] b'37.0'
DEBUG:[mqtt-exporter]: 	 Topic: Temp
DEBUG:[mqtt-exporter]: 	 Payload: 37.0
INFO:[mqtt-exporter]:Payload 37.0
DEBUG:[mqtt-exporter]:Serial Data: 37.0
INFO:[mqtt-exporter]: [Topic: Temp] b'37.0'
DEBUG:[mqtt-exporter]: 	 Topic: Temp
DEBUG:[mqtt-exporter]: 	 Payload: 37.0
INFO:[mqtt-exporter]:Payload 37.0
DEBUG:[mqtt-exporter]:Serial Data: 37.0
INFO:[mqtt-exporter]: [Topic: Temp] b'37.0'
DEBUG:[mqtt-exporter]: 	 Topic: Temp
DEBUG:[mqtt-exporter]: 	 Payload: 37.0
INFO:[mqtt-exporter]:Payload 37.0
DEBUG:[mqtt-exporter]:Serial Data: 37.0
INFO:[mqtt-exporter]: [Topic: Temp] b'37.0'
DEBUG:[mqtt-exporter]: 	 Topic: Temp
DEBUG:[mqtt-exporter]: 	 Payload: 37.0
INFO:[mqtt-exporter]:Payload 37.0
DEBUG:[mqtt-exporter]:Serial Data: 37.0
INFO:[mqtt-exporter]: [Topic: Temp] b'37.0'
DEBUG:[mqtt-exporter]: 	 Topic: Temp
DEBUG:[mqtt-exporter]: 	 Payload: 37.0
INFO:[mqtt-exporter]:Payload 37.0
DEBUG:[mqtt-exporter]:Serial Data: 37.0
INFO:[mqtt-exporter]: [Topic: Temp] b'37.0'
DEBUG:[mqtt-exporter]: 	 Topic: Temp
DEBUG:[mqtt-exporter]: 	 Payload: 37.0
INFO:[mqtt-exporter]:Payload 37.0
DEBUG:[mqtt-exporter]:Serial Data: 37.0
INFO:[mqtt-exporter]: [Topic: Temp] b'37.0'
DEBUG:[mqtt-exporter]: 	 Topic: Temp
DEBUG:[mqtt-exporter]: 	 Payload: 37.0
INFO:[mqtt-exporter]:Payload 37.0
DEBUG:[mqtt-exporter]:Serial Data: 37.0
INFO:[mqtt-exporter]: [Topic: Temp] b'37.0'
DEBUG:[mqtt-exporter]: 	 Topic: Temp
DEBUG:[mqtt-exporter]: 	 Payload: 37.0
INFO:[mqtt-exporter]:Payload 37.0
DEBUG:[mqtt-exporter]:Serial Data: 37.0
INFO:[mqtt-exporter]: [Topic: Temp] b'37.0'
DEBUG:[mqtt-exporter]: 	 Topic: Temp
DEBUG:[mqtt-exporter]: 	 Payload: 37.0
INFO:[mqtt-exporter]:Payload 37.0
DEBUG:[mqtt-exporter]:Serial Data: 37.0
INFO:[mqtt-exporter]: [Topic: Temp] b'37.0'
DEBUG:[mqtt-exporter]: 	 Topic: Temp
DEBUG:[mqtt-exporter]: 	 Payload: 37.0
INFO:[mqtt-exporter]:Payload 37.0
DEBUG:[mqtt-exporter]:Serial Data: 37.0
INFO:[mqtt-exporter]: [Topic: Temp] b'37.0'
DEBUG:[mqtt-exporter]: 	 Topic: Temp
DEBUG:[mqtt-exporter]: 	 Payload: 37.0
INFO:[mqtt-exporter]:Payload 37.0
DEBUG:[mqtt-exporter]:Serial Data: 37.0
INFO:[mqtt-exporter]: [Topic: Temp] b'37.0'
DEBUG:[mqtt-exporter]: 	 Topic: Temp
DEBUG:[mqtt-exporter]: 	 Payload: 37.0
INFO:[mqtt-exporter]:Payload 37.0
DEBUG:[mqtt-exporter]:Serial Data: 37.0
INFO:[mqtt-exporter]: [Topic: Temp] b'37.0'
DEBUG:[mqtt-exporter]: 	 Topic: Temp
DEBUG:[mqtt-exporter]: 	 Payload: 37.0
INFO:[mqtt-exporter]:Payload 37.0
DEBUG:[mqtt-exporter]:Serial Data: 37.0
INFO:[mqtt-exporter]: [Topic: Temp] b'37.0'
DEBUG:[mqtt-exporter]: 	 Topic: Temp
DEBUG:[mqtt-exporter]: 	 Payload: 37.0
INFO:[mqtt-exporter]:Payload 37.0
DEBUG:[mqtt-exporter]:Serial Data: 37.0
INFO:[mqtt-exporter]: [Topic: Temp] b'37.0'
DEBUG:[mqtt-exporter]: 	 Topic: Temp
DEBUG:[mqtt-exporter]: 	 Payload: 37.0
INFO:[mqtt-exporter]:Payload 37.0
DEBUG:[mqtt-exporter]:Serial Data: 37.0
INFO:[mqtt-exporter]: [Topic: Temp] b'37.0'
DEBUG:[mqtt-exporter]: 	 Topic: Temp
DEBUG:[mqtt-exporter]: 	 Payload: 37.0
INFO:[mqtt-exporter]:Payload 37.0
DEBUG:[mqtt-exporter]:Serial Data: 37.0
INFO:[mqtt-exporter]: [Topic: Temp] b'37.0'
DEBUG:[mqtt-exporter]: 	 Topic: Temp
DEBUG:[mqtt-exporter]: 	 Payload: 37.0
INFO:[mqtt-exporter]:Payload 37.0
DEBUG:[mqtt-exporter]:Serial Data: 37.0
INFO:[mqtt-exporter]: [Topic: Temp] b'37.0'
DEBUG:[mqtt-exporter]: 	 Topic: Temp
DEBUG:[mqtt-exporter]: 	 Payload: 37.0
INFO:[mqtt-exporter]:Payload 37.0
DEBUG:[mqtt-exporter]:Serial Data: 37.0
INFO:[mqtt-exporter]: [Topic: Temp] b'37.0'
DEBUG:[mqtt-exporter]: 	 Topic: Temp
DEBUG:[mqtt-exporter]: 	 Payload: 37.0
INFO:[mqtt-exporter]:Payload 37.0
DEBUG:[mqtt-exporter]:Serial Data: 37.0
INFO:[mqtt-exporter]: [Topic: Temp] b'37.0'
DEBUG:[mqtt-exporter]: 	 Topic: Temp
DEBUG:[mqtt-exporter]: 	 Payload: 37.0
INFO:[mqtt-exporter]:Payload 37.0
DEBUG:[mqtt-exporter]:Serial Data: 37.0
INFO:[mqtt-exporter]: [Topic: Temp] b'37.0'
DEBUG:[mqtt-exporter]: 	 Topic: Temp
DEBUG:[mqtt-exporter]: 	 Payload: 37.0
INFO:[mqtt-exporter]:Payload 37.0
DEBUG:[mqtt-exporter]:Serial Data: 37.0
INFO:[mqtt-exporter]: [Topic: Temp] b'37.0'
DEBUG:[mqtt-exporter]: 	 Topic: Temp
DEBUG:[mqtt-exporter]: 	 Payload: 37.0
INFO:[mqtt-exporter]:Payload 37.0
DEBUG:[mqtt-exporter]:Serial Data: 37.0
INFO:[mqtt-exporter]: [Topic: Temp] b'37.0'
DEBUG:[mqtt-exporter]: 	 Topic: Temp
DEBUG:[mqtt-exporter]: 	 Payload: 37.0
INFO:[mqtt-exporter]:Payload 37.0
DEBUG:[mqtt-exporter]:Serial Data: 37.0
INFO:[mqtt-exporter]: [Topic: Temp] b'37.0'
DEBUG:[mqtt-exporter]: 	 Topic: Temp
DEBUG:[mqtt-exporter]: 	 Payload: 37.0
INFO:[mqtt-exporter]:Payload 37.0
DEBUG:[mqtt-exporter]:Serial Data: 37.0
INFO:[mqtt-exporter]: [Topic: Temp] b'37.0'
DEBUG:[mqtt-exporter]: 	 Topic: Temp
DEBUG:[mqtt-exporter]: 	 Payload: 37.0
INFO:[mqtt-exporter]:Payload 37.0
DEBUG:[mqtt-exporter]:Serial Data: 37.0
INFO:[mqtt-exporter]: [Topic: Temp] b'37.0'
DEBUG:[mqtt-exporter]: 	 Topic: Temp
DEBUG:[mqtt-exporter]: 	 Payload: 37.0
INFO:[mqtt-exporter]:Payload 37.0
DEBUG:[mqtt-exporter]:Serial Data: 37.0
INFO:[mqtt-exporter]: [Topic: Temp] b'37.0'
DEBUG:[mqtt-exporter]: 	 Topic: Temp
DEBUG:[mqtt-exporter]: 	 Payload: 37.0
INFO:[mqtt-exporter]:Payload 37.0
DEBUG:[mqtt-exporter]:Serial Data: 37.0
INFO:[mqtt-exporter]: [Topic: Temp] b'37.0'
DEBUG:[mqtt-exporter]: 	 Topic: Temp
DEBUG:[mqtt-exporter]: 	 Payload: 37.0
INFO:[mqtt-exporter]:Payload 37.0
DEBUG:[mqtt-exporter]:Serial Data: 37.0
INFO:[mqtt-exporter]: [Topic: Temp] b'37.0'
DEBUG:[mqtt-exporter]: 	 Topic: Temp
DEBUG:[mqtt-exporter]: 	 Payload: 37.0
INFO:[mqtt-exporter]:Payload 37.0
DEBUG:[mqtt-exporter]:Serial Data: 37.0
INFO:[mqtt-exporter]: [Topic: Temp] b'37.0'
DEBUG:[mqtt-exporter]: 	 Topic: Temp
DEBUG:[mqtt-exporter]: 	 Payload: 37.0
INFO:[mqtt-exporter]:Payload 37.0
DEBUG:[mqtt-exporter]:Serial Data: 37.0
INFO:[mqtt-exporter]: [Topic: Temp] b'37.0'
DEBUG:[mqtt-exporter]: 	 Topic: Temp
DEBUG:[mqtt-exporter]: 	 Payload: 37.0
INFO:[mqtt-exporter]:Payload 37.0
DEBUG:[mqtt-exporter]:Serial Data: 37.0
INFO:[mqtt-exporter]: [Topic: Temp] b'37.0'
DEBUG:[mqtt-exporter]: 	 Topic: Temp
DEBUG:[mqtt-exporter]: 	 Payload: 37.0
INFO:[mqtt-exporter]:Payload 37.0
DEBUG:[mqtt-exporter]:Serial Data: 37.0
INFO:[mqtt-exporter]: [Topic: Temp] b'37.0'
DEBUG:[mqtt-exporter]: 	 Topic: Temp
DEBUG:[mqtt-exporter]: 	 Payload: 37.0
INFO:[mqtt-exporter]:Payload 37.0
DEBUG:[mqtt-exporter]:Serial Data: 37.0
INFO:[mqtt-exporter]: [Topic: Temp] b'37.0'
DEBUG:[mqtt-exporter]: 	 Topic: Temp
DEBUG:[mqtt-exporter]: 	 Payload: 37.0
INFO:[mqtt-exporter]:Payload 37.0
DEBUG:[mqtt-exporter]:Serial Data: 37.0
INFO:[mqtt-exporter]: [Topic: Temp] b'37.0'
DEBUG:[mqtt-exporter]: 	 Topic: Temp
DEBUG:[mqtt-exporter]: 	 Payload: 37.0
INFO:[mqtt-exporter]:Payload 37.0
DEBUG:[mqtt-exporter]:Serial Data: 37.0
INFO:[mqtt-exporter]: [Topic: Temp] b'37.0'
DEBUG:[mqtt-exporter]: 	 Topic: Temp
DEBUG:[mqtt-exporter]: 	 Payload: 37.0
INFO:[mqtt-exporter]:Payload 37.0
DEBUG:[mqtt-exporter]:Serial Data: 37.0
INFO:[mqtt-exporter]: [Topic: Temp] b'37.0'
DEBUG:[mqtt-exporter]: 	 Topic: Temp
DEBUG:[mqtt-exporter]: 	 Payload: 37.0
INFO:[mqtt-exporter]:Payload 37.0
DEBUG:[mqtt-exporter]:Serial Data: 37.0
INFO:[mqtt-exporter]: [Topic: Temp] b'37.0'
DEBUG:[mqtt-exporter]: 	 Topic: Temp
DEBUG:[mqtt-exporter]: 	 Payload: 37.0
INFO:[mqtt-exporter]:Payload 37.0
DEBUG:[mqtt-exporter]:Serial Data: 37.0
INFO:[mqtt-exporter]: [Topic: Temp] b'37.0'
DEBUG:[mqtt-exporter]: 	 Topic: Temp
DEBUG:[mqtt-exporter]: 	 Payload: 37.0
INFO:[mqtt-exporter]:Payload 37.0
DEBUG:[mqtt-exporter]:Serial Data: 37.0
INFO:[mqtt-exporter]: [Topic: Temp] b'37.0'
DEBUG:[mqtt-exporter]: 	 Topic: Temp
DEBUG:[mqtt-exporter]: 	 Payload: 37.0
INFO:[mqtt-exporter]:Payload 37.0
DEBUG:[mqtt-exporter]:Serial Data: 37.0
INFO:[mqtt-exporter]: [Topic: Temp] b'37.0'
DEBUG:[mqtt-exporter]: 	 Topic: Temp
DEBUG:[mqtt-exporter]: 	 Payload: 37.0
INFO:[mqtt-exporter]:Payload 37.0
DEBUG:[mqtt-exporter]:Serial Data: 37.0
INFO:[mqtt-exporter]: [Topic: Temp] b'37.0'
DEBUG:[mqtt-exporter]: 	 Topic: Temp
DEBUG:[mqtt-exporter]: 	 Payload: 37.0
INFO:[mqtt-exporter]:Payload 37.0
DEBUG:[mqtt-exporter]:Serial Data: 37.0
INFO:[mqtt-exporter]: [Topic: Temp] b'37.0'
DEBUG:[mqtt-exporter]: 	 Topic: Temp
DEBUG:[mqtt-exporter]: 	 Payload: 37.0
INFO:[mqtt-exporter]:Payload 37.0
DEBUG:[mqtt-exporter]:Serial Data: 37.0
INFO:[mqtt-exporter]: [Topic: Temp] b'37.0'
DEBUG:[mqtt-exporter]: 	 Topic: Temp
DEBUG:[mqtt-exporter]: 	 Payload: 37.0
INFO:[mqtt-exporter]:Payload 37.0
DEBUG:[mqtt-exporter]:Serial Data: 37.0
INFO:[mqtt-exporter]: [Topic: Temp] b'37.0'
DEBUG:[mqtt-exporter]: 	 Topic: Temp
DEBUG:[mqtt-exporter]: 	 Payload: 37.0
INFO:[mqtt-exporter]:Payload 37.0
DEBUG:[mqtt-exporter]:Serial Data: 37.0
INFO:[mqtt-exporter]: [Topic: Temp] b'37.0'
DEBUG:[mqtt-exporter]: 	 Topic: Temp
DEBUG:[mqtt-exporter]: 	 Payload: 37.0
INFO:[mqtt-exporter]:Payload 37.0
DEBUG:[mqtt-exporter]:Serial Data: 37.0
INFO:[mqtt-exporter]: [Topic: Temp] b'37.0'
DEBUG:[mqtt-exporter]: 	 Topic: Temp
DEBUG:[mqtt-exporter]: 	 Payload: 37.0
INFO:[mqtt-exporter]:Payload 37.0
DEBUG:[mqtt-exporter]:Serial Data: 37.0
INFO:[mqtt-exporter]: [Topic: Temp] b'37.0'
DEBUG:[mqtt-exporter]: 	 Topic: Temp
DEBUG:[mqtt-exporter]: 	 Payload: 37.0
INFO:[mqtt-exporter]:Payload 37.0
DEBUG:[mqtt-exporter]:Serial Data: 37.0
INFO:[mqtt-exporter]: [Topic: Temp] b'37.0'
DEBUG:[mqtt-exporter]: 	 Topic: Temp
DEBUG:[mqtt-exporter]: 	 Payload: 37.0
INFO:[mqtt-exporter]:Payload 37.0
DEBUG:[mqtt-exporter]:Serial Data: 37.0
INFO:[mqtt-exporter]: [Topic: Temp] b'37.0'
DEBUG:[mqtt-exporter]: 	 Topic: Temp
DEBUG:[mqtt-exporter]: 	 Payload: 37.0
INFO:[mqtt-exporter]:Payload 37.0
DEBUG:[mqtt-exporter]:Serial Data: 37.0
INFO:[mqtt-exporter]: [Topic: Temp] b'37.0'
DEBUG:[mqtt-exporter]: 	 Topic: Temp
DEBUG:[mqtt-exporter]: 	 Payload: 37.0
INFO:[mqtt-exporter]:Payload 37.0
DEBUG:[mqtt-exporter]:Serial Data: 37.0
INFO:[mqtt-exporter]: [Topic: Temp] b'37.0'
DEBUG:[mqtt-exporter]: 	 Topic: Temp
DEBUG:[mqtt-exporter]: 	 Payload: 37.0
INFO:[mqtt-exporter]:Payload 37.0
DEBUG:[mqtt-exporter]:Serial Data: 37.0
INFO:[mqtt-exporter]: [Topic: Temp] b'37.0'
DEBUG:[mqtt-exporter]: 	 Topic: Temp
DEBUG:[mqtt-exporter]: 	 Payload: 37.0
INFO:[mqtt-exporter]:Payload 37.0
DEBUG:[mqtt-exporter]:Serial Data: 37.0
INFO:[mqtt-exporter]: [Topic: Temp] b'37.0'
DEBUG:[mqtt-exporter]: 	 Topic: Temp
DEBUG:[mqtt-exporter]: 	 Payload: 37.0
INFO:[mqtt-exporter]:Payload 37.0
DEBUG:[mqtt-exporter]:Serial Data: 37.0
INFO:[mqtt-exporter]: [Topic: Temp] b'37.0'
DEBUG:[mqtt-exporter]: 	 Topic: Temp
DEBUG:[mqtt-exporter]: 	 Payload: 37.0
INFO:[mqtt-exporter]:Payload 37.0
DEBUG:[mqtt-exporter]:Serial Data: 37.0
INFO:[mqtt-exporter]: [Topic: Temp] b'37.0'
DEBUG:[mqtt-exporter]: 	 Topic: Temp
DEBUG:[mqtt-exporter]: 	 Payload: 37.0
INFO:[mqtt-exporter]:Payload 37.0
DEBUG:[mqtt-exporter]:Serial Data: 37.0
INFO:[mqtt-exporter]: [Topic: Temp] b'37.0'
DEBUG:[mqtt-exporter]: 	 Topic: Temp
DEBUG:[mqtt-exporter]: 	 Payload: 37.0
INFO:[mqtt-exporter]:Payload 37.0
DEBUG:[mqtt-exporter]:Serial Data: 37.0
INFO:[mqtt-exporter]: [Topic: Temp] b'37.0'
DEBUG:[mqtt-exporter]: 	 Topic: Temp
DEBUG:[mqtt-exporter]: 	 Payload: 37.0
INFO:[mqtt-exporter]:Payload 37.0
DEBUG:[mqtt-exporter]:Serial Data: 37.0
INFO:[mqtt-exporter]: [Topic: Temp] b'37.0'
DEBUG:[mqtt-exporter]: 	 Topic: Temp
DEBUG:[mqtt-exporter]: 	 Payload: 37.0
INFO:[mqtt-exporter]:Payload 37.0
DEBUG:[mqtt-exporter]:Serial Data: 37.0
INFO:[mqtt-exporter]: [Topic: Temp] b'37.0'
DEBUG:[mqtt-exporter]: 	 Topic: Temp
DEBUG:[mqtt-exporter]: 	 Payload: 37.0
INFO:[mqtt-exporter]:Payload 37.0
DEBUG:[mqtt-exporter]:Serial Data: 37.0
INFO:[mqtt-exporter]: [Topic: Temp] b'37.0'
DEBUG:[mqtt-exporter]: 	 Topic: Temp
DEBUG:[mqtt-exporter]: 	 Payload: 37.0
INFO:[mqtt-exporter]:Payload 37.0
DEBUG:[mqtt-exporter]:Serial Data: 37.0
INFO:[mqtt-exporter]: [Topic: Temp] b'37.0'
DEBUG:[mqtt-exporter]: 	 Topic: Temp
DEBUG:[mqtt-exporter]: 	 Payload: 37.0
INFO:[mqtt-exporter]:Payload 37.0
DEBUG:[mqtt-exporter]:Serial Data: 37.0
INFO:[mqtt-exporter]: [Topic: Temp] b'37.0'
DEBUG:[mqtt-exporter]: 	 Topic: Temp
DEBUG:[mqtt-exporter]: 	 Payload: 37.0
INFO:[mqtt-exporter]:Payload 37.0
DEBUG:[mqtt-exporter]:Serial Data: 37.0
INFO:[mqtt-exporter]: [Topic: Temp] b'37.0'
DEBUG:[mqtt-exporter]: 	 Topic: Temp
DEBUG:[mqtt-exporter]: 	 Payload: 37.0
INFO:[mqtt-exporter]:Payload 37.0
DEBUG:[mqtt-exporter]:Serial Data: 37.0
INFO:[mqtt-exporter]: [Topic: Temp] b'37.0'
DEBUG:[mqtt-exporter]: 	 Topic: Temp
DEBUG:[mqtt-exporter]: 	 Payload: 37.0
INFO:[mqtt-exporter]:Payload 37.0
DEBUG:[mqtt-exporter]:Serial Data: 37.0
INFO:[mqtt-exporter]: [Topic: Temp] b'37.0'
DEBUG:[mqtt-exporter]: 	 Topic: Temp
DEBUG:[mqtt-exporter]: 	 Payload: 37.0
INFO:[mqtt-exporter]:Payload 37.0
DEBUG:[mqtt-exporter]:Serial Data: 37.0
INFO:[mqtt-exporter]: [Topic: Temp] b'37.0'
DEBUG:[mqtt-exporter]: 	 Topic: Temp
DEBUG:[mqtt-exporter]: 	 Payload: 37.0
INFO:[mqtt-exporter]:Payload 37.0
DEBUG:[mqtt-exporter]:Serial Data: 37.0
INFO:[mqtt-exporter]: [Topic: Temp] b'37.0'
DEBUG:[mqtt-exporter]: 	 Topic: Temp
DEBUG:[mqtt-exporter]: 	 Payload: 37.0
INFO:[mqtt-exporter]:Payload 37.0
DEBUG:[mqtt-exporter]:Serial Data: 37.0
INFO:[mqtt-exporter]: [Topic: Temp] b'37.0'
DEBUG:[mqtt-exporter]: 	 Topic: Temp
DEBUG:[mqtt-exporter]: 	 Payload: 37.0
INFO:[mqtt-exporter]:Payload 37.0
DEBUG:[mqtt-exporter]:Serial Data: 37.0
INFO:[mqtt-exporter]: [Topic: Temp] b'37.0'
DEBUG:[mqtt-exporter]: 	 Topic: Temp
DEBUG:[mqtt-exporter]: 	 Payload: 37.0
INFO:[mqtt-exporter]:Payload 37.0
DEBUG:[mqtt-exporter]:Serial Data: 37.0
INFO:[mqtt-exporter]: [Topic: Temp] b'37.0'
DEBUG:[mqtt-exporter]: 	 Topic: Temp
DEBUG:[mqtt-exporter]: 	 Payload: 37.0
INFO:[mqtt-exporter]:Payload 37.0
DEBUG:[mqtt-exporter]:Serial Data: 37.0
INFO:[mqtt-exporter]: [Topic: Temp] b'37.0'
DEBUG:[mqtt-exporter]: 	 Topic: Temp
DEBUG:[mqtt-exporter]: 	 Payload: 37.0
INFO:[mqtt-exporter]:Payload 37.0
DEBUG:[mqtt-exporter]:Serial Data: 37.0
INFO:[mqtt-exporter]: [Topic: Temp] b'37.0'
DEBUG:[mqtt-exporter]: 	 Topic: Temp
DEBUG:[mqtt-exporter]: 	 Payload: 37.0
INFO:[mqtt-exporter]:Payload 37.0
DEBUG:[mqtt-exporter]:Serial Data: 37.0
INFO:[mqtt-exporter]: [Topic: Temp] b'37.0'
DEBUG:[mqtt-exporter]: 	 Topic: Temp
DEBUG:[mqtt-exporter]: 	 Payload: 37.0
INFO:[mqtt-exporter]:Payload 37.0
DEBUG:[mqtt-exporter]:Serial Data: 37.0
INFO:[mqtt-exporter]: [Topic: Temp] b'37.0'
DEBUG:[mqtt-exporter]: 	 Topic: Temp
DEBUG:[mqtt-exporter]: 	 Payload: 37.0
INFO:[mqtt-exporter]:Payload 37.0
DEBUG:[mqtt-exporter]:Serial Data: 37.0
INFO:[mqtt-exporter]: [Topic: Temp] b'37.0'
DEBUG:[mqtt-exporter]: 	 Topic: Temp
DEBUG:[mqtt-exporter]: 	 Payload: 37.0
INFO:[mqtt-exporter]:Payload 37.0
DEBUG:[mqtt-exporter]:Serial Data: 37.0
INFO:[mqtt-exporter]: [Topic: Temp] b'37.0'
DEBUG:[mqtt-exporter]: 	 Topic: Temp
DEBUG:[mqtt-exporter]: 	 Payload: 37.0
INFO:[mqtt-exporter]:Payload 37.0
DEBUG:[mqtt-exporter]:Serial Data: 37.0
INFO:[mqtt-exporter]: [Topic: Temp] b'37.0'
DEBUG:[mqtt-exporter]: 	 Topic: Temp
DEBUG:[mqtt-exporter]: 	 Payload: 37.0
INFO:[mqtt-exporter]:Payload 37.0
DEBUG:[mqtt-exporter]:Serial Data: 37.0
INFO:[mqtt-exporter]: [Topic: Temp] b'37.0'
DEBUG:[mqtt-exporter]: 	 Topic: Temp
DEBUG:[mqtt-exporter]: 	 Payload: 37.0
INFO:[mqtt-exporter]:Payload 37.0
DEBUG:[mqtt-exporter]:Serial Data: 37.0
INFO:[mqtt-exporter]: [Topic: Temp] b'37.0'
DEBUG:[mqtt-exporter]: 	 Topic: Temp
DEBUG:[mqtt-exporter]: 	 Payload: 37.0
INFO:[mqtt-exporter]:Payload 37.0
DEBUG:[mqtt-exporter]:Serial Data: 37.0
INFO:[mqtt-exporter]: [Topic: Temp] b'37.0'
DEBUG:[mqtt-exporter]: 	 Topic: Temp
DEBUG:[mqtt-exporter]: 	 Payload: 37.0
INFO:[mqtt-exporter]:Payload 37.0
DEBUG:[mqtt-exporter]:Serial Data: 37.0
INFO:[mqtt-exporter]: [Topic: Temp] b'37.0'
DEBUG:[mqtt-exporter]: 	 Topic: Temp
DEBUG:[mqtt-exporter]: 	 Payload: 37.0
INFO:[mqtt-exporter]:Payload 37.0
DEBUG:[mqtt-exporter]:Serial Data: 37.0
INFO:[mqtt-exporter]: [Topic: Temp] b'37.0'
DEBUG:[mqtt-exporter]: 	 Topic: Temp
DEBUG:[mqtt-exporter]: 	 Payload: 37.0
INFO:[mqtt-exporter]:Payload 37.0
DEBUG:[mqtt-exporter]:Serial Data: 37.0
INFO:[mqtt-exporter]: [Topic: Temp] b'37.0'
DEBUG:[mqtt-exporter]: 	 Topic: Temp
DEBUG:[mqtt-exporter]: 	 Payload: 37.0
INFO:[mqtt-exporter]:Payload 37.0
DEBUG:[mqtt-exporter]:Serial Data: 37.0
INFO:[mqtt-exporter]: [Topic: Temp] b'37.0'
DEBUG:[mqtt-exporter]: 	 Topic: Temp
DEBUG:[mqtt-exporter]: 	 Payload: 37.0
INFO:[mqtt-exporter]:Payload 37.0
DEBUG:[mqtt-exporter]:Serial Data: 37.0
INFO:[mqtt-exporter]: [Topic: Temp] b'37.0'
DEBUG:[mqtt-exporter]: 	 Topic: Temp
DEBUG:[mqtt-exporter]: 	 Payload: 37.0
INFO:[mqtt-exporter]:Payload 37.0
DEBUG:[mqtt-exporter]:Serial Data: 37.0
INFO:[mqtt-exporter]: [Topic: Temp] b'37.0'
DEBUG:[mqtt-exporter]: 	 Topic: Temp
DEBUG:[mqtt-exporter]: 	 Payload: 37.0
INFO:[mqtt-exporter]:Payload 37.0
DEBUG:[mqtt-exporter]:Serial Data: 37.0
INFO:[mqtt-exporter]: [Topic: Temp] b'37.0'
DEBUG:[mqtt-exporter]: 	 Topic: Temp
DEBUG:[mqtt-exporter]: 	 Payload: 37.0
INFO:[mqtt-exporter]:Payload 37.0
DEBUG:[mqtt-exporter]:Serial Data: 37.0
INFO:[mqtt-exporter]: [Topic: Temp] b'37.0'
DEBUG:[mqtt-exporter]: 	 Topic: Temp
DEBUG:[mqtt-exporter]: 	 Payload: 37.0
INFO:[mqtt-exporter]:Payload 37.0
DEBUG:[mqtt-exporter]:Serial Data: 37.0
INFO:[mqtt-exporter]: [Topic: Temp] b'37.0'
DEBUG:[mqtt-exporter]: 	 Topic: Temp
DEBUG:[mqtt-exporter]: 	 Payload: 37.0
INFO:[mqtt-exporter]:Payload 37.0
DEBUG:[mqtt-exporter]:Serial Data: 37.0
INFO:[mqtt-exporter]: [Topic: Temp] b'37.0'
DEBUG:[mqtt-exporter]: 	 Topic: Temp
DEBUG:[mqtt-exporter]: 	 Payload: 37.0
INFO:[mqtt-exporter]:Payload 37.0
DEBUG:[mqtt-exporter]:Serial Data: 37.0
INFO:[mqtt-exporter]: [Topic: Temp] b'37.0'
DEBUG:[mqtt-exporter]: 	 Topic: Temp
DEBUG:[mqtt-exporter]: 	 Payload: 37.0
INFO:[mqtt-exporter]:Payload 37.0
DEBUG:[mqtt-exporter]:Serial Data: 37.0
INFO:[mqtt-exporter]: [Topic: Temp] b'37.0'
DEBUG:[mqtt-exporter]: 	 Topic: Temp
DEBUG:[mqtt-exporter]: 	 Payload: 37.0
INFO:[mqtt-exporter]:Payload 37.0
DEBUG:[mqtt-exporter]:Serial Data: 37.0
INFO:[mqtt-exporter]: [Topic: Temp] b'37.0'
DEBUG:[mqtt-exporter]: 	 Topic: Temp
DEBUG:[mqtt-exporter]: 	 Payload: 37.0
INFO:[mqtt-exporter]:Payload 37.0
DEBUG:[mqtt-exporter]:Serial Data: 37.0
INFO:[mqtt-exporter]: [Topic: Temp] b'37.0'
DEBUG:[mqtt-exporter]: 	 Topic: Temp
DEBUG:[mqtt-exporter]: 	 Payload: 37.0
INFO:[mqtt-exporter]:Payload 37.0
DEBUG:[mqtt-exporter]:Serial Data: 37.0
INFO:[mqtt-exporter]: [Topic: Temp] b'37.0'
DEBUG:[mqtt-exporter]: 	 Topic: Temp
DEBUG:[mqtt-exporter]: 	 Payload: 37.0
INFO:[mqtt-exporter]:Payload 37.0
DEBUG:[mqtt-exporter]:Serial Data: 37.0
INFO:[mqtt-exporter]: [Topic: Temp] b'37.0'
DEBUG:[mqtt-exporter]: 	 Topic: Temp
DEBUG:[mqtt-exporter]: 	 Payload: 37.0
INFO:[mqtt-exporter]:Payload 37.0
DEBUG:[mqtt-exporter]:Serial Data: 37.0
INFO:[mqtt-exporter]: [Topic: Temp] b'37.0'
DEBUG:[mqtt-exporter]: 	 Topic: Temp
DEBUG:[mqtt-exporter]: 	 Payload: 37.0
INFO:[mqtt-exporter]:Payload 37.0
DEBUG:[mqtt-exporter]:Serial Data: 37.0
INFO:[mqtt-exporter]: [Topic: Temp] b'37.0'
DEBUG:[mqtt-exporter]: 	 Topic: Temp
DEBUG:[mqtt-exporter]: 	 Payload: 37.0
INFO:[mqtt-exporter]:Payload 37.0
DEBUG:[mqtt-exporter]:Serial Data: 37.0
INFO:[mqtt-exporter]: [Topic: Temp] b'37.0'
DEBUG:[mqtt-exporter]: 	 Topic: Temp
DEBUG:[mqtt-exporter]: 	 Payload: 37.0
INFO:[mqtt-exporter]:Payload 37.0
DEBUG:[mqtt-exporter]:Serial Data: 37.0
INFO:[mqtt-exporter]: [Topic: Temp] b'37.0'
DEBUG:[mqtt-exporter]: 	 Topic: Temp
DEBUG:[mqtt-exporter]: 	 Payload: 37.0
INFO:[mqtt-exporter]:Payload 37.0
DEBUG:[mqtt-exporter]:Serial Data: 37.0
INFO:[mqtt-exporter]: [Topic: Temp] b'37.0'
DEBUG:[mqtt-exporter]: 	 Topic: Temp
DEBUG:[mqtt-exporter]: 	 Payload: 37.0
INFO:[mqtt-exporter]:Payload 37.0
DEBUG:[mqtt-exporter]:Serial Data: 37.0
INFO:[mqtt-exporter]: [Topic: Temp] b'37.0'
DEBUG:[mqtt-exporter]: 	 Topic: Temp
DEBUG:[mqtt-exporter]: 	 Payload: 37.0
INFO:[mqtt-exporter]:Payload 37.0
DEBUG:[mqtt-exporter]:Serial Data: 37.0
INFO:[mqtt-exporter]: [Topic: Temp] b'37.0'
DEBUG:[mqtt-exporter]: 	 Topic: Temp
DEBUG:[mqtt-exporter]: 	 Payload: 37.0
INFO:[mqtt-exporter]:Payload 37.0
DEBUG:[mqtt-exporter]:Serial Data: 37.0
INFO:[mqtt-exporter]: [Topic: Temp] b'37.0'
DEBUG:[mqtt-exporter]: 	 Topic: Temp
DEBUG:[mqtt-exporter]: 	 Payload: 37.0
INFO:[mqtt-exporter]:Payload 37.0
DEBUG:[mqtt-exporter]:Serial Data: 37.0
INFO:[mqtt-exporter]: [Topic: Temp] b'37.0'
DEBUG:[mqtt-exporter]: 	 Topic: Temp
DEBUG:[mqtt-exporter]: 	 Payload: 37.0
INFO:[mqtt-exporter]:Payload 37.0
DEBUG:[mqtt-exporter]:Serial Data: 37.0
INFO:[mqtt-exporter]: [Topic: Temp] b'37.0'
DEBUG:[mqtt-exporter]: 	 Topic: Temp
DEBUG:[mqtt-exporter]: 	 Payload: 37.0
INFO:[mqtt-exporter]:Payload 37.0
DEBUG:[mqtt-exporter]:Serial Data: 37.0
INFO:[mqtt-exporter]: [Topic: Temp] b'37.0'
DEBUG:[mqtt-exporter]: 	 Topic: Temp
DEBUG:[mqtt-exporter]: 	 Payload: 37.0
INFO:[mqtt-exporter]:Payload 37.0
DEBUG:[mqtt-exporter]:Serial Data: 37.0
INFO:[mqtt-exporter]: [Topic: Temp] b'37.0'
DEBUG:[mqtt-exporter]: 	 Topic: Temp
DEBUG:[mqtt-exporter]: 	 Payload: 37.0
INFO:[mqtt-exporter]:Payload 37.0
DEBUG:[mqtt-exporter]:Serial Data: 37.0
INFO:[mqtt-exporter]: [Topic: Temp] b'37.0'
DEBUG:[mqtt-exporter]: 	 Topic: Temp
DEBUG:[mqtt-exporter]: 	 Payload: 37.0
INFO:[mqtt-exporter]:Payload 37.0
DEBUG:[mqtt-exporter]:Serial Data: 37.0
INFO:[mqtt-exporter]: [Topic: Temp] b'37.0'
DEBUG:[mqtt-exporter]: 	 Topic: Temp
DEBUG:[mqtt-exporter]: 	 Payload: 37.0
INFO:[mqtt-exporter]:Payload 37.0
DEBUG:[mqtt-exporter]:Serial Data: 37.0
INFO:[mqtt-exporter]: [Topic: Temp] b'37.0'
DEBUG:[mqtt-exporter]: 	 Topic: Temp
DEBUG:[mqtt-exporter]: 	 Payload: 37.0
INFO:[mqtt-exporter]:Payload 37.0
DEBUG:[mqtt-exporter]:Serial Data: 37.0
INFO:[mqtt-exporter]: [Topic: Temp] b'37.0'
DEBUG:[mqtt-exporter]: 	 Topic: Temp
DEBUG:[mqtt-exporter]: 	 Payload: 37.0
INFO:[mqtt-exporter]:Payload 37.0
DEBUG:[mqtt-exporter]:Serial Data: 37.0
INFO:[mqtt-exporter]: [Topic: Temp] b'37.0'
DEBUG:[mqtt-exporter]: 	 Topic: Temp
DEBUG:[mqtt-exporter]: 	 Payload: 37.0
INFO:[mqtt-exporter]:Payload 37.0
DEBUG:[mqtt-exporter]:Serial Data: 37.0
INFO:[mqtt-exporter]: [Topic: Temp] b'37.0'
DEBUG:[mqtt-exporter]: 	 Topic: Temp
DEBUG:[mqtt-exporter]: 	 Payload: 37.0
INFO:[mqtt-exporter]:Payload 37.0
DEBUG:[mqtt-exporter]:Serial Data: 37.0
INFO:[mqtt-exporter]: [Topic: Temp] b'37.0'
DEBUG:[mqtt-exporter]: 	 Topic: Temp
DEBUG:[mqtt-exporter]: 	 Payload: 37.0
INFO:[mqtt-exporter]:Payload 37.0
DEBUG:[mqtt-exporter]:Serial Data: 37.0
INFO:[mqtt-exporter]: [Topic: Temp] b'37.0'
DEBUG:[mqtt-exporter]: 	 Topic: Temp
DEBUG:[mqtt-exporter]: 	 Payload: 37.0
INFO:[mqtt-exporter]:Payload 37.0
DEBUG:[mqtt-exporter]:Serial Data: 37.0
INFO:[mqtt-exporter]: [Topic: Temp] b'37.0'
DEBUG:[mqtt-exporter]: 	 Topic: Temp
DEBUG:[mqtt-exporter]: 	 Payload: 37.0
INFO:[mqtt-exporter]:Payload 37.0
DEBUG:[mqtt-exporter]:Serial Data: 37.0
INFO:[mqtt-exporter]: [Topic: Temp] b'37.0'
DEBUG:[mqtt-exporter]: 	 Topic: Temp
DEBUG:[mqtt-exporter]: 	 Payload: 37.0
INFO:[mqtt-exporter]:Payload 37.0
DEBUG:[mqtt-exporter]:Serial Data: 37.0
INFO:[mqtt-exporter]: [Topic: Temp] b'37.0'
DEBUG:[mqtt-exporter]: 	 Topic: Temp
DEBUG:[mqtt-exporter]: 	 Payload: 37.0
INFO:[mqtt-exporter]:Payload 37.0
DEBUG:[mqtt-exporter]:Serial Data: 37.0
INFO:[mqtt-exporter]: [Topic: Temp] b'37.0'
DEBUG:[mqtt-exporter]: 	 Topic: Temp
DEBUG:[mqtt-exporter]: 	 Payload: 37.0
INFO:[mqtt-exporter]:Payload 37.0
DEBUG:[mqtt-exporter]:Serial Data: 37.0
INFO:[mqtt-exporter]: [Topic: Temp] b'37.0'
DEBUG:[mqtt-exporter]: 	 Topic: Temp
DEBUG:[mqtt-exporter]: 	 Payload: 37.0
INFO:[mqtt-exporter]:Payload 37.0
DEBUG:[mqtt-exporter]:Serial Data: 37.0
INFO:[mqtt-exporter]: [Topic: Temp] b'37.0'
DEBUG:[mqtt-exporter]: 	 Topic: Temp
DEBUG:[mqtt-exporter]: 	 Payload: 37.0
INFO:[mqtt-exporter]:Payload 37.0
DEBUG:[mqtt-exporter]:Serial Data: 37.0
INFO:[mqtt-exporter]: [Topic: Temp] b'37.0'
DEBUG:[mqtt-exporter]: 	 Topic: Temp
DEBUG:[mqtt-exporter]: 	 Payload: 37.0
INFO:[mqtt-exporter]:Payload 37.0
DEBUG:[mqtt-exporter]:Serial Data: 37.0
INFO:[mqtt-exporter]: [Topic: Temp] b'37.0'
DEBUG:[mqtt-exporter]: 	 Topic: Temp
DEBUG:[mqtt-exporter]: 	 Payload: 37.0
INFO:[mqtt-exporter]:Payload 37.0
DEBUG:[mqtt-exporter]:Serial Data: 37.0
INFO:[mqtt-exporter]: [Topic: Temp] b'37.0'
DEBUG:[mqtt-exporter]: 	 Topic: Temp
DEBUG:[mqtt-exporter]: 	 Payload: 37.0
INFO:[mqtt-exporter]:Payload 37.0
DEBUG:[mqtt-exporter]:Serial Data: 37.0
INFO:[mqtt-exporter]: [Topic: Temp] b'37.0'
DEBUG:[mqtt-exporter]: 	 Topic: Temp
DEBUG:[mqtt-exporter]: 	 Payload: 37.0
INFO:[mqtt-exporter]:Payload 37.0
DEBUG:[mqtt-exporter]:Serial Data: 37.0
INFO:[mqtt-exporter]: [Topic: Temp] b'37.0'
DEBUG:[mqtt-exporter]: 	 Topic: Temp
DEBUG:[mqtt-exporter]: 	 Payload: 37.0
INFO:[mqtt-exporter]:Payload 37.0
DEBUG:[mqtt-exporter]:Serial Data: 37.0
INFO:[mqtt-exporter]: [Topic: Temp] b'37.0'
DEBUG:[mqtt-exporter]: 	 Topic: Temp
DEBUG:[mqtt-exporter]: 	 Payload: 37.0
INFO:[mqtt-exporter]:Payload 37.0
DEBUG:[mqtt-exporter]:Serial Data: 37.0
INFO:[mqtt-exporter]: [Topic: Temp] b'37.0'
DEBUG:[mqtt-exporter]: 	 Topic: Temp
DEBUG:[mqtt-exporter]: 	 Payload: 37.0
INFO:[mqtt-exporter]:Payload 37.0
DEBUG:[mqtt-exporter]:Serial Data: 37.0
INFO:[mqtt-exporter]: [Topic: Temp] b'37.0'
DEBUG:[mqtt-exporter]: 	 Topic: Temp
DEBUG:[mqtt-exporter]: 	 Payload: 37.0
INFO:[mqtt-exporter]:Payload 37.0
DEBUG:[mqtt-exporter]:Serial Data: 37.0
INFO:[mqtt-exporter]: [Topic: Temp] b'37.0'
DEBUG:[mqtt-exporter]: 	 Topic: Temp
DEBUG:[mqtt-exporter]: 	 Payload: 37.0
INFO:[mqtt-exporter]:Payload 37.0
DEBUG:[mqtt-exporter]:Serial Data: 37.0
INFO:[mqtt-exporter]: [Topic: Temp] b'37.0'
DEBUG:[mqtt-exporter]: 	 Topic: Temp
DEBUG:[mqtt-exporter]: 	 Payload: 37.0
INFO:[mqtt-exporter]:Payload 37.0
DEBUG:[mqtt-exporter]:Serial Data: 37.0
INFO:[mqtt-exporter]: [Topic: Temp] b'37.0'
DEBUG:[mqtt-exporter]: 	 Topic: Temp
DEBUG:[mqtt-exporter]: 	 Payload: 37.0
INFO:[mqtt-exporter]:Payload 37.0
DEBUG:[mqtt-exporter]:Serial Data: 37.0
INFO:[mqtt-exporter]: [Topic: Temp] b'37.0'
DEBUG:[mqtt-exporter]: 	 Topic: Temp
DEBUG:[mqtt-exporter]: 	 Payload: 37.0
INFO:[mqtt-exporter]:Payload 37.0
DEBUG:[mqtt-exporter]:Serial Data: 37.0
INFO:[mqtt-exporter]: [Topic: Temp] b'37.0'
DEBUG:[mqtt-exporter]: 	 Topic: Temp
DEBUG:[mqtt-exporter]: 	 Payload: 37.0
INFO:[mqtt-exporter]:Payload 37.0
DEBUG:[mqtt-exporter]:Serial Data: 37.0
INFO:[mqtt-exporter]: [Topic: Temp] b'37.0'
DEBUG:[mqtt-exporter]: 	 Topic: Temp
DEBUG:[mqtt-exporter]: 	 Payload: 37.0
INFO:[mqtt-exporter]:Payload 37.0
DEBUG:[mqtt-exporter]:Serial Data: 37.0
INFO:[mqtt-exporter]: [Topic: Temp] b'37.0'
DEBUG:[mqtt-exporter]: 	 Topic: Temp
DEBUG:[mqtt-exporter]: 	 Payload: 37.0
INFO:[mqtt-exporter]:Payload 37.0
DEBUG:[mqtt-exporter]:Serial Data: 37.0
INFO:[mqtt-exporter]: [Topic: Temp] b'37.0'
DEBUG:[mqtt-exporter]: 	 Topic: Temp
DEBUG:[mqtt-exporter]: 	 Payload: 37.0
INFO:[mqtt-exporter]:Payload 37.0
DEBUG:[mqtt-exporter]:Serial Data: 37.0
INFO:[mqtt-exporter]: [Topic: Temp] b'37.0'
DEBUG:[mqtt-exporter]: 	 Topic: Temp
DEBUG:[mqtt-exporter]: 	 Payload: 37.0
INFO:[mqtt-exporter]:Payload 37.0
DEBUG:[mqtt-exporter]:Serial Data: 37.0
INFO:[mqtt-exporter]: [Topic: Temp] b'37.0'
DEBUG:[mqtt-exporter]: 	 Topic: Temp
DEBUG:[mqtt-exporter]: 	 Payload: 37.0
INFO:[mqtt-exporter]:Payload 37.0
DEBUG:[mqtt-exporter]:Serial Data: 37.0
INFO:[mqtt-exporter]: [Topic: Temp] b'37.0'
DEBUG:[mqtt-exporter]: 	 Topic: Temp
DEBUG:[mqtt-exporter]: 	 Payload: 37.0
INFO:[mqtt-exporter]:Payload 37.0
DEBUG:[mqtt-exporter]:Serial Data: 37.0
INFO:[mqtt-exporter]: [Topic: Temp] b'37.0'
DEBUG:[mqtt-exporter]: 	 Topic: Temp
DEBUG:[mqtt-exporter]: 	 Payload: 37.0
INFO:[mqtt-exporter]:Payload 37.0
DEBUG:[mqtt-exporter]:Serial Data: 37.0
INFO:[mqtt-exporter]: [Topic: Temp] b'37.0'
DEBUG:[mqtt-exporter]: 	 Topic: Temp
DEBUG:[mqtt-exporter]: 	 Payload: 37.0
INFO:[mqtt-exporter]:Payload 37.0
DEBUG:[mqtt-exporter]:Serial Data: 37.0
INFO:[mqtt-exporter]: [Topic: Temp] b'37.0'
DEBUG:[mqtt-exporter]: 	 Topic: Temp
DEBUG:[mqtt-exporter]: 	 Payload: 37.0
INFO:[mqtt-exporter]:Payload 37.0
DEBUG:[mqtt-exporter]:Serial Data: 37.0
INFO:[mqtt-exporter]: [Topic: Temp] b'37.0'
DEBUG:[mqtt-exporter]: 	 Topic: Temp
DEBUG:[mqtt-exporter]: 	 Payload: 37.0
INFO:[mqtt-exporter]:Payload 37.0
DEBUG:[mqtt-exporter]:Serial Data: 37.0
INFO:[mqtt-exporter]: [Topic: Temp] b'37.0'
DEBUG:[mqtt-exporter]: 	 Topic: Temp
DEBUG:[mqtt-exporter]: 	 Payload: 37.0
INFO:[mqtt-exporter]:Payload 37.0
DEBUG:[mqtt-exporter]:Serial Data: 37.0
INFO:[mqtt-exporter]: [Topic: Temp] b'37.0'
DEBUG:[mqtt-exporter]: 	 Topic: Temp
DEBUG:[mqtt-exporter]: 	 Payload: 37.0
INFO:[mqtt-exporter]:Payload 37.0
DEBUG:[mqtt-exporter]:Serial Data: 37.0
INFO:[mqtt-exporter]: [Topic: Temp] b'37.0'
DEBUG:[mqtt-exporter]: 	 Topic: Temp
DEBUG:[mqtt-exporter]: 	 Payload: 37.0
INFO:[mqtt-exporter]:Payload 37.0
DEBUG:[mqtt-exporter]:Serial Data: 37.0
INFO:[mqtt-exporter]: [Topic: Temp] b'37.0'
DEBUG:[mqtt-exporter]: 	 Topic: Temp
DEBUG:[mqtt-exporter]: 	 Payload: 37.0
INFO:[mqtt-exporter]:Payload 37.0
DEBUG:[mqtt-exporter]:Serial Data: 37.0
INFO:[mqtt-exporter]: [Topic: Temp] b'37.0'
DEBUG:[mqtt-exporter]: 	 Topic: Temp
DEBUG:[mqtt-exporter]: 	 Payload: 37.0
INFO:[mqtt-exporter]:Payload 37.0
DEBUG:[mqtt-exporter]:Serial Data: 37.0
INFO:[mqtt-exporter]: [Topic: Temp] b'37.0'
DEBUG:[mqtt-exporter]: 	 Topic: Temp
DEBUG:[mqtt-exporter]: 	 Payload: 37.0
INFO:[mqtt-exporter]:Payload 37.0
DEBUG:[mqtt-exporter]:Serial Data: 37.0
INFO:[mqtt-exporter]: [Topic: Temp] b'37.0'
DEBUG:[mqtt-exporter]: 	 Topic: Temp
DEBUG:[mqtt-exporter]: 	 Payload: 37.0
INFO:[mqtt-exporter]:Payload 37.0
DEBUG:[mqtt-exporter]:Serial Data: 37.0
INFO:[mqtt-exporter]: [Topic: Temp] b'37.0'
DEBUG:[mqtt-exporter]: 	 Topic: Temp
DEBUG:[mqtt-exporter]: 	 Payload: 37.0
INFO:[mqtt-exporter]:Payload 37.0
DEBUG:[mqtt-exporter]:Serial Data: 37.0
INFO:[mqtt-exporter]: [Topic: Temp] b'37.0'
DEBUG:[mqtt-exporter]: 	 Topic: Temp
DEBUG:[mqtt-exporter]: 	 Payload: 37.0
INFO:[mqtt-exporter]:Payload 37.0
DEBUG:[mqtt-exporter]:Serial Data: 37.0
INFO:[mqtt-exporter]: [Topic: Temp] b'37.0'
DEBUG:[mqtt-exporter]: 	 Topic: Temp
DEBUG:[mqtt-exporter]: 	 Payload: 37.0
INFO:[mqtt-exporter]:Payload 37.0
DEBUG:[mqtt-exporter]:Serial Data: 37.0
INFO:[mqtt-exporter]: [Topic: Temp] b'37.0'
DEBUG:[mqtt-exporter]: 	 Topic: Temp
DEBUG:[mqtt-exporter]: 	 Payload: 37.0
INFO:[mqtt-exporter]:Payload 37.0
DEBUG:[mqtt-exporter]:Serial Data: 37.0
INFO:[mqtt-exporter]: [Topic: Temp] b'37.0'
DEBUG:[mqtt-exporter]: 	 Topic: Temp
DEBUG:[mqtt-exporter]: 	 Payload: 37.0
INFO:[mqtt-exporter]:Payload 37.0
DEBUG:[mqtt-exporter]:Serial Data: 37.0
INFO:[mqtt-exporter]: [Topic: Temp] b'37.0'
DEBUG:[mqtt-exporter]: 	 Topic: Temp
DEBUG:[mqtt-exporter]: 	 Payload: 37.0
INFO:[mqtt-exporter]:Payload 37.0
DEBUG:[mqtt-exporter]:Serial Data: 37.0
INFO:[mqtt-exporter]: [Topic: Temp] b'37.0'
DEBUG:[mqtt-exporter]: 	 Topic: Temp
DEBUG:[mqtt-exporter]: 	 Payload: 37.0
INFO:[mqtt-exporter]:Payload 37.0
DEBUG:[mqtt-exporter]:Serial Data: 37.0
INFO:[mqtt-exporter]: [Topic: Temp] b'37.0'
DEBUG:[mqtt-exporter]: 	 Topic: Temp
DEBUG:[mqtt-exporter]: 	 Payload: 37.0
INFO:[mqtt-exporter]:Payload 37.0
DEBUG:[mqtt-exporter]:Serial Data: 37.0
INFO:[mqtt-exporter]: [Topic: Temp] b'37.0'
DEBUG:[mqtt-exporter]: 	 Topic: Temp
DEBUG:[mqtt-exporter]: 	 Payload: 37.0
INFO:[mqtt-exporter]:Payload 37.0
DEBUG:[mqtt-exporter]:Serial Data: 37.0
INFO:[mqtt-exporter]: [Topic: Temp] b'37.0'
DEBUG:[mqtt-exporter]: 	 Topic: Temp
DEBUG:[mqtt-exporter]: 	 Payload: 37.0
INFO:[mqtt-exporter]:Payload 37.0
DEBUG:[mqtt-exporter]:Serial Data: 37.0
INFO:[mqtt-exporter]: [Topic: Temp] b'37.0'
DEBUG:[mqtt-exporter]: 	 Topic: Temp
DEBUG:[mqtt-exporter]: 	 Payload: 37.0
INFO:[mqtt-exporter]:Payload 37.0
DEBUG:[mqtt-exporter]:Serial Data: 37.0
INFO:[mqtt-exporter]: [Topic: Temp] b'37.0'
DEBUG:[mqtt-exporter]: 	 Topic: Temp
DEBUG:[mqtt-exporter]: 	 Payload: 37.0
INFO:[mqtt-exporter]:Payload 37.0
DEBUG:[mqtt-exporter]:Serial Data: 37.0
INFO:[mqtt-exporter]: [Topic: Temp] b'37.0'
DEBUG:[mqtt-exporter]: 	 Topic: Temp
DEBUG:[mqtt-exporter]: 	 Payload: 37.0
INFO:[mqtt-exporter]:Payload 37.0
DEBUG:[mqtt-exporter]:Serial Data: 37.0
INFO:[mqtt-exporter]: [Topic: Temp] b'37.0'
DEBUG:[mqtt-exporter]: 	 Topic: Temp
DEBUG:[mqtt-exporter]: 	 Payload: 37.0
INFO:[mqtt-exporter]:Payload 37.0
DEBUG:[mqtt-exporter]:Serial Data: 37.0
INFO:[mqtt-exporter]: [Topic: Temp] b'37.0'
DEBUG:[mqtt-exporter]: 	 Topic: Temp
DEBUG:[mqtt-exporter]: 	 Payload: 37.0
INFO:[mqtt-exporter]:Payload 37.0
DEBUG:[mqtt-exporter]:Serial Data: 37.0
INFO:[mqtt-exporter]: [Topic: Temp] b'37.0'
DEBUG:[mqtt-exporter]: 	 Topic: Temp
DEBUG:[mqtt-exporter]: 	 Payload: 37.0
INFO:[mqtt-exporter]:Payload 37.0
DEBUG:[mqtt-exporter]:Serial Data: 37.0
INFO:[mqtt-exporter]: [Topic: Temp] b'37.0'
DEBUG:[mqtt-exporter]: 	 Topic: Temp
DEBUG:[mqtt-exporter]: 	 Payload: 37.0
INFO:[mqtt-exporter]:Payload 37.0
DEBUG:[mqtt-exporter]:Serial Data: 37.0
INFO:[mqtt-exporter]: [Topic: Temp] b'37.0'
DEBUG:[mqtt-exporter]: 	 Topic: Temp
DEBUG:[mqtt-exporter]: 	 Payload: 37.0
INFO:[mqtt-exporter]:Payload 37.0
DEBUG:[mqtt-exporter]:Serial Data: 37.0
INFO:[mqtt-exporter]: [Topic: Temp] b'37.0'
DEBUG:[mqtt-exporter]: 	 Topic: Temp
DEBUG:[mqtt-exporter]: 	 Payload: 37.0
INFO:[mqtt-exporter]:Payload 37.0
DEBUG:[mqtt-exporter]:Serial Data: 37.0
INFO:[mqtt-exporter]: [Topic: Temp] b'37.0'
DEBUG:[mqtt-exporter]: 	 Topic: Temp
DEBUG:[mqtt-exporter]: 	 Payload: 37.0
INFO:[mqtt-exporter]:Payload 37.0
DEBUG:[mqtt-exporter]:Serial Data: 37.0
INFO:[mqtt-exporter]: [Topic: Temp] b'37.0'
DEBUG:[mqtt-exporter]: 	 Topic: Temp
DEBUG:[mqtt-exporter]: 	 Payload: 37.0
INFO:[mqtt-exporter]:Payload 37.0
DEBUG:[mqtt-exporter]:Serial Data: 37.0
INFO:[mqtt-exporter]: [Topic: Temp] b'37.0'
DEBUG:[mqtt-exporter]: 	 Topic: Temp
DEBUG:[mqtt-exporter]: 	 Payload: 37.0
INFO:[mqtt-exporter]:Payload 37.0
DEBUG:[mqtt-exporter]:Serial Data: 37.0
INFO:[mqtt-exporter]: [Topic: Temp] b'37.0'
DEBUG:[mqtt-exporter]: 	 Topic: Temp
DEBUG:[mqtt-exporter]: 	 Payload: 37.0
INFO:[mqtt-exporter]:Payload 37.0
DEBUG:[mqtt-exporter]:Serial Data: 37.0
INFO:[mqtt-exporter]: [Topic: Temp] b'37.0'
DEBUG:[mqtt-exporter]: 	 Topic: Temp
DEBUG:[mqtt-exporter]: 	 Payload: 37.0
INFO:[mqtt-exporter]:Payload 37.0
DEBUG:[mqtt-exporter]:Serial Data: 37.0
INFO:[mqtt-exporter]: [Topic: Temp] b'37.0'
DEBUG:[mqtt-exporter]: 	 Topic: Temp
DEBUG:[mqtt-exporter]: 	 Payload: 37.0
INFO:[mqtt-exporter]:Payload 37.0
DEBUG:[mqtt-exporter]:Serial Data: 37.0
INFO:[mqtt-exporter]: [Topic: Temp] b'37.0'
DEBUG:[mqtt-exporter]: 	 Topic: Temp
DEBUG:[mqtt-exporter]: 	 Payload: 37.0
INFO:[mqtt-exporter]:Payload 37.0
DEBUG:[mqtt-exporter]:Serial Data: 37.0
INFO:[mqtt-exporter]: [Topic: Temp] b'37.0'
DEBUG:[mqtt-exporter]: 	 Topic: Temp
DEBUG:[mqtt-exporter]: 	 Payload: 37.0
INFO:[mqtt-exporter]:Payload 37.0
DEBUG:[mqtt-exporter]:Serial Data: 37.0
INFO:[mqtt-exporter]: [Topic: Temp] b'37.0'
DEBUG:[mqtt-exporter]: 	 Topic: Temp
DEBUG:[mqtt-exporter]: 	 Payload: 37.0
INFO:[mqtt-exporter]:Payload 37.0
DEBUG:[mqtt-exporter]:Serial Data: 37.0
INFO:[mqtt-exporter]: [Topic: Temp] b'37.0'
DEBUG:[mqtt-exporter]: 	 Topic: Temp
DEBUG:[mqtt-exporter]: 	 Payload: 37.0
INFO:[mqtt-exporter]:Payload 37.0
INFO:[mqtt-exporter]:Created counter for message number
INFO:[mqtt-exporter]:Created gauge for temperature
DEBUG:[mqtt-exporter]: Connecting to Mosquitto container 
DEBUG:[mqtt-exporter]:Address: mosquitto
DEBUG:[mqtt-exporter]:Port: 1883
INFO:[mqtt-exporter]: Connected with result code: Success
INFO:[mqtt-exporter]:Serial Port /dev/ACM0 is opened
DEBUG:[mqtt-exporter]:Serial Data: [INFO: App       ]  Enviando temperatura interna en Celsius = 42
INFO:[mqtt-exporter]:Created counter for message number
INFO:[mqtt-exporter]:Created gauge for temperature
DEBUG:[mqtt-exporter]: Connecting to Mosquitto container 
DEBUG:[mqtt-exporter]:Address: mosquitto
DEBUG:[mqtt-exporter]:Port: 1883
INFO:[mqtt-exporter]: Connected with result code: Success
INFO:[mqtt-exporter]:Serial Port /dev/ACM0 is opened
DEBUG:[mqtt-exporter]:Serial Data: [INFO: App       ]  Enviando temperatura externa en Celsius = 27
INFO:[mqtt-exporter]:Created counter for message number
INFO:[mqtt-exporter]:Created gauge for temperature
DEBUG:[mqtt-exporter]: Connecting to Mosquitto container 
DEBUG:[mqtt-exporter]:Address: mosquitto
DEBUG:[mqtt-exporter]:Port: 1883
INFO:[mqtt-exporter]: Connected with result code: Success
INFO:[mqtt-exporter]:Serial Port /dev/ACM0 is opened
DEBUG:[mqtt-exporter]:Serial Data: [INFO: App       ]  Enviando temperatura externa en Celsius = 27
INFO:[mqtt-exporter]:Created counter for message number
INFO:[mqtt-exporter]:Created gauge for temperature
DEBUG:[mqtt-exporter]: Connecting to Mosquitto container 
DEBUG:[mqtt-exporter]:Address: mosquitto
DEBUG:[mqtt-exporter]:Port: 1883
INFO:[mqtt-exporter]: Connected with result code: Success
INFO:[mqtt-exporter]:Serial Port /dev/ACM0 is opened
DEBUG:[mqtt-exporter]:Serial Data: [INFO: App       ]  Enviando temperatura interna en Celsius = 42
INFO:[mqtt-exporter]:Created counter for message number
INFO:[mqtt-exporter]:Created gauge for temperature
DEBUG:[mqtt-exporter]: Connecting to Mosquitto container 
DEBUG:[mqtt-exporter]:Address: mosquitto
DEBUG:[mqtt-exporter]:Port: 1883
INFO:[mqtt-exporter]: Connected with result code: Success
INFO:[mqtt-exporter]:Serial Port /dev/ACM0 is opened
DEBUG:[mqtt-exporter]:Serial Data: [INFO: App       ]  Enviando temperatura externa en Celsius = 27
INFO:[mqtt-exporter]:Created counter for message number
INFO:[mqtt-exporter]:Created gauge for temperature
DEBUG:[mqtt-exporter]: Connecting to Mosquitto container 
DEBUG:[mqtt-exporter]:Address: mosquitto
DEBUG:[mqtt-exporter]:Port: 1883
INFO:[mqtt-exporter]: Connected with result code: Success
INFO:[mqtt-exporter]:Serial Port /dev/ACM0 is opened
DEBUG:[mqtt-exporter]:Serial Data: [INFO: App       ]  Enviando temperatura interna en Celsius = 42
INFO:[mqtt-exporter]:Created counter for message number
INFO:[mqtt-exporter]:Created gauge for temperature
DEBUG:[mqtt-exporter]: Connecting to Mosquitto container 
DEBUG:[mqtt-exporter]:Address: mosquitto
DEBUG:[mqtt-exporter]:Port: 1883
INFO:[mqtt-exporter]: Connected with result code: Success
INFO:[mqtt-exporter]:Serial Port /dev/ACM0 is opened
DEBUG:[mqtt-exporter]:Serial Data: [INFO: App       ]  Enviando temperatura externa en Celsius = 27
INFO:[mqtt-exporter]:Created counter for message number
INFO:[mqtt-exporter]:Created gauge for temperature
DEBUG:[mqtt-exporter]: Connecting to Mosquitto container 
DEBUG:[mqtt-exporter]:Address: mosquitto
DEBUG:[mqtt-exporter]:Port: 1883
INFO:[mqtt-exporter]: Connected with result code: Success
INFO:[mqtt-exporter]:Serial Port /dev/ACM0 is opened
DEBUG:[mqtt-exporter]:Serial Data: [INFO: App       ]  Enviando temperatura interna en Celsius = 42
INFO:[mqtt-exporter]:Created counter for message number
INFO:[mqtt-exporter]:Created gauge for temperature
DEBUG:[mqtt-exporter]: Connecting to Mosquitto container 
DEBUG:[mqtt-exporter]:Address: mosquitto
DEBUG:[mqtt-exporter]:Port: 1883
INFO:[mqtt-exporter]:Serial Port /dev/ACM0 is opened
INFO:[mqtt-exporter]: Connected with result code: Success
DEBUG:[mqtt-exporter]:Serial Data: [INFO: App       ]  Enviando temperatura externa en Celsius = 27
INFO:[mqtt-exporter]:Created counter for message number
INFO:[mqtt-exporter]:Created gauge for temperature
DEBUG:[mqtt-exporter]: Connecting to Mosquitto container 
DEBUG:[mqtt-exporter]:Address: mosquitto
DEBUG:[mqtt-exporter]:Port: 1883
INFO:[mqtt-exporter]: Connected with result code: Success
INFO:[mqtt-exporter]:Serial Port /dev/ACM0 is opened
DEBUG:[mqtt-exporter]:Serial Data: [INFO: App       ]  Enviando temperatura interna en Celsius = 42
INFO:[mqtt-exporter]:Created counter for message number
INFO:[mqtt-exporter]:Created gauge for temperature
DEBUG:[mqtt-exporter]: Connecting to Mosquitto container 
DEBUG:[mqtt-exporter]:Address: mosquitto
DEBUG:[mqtt-exporter]:Port: 1883
INFO:[mqtt-exporter]: Connected with result code: Success
INFO:[mqtt-exporter]:Serial Port /dev/ACM0 is opened
DEBUG:[mqtt-exporter]:Serial Data: [INFO: App       ]  Enviando temperatura externa en Celsius = 27
INFO:[mqtt-exporter]:Created counter for message number
INFO:[mqtt-exporter]:Created gauge for temperature
DEBUG:[mqtt-exporter]: Connecting to Mosquitto container 
DEBUG:[mqtt-exporter]:Address: mosquitto
DEBUG:[mqtt-exporter]:Port: 1883
INFO:[mqtt-exporter]: Connected with result code: Success
INFO:[mqtt-exporter]:Serial Port /dev/ACM0 is opened
DEBUG:[mqtt-exporter]:Serial Data: [INFO: App       ]  Enviando temperatura interna en Celsius = 42
INFO:[mqtt-exporter]:Created counter for message number
INFO:[mqtt-exporter]:Created gauge for temperature
DEBUG:[mqtt-exporter]: Connecting to Mosquitto container 
DEBUG:[mqtt-exporter]:Address: mosquitto
DEBUG:[mqtt-exporter]:Port: 1883
INFO:[mqtt-exporter]: Connected with result code: Success
INFO:[mqtt-exporter]:Serial Port /dev/ACM0 is opened
DEBUG:[mqtt-exporter]:Serial Data: [INFO: App       ]  Enviando temperatura externa en Celsius = 27
INFO:[mqtt-exporter]:Created counter for message number
INFO:[mqtt-exporter]:Created gauge for temperature
DEBUG:[mqtt-exporter]: Connecting to Mosquitto container 
DEBUG:[mqtt-exporter]:Address: mosquitto
DEBUG:[mqtt-exporter]:Port: 1883
INFO:[mqtt-exporter]: Connected with result code: Success
INFO:[mqtt-exporter]:Serial Port /dev/ACM0 is opened
DEBUG:[mqtt-exporter]:Serial Data: [INFO: App       ]  Enviando temperatura interna en Celsius = 42
INFO:[mqtt-exporter]:Created counter for message number
INFO:[mqtt-exporter]:Created gauge for temperature
DEBUG:[mqtt-exporter]: Connecting to Mosquitto container 
DEBUG:[mqtt-exporter]:Address: mosquitto
DEBUG:[mqtt-exporter]:Port: 1883
INFO:[mqtt-exporter]: Connected with result code: Success
INFO:[mqtt-exporter]:Serial Port /dev/ACM0 is opened
DEBUG:[mqtt-exporter]:Serial Data: [INFO: App       ]  Tx/Rx/MissedTx: 160/159/0
INFO:[mqtt-exporter]:Created counter for message number
INFO:[mqtt-exporter]:Created gauge for temperature
DEBUG:[mqtt-exporter]: Connecting to Mosquitto container 
DEBUG:[mqtt-exporter]:Address: mosquitto
DEBUG:[mqtt-exporter]:Port: 1883
INFO:[mqtt-exporter]: Connected with result code: Success
INFO:[mqtt-exporter]:Serial Port /dev/ACM0 is opened
DEBUG:[mqtt-exporter]:Serial Data: [INFO: App       ]  Enviando temperatura interna en Celsius = 42
INFO:[mqtt-exporter]:Created counter for message number
INFO:[mqtt-exporter]:Created gauge for temperature
DEBUG:[mqtt-exporter]: Connecting to Mosquitto container 
DEBUG:[mqtt-exporter]:Address: mosquitto
DEBUG:[mqtt-exporter]:Port: 1883
INFO:[mqtt-exporter]: Connected with result code: Success
INFO:[mqtt-exporter]:Serial Port /dev/ACM0 is opened
INFO:[mqtt-exporter]:Created counter for message number
INFO:[mqtt-exporter]:Created gauge for temperature
DEBUG:[mqtt-exporter]: Connecting to Mosquitto container 
DEBUG:[mqtt-exporter]:Address: mosquitto
DEBUG:[mqtt-exporter]:Port: 1883
INFO:[mqtt-exporter]: Connected with result code: Success
INFO:[mqtt-exporter]:Serial Port /dev/ACM0 is opened
INFO:[mqtt-exporter]:Created counter for message number
INFO:[mqtt-exporter]:Created gauge for temperature
DEBUG:[mqtt-exporter]: Connecting to Mosquitto container 
DEBUG:[mqtt-exporter]:Address: mosquitto
DEBUG:[mqtt-exporter]:Port: 1883
INFO:[mqtt-exporter]: Connected with result code: Success
INFO:[mqtt-exporter]:Serial Port /dev/ACM0 is opened
INFO:[mqtt-exporter]:Created counter for message number
INFO:[mqtt-exporter]:Created gauge for temperature
DEBUG:[mqtt-exporter]: Connecting to Mosquitto container 
DEBUG:[mqtt-exporter]:Address: mosquitto
DEBUG:[mqtt-exporter]:Port: 1883
INFO:[mqtt-exporter]: Connected with result code: Success
INFO:[mqtt-exporter]:Serial Port /dev/ACM0 is opened
INFO:[mqtt-exporter]:Created counter for message number
INFO:[mqtt-exporter]:Created gauge for temperature
DEBUG:[mqtt-exporter]: Connecting to Mosquitto container 
DEBUG:[mqtt-exporter]:Address: mosquitto
DEBUG:[mqtt-exporter]:Port: 1883
INFO:[mqtt-exporter]: Connected with result code: Success
INFO:[mqtt-exporter]:Serial Port /dev/ACM0 is opened
DEBUG:[mqtt-exporter]:Serial Data: [INFO: App       ]  Enviando temperatura externa en Celsius = 27
INFO:[mqtt-exporter]:Created counter for message number
INFO:[mqtt-exporter]:Created gauge for temperature
DEBUG:[mqtt-exporter]: Connecting to Mosquitto container 
DEBUG:[mqtt-exporter]:Address: mosquitto
DEBUG:[mqtt-exporter]:Port: 1883
INFO:[mqtt-exporter]: Connected with result code: Success
INFO:[mqtt-exporter]:Serial Port /dev/ACM0 is opened
DEBUG:[mqtt-exporter]:Serial Data: [INFO: App       ]  Enviando temperatura interna en Celsius = 42
INFO:[mqtt-exporter]:Created counter for message number
INFO:[mqtt-exporter]:Created gauge for temperature
DEBUG:[mqtt-exporter]: Connecting to Mosquitto container 
DEBUG:[mqtt-exporter]:Address: mosquitto
DEBUG:[mqtt-exporter]:Port: 1883
INFO:[mqtt-exporter]: Connected with result code: Success
INFO:[mqtt-exporter]:Serial Port /dev/ACM0 is opened
DEBUG:[mqtt-exporter]:Serial Data: [INFO: App       ]  Enviando temperatura externa en Celsius = 27
INFO:[mqtt-exporter]:Created counter for message number
INFO:[mqtt-exporter]:Created gauge for temperature
DEBUG:[mqtt-exporter]: Connecting to Mosquitto container 
DEBUG:[mqtt-exporter]:Address: mosquitto
DEBUG:[mqtt-exporter]:Port: 1883
INFO:[mqtt-exporter]: Connected with result code: Success
INFO:[mqtt-exporter]:Serial Port /dev/ACM0 is opened
DEBUG:[mqtt-exporter]:Serial Data: [INFO: App       ]  Enviando temperatura interna en Celsius = 42
INFO:[mqtt-exporter]:Created counter for message number
INFO:[mqtt-exporter]:Created gauge for temperature
DEBUG:[mqtt-exporter]: Connecting to Mosquitto container 
DEBUG:[mqtt-exporter]:Address: mosquitto
DEBUG:[mqtt-exporter]:Port: 1883
INFO:[mqtt-exporter]: Connected with result code: Success
INFO:[mqtt-exporter]:Serial Port /dev/ACM0 is opened
DEBUG:[mqtt-exporter]:Serial Data: [INFO: App       ]  Enviando temperatura externa en Celsius = 27
INFO:[mqtt-exporter]:Created counter for message number
INFO:[mqtt-exporter]:Created gauge for temperature
DEBUG:[mqtt-exporter]: Connecting to Mosquitto container 
DEBUG:[mqtt-exporter]:Address: mosquitto
DEBUG:[mqtt-exporter]:Port: 1883
INFO:[mqtt-exporter]: Connected with result code: Success
INFO:[mqtt-exporter]:Serial Port /dev/ACM0 is opened
DEBUG:[mqtt-exporter]:Serial Data: [INFO: App       ]  Enviando temperatura interna en Celsius = 42
INFO:[mqtt-exporter]:Created counter for message number
INFO:[mqtt-exporter]:Created gauge for temperature
DEBUG:[mqtt-exporter]: Connecting to Mosquitto container 
DEBUG:[mqtt-exporter]:Address: mosquitto
DEBUG:[mqtt-exporter]:Port: 1883
INFO:[mqtt-exporter]: Connected with result code: Success
INFO:[mqtt-exporter]:Serial Port /dev/ACM0 is opened
INFO:[mqtt-exporter]:Created counter for message number
INFO:[mqtt-exporter]:Created gauge for temperature
DEBUG:[mqtt-exporter]: Connecting to Mosquitto container 
DEBUG:[mqtt-exporter]:Address: mosquitto
DEBUG:[mqtt-exporter]:Port: 1883
INFO:[mqtt-exporter]: Connected with result code: Success
INFO:[mqtt-exporter]:Serial Port /dev/ACM0 is opened
DEBUG:[mqtt-exporter]:Serial Data: [INFO: App       ]  Not reachable yet
INFO:[mqtt-exporter]:Created counter for message number
INFO:[mqtt-exporter]:Created gauge for temperature
DEBUG:[mqtt-exporter]: Connecting to Mosquitto container 
DEBUG:[mqtt-exporter]:Address: mosquitto
DEBUG:[mqtt-exporter]:Port: 1883
INFO:[mqtt-exporter]: Connected with result code: Success
INFO:[mqtt-exporter]:Serial Port /dev/ACM0 is opened
DEBUG:[mqtt-exporter]:Serial Data: [INFO: App       ]  Not reachable yet
INFO:[mqtt-exporter]:Created counter for message number
INFO:[mqtt-exporter]:Created gauge for temperature
DEBUG:[mqtt-exporter]: Connecting to Mosquitto container 
DEBUG:[mqtt-exporter]:Address: mosquitto
DEBUG:[mqtt-exporter]:Port: 1883
INFO:[mqtt-exporter]: Connected with result code: Success
INFO:[mqtt-exporter]:Serial Port /dev/ACM0 is opened
DEBUG:[mqtt-exporter]:Serial Data: [INFO: App       ]  Not reachable yet
INFO:[mqtt-exporter]:Created counter for message number
INFO:[mqtt-exporter]:Created gauge for temperature
DEBUG:[mqtt-exporter]: Connecting to Mosquitto container 
DEBUG:[mqtt-exporter]:Address: mosquitto
DEBUG:[mqtt-exporter]:Port: 1883
INFO:[mqtt-exporter]: Connected with result code: Success
INFO:[mqtt-exporter]:Serial Port /dev/ACM0 is opened
DEBUG:[mqtt-exporter]:Serial Data: [INFO: App       ]  Not reachable yet
INFO:[mqtt-exporter]:Created counter for message number
INFO:[mqtt-exporter]:Created gauge for temperature
DEBUG:[mqtt-exporter]: Connecting to Mosquitto container 
DEBUG:[mqtt-exporter]:Address: mosquitto
DEBUG:[mqtt-exporter]:Port: 1883
INFO:[mqtt-exporter]: Connected with result code: Success
INFO:[mqtt-exporter]:Serial Port /dev/ACM0 is opened
DEBUG:[mqtt-exporter]:Serial Data: [INFO: App       ]  Not reachable yet
INFO:[mqtt-exporter]:Created counter for message number
INFO:[mqtt-exporter]:Created gauge for temperature
DEBUG:[mqtt-exporter]: Connecting to Mosquitto container 
DEBUG:[mqtt-exporter]:Address: mosquitto
DEBUG:[mqtt-exporter]:Port: 1883
INFO:[mqtt-exporter]: Connected with result code: Success
INFO:[mqtt-exporter]:Serial Port /dev/ACM0 is opened
DEBUG:[mqtt-exporter]:Serial Data: [INFO: App       ]  Not reachable yet
INFO:[mqtt-exporter]:Created counter for message number
INFO:[mqtt-exporter]:Created gauge for temperature
DEBUG:[mqtt-exporter]: Connecting to Mosquitto container 
DEBUG:[mqtt-exporter]:Address: mosquitto
DEBUG:[mqtt-exporter]:Port: 1883
INFO:[mqtt-exporter]: Connected with result code: Success
INFO:[mqtt-exporter]:Serial Port /dev/ACM0 is opened
DEBUG:[mqtt-exporter]:Serial Data: [INFO: App       ]  Not reachable yet
INFO:[mqtt-exporter]:Created counter for message number
INFO:[mqtt-exporter]:Created gauge for temperature
DEBUG:[mqtt-exporter]: Connecting to Mosquitto container 
DEBUG:[mqtt-exporter]:Address: mosquitto
DEBUG:[mqtt-exporter]:Port: 1883
INFO:[mqtt-exporter]: Connected with result code: Success
INFO:[mqtt-exporter]:Serial Port /dev/ACM0 is opened
DEBUG:[mqtt-exporter]:Serial Data: [INFO: App       ]  Not reachable yet
INFO:[mqtt-exporter]:Created counter for message number
INFO:[mqtt-exporter]:Created gauge for temperature
DEBUG:[mqtt-exporter]: Connecting to Mosquitto container 
DEBUG:[mqtt-exporter]:Address: mosquitto
DEBUG:[mqtt-exporter]:Port: 1883
INFO:[mqtt-exporter]: Connected with result code: Success
INFO:[mqtt-exporter]:Serial Port /dev/ACM0 is opened
DEBUG:[mqtt-exporter]:Serial Data: [INFO: App       ]  Not reachable yet
INFO:[mqtt-exporter]:Created counter for message number
INFO:[mqtt-exporter]:Created gauge for temperature
DEBUG:[mqtt-exporter]: Connecting to Mosquitto container 
DEBUG:[mqtt-exporter]:Address: mosquitto
DEBUG:[mqtt-exporter]:Port: 1883
INFO:[mqtt-exporter]: Connected with result code: Success
INFO:[mqtt-exporter]:Serial Port /dev/ACM0 is opened
DEBUG:[mqtt-exporter]:Serial Data: [INFO: App       ]  Not reachable yet
INFO:[mqtt-exporter]:Created counter for message number
INFO:[mqtt-exporter]:Created gauge for temperature
DEBUG:[mqtt-exporter]: Connecting to Mosquitto container 
DEBUG:[mqtt-exporter]:Address: mosquitto
DEBUG:[mqtt-exporter]:Port: 1883
INFO:[mqtt-exporter]: Connected with result code: Success
INFO:[mqtt-exporter]:Serial Port /dev/ACM0 is opened
DEBUG:[mqtt-exporter]:Serial Data: [INFO: App       ]  Not reachable yet
INFO:[mqtt-exporter]:Created counter for message number
INFO:[mqtt-exporter]:Created gauge for temperature
DEBUG:[mqtt-exporter]: Connecting to Mosquitto container 
DEBUG:[mqtt-exporter]:Address: mosquitto
DEBUG:[mqtt-exporter]:Port: 1883
INFO:[mqtt-exporter]: Connected with result code: Success
INFO:[mqtt-exporter]:Serial Port /dev/ACM0 is opened
DEBUG:[mqtt-exporter]:Serial Data: [INFO: App       ]  Not reachable yet
INFO:[mqtt-exporter]:Created counter for message number
INFO:[mqtt-exporter]:Created gauge for temperature
DEBUG:[mqtt-exporter]: Connecting to Mosquitto container 
DEBUG:[mqtt-exporter]:Address: mosquitto
DEBUG:[mqtt-exporter]:Port: 1883
INFO:[mqtt-exporter]: Connected with result code: Success
INFO:[mqtt-exporter]:Serial Port /dev/ACM0 is opened
DEBUG:[mqtt-exporter]:Serial Data: [INFO: App       ]  Not reachable yet
INFO:[mqtt-exporter]:Created counter for message number
INFO:[mqtt-exporter]:Created gauge for temperature
DEBUG:[mqtt-exporter]: Connecting to Mosquitto container 
DEBUG:[mqtt-exporter]:Address: mosquitto
DEBUG:[mqtt-exporter]:Port: 1883
INFO:[mqtt-exporter]: Connected with result code: Success
INFO:[mqtt-exporter]:Serial Port /dev/ACM0 is opened
DEBUG:[mqtt-exporter]:Serial Data: [INFO: App       ]  Not reachable yet
INFO:[mqtt-exporter]:Created counter for message number
INFO:[mqtt-exporter]:Created gauge for temperature
DEBUG:[mqtt-exporter]: Connecting to Mosquitto container 
DEBUG:[mqtt-exporter]:Address: mosquitto
DEBUG:[mqtt-exporter]:Port: 1883
INFO:[mqtt-exporter]: Connected with result code: Success
INFO:[mqtt-exporter]:Serial Port /dev/ACM0 is opened
DEBUG:[mqtt-exporter]:Serial Data: [INFO: App       ]  Not reachable yet
INFO:[mqtt-exporter]:Created counter for message number
INFO:[mqtt-exporter]:Created gauge for temperature
DEBUG:[mqtt-exporter]: Connecting to Mosquitto container 
DEBUG:[mqtt-exporter]:Address: mosquitto
DEBUG:[mqtt-exporter]:Port: 1883
INFO:[mqtt-exporter]: Connected with result code: Success
INFO:[mqtt-exporter]:Serial Port /dev/ACM0 is opened
DEBUG:[mqtt-exporter]:Serial Data: [INFO: App       ]  Not reachable yet
INFO:[mqtt-exporter]:Created counter for message number
INFO:[mqtt-exporter]:Created gauge for temperature
DEBUG:[mqtt-exporter]: Connecting to Mosquitto container 
DEBUG:[mqtt-exporter]:Address: mosquitto
DEBUG:[mqtt-exporter]:Port: 1883
INFO:[mqtt-exporter]: Connected with result code: Success
INFO:[mqtt-exporter]:Serial Port /dev/ACM0 is opened
DEBUG:[mqtt-exporter]:Serial Data: [INFO: App       ]  Not reachable yet
INFO:[mqtt-exporter]:Created counter for message number
INFO:[mqtt-exporter]:Created gauge for temperature
DEBUG:[mqtt-exporter]: Connecting to Mosquitto container 
DEBUG:[mqtt-exporter]:Address: mosquitto
DEBUG:[mqtt-exporter]:Port: 1883
INFO:[mqtt-exporter]: Connected with result code: Success
INFO:[mqtt-exporter]:Serial Port /dev/ACM0 is opened
DEBUG:[mqtt-exporter]:Serial Data: [INFO: App       ]  Not reachable yet
INFO:[mqtt-exporter]:Created counter for message number
INFO:[mqtt-exporter]:Created gauge for temperature
DEBUG:[mqtt-exporter]: Connecting to Mosquitto container 
DEBUG:[mqtt-exporter]:Address: mosquitto
DEBUG:[mqtt-exporter]:Port: 1883
INFO:[mqtt-exporter]: Connected with result code: Success
INFO:[mqtt-exporter]:Serial Port /dev/ACM0 is opened
DEBUG:[mqtt-exporter]:Serial Data: [INFO: App       ]  Not reachable yet
INFO:[mqtt-exporter]:Created counter for message number
INFO:[mqtt-exporter]:Created gauge for temperature
DEBUG:[mqtt-exporter]: Connecting to Mosquitto container 
DEBUG:[mqtt-exporter]:Address: mosquitto
DEBUG:[mqtt-exporter]:Port: 1883
INFO:[mqtt-exporter]: Connected with result code: Success
INFO:[mqtt-exporter]:Serial Port /dev/ACM0 is opened
DEBUG:[mqtt-exporter]:Serial Data: [INFO: App       ]  Not reachable yet
INFO:[mqtt-exporter]:Created counter for message number
INFO:[mqtt-exporter]:Created gauge for temperature
DEBUG:[mqtt-exporter]: Connecting to Mosquitto container 
DEBUG:[mqtt-exporter]:Address: mosquitto
DEBUG:[mqtt-exporter]:Port: 1883
INFO:[mqtt-exporter]: Connected with result code: Success
INFO:[mqtt-exporter]:Serial Port /dev/ACM0 is opened
DEBUG:[mqtt-exporter]:Serial Data: [INFO: App       ]  Not reachable yet
INFO:[mqtt-exporter]:Created counter for message number
INFO:[mqtt-exporter]:Created gauge for temperature
DEBUG:[mqtt-exporter]: Connecting to Mosquitto container 
DEBUG:[mqtt-exporter]:Address: mosquitto
DEBUG:[mqtt-exporter]:Port: 1883
INFO:[mqtt-exporter]: Connected with result code: Success
INFO:[mqtt-exporter]:Serial Port /dev/ACM0 is opened
DEBUG:[mqtt-exporter]:Serial Data: [INFO: App       ]  Not reachable yet
INFO:[mqtt-exporter]:Created counter for message number
INFO:[mqtt-exporter]:Created gauge for temperature
DEBUG:[mqtt-exporter]: Connecting to Mosquitto container 
DEBUG:[mqtt-exporter]:Address: mosquitto
DEBUG:[mqtt-exporter]:Port: 1883
INFO:[mqtt-exporter]: Connected with result code: Success
INFO:[mqtt-exporter]:Serial Port /dev/ACM0 is opened
DEBUG:[mqtt-exporter]:Serial Data: [INFO: App       ]  Not reachable yet
INFO:[mqtt-exporter]:Created counter for message number
INFO:[mqtt-exporter]:Created gauge for temperature
DEBUG:[mqtt-exporter]: Connecting to Mosquitto container 
DEBUG:[mqtt-exporter]:Address: mosquitto
DEBUG:[mqtt-exporter]:Port: 1883
INFO:[mqtt-exporter]: Connected with result code: Success
INFO:[mqtt-exporter]:Serial Port /dev/ACM0 is opened
DEBUG:[mqtt-exporter]:Serial Data: [INFO: App       ]  Not reachable yet
INFO:[mqtt-exporter]:Created counter for message number
INFO:[mqtt-exporter]:Created gauge for temperature
DEBUG:[mqtt-exporter]: Connecting to Mosquitto container 
DEBUG:[mqtt-exporter]:Address: mosquitto
DEBUG:[mqtt-exporter]:Port: 1883
INFO:[mqtt-exporter]: Connected with result code: Success
INFO:[mqtt-exporter]:Serial Port /dev/ACM0 is opened
DEBUG:[mqtt-exporter]:Serial Data: [INFO: App       ]  Not reachable yet
INFO:[mqtt-exporter]:Created counter for message number
INFO:[mqtt-exporter]:Created gauge for temperature
DEBUG:[mqtt-exporter]: Connecting to Mosquitto container 
DEBUG:[mqtt-exporter]:Address: mosquitto
DEBUG:[mqtt-exporter]:Port: 1883
INFO:[mqtt-exporter]: Connected with result code: Success
INFO:[mqtt-exporter]:Serial Port /dev/ACM0 is opened
DEBUG:[mqtt-exporter]:Serial Data: [INFO: App       ]  Not reachable yet
INFO:[mqtt-exporter]:Created counter for message number
INFO:[mqtt-exporter]:Created gauge for temperature
DEBUG:[mqtt-exporter]: Connecting to Mosquitto container 
DEBUG:[mqtt-exporter]:Address: mosquitto
DEBUG:[mqtt-exporter]:Port: 1883
INFO:[mqtt-exporter]: Connected with result code: Success
INFO:[mqtt-exporter]:Serial Port /dev/ACM0 is opened
DEBUG:[mqtt-exporter]:Serial Data: [INFO: App       ]  Not reachable yet
INFO:[mqtt-exporter]:Created counter for message number
INFO:[mqtt-exporter]:Created gauge for temperature
DEBUG:[mqtt-exporter]: Connecting to Mosquitto container 
DEBUG:[mqtt-exporter]:Address: mosquitto
DEBUG:[mqtt-exporter]:Port: 1883
INFO:[mqtt-exporter]: Connected with result code: Success
INFO:[mqtt-exporter]:Serial Port /dev/ACM0 is opened
DEBUG:[mqtt-exporter]:Serial Data: [INFO: App       ]  Not reachable yet
INFO:[mqtt-exporter]:Created counter for message number
INFO:[mqtt-exporter]:Created gauge for temperature
DEBUG:[mqtt-exporter]: Connecting to Mosquitto container 
DEBUG:[mqtt-exporter]:Address: mosquitto
DEBUG:[mqtt-exporter]:Port: 1883
INFO:[mqtt-exporter]: Connected with result code: Success
INFO:[mqtt-exporter]:Serial Port /dev/ACM0 is opened
DEBUG:[mqtt-exporter]:Serial Data: [INFO: App       ]  Not reachable yet
INFO:[mqtt-exporter]:Created counter for message number
INFO:[mqtt-exporter]:Created gauge for temperature
DEBUG:[mqtt-exporter]: Connecting to Mosquitto container 
DEBUG:[mqtt-exporter]:Address: mosquitto
DEBUG:[mqtt-exporter]:Port: 1883
INFO:[mqtt-exporter]: Connected with result code: Success
INFO:[mqtt-exporter]:Serial Port /dev/ACM0 is opened
DEBUG:[mqtt-exporter]:Serial Data: [INFO: App       ]  Not reachable yet
INFO:[mqtt-exporter]:Created counter for message number
INFO:[mqtt-exporter]:Created gauge for temperature
DEBUG:[mqtt-exporter]: Connecting to Mosquitto container 
DEBUG:[mqtt-exporter]:Address: mosquitto
DEBUG:[mqtt-exporter]:Port: 1883
INFO:[mqtt-exporter]:Serial Port /dev/ACM0 is opened
INFO:[mqtt-exporter]: Connected with result code: Success
DEBUG:[mqtt-exporter]:Serial Data: [INFO: App       ]  Not reachable yet
INFO:[mqtt-exporter]:Created counter for message number
INFO:[mqtt-exporter]:Created gauge for temperature
DEBUG:[mqtt-exporter]: Connecting to Mosquitto container 
DEBUG:[mqtt-exporter]:Address: mosquitto
DEBUG:[mqtt-exporter]:Port: 1883
INFO:[mqtt-exporter]: Connected with result code: Success
INFO:[mqtt-exporter]:Serial Port /dev/ACM0 is opened
DEBUG:[mqtt-exporter]:Serial Data: [INFO: App       ]  Not reachable yet
INFO:[mqtt-exporter]:Created counter for message number
INFO:[mqtt-exporter]:Created gauge for temperature
DEBUG:[mqtt-exporter]: Connecting to Mosquitto container 
DEBUG:[mqtt-exporter]:Address: mosquitto
DEBUG:[mqtt-exporter]:Port: 1883
INFO:[mqtt-exporter]: Connected with result code: Success
INFO:[mqtt-exporter]:Serial Port /dev/ACM0 is opened
DEBUG:[mqtt-exporter]:Serial Data: [INFO: App       ]  Not reachable yet
INFO:[mqtt-exporter]:Created counter for message number
INFO:[mqtt-exporter]:Created gauge for temperature
DEBUG:[mqtt-exporter]: Connecting to Mosquitto container 
DEBUG:[mqtt-exporter]:Address: mosquitto
DEBUG:[mqtt-exporter]:Port: 1883
INFO:[mqtt-exporter]: Connected with result code: Success
INFO:[mqtt-exporter]:Serial Port /dev/ACM0 is opened
DEBUG:[mqtt-exporter]:Serial Data: [INFO: App       ]  Not reachable yet
INFO:[mqtt-exporter]:Created counter for message number
INFO:[mqtt-exporter]:Created gauge for temperature
DEBUG:[mqtt-exporter]: Connecting to Mosquitto container 
DEBUG:[mqtt-exporter]:Address: mosquitto
DEBUG:[mqtt-exporter]:Port: 1883
INFO:[mqtt-exporter]: Connected with result code: Success
INFO:[mqtt-exporter]:Serial Port /dev/ACM0 is opened
DEBUG:[mqtt-exporter]:Serial Data: [INFO: App       ]  Not reachable yet
INFO:[mqtt-exporter]:Created counter for message number
INFO:[mqtt-exporter]:Created gauge for temperature
DEBUG:[mqtt-exporter]: Connecting to Mosquitto container 
DEBUG:[mqtt-exporter]:Address: mosquitto
DEBUG:[mqtt-exporter]:Port: 1883
INFO:[mqtt-exporter]: Connected with result code: Success
INFO:[mqtt-exporter]:Serial Port /dev/ACM0 is opened
DEBUG:[mqtt-exporter]:Serial Data: [INFO: App       ]  Not reachable yet
INFO:[mqtt-exporter]:Created counter for message number
INFO:[mqtt-exporter]:Created gauge for temperature
DEBUG:[mqtt-exporter]: Connecting to Mosquitto container 
DEBUG:[mqtt-exporter]:Address: mosquitto
DEBUG:[mqtt-exporter]:Port: 1883
INFO:[mqtt-exporter]: Connected with result code: Success
INFO:[mqtt-exporter]:Serial Port /dev/ACM0 is opened
DEBUG:[mqtt-exporter]:Serial Data: [INFO: App       ]  Not reachable yet
INFO:[mqtt-exporter]:Created counter for message number
INFO:[mqtt-exporter]:Created gauge for temperature
DEBUG:[mqtt-exporter]: Connecting to Mosquitto container 
DEBUG:[mqtt-exporter]:Address: mosquitto
DEBUG:[mqtt-exporter]:Port: 1883
INFO:[mqtt-exporter]: Connected with result code: Success
INFO:[mqtt-exporter]:Serial Port /dev/ACM0 is opened
DEBUG:[mqtt-exporter]:Serial Data: [INFO: App       ]  Not reachable yet
INFO:[mqtt-exporter]:Created counter for message number
INFO:[mqtt-exporter]:Created gauge for temperature
DEBUG:[mqtt-exporter]: Connecting to Mosquitto container 
DEBUG:[mqtt-exporter]:Address: mosquitto
DEBUG:[mqtt-exporter]:Port: 1883
INFO:[mqtt-exporter]: Connected with result code: Success
INFO:[mqtt-exporter]:Serial Port /dev/ACM0 is opened
DEBUG:[mqtt-exporter]:Serial Data: [INFO: App       ]  Not reachable yet
INFO:[mqtt-exporter]:Created counter for message number
INFO:[mqtt-exporter]:Created gauge for temperature
DEBUG:[mqtt-exporter]: Connecting to Mosquitto container 
DEBUG:[mqtt-exporter]:Address: mosquitto
DEBUG:[mqtt-exporter]:Port: 1883
INFO:[mqtt-exporter]: Connected with result code: Success
INFO:[mqtt-exporter]:Serial Port /dev/ACM0 is opened
DEBUG:[mqtt-exporter]:Serial Data: [INFO: App       ]  Not reachable yet
INFO:[mqtt-exporter]:Created counter for message number
INFO:[mqtt-exporter]:Created gauge for temperature
DEBUG:[mqtt-exporter]: Connecting to Mosquitto container 
DEBUG:[mqtt-exporter]:Address: mosquitto
DEBUG:[mqtt-exporter]:Port: 1883
INFO:[mqtt-exporter]: Connected with result code: Success
INFO:[mqtt-exporter]:Serial Port /dev/ACM0 is opened
DEBUG:[mqtt-exporter]:Serial Data: [INFO: App       ]  Not reachable yet
INFO:[mqtt-exporter]:Created counter for message number
INFO:[mqtt-exporter]:Created gauge for temperature
DEBUG:[mqtt-exporter]: Connecting to Mosquitto container 
DEBUG:[mqtt-exporter]:Address: mosquitto
DEBUG:[mqtt-exporter]:Port: 1883
INFO:[mqtt-exporter]: Connected with result code: Success
INFO:[mqtt-exporter]:Serial Port /dev/ACM0 is opened
DEBUG:[mqtt-exporter]:Serial Data: [INFO: App       ]  Not reachable yet
INFO:[mqtt-exporter]:Created counter for message number
INFO:[mqtt-exporter]:Created gauge for temperature
DEBUG:[mqtt-exporter]: Connecting to Mosquitto container 
DEBUG:[mqtt-exporter]:Address: mosquitto
DEBUG:[mqtt-exporter]:Port: 1883
INFO:[mqtt-exporter]: Connected with result code: Success
INFO:[mqtt-exporter]:Serial Port /dev/ACM0 is opened
DEBUG:[mqtt-exporter]:Serial Data: [INFO: App       ]  Not reachable yet
INFO:[mqtt-exporter]:Created counter for message number
INFO:[mqtt-exporter]:Created gauge for temperature
DEBUG:[mqtt-exporter]: Connecting to Mosquitto container 
DEBUG:[mqtt-exporter]:Address: mosquitto
DEBUG:[mqtt-exporter]:Port: 1883
INFO:[mqtt-exporter]: Connected with result code: Success
INFO:[mqtt-exporter]:Serial Port /dev/ACM0 is opened
DEBUG:[mqtt-exporter]:Serial Data: [INFO: App       ]  Not reachable yet
INFO:[mqtt-exporter]:Created counter for message number
INFO:[mqtt-exporter]:Created gauge for temperature
DEBUG:[mqtt-exporter]: Connecting to Mosquitto container 
DEBUG:[mqtt-exporter]:Address: mosquitto
DEBUG:[mqtt-exporter]:Port: 1883
INFO:[mqtt-exporter]: Connected with result code: Success
INFO:[mqtt-exporter]:Serial Port /dev/ACM0 is opened
DEBUG:[mqtt-exporter]:Serial Data: [INFO: App       ]  Not reachable yet
INFO:[mqtt-exporter]:Created counter for message number
INFO:[mqtt-exporter]:Created gauge for temperature
DEBUG:[mqtt-exporter]: Connecting to Mosquitto container 
DEBUG:[mqtt-exporter]:Address: mosquitto
DEBUG:[mqtt-exporter]:Port: 1883
INFO:[mqtt-exporter]: Connected with result code: Success
INFO:[mqtt-exporter]:Serial Port /dev/ACM0 is opened
DEBUG:[mqtt-exporter]:Serial Data: [INFO: App       ]  Not reachable yet
INFO:[mqtt-exporter]:Created counter for message number
INFO:[mqtt-exporter]:Created gauge for temperature
DEBUG:[mqtt-exporter]: Connecting to Mosquitto container 
DEBUG:[mqtt-exporter]:Address: mosquitto
DEBUG:[mqtt-exporter]:Port: 1883
INFO:[mqtt-exporter]: Connected with result code: Success
INFO:[mqtt-exporter]:Serial Port /dev/ACM0 is opened
DEBUG:[mqtt-exporter]:Serial Data: [INFO: App       ]  Not reachable yet
INFO:[mqtt-exporter]:Created counter for message number
INFO:[mqtt-exporter]:Created gauge for temperature
DEBUG:[mqtt-exporter]: Connecting to Mosquitto container 
DEBUG:[mqtt-exporter]:Address: mosquitto
DEBUG:[mqtt-exporter]:Port: 1883
INFO:[mqtt-exporter]: Connected with result code: Success
INFO:[mqtt-exporter]:Serial Port /dev/ACM0 is opened
DEBUG:[mqtt-exporter]:Serial Data: [INFO: App       ]  Not reachable yet
INFO:[mqtt-exporter]:Created counter for message number
INFO:[mqtt-exporter]:Created gauge for temperature
DEBUG:[mqtt-exporter]: Connecting to Mosquitto container 
DEBUG:[mqtt-exporter]:Address: mosquitto
DEBUG:[mqtt-exporter]:Port: 1883
INFO:[mqtt-exporter]: Connected with result code: Success
INFO:[mqtt-exporter]:Serial Port /dev/ACM0 is opened
DEBUG:[mqtt-exporter]:Serial Data: [INFO: App       ]  Not reachable yet
INFO:[mqtt-exporter]:Created counter for message number
INFO:[mqtt-exporter]:Created gauge for temperature
DEBUG:[mqtt-exporter]: Connecting to Mosquitto container 
DEBUG:[mqtt-exporter]:Address: mosquitto
DEBUG:[mqtt-exporter]:Port: 1883
INFO:[mqtt-exporter]: Connected with result code: Success
INFO:[mqtt-exporter]:Serial Port /dev/ACM0 is opened
DEBUG:[mqtt-exporter]:Serial Data: [INFO: App       ]  Not reachable yet
INFO:[mqtt-exporter]:Created counter for message number
INFO:[mqtt-exporter]:Created gauge for temperature
DEBUG:[mqtt-exporter]: Connecting to Mosquitto container 
DEBUG:[mqtt-exporter]:Address: mosquitto
DEBUG:[mqtt-exporter]:Port: 1883
INFO:[mqtt-exporter]: Connected with result code: Success
INFO:[mqtt-exporter]:Serial Port /dev/ACM0 is opened
DEBUG:[mqtt-exporter]:Serial Data: [INFO: App       ]  Not reachable yet
INFO:[mqtt-exporter]:Created counter for message number
INFO:[mqtt-exporter]:Created gauge for temperature
DEBUG:[mqtt-exporter]: Connecting to Mosquitto container 
DEBUG:[mqtt-exporter]:Address: mosquitto
DEBUG:[mqtt-exporter]:Port: 1883
INFO:[mqtt-exporter]: Connected with result code: Success
INFO:[mqtt-exporter]:Serial Port /dev/ACM0 is opened
DEBUG:[mqtt-exporter]:Serial Data: [INFO: App       ]  Not reachable yet
INFO:[mqtt-exporter]:Created counter for message number
INFO:[mqtt-exporter]:Created gauge for temperature
DEBUG:[mqtt-exporter]: Connecting to Mosquitto container 
DEBUG:[mqtt-exporter]:Address: mosquitto
DEBUG:[mqtt-exporter]:Port: 1883
INFO:[mqtt-exporter]: Connected with result code: Success
INFO:[mqtt-exporter]:Serial Port /dev/ACM0 is opened
DEBUG:[mqtt-exporter]:Serial Data: [INFO: App       ]  Not reachable yet
INFO:[mqtt-exporter]:Created counter for message number
INFO:[mqtt-exporter]:Created gauge for temperature
DEBUG:[mqtt-exporter]: Connecting to Mosquitto container 
DEBUG:[mqtt-exporter]:Address: mosquitto
DEBUG:[mqtt-exporter]:Port: 1883
INFO:[mqtt-exporter]: Connected with result code: Success
INFO:[mqtt-exporter]:Serial Port /dev/ACM0 is opened
DEBUG:[mqtt-exporter]:Serial Data: [INFO: App       ]  Not reachable yet
INFO:[mqtt-exporter]:Created counter for message number
INFO:[mqtt-exporter]:Created gauge for temperature
DEBUG:[mqtt-exporter]: Connecting to Mosquitto container 
DEBUG:[mqtt-exporter]:Address: mosquitto
DEBUG:[mqtt-exporter]:Port: 1883
INFO:[mqtt-exporter]: Connected with result code: Success
INFO:[mqtt-exporter]:Serial Port /dev/ACM0 is opened
DEBUG:[mqtt-exporter]:Serial Data: [INFO: App       ]  Not reachable yet
INFO:[mqtt-exporter]:Created counter for message number
INFO:[mqtt-exporter]:Created gauge for temperature
DEBUG:[mqtt-exporter]: Connecting to Mosquitto container 
DEBUG:[mqtt-exporter]:Address: mosquitto
DEBUG:[mqtt-exporter]:Port: 1883
INFO:[mqtt-exporter]: Connected with result code: Success
INFO:[mqtt-exporter]:Serial Port /dev/ACM0 is opened
DEBUG:[mqtt-exporter]:Serial Data: [INFO: App       ]  Not reachable yet
INFO:[mqtt-exporter]:Created counter for message number
INFO:[mqtt-exporter]:Created gauge for temperature
DEBUG:[mqtt-exporter]: Connecting to Mosquitto container 
DEBUG:[mqtt-exporter]:Address: mosquitto
DEBUG:[mqtt-exporter]:Port: 1883
INFO:[mqtt-exporter]: Connected with result code: Success
INFO:[mqtt-exporter]:Serial Port /dev/ACM0 is opened
DEBUG:[mqtt-exporter]:Serial Data: [INFO: App       ]  Not reachable yet
INFO:[mqtt-exporter]:Created counter for message number
INFO:[mqtt-exporter]:Created gauge for temperature
DEBUG:[mqtt-exporter]: Connecting to Mosquitto container 
DEBUG:[mqtt-exporter]:Address: mosquitto
DEBUG:[mqtt-exporter]:Port: 1883
INFO:[mqtt-exporter]: Connected with result code: Success
INFO:[mqtt-exporter]:Serial Port /dev/ACM0 is opened
DEBUG:[mqtt-exporter]:Serial Data: [INFO: App       ]  Not reachable yet
INFO:[mqtt-exporter]:Created counter for message number
INFO:[mqtt-exporter]:Created gauge for temperature
DEBUG:[mqtt-exporter]: Connecting to Mosquitto container 
DEBUG:[mqtt-exporter]:Address: mosquitto
DEBUG:[mqtt-exporter]:Port: 1883
INFO:[mqtt-exporter]: Connected with result code: Success
INFO:[mqtt-exporter]:Serial Port /dev/ACM0 is opened
DEBUG:[mqtt-exporter]:Serial Data: [INFO: App       ]  Not reachable yet
INFO:[mqtt-exporter]:Created counter for message number
INFO:[mqtt-exporter]:Created gauge for temperature
DEBUG:[mqtt-exporter]: Connecting to Mosquitto container 
DEBUG:[mqtt-exporter]:Address: mosquitto
DEBUG:[mqtt-exporter]:Port: 1883
INFO:[mqtt-exporter]: Connected with result code: Success
INFO:[mqtt-exporter]:Serial Port /dev/ACM0 is opened
DEBUG:[mqtt-exporter]:Serial Data: [INFO: App       ]  Not reachable yet
INFO:[mqtt-exporter]:Created counter for message number
INFO:[mqtt-exporter]:Created gauge for temperature
DEBUG:[mqtt-exporter]: Connecting to Mosquitto container 
DEBUG:[mqtt-exporter]:Address: mosquitto
DEBUG:[mqtt-exporter]:Port: 1883
INFO:[mqtt-exporter]: Connected with result code: Success
INFO:[mqtt-exporter]:Serial Port /dev/ACM0 is opened
DEBUG:[mqtt-exporter]:Serial Data: [INFO: App       ]  Not reachable yet
INFO:[mqtt-exporter]:Created counter for message number
INFO:[mqtt-exporter]:Created gauge for temperature
DEBUG:[mqtt-exporter]: Connecting to Mosquitto container 
DEBUG:[mqtt-exporter]:Address: mosquitto
DEBUG:[mqtt-exporter]:Port: 1883
INFO:[mqtt-exporter]: Connected with result code: Success
INFO:[mqtt-exporter]:Serial Port /dev/ACM0 is opened
DEBUG:[mqtt-exporter]:Serial Data: [INFO: App       ]  Not reachable yet
                                                                                                                                                                                                                                                                                                                                                              INFO:[mqtt-exporter]:Created counter for message number
INFO:[mqtt-exporter]:Created gauge for temperature
DEBUG:[mqtt-exporter]: Connecting to Mosquitto container 
DEBUG:[mqtt-exporter]:Address: mosquitto
DEBUG:[mqtt-exporter]:Port: 1883
INFO:[mqtt-exporter]: Connected with result code: Success
INFO:[mqtt-exporter]:Serial Port /dev/ACM0 is opened
DEBUG:[mqtt-exporter]:Serial Data: 33.25
INFO:[mqtt-exporter]: [Topic: Temp] b'33.25'
DEBUG:[mqtt-exporter]: 	 Topic: Temp
DEBUG:[mqtt-exporter]: 	 Payload: 33.25
INFO:[mqtt-exporter]:Payload 33.25
DEBUG:[mqtt-exporter]:Serial Data: 33.00
INFO:[mqtt-exporter]: [Topic: Temp] b'33.0'
DEBUG:[mqtt-exporter]: 	 Topic: Temp
DEBUG:[mqtt-exporter]: 	 Payload: 33.0
INFO:[mqtt-exporter]:Payload 33.0
DEBUG:[mqtt-exporter]:Serial Data: 33.25
INFO:[mqtt-exporter]: [Topic: Temp] b'33.25'
DEBUG:[mqtt-exporter]: 	 Topic: Temp
DEBUG:[mqtt-exporter]: 	 Payload: 33.25
INFO:[mqtt-exporter]:Payload 33.25
DEBUG:[mqtt-exporter]:Serial Data: 33.25
INFO:[mqtt-exporter]: [Topic: Temp] b'33.25'
DEBUG:[mqtt-exporter]: 	 Topic: Temp
DEBUG:[mqtt-exporter]: 	 Payload: 33.25
INFO:[mqtt-exporter]:Payload 33.25
DEBUG:[mqtt-exporter]:Serial Data: 33.00
INFO:[mqtt-exporter]: [Topic: Temp] b'33.0'
DEBUG:[mqtt-exporter]: 	 Topic: Temp
DEBUG:[mqtt-exporter]: 	 Payload: 33.0
INFO:[mqtt-exporter]:Payload 33.0
DEBUG:[mqtt-exporter]:Serial Data: 33.25
INFO:[mqtt-exporter]: [Topic: Temp] b'33.25'
DEBUG:[mqtt-exporter]: 	 Topic: Temp
DEBUG:[mqtt-exporter]: 	 Payload: 33.25
INFO:[mqtt-exporter]:Payload 33.25
DEBUG:[mqtt-exporter]:Serial Data: 33.25
INFO:[mqtt-exporter]: [Topic: Temp] b'33.25'
DEBUG:[mqtt-exporter]: 	 Topic: Temp
DEBUG:[mqtt-exporter]: 	 Payload: 33.25
INFO:[mqtt-exporter]:Payload 33.25
DEBUG:[mqtt-exporter]:Serial Data: 33.25
INFO:[mqtt-exporter]: [Topic: Temp] b'33.25'
DEBUG:[mqtt-exporter]: 	 Topic: Temp
DEBUG:[mqtt-exporter]: 	 Payload: 33.25
INFO:[mqtt-exporter]:Payload 33.25
DEBUG:[mqtt-exporter]:Serial Data: 33.25
INFO:[mqtt-exporter]: [Topic: Temp] b'33.25'
DEBUG:[mqtt-exporter]: 	 Topic: Temp
DEBUG:[mqtt-exporter]: 	 Payload: 33.25
INFO:[mqtt-exporter]:Payload 33.25
DEBUG:[mqtt-exporter]:Serial Data: 33.25
INFO:[mqtt-exporter]: [Topic: Temp] b'33.25'
DEBUG:[mqtt-exporter]: 	 Topic: Temp
DEBUG:[mqtt-exporter]: 	 Payload: 33.25
INFO:[mqtt-exporter]:Payload 33.25
DEBUG:[mqtt-exporter]:Serial Data: 33.25
INFO:[mqtt-exporter]: [Topic: Temp] b'33.25'
DEBUG:[mqtt-exporter]: 	 Topic: Temp
DEBUG:[mqtt-exporter]: 	 Payload: 33.25
INFO:[mqtt-exporter]:Payload 33.25
DEBUG:[mqtt-exporter]:Serial Data: 33.25
INFO:[mqtt-exporter]: [Topic: Temp] b'33.25'
DEBUG:[mqtt-exporter]: 	 Topic: Temp
DEBUG:[mqtt-exporter]: 	 Payload: 33.25
INFO:[mqtt-exporter]:Payload 33.25
DEBUG:[mqtt-exporter]:Serial Data: 33.25
INFO:[mqtt-exporter]: [Topic: Temp] b'33.25'
DEBUG:[mqtt-exporter]: 	 Topic: Temp
DEBUG:[mqtt-exporter]: 	 Payload: 33.25
INFO:[mqtt-exporter]:Payload 33.25
DEBUG:[mqtt-exporter]:Serial Data: 33.25
INFO:[mqtt-exporter]: [Topic: Temp] b'33.25'
DEBUG:[mqtt-exporter]: 	 Topic: Temp
DEBUG:[mqtt-exporter]: 	 Payload: 33.25
INFO:[mqtt-exporter]:Payload 33.25
DEBUG:[mqtt-exporter]:Serial Data: 33.25
INFO:[mqtt-exporter]: [Topic: Temp] b'33.25'
DEBUG:[mqtt-exporter]: 	 Topic: Temp
DEBUG:[mqtt-exporter]: 	 Payload: 33.25
INFO:[mqtt-exporter]:Payload 33.25
DEBUG:[mqtt-exporter]:Serial Data: 33.25
INFO:[mqtt-exporter]: [Topic: Temp] b'33.25'
DEBUG:[mqtt-exporter]: 	 Topic: Temp
DEBUG:[mqtt-exporter]: 	 Payload: 33.25
INFO:[mqtt-exporter]:Payload 33.25
DEBUG:[mqtt-exporter]:Serial Data: 33.25
INFO:[mqtt-exporter]: [Topic: Temp] b'33.25'
DEBUG:[mqtt-exporter]: 	 Topic: Temp
DEBUG:[mqtt-exporter]: 	 Payload: 33.25
INFO:[mqtt-exporter]:Payload 33.25
DEBUG:[mqtt-exporter]:Serial Data: 33.25
INFO:[mqtt-exporter]: [Topic: Temp] b'33.25'
DEBUG:[mqtt-exporter]: 	 Topic: Temp
DEBUG:[mqtt-exporter]: 	 Payload: 33.25
INFO:[mqtt-exporter]:Payload 33.25
DEBUG:[mqtt-exporter]:Serial Data: 33.25
INFO:[mqtt-exporter]: [Topic: Temp] b'33.25'
DEBUG:[mqtt-exporter]: 	 Topic: Temp
DEBUG:[mqtt-exporter]: 	 Payload: 33.25
INFO:[mqtt-exporter]:Payload 33.25
DEBUG:[mqtt-exporter]:Serial Data: 33.25
INFO:[mqtt-exporter]: [Topic: Temp] b'33.25'
DEBUG:[mqtt-exporter]: 	 Topic: Temp
DEBUG:[mqtt-exporter]: 	 Payload: 33.25
INFO:[mqtt-exporter]:Payload 33.25
DEBUG:[mqtt-exporter]:Serial Data: 33.25
INFO:[mqtt-exporter]: [Topic: Temp] b'33.25'
DEBUG:[mqtt-exporter]: 	 Topic: Temp
DEBUG:[mqtt-exporter]: 	 Payload: 33.25
INFO:[mqtt-exporter]:Payload 33.25
DEBUG:[mqtt-exporter]:Serial Data: 33.25
INFO:[mqtt-exporter]: [Topic: Temp] b'33.25'
DEBUG:[mqtt-exporter]: 	 Topic: Temp
DEBUG:[mqtt-exporter]: 	 Payload: 33.25
INFO:[mqtt-exporter]:Payload 33.25
DEBUG:[mqtt-exporter]:Serial Data: 33.25
INFO:[mqtt-exporter]: [Topic: Temp] b'33.25'
DEBUG:[mqtt-exporter]: 	 Topic: Temp
DEBUG:[mqtt-exporter]: 	 Payload: 33.25
INFO:[mqtt-exporter]:Payload 33.25
                                                                                                                                                                                                                                                                                                                                                                                                                                                                                                                                                                                                                                                                                                                                                                                                                                                                                                                                                                                                                                                                                                                                                                                                                        INFO:[mqtt-exporter]:Created counter for message number
INFO:[mqtt-exporter]:Created gauge for temperature
DEBUG:[mqtt-exporter]: Connecting to Mosquitto container 
DEBUG:[mqtt-exporter]:Address: mosquitto
DEBUG:[mqtt-exporter]:Port: 1883
INFO:[mqtt-exporter]: Connected with result code: Success
INFO:[mqtt-exporter]:Serial Port /dev/ACM0 is opened
DEBUG:[mqtt-exporter]:Serial Data: 00
INFO:[mqtt-exporter]: [Topic: Temp] b'0.0'
DEBUG:[mqtt-exporter]: 	 Topic: Temp
DEBUG:[mqtt-exporter]: 	 Payload: 0.0
ERROR:[mqtt-exporter]: [ERROR]: Topic or Payload not found
DEBUG:[mqtt-exporter]:Serial Data: 34.75
INFO:[mqtt-exporter]: [Topic: Temp] b'34.75'
DEBUG:[mqtt-exporter]: 	 Topic: Temp
DEBUG:[mqtt-exporter]: 	 Payload: 34.75
INFO:[mqtt-exporter]:Payload 34.75
DEBUG:[mqtt-exporter]:Serial Data: 34.75
INFO:[mqtt-exporter]: [Topic: Temp] b'34.75'
DEBUG:[mqtt-exporter]: 	 Topic: Temp
DEBUG:[mqtt-exporter]: 	 Payload: 34.75
INFO:[mqtt-exporter]:Payload 34.75
DEBUG:[mqtt-exporter]:Serial Data: 34.75
INFO:[mqtt-exporter]: [Topic: Temp] b'34.75'
DEBUG:[mqtt-exporter]: 	 Topic: Temp
DEBUG:[mqtt-exporter]: 	 Payload: 34.75
INFO:[mqtt-exporter]:Payload 34.75
DEBUG:[mqtt-exporter]:Serial Data: 34.75
INFO:[mqtt-exporter]: [Topic: Temp] b'34.75'
DEBUG:[mqtt-exporter]: 	 Topic: Temp
DEBUG:[mqtt-exporter]: 	 Payload: 34.75
INFO:[mqtt-exporter]:Payload 34.75
DEBUG:[mqtt-exporter]:Serial Data: 34.75
INFO:[mqtt-exporter]: [Topic: Temp] b'34.75'
DEBUG:[mqtt-exporter]: 	 Topic: Temp
DEBUG:[mqtt-exporter]: 	 Payload: 34.75
INFO:[mqtt-exporter]:Payload 34.75
DEBUG:[mqtt-exporter]:Serial Data: 34.75
INFO:[mqtt-exporter]: [Topic: Temp] b'34.75'
DEBUG:[mqtt-exporter]: 	 Topic: Temp
DEBUG:[mqtt-exporter]: 	 Payload: 34.75
INFO:[mqtt-exporter]:Payload 34.75
DEBUG:[mqtt-exporter]:Serial Data: 34.75
INFO:[mqtt-exporter]: [Topic: Temp] b'34.75'
DEBUG:[mqtt-exporter]: 	 Topic: Temp
DEBUG:[mqtt-exporter]: 	 Payload: 34.75
INFO:[mqtt-exporter]:Payload 34.75
DEBUG:[mqtt-exporter]:Serial Data: 34.50
INFO:[mqtt-exporter]: [Topic: Temp] b'34.5'
DEBUG:[mqtt-exporter]: 	 Topic: Temp
DEBUG:[mqtt-exporter]: 	 Payload: 34.5
INFO:[mqtt-exporter]:Payload 34.5
DEBUG:[mqtt-exporter]:Serial Data: 34.50
INFO:[mqtt-exporter]: [Topic: Temp] b'34.5'
DEBUG:[mqtt-exporter]: 	 Topic: Temp
DEBUG:[mqtt-exporter]: 	 Payload: 34.5
INFO:[mqtt-exporter]:Payload 34.5
DEBUG:[mqtt-exporter]:Serial Data: 34.50
INFO:[mqtt-exporter]: [Topic: Temp] b'34.5'
DEBUG:[mqtt-exporter]: 	 Topic: Temp
DEBUG:[mqtt-exporter]: 	 Payload: 34.5
INFO:[mqtt-exporter]:Payload 34.5
DEBUG:[mqtt-exporter]:Serial Data: 34.50
INFO:[mqtt-exporter]: [Topic: Temp] b'34.5'
DEBUG:[mqtt-exporter]: 	 Topic: Temp
DEBUG:[mqtt-exporter]: 	 Payload: 34.5
INFO:[mqtt-exporter]:Payload 34.5
DEBUG:[mqtt-exporter]:Serial Data: 34.50
INFO:[mqtt-exporter]: [Topic: Temp] b'34.5'
DEBUG:[mqtt-exporter]: 	 Topic: Temp
DEBUG:[mqtt-exporter]: 	 Payload: 34.5
INFO:[mqtt-exporter]:Payload 34.5
DEBUG:[mqtt-exporter]:Serial Data: 34.50
INFO:[mqtt-exporter]: [Topic: Temp] b'34.5'
DEBUG:[mqtt-exporter]: 	 Topic: Temp
DEBUG:[mqtt-exporter]: 	 Payload: 34.5
INFO:[mqtt-exporter]:Payload 34.5
DEBUG:[mqtt-exporter]:Serial Data: 34.25
INFO:[mqtt-exporter]: [Topic: Temp] b'34.25'
DEBUG:[mqtt-exporter]: 	 Topic: Temp
DEBUG:[mqtt-exporter]: 	 Payload: 34.25
INFO:[mqtt-exporter]:Payload 34.25
DEBUG:[mqtt-exporter]:Serial Data: 34.50
INFO:[mqtt-exporter]: [Topic: Temp] b'34.5'
DEBUG:[mqtt-exporter]: 	 Topic: Temp
DEBUG:[mqtt-exporter]: 	 Payload: 34.5
INFO:[mqtt-exporter]:Payload 34.5
DEBUG:[mqtt-exporter]:Serial Data: 34.50
INFO:[mqtt-exporter]: [Topic: Temp] b'34.5'
DEBUG:[mqtt-exporter]: 	 Topic: Temp
DEBUG:[mqtt-exporter]: 	 Payload: 34.5
INFO:[mqtt-exporter]:Payload 34.5
DEBUG:[mqtt-exporter]:Serial Data: 34.25
INFO:[mqtt-exporter]: [Topic: Temp] b'34.25'
DEBUG:[mqtt-exporter]: 	 Topic: Temp
DEBUG:[mqtt-exporter]: 	 Payload: 34.25
INFO:[mqtt-exporter]:Payload 34.25
DEBUG:[mqtt-exporter]:Serial Data: 34.25
INFO:[mqtt-exporter]: [Topic: Temp] b'34.25'
DEBUG:[mqtt-exporter]: 	 Topic: Temp
DEBUG:[mqtt-exporter]: 	 Payload: 34.25
INFO:[mqtt-exporter]:Payload 34.25
DEBUG:[mqtt-exporter]:Serial Data: 34.25
INFO:[mqtt-exporter]: [Topic: Temp] b'34.25'
DEBUG:[mqtt-exporter]: 	 Topic: Temp
DEBUG:[mqtt-exporter]: 	 Payload: 34.25
INFO:[mqtt-exporter]:Payload 34.25
DEBUG:[mqtt-exporter]:Serial Data: 34.25
INFO:[mqtt-exporter]: [Topic: Temp] b'34.25'
DEBUG:[mqtt-exporter]: 	 Topic: Temp
DEBUG:[mqtt-exporter]: 	 Payload: 34.25
INFO:[mqtt-exporter]:Payload 34.25
DEBUG:[mqtt-exporter]:Serial Data: 34.25
INFO:[mqtt-exporter]: [Topic: Temp] b'34.25'
DEBUG:[mqtt-exporter]: 	 Topic: Temp
DEBUG:[mqtt-exporter]: 	 Payload: 34.25
INFO:[mqtt-exporter]:Payload 34.25
DEBUG:[mqtt-exporter]:Serial Data: 34.25
INFO:[mqtt-exporter]: [Topic: Temp] b'34.25'
DEBUG:[mqtt-exporter]: 	 Topic: Temp
DEBUG:[mqtt-exporter]: 	 Payload: 34.25
INFO:[mqtt-exporter]:Payload 34.25
DEBUG:[mqtt-exporter]:Serial Data: 34.25
INFO:[mqtt-exporter]: [Topic: Temp] b'34.25'
DEBUG:[mqtt-exporter]: 	 Topic: Temp
DEBUG:[mqtt-exporter]: 	 Payload: 34.25
INFO:[mqtt-exporter]:Payload 34.25
DEBUG:[mqtt-exporter]:Serial Data: 34.25
INFO:[mqtt-exporter]: [Topic: Temp] b'34.25'
DEBUG:[mqtt-exporter]: 	 Topic: Temp
DEBUG:[mqtt-exporter]: 	 Payload: 34.25
INFO:[mqtt-exporter]:Payload 34.25
DEBUG:[mqtt-exporter]:Serial Data: 34.25
INFO:[mqtt-exporter]: [Topic: Temp] b'34.25'
DEBUG:[mqtt-exporter]: 	 Topic: Temp
DEBUG:[mqtt-exporter]: 	 Payload: 34.25
INFO:[mqtt-exporter]:Payload 34.25
DEBUG:[mqtt-exporter]:Serial Data: 34.25
INFO:[mqtt-exporter]: [Topic: Temp] b'34.25'
DEBUG:[mqtt-exporter]: 	 Topic: Temp
DEBUG:[mqtt-exporter]: 	 Payload: 34.25
INFO:[mqtt-exporter]:Payload 34.25
DEBUG:[mqtt-exporter]:Serial Data: 34.00
INFO:[mqtt-exporter]: [Topic: Temp] b'34.0'
DEBUG:[mqtt-exporter]: 	 Topic: Temp
DEBUG:[mqtt-exporter]: 	 Payload: 34.0
INFO:[mqtt-exporter]:Payload 34.0
DEBUG:[mqtt-exporter]:Serial Data: 34.25
INFO:[mqtt-exporter]: [Topic: Temp] b'34.25'
DEBUG:[mqtt-exporter]: 	 Topic: Temp
DEBUG:[mqtt-exporter]: 	 Payload: 34.25
INFO:[mqtt-exporter]:Payload 34.25
DEBUG:[mqtt-exporter]:Serial Data: 34.25
INFO:[mqtt-exporter]: [Topic: Temp] b'34.25'
DEBUG:[mqtt-exporter]: 	 Topic: Temp
DEBUG:[mqtt-exporter]: 	 Payload: 34.25
INFO:[mqtt-exporter]:Payload 34.25
DEBUG:[mqtt-exporter]:Serial Data: 34.25
INFO:[mqtt-exporter]: [Topic: Temp] b'34.25'
DEBUG:[mqtt-exporter]: 	 Topic: Temp
DEBUG:[mqtt-exporter]: 	 Payload: 34.25
INFO:[mqtt-exporter]:Payload 34.25
DEBUG:[mqtt-exporter]:Serial Data: 34.00
INFO:[mqtt-exporter]: [Topic: Temp] b'34.0'
DEBUG:[mqtt-exporter]: 	 Topic: Temp
DEBUG:[mqtt-exporter]: 	 Payload: 34.0
INFO:[mqtt-exporter]:Payload 34.0
DEBUG:[mqtt-exporter]:Serial Data: 34.00
INFO:[mqtt-exporter]: [Topic: Temp] b'34.0'
DEBUG:[mqtt-exporter]: 	 Topic: Temp
DEBUG:[mqtt-exporter]: 	 Payload: 34.0
INFO:[mqtt-exporter]:Payload 34.0
DEBUG:[mqtt-exporter]:Serial Data: 34.25
INFO:[mqtt-exporter]: [Topic: Temp] b'34.25'
DEBUG:[mqtt-exporter]: 	 Topic: Temp
DEBUG:[mqtt-exporter]: 	 Payload: 34.25
INFO:[mqtt-exporter]:Payload 34.25
DEBUG:[mqtt-exporter]:Serial Data: 34.00
INFO:[mqtt-exporter]: [Topic: Temp] b'34.0'
DEBUG:[mqtt-exporter]: 	 Topic: Temp
DEBUG:[mqtt-exporter]: 	 Payload: 34.0
INFO:[mqtt-exporter]:Payload 34.0
DEBUG:[mqtt-exporter]:Serial Data: 34.25
INFO:[mqtt-exporter]: [Topic: Temp] b'34.25'
DEBUG:[mqtt-exporter]: 	 Topic: Temp
DEBUG:[mqtt-exporter]: 	 Payload: 34.25
INFO:[mqtt-exporter]:Payload 34.25
DEBUG:[mqtt-exporter]:Serial Data: 34.25
INFO:[mqtt-exporter]: [Topic: Temp] b'34.25'
DEBUG:[mqtt-exporter]: 	 Topic: Temp
DEBUG:[mqtt-exporter]: 	 Payload: 34.25
INFO:[mqtt-exporter]:Payload 34.25
DEBUG:[mqtt-exporter]:Serial Data: 34.25
INFO:[mqtt-exporter]: [Topic: Temp] b'34.25'
DEBUG:[mqtt-exporter]: 	 Topic: Temp
DEBUG:[mqtt-exporter]: 	 Payload: 34.25
INFO:[mqtt-exporter]:Payload 34.25
DEBUG:[mqtt-exporter]:Serial Data: 34.25
INFO:[mqtt-exporter]: [Topic: Temp] b'34.25'
DEBUG:[mqtt-exporter]: 	 Topic: Temp
DEBUG:[mqtt-exporter]: 	 Payload: 34.25
INFO:[mqtt-exporter]:Payload 34.25
DEBUG:[mqtt-exporter]:Serial Data: 34.25
INFO:[mqtt-exporter]: [Topic: Temp] b'34.25'
DEBUG:[mqtt-exporter]: 	 Topic: Temp
DEBUG:[mqtt-exporter]: 	 Payload: 34.25
INFO:[mqtt-exporter]:Payload 34.25
DEBUG:[mqtt-exporter]:Serial Data: 34.25
INFO:[mqtt-exporter]: [Topic: Temp] b'34.25'
DEBUG:[mqtt-exporter]: 	 Topic: Temp
DEBUG:[mqtt-exporter]: 	 Payload: 34.25
INFO:[mqtt-exporter]:Payload 34.25
DEBUG:[mqtt-exporter]:Serial Data: 34.00
INFO:[mqtt-exporter]: [Topic: Temp] b'34.0'
DEBUG:[mqtt-exporter]: 	 Topic: Temp
DEBUG:[mqtt-exporter]: 	 Payload: 34.0
INFO:[mqtt-exporter]:Payload 34.0
DEBUG:[mqtt-exporter]:Serial Data: 34.25
INFO:[mqtt-exporter]: [Topic: Temp] b'34.25'
DEBUG:[mqtt-exporter]: 	 Topic: Temp
DEBUG:[mqtt-exporter]: 	 Payload: 34.25
INFO:[mqtt-exporter]:Payload 34.25
DEBUG:[mqtt-exporter]:Serial Data: 34.00
INFO:[mqtt-exporter]: [Topic: Temp] b'34.0'
DEBUG:[mqtt-exporter]: 	 Topic: Temp
DEBUG:[mqtt-exporter]: 	 Payload: 34.0
INFO:[mqtt-exporter]:Payload 34.0
DEBUG:[mqtt-exporter]:Serial Data: 34.00
INFO:[mqtt-exporter]: [Topic: Temp] b'34.0'
DEBUG:[mqtt-exporter]: 	 Topic: Temp
DEBUG:[mqtt-exporter]: 	 Payload: 34.0
INFO:[mqtt-exporter]:Payload 34.0
DEBUG:[mqtt-exporter]:Serial Data: 34.00
INFO:[mqtt-exporter]: [Topic: Temp] b'34.0'
DEBUG:[mqtt-exporter]: 	 Topic: Temp
DEBUG:[mqtt-exporter]: 	 Payload: 34.0
INFO:[mqtt-exporter]:Payload 34.0
DEBUG:[mqtt-exporter]:Serial Data: 34.25
INFO:[mqtt-exporter]: [Topic: Temp] b'34.25'
DEBUG:[mqtt-exporter]: 	 Topic: Temp
DEBUG:[mqtt-exporter]: 	 Payload: 34.25
INFO:[mqtt-exporter]:Payload 34.25
DEBUG:[mqtt-exporter]:Serial Data: 34.25
INFO:[mqtt-exporter]: [Topic: Temp] b'34.25'
DEBUG:[mqtt-exporter]: 	 Topic: Temp
DEBUG:[mqtt-exporter]: 	 Payload: 34.25
INFO:[mqtt-exporter]:Payload 34.25
DEBUG:[mqtt-exporter]:Serial Data: 34.25
INFO:[mqtt-exporter]: [Topic: Temp] b'34.25'
DEBUG:[mqtt-exporter]: 	 Topic: Temp
DEBUG:[mqtt-exporter]: 	 Payload: 34.25
INFO:[mqtt-exporter]:Payload 34.25
DEBUG:[mqtt-exporter]:Serial Data: 34.50
INFO:[mqtt-exporter]: [Topic: Temp] b'34.5'
DEBUG:[mqtt-exporter]: 	 Topic: Temp
DEBUG:[mqtt-exporter]: 	 Payload: 34.5
INFO:[mqtt-exporter]:Payload 34.5
DEBUG:[mqtt-exporter]:Serial Data: 34.25
INFO:[mqtt-exporter]: [Topic: Temp] b'34.25'
DEBUG:[mqtt-exporter]: 	 Topic: Temp
DEBUG:[mqtt-exporter]: 	 Payload: 34.25
INFO:[mqtt-exporter]:Payload 34.25
DEBUG:[mqtt-exporter]:Serial Data: 34.25
INFO:[mqtt-exporter]: [Topic: Temp] b'34.25'
DEBUG:[mqtt-exporter]: 	 Topic: Temp
DEBUG:[mqtt-exporter]: 	 Payload: 34.25
INFO:[mqtt-exporter]:Payload 34.25
DEBUG:[mqtt-exporter]:Serial Data: 34.25
INFO:[mqtt-exporter]: [Topic: Temp] b'34.25'
DEBUG:[mqtt-exporter]: 	 Topic: Temp
DEBUG:[mqtt-exporter]: 	 Payload: 34.25
INFO:[mqtt-exporter]:Payload 34.25
DEBUG:[mqtt-exporter]:Serial Data: 34.50
INFO:[mqtt-exporter]: [Topic: Temp] b'34.5'
DEBUG:[mqtt-exporter]: 	 Topic: Temp
DEBUG:[mqtt-exporter]: 	 Payload: 34.5
INFO:[mqtt-exporter]:Payload 34.5
DEBUG:[mqtt-exporter]:Serial Data: 34.25
INFO:[mqtt-exporter]: [Topic: Temp] b'34.25'
DEBUG:[mqtt-exporter]: 	 Topic: Temp
DEBUG:[mqtt-exporter]: 	 Payload: 34.25
INFO:[mqtt-exporter]:Payload 34.25
DEBUG:[mqtt-exporter]:Serial Data: 34.50
INFO:[mqtt-exporter]: [Topic: Temp] b'34.5'
DEBUG:[mqtt-exporter]: 	 Topic: Temp
DEBUG:[mqtt-exporter]: 	 Payload: 34.5
INFO:[mqtt-exporter]:Payload 34.5
DEBUG:[mqtt-exporter]:Serial Data: 34.50
INFO:[mqtt-exporter]: [Topic: Temp] b'34.5'
DEBUG:[mqtt-exporter]: 	 Topic: Temp
DEBUG:[mqtt-exporter]: 	 Payload: 34.5
INFO:[mqtt-exporter]:Payload 34.5
DEBUG:[mqtt-exporter]:Serial Data: 34.50
INFO:[mqtt-exporter]: [Topic: Temp] b'34.5'
DEBUG:[mqtt-exporter]: 	 Topic: Temp
DEBUG:[mqtt-exporter]: 	 Payload: 34.5
INFO:[mqtt-exporter]:Payload 34.5
DEBUG:[mqtt-exporter]:Serial Data: 34.50
INFO:[mqtt-exporter]: [Topic: Temp] b'34.5'
DEBUG:[mqtt-exporter]: 	 Topic: Temp
DEBUG:[mqtt-exporter]: 	 Payload: 34.5
INFO:[mqtt-exporter]:Payload 34.5
DEBUG:[mqtt-exporter]:Serial Data: 34.50
INFO:[mqtt-exporter]: [Topic: Temp] b'34.5'
DEBUG:[mqtt-exporter]: 	 Topic: Temp
DEBUG:[mqtt-exporter]: 	 Payload: 34.5
INFO:[mqtt-exporter]:Payload 34.5
DEBUG:[mqtt-exporter]:Serial Data: 34.25
INFO:[mqtt-exporter]: [Topic: Temp] b'34.25'
DEBUG:[mqtt-exporter]: 	 Topic: Temp
DEBUG:[mqtt-exporter]: 	 Payload: 34.25
INFO:[mqtt-exporter]:Payload 34.25
DEBUG:[mqtt-exporter]:Serial Data: 34.25
INFO:[mqtt-exporter]: [Topic: Temp] b'34.25'
DEBUG:[mqtt-exporter]: 	 Topic: Temp
DEBUG:[mqtt-exporter]: 	 Payload: 34.25
INFO:[mqtt-exporter]:Payload 34.25
INFO:[mqtt-exporter]:Created counter for message number
INFO:[mqtt-exporter]:Created gauge for temperature
DEBUG:[mqtt-exporter]: Connecting to Mosquitto container 
DEBUG:[mqtt-exporter]:Address: mosquitto
DEBUG:[mqtt-exporter]:Port: 1883
INFO:[mqtt-exporter]: Connected with result code: Success
INFO:[mqtt-exporter]:Serial Port /dev/ACM0 is opened
DEBUG:[mqtt-exporter]:Serial Data: 34.25
INFO:[mqtt-exporter]: [Topic: temp_F] b'34.25'
DEBUG:[mqtt-exporter]: 	 Topic: temp_F
DEBUG:[mqtt-exporter]: 	 Payload: 34.25
INFO:[mqtt-exporter]:Payload 34.25
DEBUG:[mqtt-exporter]:Serial Data: 34.25
INFO:[mqtt-exporter]: [Topic: temp_F] b'34.25'
DEBUG:[mqtt-exporter]: 	 Topic: temp_F
DEBUG:[mqtt-exporter]: 	 Payload: 34.25
INFO:[mqtt-exporter]:Payload 34.25
DEBUG:[mqtt-exporter]:Serial Data: 34.25
INFO:[mqtt-exporter]: [Topic: temp_F] b'34.25'
DEBUG:[mqtt-exporter]: 	 Topic: temp_F
DEBUG:[mqtt-exporter]: 	 Payload: 34.25
INFO:[mqtt-exporter]:Payload 34.25
DEBUG:[mqtt-exporter]:Serial Data: 34.25
INFO:[mqtt-exporter]: [Topic: temp_F] b'34.25'
DEBUG:[mqtt-exporter]: 	 Topic: temp_F
DEBUG:[mqtt-exporter]: 	 Payload: 34.25
INFO:[mqtt-exporter]:Payload 34.25
DEBUG:[mqtt-exporter]:Serial Data: 34.25
INFO:[mqtt-exporter]: [Topic: temp_F] b'34.25'
DEBUG:[mqtt-exporter]: 	 Topic: temp_F
DEBUG:[mqtt-exporter]: 	 Payload: 34.25
INFO:[mqtt-exporter]:Payload 34.25
DEBUG:[mqtt-exporter]:Serial Data: 34.25
INFO:[mqtt-exporter]: [Topic: temp_F] b'34.25'
DEBUG:[mqtt-exporter]: 	 Topic: temp_F
DEBUG:[mqtt-exporter]: 	 Payload: 34.25
INFO:[mqtt-exporter]:Payload 34.25
DEBUG:[mqtt-exporter]:Serial Data: 34.50
INFO:[mqtt-exporter]: [Topic: temp_F] b'34.5'
DEBUG:[mqtt-exporter]: 	 Topic: temp_F
DEBUG:[mqtt-exporter]: 	 Payload: 34.5
INFO:[mqtt-exporter]:Payload 34.5
DEBUG:[mqtt-exporter]:Serial Data: 34.25
INFO:[mqtt-exporter]: [Topic: temp_F] b'34.25'
DEBUG:[mqtt-exporter]: 	 Topic: temp_F
DEBUG:[mqtt-exporter]: 	 Payload: 34.25
INFO:[mqtt-exporter]:Payload 34.25
DEBUG:[mqtt-exporter]:Serial Data: 34.25
INFO:[mqtt-exporter]: [Topic: temp_F] b'34.25'
DEBUG:[mqtt-exporter]: 	 Topic: temp_F
DEBUG:[mqtt-exporter]: 	 Payload: 34.25
INFO:[mqtt-exporter]:Payload 34.25
DEBUG:[mqtt-exporter]:Serial Data: 34.25
INFO:[mqtt-exporter]: [Topic: temp_F] b'34.25'
DEBUG:[mqtt-exporter]: 	 Topic: temp_F
DEBUG:[mqtt-exporter]: 	 Payload: 34.25
INFO:[mqtt-exporter]:Payload 34.25
DEBUG:[mqtt-exporter]:Serial Data: 34.25
INFO:[mqtt-exporter]: [Topic: temp_F] b'34.25'
DEBUG:[mqtt-exporter]: 	 Topic: temp_F
DEBUG:[mqtt-exporter]: 	 Payload: 34.25
INFO:[mqtt-exporter]:Payload 34.25
DEBUG:[mqtt-exporter]:Serial Data: 34.25
INFO:[mqtt-exporter]: [Topic: temp_F] b'34.25'
DEBUG:[mqtt-exporter]: 	 Topic: temp_F
DEBUG:[mqtt-exporter]: 	 Payload: 34.25
INFO:[mqtt-exporter]:Payload 34.25
DEBUG:[mqtt-exporter]:Serial Data: 34.25
INFO:[mqtt-exporter]: [Topic: temp_F] b'34.25'
DEBUG:[mqtt-exporter]: 	 Topic: temp_F
DEBUG:[mqtt-exporter]: 	 Payload: 34.25
INFO:[mqtt-exporter]:Payload 34.25
DEBUG:[mqtt-exporter]:Serial Data: 34.00
INFO:[mqtt-exporter]: [Topic: temp_F] b'34.0'
DEBUG:[mqtt-exporter]: 	 Topic: temp_F
DEBUG:[mqtt-exporter]: 	 Payload: 34.0
INFO:[mqtt-exporter]:Payload 34.0
DEBUG:[mqtt-exporter]:Serial Data: 34.00
INFO:[mqtt-exporter]: [Topic: temp_F] b'34.0'
DEBUG:[mqtt-exporter]: 	 Topic: temp_F
DEBUG:[mqtt-exporter]: 	 Payload: 34.0
INFO:[mqtt-exporter]:Payload 34.0
DEBUG:[mqtt-exporter]:Serial Data: 34.00
INFO:[mqtt-exporter]: [Topic: temp_F] b'34.0'
DEBUG:[mqtt-exporter]: 	 Topic: temp_F
DEBUG:[mqtt-exporter]: 	 Payload: 34.0
INFO:[mqtt-exporter]:Payload 34.0
DEBUG:[mqtt-exporter]:Serial Data: 34.00
INFO:[mqtt-exporter]: [Topic: temp_F] b'34.0'
DEBUG:[mqtt-exporter]: 	 Topic: temp_F
DEBUG:[mqtt-exporter]: 	 Payload: 34.0
INFO:[mqtt-exporter]:Payload 34.0
DEBUG:[mqtt-exporter]:Serial Data: 34.00
INFO:[mqtt-exporter]: [Topic: temp_F] b'34.0'
DEBUG:[mqtt-exporter]: 	 Topic: temp_F
DEBUG:[mqtt-exporter]: 	 Payload: 34.0
INFO:[mqtt-exporter]:Payload 34.0
DEBUG:[mqtt-exporter]:Serial Data: 34.25
INFO:[mqtt-exporter]: [Topic: temp_F] b'34.25'
DEBUG:[mqtt-exporter]: 	 Topic: temp_F
DEBUG:[mqtt-exporter]: 	 Payload: 34.25
INFO:[mqtt-exporter]:Payload 34.25
DEBUG:[mqtt-exporter]:Serial Data: 34.00
INFO:[mqtt-exporter]: [Topic: temp_F] b'34.0'
DEBUG:[mqtt-exporter]: 	 Topic: temp_F
DEBUG:[mqtt-exporter]: 	 Payload: 34.0
INFO:[mqtt-exporter]:Payload 34.0
DEBUG:[mqtt-exporter]:Serial Data: 34.25
INFO:[mqtt-exporter]: [Topic: temp_F] b'34.25'
DEBUG:[mqtt-exporter]: 	 Topic: temp_F
DEBUG:[mqtt-exporter]: 	 Payload: 34.25
INFO:[mqtt-exporter]:Payload 34.25
DEBUG:[mqtt-exporter]:Serial Data: 34.50
INFO:[mqtt-exporter]: [Topic: temp_F] b'34.5'
DEBUG:[mqtt-exporter]: 	 Topic: temp_F
DEBUG:[mqtt-exporter]: 	 Payload: 34.5
INFO:[mqtt-exporter]:Payload 34.5
DEBUG:[mqtt-exporter]:Serial Data: 34.00
INFO:[mqtt-exporter]: [Topic: temp_F] b'34.0'
DEBUG:[mqtt-exporter]: 	 Topic: temp_F
DEBUG:[mqtt-exporter]: 	 Payload: 34.0
INFO:[mqtt-exporter]:Payload 34.0
DEBUG:[mqtt-exporter]:Serial Data: 34.00
INFO:[mqtt-exporter]: [Topic: temp_F] b'34.0'
DEBUG:[mqtt-exporter]: 	 Topic: temp_F
DEBUG:[mqtt-exporter]: 	 Payload: 34.0
INFO:[mqtt-exporter]:Payload 34.0
DEBUG:[mqtt-exporter]:Serial Data: 34.00
INFO:[mqtt-exporter]: [Topic: temp_F] b'34.0'
DEBUG:[mqtt-exporter]: 	 Topic: temp_F
DEBUG:[mqtt-exporter]: 	 Payload: 34.0
INFO:[mqtt-exporter]:Payload 34.0
DEBUG:[mqtt-exporter]:Serial Data: 34.25
INFO:[mqtt-exporter]: [Topic: temp_F] b'34.25'
DEBUG:[mqtt-exporter]: 	 Topic: temp_F
DEBUG:[mqtt-exporter]: 	 Payload: 34.25
INFO:[mqtt-exporter]:Payload 34.25
DEBUG:[mqtt-exporter]:Serial Data: 34.25
INFO:[mqtt-exporter]: [Topic: temp_F] b'34.25'
DEBUG:[mqtt-exporter]: 	 Topic: temp_F
DEBUG:[mqtt-exporter]: 	 Payload: 34.25
INFO:[mqtt-exporter]:Payload 34.25
DEBUG:[mqtt-exporter]:Serial Data: 34.25
INFO:[mqtt-exporter]: [Topic: temp_F] b'34.25'
DEBUG:[mqtt-exporter]: 	 Topic: temp_F
DEBUG:[mqtt-exporter]: 	 Payload: 34.25
INFO:[mqtt-exporter]:Payload 34.25
DEBUG:[mqtt-exporter]:Serial Data: 34.25
INFO:[mqtt-exporter]: [Topic: temp_F] b'34.25'
DEBUG:[mqtt-exporter]: 	 Topic: temp_F
DEBUG:[mqtt-exporter]: 	 Payload: 34.25
INFO:[mqtt-exporter]:Payload 34.25
DEBUG:[mqtt-exporter]:Serial Data: 34.00
INFO:[mqtt-exporter]: [Topic: temp_F] b'34.0'
DEBUG:[mqtt-exporter]: 	 Topic: temp_F
DEBUG:[mqtt-exporter]: 	 Payload: 34.0
INFO:[mqtt-exporter]:Payload 34.0
DEBUG:[mqtt-exporter]:Serial Data: 34.25
INFO:[mqtt-exporter]: [Topic: temp_F] b'34.25'
DEBUG:[mqtt-exporter]: 	 Topic: temp_F
DEBUG:[mqtt-exporter]: 	 Payload: 34.25
INFO:[mqtt-exporter]:Payload 34.25
DEBUG:[mqtt-exporter]:Serial Data: 34.00
INFO:[mqtt-exporter]: [Topic: temp_F] b'34.0'
DEBUG:[mqtt-exporter]: 	 Topic: temp_F
DEBUG:[mqtt-exporter]: 	 Payload: 34.0
INFO:[mqtt-exporter]:Payload 34.0
DEBUG:[mqtt-exporter]:Serial Data: 34.00
INFO:[mqtt-exporter]: [Topic: temp_F] b'34.0'
DEBUG:[mqtt-exporter]: 	 Topic: temp_F
DEBUG:[mqtt-exporter]: 	 Payload: 34.0
INFO:[mqtt-exporter]:Payload 34.0
DEBUG:[mqtt-exporter]:Serial Data: 34.00
INFO:[mqtt-exporter]: [Topic: temp_F] b'34.0'
DEBUG:[mqtt-exporter]: 	 Topic: temp_F
DEBUG:[mqtt-exporter]: 	 Payload: 34.0
INFO:[mqtt-exporter]:Payload 34.0
DEBUG:[mqtt-exporter]:Serial Data: 34.00
INFO:[mqtt-exporter]: [Topic: temp_F] b'34.0'
DEBUG:[mqtt-exporter]: 	 Topic: temp_F
DEBUG:[mqtt-exporter]: 	 Payload: 34.0
INFO:[mqtt-exporter]:Payload 34.0
DEBUG:[mqtt-exporter]:Serial Data: 34.00
INFO:[mqtt-exporter]: [Topic: temp_F] b'34.0'
DEBUG:[mqtt-exporter]: 	 Topic: temp_F
DEBUG:[mqtt-exporter]: 	 Payload: 34.0
INFO:[mqtt-exporter]:Payload 34.0
DEBUG:[mqtt-exporter]:Serial Data: 34.00
INFO:[mqtt-exporter]: [Topic: temp_F] b'34.0'
DEBUG:[mqtt-exporter]: 	 Topic: temp_F
DEBUG:[mqtt-exporter]: 	 Payload: 34.0
INFO:[mqtt-exporter]:Payload 34.0
DEBUG:[mqtt-exporter]:Serial Data: 34.00
INFO:[mqtt-exporter]: [Topic: temp_F] b'34.0'
DEBUG:[mqtt-exporter]: 	 Topic: temp_F
DEBUG:[mqtt-exporter]: 	 Payload: 34.0
INFO:[mqtt-exporter]:Payload 34.0
DEBUG:[mqtt-exporter]:Serial Data: 34.00
INFO:[mqtt-exporter]: [Topic: temp_F] b'34.0'
DEBUG:[mqtt-exporter]: 	 Topic: temp_F
DEBUG:[mqtt-exporter]: 	 Payload: 34.0
INFO:[mqtt-exporter]:Payload 34.0
DEBUG:[mqtt-exporter]:Serial Data: 34.00
INFO:[mqtt-exporter]: [Topic: temp_F] b'34.0'
DEBUG:[mqtt-exporter]: 	 Topic: temp_F
DEBUG:[mqtt-exporter]: 	 Payload: 34.0
INFO:[mqtt-exporter]:Payload 34.0
DEBUG:[mqtt-exporter]:Serial Data: 34.00
INFO:[mqtt-exporter]: [Topic: temp_F] b'34.0'
DEBUG:[mqtt-exporter]: 	 Topic: temp_F
DEBUG:[mqtt-exporter]: 	 Payload: 34.0
INFO:[mqtt-exporter]:Payload 34.0
DEBUG:[mqtt-exporter]:Serial Data: 34.00
INFO:[mqtt-exporter]: [Topic: temp_F] b'34.0'
DEBUG:[mqtt-exporter]: 	 Topic: temp_F
DEBUG:[mqtt-exporter]: 	 Payload: 34.0
INFO:[mqtt-exporter]:Payload 34.0
DEBUG:[mqtt-exporter]:Serial Data: 34.00
INFO:[mqtt-exporter]: [Topic: temp_F] b'34.0'
DEBUG:[mqtt-exporter]: 	 Topic: temp_F
DEBUG:[mqtt-exporter]: 	 Payload: 34.0
INFO:[mqtt-exporter]:Payload 34.0
DEBUG:[mqtt-exporter]:Serial Data: 34.00
INFO:[mqtt-exporter]: [Topic: temp_F] b'34.0'
DEBUG:[mqtt-exporter]: 	 Topic: temp_F
DEBUG:[mqtt-exporter]: 	 Payload: 34.0
INFO:[mqtt-exporter]:Payload 34.0
DEBUG:[mqtt-exporter]:Serial Data: 34.00
INFO:[mqtt-exporter]: [Topic: temp_F] b'34.0'
DEBUG:[mqtt-exporter]: 	 Topic: temp_F
DEBUG:[mqtt-exporter]: 	 Payload: 34.0
INFO:[mqtt-exporter]:Payload 34.0
DEBUG:[mqtt-exporter]:Serial Data: 34.00
INFO:[mqtt-exporter]: [Topic: temp_F] b'34.0'
DEBUG:[mqtt-exporter]: 	 Topic: temp_F
DEBUG:[mqtt-exporter]: 	 Payload: 34.0
INFO:[mqtt-exporter]:Payload 34.0
DEBUG:[mqtt-exporter]:Serial Data: 34.00
INFO:[mqtt-exporter]: [Topic: temp_F] b'34.0'
DEBUG:[mqtt-exporter]: 	 Topic: temp_F
DEBUG:[mqtt-exporter]: 	 Payload: 34.0
INFO:[mqtt-exporter]:Payload 34.0
DEBUG:[mqtt-exporter]:Serial Data: 34.00
INFO:[mqtt-exporter]: [Topic: temp_F] b'34.0'
DEBUG:[mqtt-exporter]: 	 Topic: temp_F
DEBUG:[mqtt-exporter]: 	 Payload: 34.0
INFO:[mqtt-exporter]:Payload 34.0
DEBUG:[mqtt-exporter]:Serial Data: 34.00
INFO:[mqtt-exporter]: [Topic: temp_F] b'34.0'
DEBUG:[mqtt-exporter]: 	 Topic: temp_F
DEBUG:[mqtt-exporter]: 	 Payload: 34.0
INFO:[mqtt-exporter]:Payload 34.0
DEBUG:[mqtt-exporter]:Serial Data: 34.00
INFO:[mqtt-exporter]: [Topic: temp_F] b'34.0'
DEBUG:[mqtt-exporter]: 	 Topic: temp_F
DEBUG:[mqtt-exporter]: 	 Payload: 34.0
INFO:[mqtt-exporter]:Payload 34.0
DEBUG:[mqtt-exporter]:Serial Data: 34.00
INFO:[mqtt-exporter]: [Topic: temp_F] b'34.0'
DEBUG:[mqtt-exporter]: 	 Topic: temp_F
DEBUG:[mqtt-exporter]: 	 Payload: 34.0
INFO:[mqtt-exporter]:Payload 34.0
DEBUG:[mqtt-exporter]:Serial Data: 34.00
INFO:[mqtt-exporter]: [Topic: temp_F] b'34.0'
DEBUG:[mqtt-exporter]: 	 Topic: temp_F
DEBUG:[mqtt-exporter]: 	 Payload: 34.0
INFO:[mqtt-exporter]:Payload 34.0
DEBUG:[mqtt-exporter]:Serial Data: 34.00
INFO:[mqtt-exporter]: [Topic: temp_F] b'34.0'
DEBUG:[mqtt-exporter]: 	 Topic: temp_F
DEBUG:[mqtt-exporter]: 	 Payload: 34.0
INFO:[mqtt-exporter]:Payload 34.0
DEBUG:[mqtt-exporter]:Serial Data: 34.00
INFO:[mqtt-exporter]: [Topic: temp_F] b'34.0'
DEBUG:[mqtt-exporter]: 	 Topic: temp_F
DEBUG:[mqtt-exporter]: 	 Payload: 34.0
INFO:[mqtt-exporter]:Payload 34.0
DEBUG:[mqtt-exporter]:Serial Data: 34.00
INFO:[mqtt-exporter]: [Topic: temp_F] b'34.0'
DEBUG:[mqtt-exporter]: 	 Topic: temp_F
DEBUG:[mqtt-exporter]: 	 Payload: 34.0
INFO:[mqtt-exporter]:Payload 34.0
DEBUG:[mqtt-exporter]:Serial Data: 34.00
INFO:[mqtt-exporter]: [Topic: temp_F] b'34.0'
DEBUG:[mqtt-exporter]: 	 Topic: temp_F
DEBUG:[mqtt-exporter]: 	 Payload: 34.0
INFO:[mqtt-exporter]:Payload 34.0
DEBUG:[mqtt-exporter]:Serial Data: 34.00
INFO:[mqtt-exporter]: [Topic: temp_F] b'34.0'
DEBUG:[mqtt-exporter]: 	 Topic: temp_F
DEBUG:[mqtt-exporter]: 	 Payload: 34.0
INFO:[mqtt-exporter]:Payload 34.0
DEBUG:[mqtt-exporter]:Serial Data: 34.00
INFO:[mqtt-exporter]: [Topic: temp_F] b'34.0'
DEBUG:[mqtt-exporter]: 	 Topic: temp_F
DEBUG:[mqtt-exporter]: 	 Payload: 34.0
INFO:[mqtt-exporter]:Payload 34.0
DEBUG:[mqtt-exporter]:Serial Data: 34.00
INFO:[mqtt-exporter]: [Topic: temp_F] b'34.0'
DEBUG:[mqtt-exporter]: 	 Topic: temp_F
DEBUG:[mqtt-exporter]: 	 Payload: 34.0
INFO:[mqtt-exporter]:Payload 34.0
DEBUG:[mqtt-exporter]:Serial Data: 34.00
INFO:[mqtt-exporter]: [Topic: temp_F] b'34.0'
DEBUG:[mqtt-exporter]: 	 Topic: temp_F
DEBUG:[mqtt-exporter]: 	 Payload: 34.0
INFO:[mqtt-exporter]:Payload 34.0
DEBUG:[mqtt-exporter]:Serial Data: 34.00
INFO:[mqtt-exporter]: [Topic: temp_F] b'34.0'
DEBUG:[mqtt-exporter]: 	 Topic: temp_F
DEBUG:[mqtt-exporter]: 	 Payload: 34.0
INFO:[mqtt-exporter]:Payload 34.0
DEBUG:[mqtt-exporter]:Serial Data: 34.00
INFO:[mqtt-exporter]: [Topic: temp_F] b'34.0'
DEBUG:[mqtt-exporter]: 	 Topic: temp_F
DEBUG:[mqtt-exporter]: 	 Payload: 34.0
INFO:[mqtt-exporter]:Payload 34.0
DEBUG:[mqtt-exporter]:Serial Data: 34.00
INFO:[mqtt-exporter]: [Topic: temp_F] b'34.0'
DEBUG:[mqtt-exporter]: 	 Topic: temp_F
DEBUG:[mqtt-exporter]: 	 Payload: 34.0
INFO:[mqtt-exporter]:Payload 34.0
DEBUG:[mqtt-exporter]:Serial Data: 34.00
INFO:[mqtt-exporter]: [Topic: temp_F] b'34.0'
DEBUG:[mqtt-exporter]: 	 Topic: temp_F
DEBUG:[mqtt-exporter]: 	 Payload: 34.0
INFO:[mqtt-exporter]:Payload 34.0
DEBUG:[mqtt-exporter]:Serial Data: 34.00
INFO:[mqtt-exporter]: [Topic: temp_F] b'34.0'
DEBUG:[mqtt-exporter]: 	 Topic: temp_F
DEBUG:[mqtt-exporter]: 	 Payload: 34.0
INFO:[mqtt-exporter]:Payload 34.0
DEBUG:[mqtt-exporter]:Serial Data: 34.00
INFO:[mqtt-exporter]: [Topic: temp_F] b'34.0'
DEBUG:[mqtt-exporter]: 	 Topic: temp_F
DEBUG:[mqtt-exporter]: 	 Payload: 34.0
INFO:[mqtt-exporter]:Payload 34.0
DEBUG:[mqtt-exporter]:Serial Data: 34.00
INFO:[mqtt-exporter]: [Topic: temp_F] b'34.0'
DEBUG:[mqtt-exporter]: 	 Topic: temp_F
DEBUG:[mqtt-exporter]: 	 Payload: 34.0
INFO:[mqtt-exporter]:Payload 34.0
DEBUG:[mqtt-exporter]:Serial Data: 34.00
INFO:[mqtt-exporter]: [Topic: temp_F] b'34.0'
DEBUG:[mqtt-exporter]: 	 Topic: temp_F
DEBUG:[mqtt-exporter]: 	 Payload: 34.0
INFO:[mqtt-exporter]:Payload 34.0
DEBUG:[mqtt-exporter]:Serial Data: 34.00
INFO:[mqtt-exporter]: [Topic: temp_F] b'34.0'
DEBUG:[mqtt-exporter]: 	 Topic: temp_F
DEBUG:[mqtt-exporter]: 	 Payload: 34.0
INFO:[mqtt-exporter]:Payload 34.0
DEBUG:[mqtt-exporter]:Serial Data: 34.00
INFO:[mqtt-exporter]: [Topic: temp_F] b'34.0'
DEBUG:[mqtt-exporter]: 	 Topic: temp_F
DEBUG:[mqtt-exporter]: 	 Payload: 34.0
INFO:[mqtt-exporter]:Payload 34.0
DEBUG:[mqtt-exporter]:Serial Data: 34.00
INFO:[mqtt-exporter]: [Topic: temp_F] b'34.0'
DEBUG:[mqtt-exporter]: 	 Topic: temp_F
DEBUG:[mqtt-exporter]: 	 Payload: 34.0
INFO:[mqtt-exporter]:Payload 34.0
DEBUG:[mqtt-exporter]:Serial Data: 34.25
INFO:[mqtt-exporter]: [Topic: temp_F] b'34.25'
DEBUG:[mqtt-exporter]: 	 Topic: temp_F
DEBUG:[mqtt-exporter]: 	 Payload: 34.25
INFO:[mqtt-exporter]:Payload 34.25
DEBUG:[mqtt-exporter]:Serial Data: 34.00
INFO:[mqtt-exporter]: [Topic: temp_F] b'34.0'
DEBUG:[mqtt-exporter]: 	 Topic: temp_F
DEBUG:[mqtt-exporter]: 	 Payload: 34.0
INFO:[mqtt-exporter]:Payload 34.0
DEBUG:[mqtt-exporter]:Serial Data: 34.00
INFO:[mqtt-exporter]: [Topic: temp_F] b'34.0'
DEBUG:[mqtt-exporter]: 	 Topic: temp_F
DEBUG:[mqtt-exporter]: 	 Payload: 34.0
INFO:[mqtt-exporter]:Payload 34.0
DEBUG:[mqtt-exporter]:Serial Data: 34.00
INFO:[mqtt-exporter]: [Topic: temp_F] b'34.0'
DEBUG:[mqtt-exporter]: 	 Topic: temp_F
DEBUG:[mqtt-exporter]: 	 Payload: 34.0
INFO:[mqtt-exporter]:Payload 34.0
DEBUG:[mqtt-exporter]:Serial Data: 34.00
INFO:[mqtt-exporter]: [Topic: temp_F] b'34.0'
DEBUG:[mqtt-exporter]: 	 Topic: temp_F
DEBUG:[mqtt-exporter]: 	 Payload: 34.0
INFO:[mqtt-exporter]:Payload 34.0
DEBUG:[mqtt-exporter]:Serial Data: 34.00
INFO:[mqtt-exporter]: [Topic: temp_F] b'34.0'
DEBUG:[mqtt-exporter]: 	 Topic: temp_F
DEBUG:[mqtt-exporter]: 	 Payload: 34.0
INFO:[mqtt-exporter]:Payload 34.0
DEBUG:[mqtt-exporter]:Serial Data: 34.00
INFO:[mqtt-exporter]: [Topic: temp_F] b'34.0'
DEBUG:[mqtt-exporter]: 	 Topic: temp_F
DEBUG:[mqtt-exporter]: 	 Payload: 34.0
INFO:[mqtt-exporter]:Payload 34.0
DEBUG:[mqtt-exporter]:Serial Data: 34.00
INFO:[mqtt-exporter]: [Topic: temp_F] b'34.0'
DEBUG:[mqtt-exporter]: 	 Topic: temp_F
DEBUG:[mqtt-exporter]: 	 Payload: 34.0
INFO:[mqtt-exporter]:Payload 34.0
DEBUG:[mqtt-exporter]:Serial Data: 34.00
INFO:[mqtt-exporter]: [Topic: temp_F] b'34.0'
DEBUG:[mqtt-exporter]: 	 Topic: temp_F
DEBUG:[mqtt-exporter]: 	 Payload: 34.0
INFO:[mqtt-exporter]:Payload 34.0
DEBUG:[mqtt-exporter]:Serial Data: 34.00
INFO:[mqtt-exporter]: [Topic: temp_F] b'34.0'
DEBUG:[mqtt-exporter]: 	 Topic: temp_F
DEBUG:[mqtt-exporter]: 	 Payload: 34.0
INFO:[mqtt-exporter]:Payload 34.0
DEBUG:[mqtt-exporter]:Serial Data: 34.00
INFO:[mqtt-exporter]: [Topic: temp_F] b'34.0'
DEBUG:[mqtt-exporter]: 	 Topic: temp_F
DEBUG:[mqtt-exporter]: 	 Payload: 34.0
INFO:[mqtt-exporter]:Payload 34.0
DEBUG:[mqtt-exporter]:Serial Data: 34.00
INFO:[mqtt-exporter]: [Topic: temp_F] b'34.0'
DEBUG:[mqtt-exporter]: 	 Topic: temp_F
DEBUG:[mqtt-exporter]: 	 Payload: 34.0
INFO:[mqtt-exporter]:Payload 34.0
DEBUG:[mqtt-exporter]:Serial Data: 34.00
INFO:[mqtt-exporter]: [Topic: temp_F] b'34.0'
DEBUG:[mqtt-exporter]: 	 Topic: temp_F
DEBUG:[mqtt-exporter]: 	 Payload: 34.0
INFO:[mqtt-exporter]:Payload 34.0
DEBUG:[mqtt-exporter]:Serial Data: 34.00
INFO:[mqtt-exporter]: [Topic: temp_F] b'34.0'
DEBUG:[mqtt-exporter]: 	 Topic: temp_F
DEBUG:[mqtt-exporter]: 	 Payload: 34.0
INFO:[mqtt-exporter]:Payload 34.0
DEBUG:[mqtt-exporter]:Serial Data: 34.00
INFO:[mqtt-exporter]: [Topic: temp_F] b'34.0'
DEBUG:[mqtt-exporter]: 	 Topic: temp_F
DEBUG:[mqtt-exporter]: 	 Payload: 34.0
INFO:[mqtt-exporter]:Payload 34.0
DEBUG:[mqtt-exporter]:Serial Data: 34.00
INFO:[mqtt-exporter]: [Topic: temp_F] b'34.0'
DEBUG:[mqtt-exporter]: 	 Topic: temp_F
DEBUG:[mqtt-exporter]: 	 Payload: 34.0
INFO:[mqtt-exporter]:Payload 34.0
DEBUG:[mqtt-exporter]:Serial Data: 34.00
INFO:[mqtt-exporter]: [Topic: temp_F] b'34.0'
DEBUG:[mqtt-exporter]: 	 Topic: temp_F
DEBUG:[mqtt-exporter]: 	 Payload: 34.0
INFO:[mqtt-exporter]:Payload 34.0
DEBUG:[mqtt-exporter]:Serial Data: 34.00
INFO:[mqtt-exporter]: [Topic: temp_F] b'34.0'
DEBUG:[mqtt-exporter]: 	 Topic: temp_F
DEBUG:[mqtt-exporter]: 	 Payload: 34.0
INFO:[mqtt-exporter]:Payload 34.0
DEBUG:[mqtt-exporter]:Serial Data: 34.00
INFO:[mqtt-exporter]: [Topic: temp_F] b'34.0'
DEBUG:[mqtt-exporter]: 	 Topic: temp_F
DEBUG:[mqtt-exporter]: 	 Payload: 34.0
INFO:[mqtt-exporter]:Payload 34.0
DEBUG:[mqtt-exporter]:Serial Data: 34.00
INFO:[mqtt-exporter]: [Topic: temp_F] b'34.0'
DEBUG:[mqtt-exporter]: 	 Topic: temp_F
DEBUG:[mqtt-exporter]: 	 Payload: 34.0
INFO:[mqtt-exporter]:Payload 34.0
DEBUG:[mqtt-exporter]:Serial Data: 34.00
INFO:[mqtt-exporter]: [Topic: temp_F] b'34.0'
DEBUG:[mqtt-exporter]: 	 Topic: temp_F
DEBUG:[mqtt-exporter]: 	 Payload: 34.0
INFO:[mqtt-exporter]:Payload 34.0
DEBUG:[mqtt-exporter]:Serial Data: 34.00
INFO:[mqtt-exporter]: [Topic: temp_F] b'34.0'
DEBUG:[mqtt-exporter]: 	 Topic: temp_F
DEBUG:[mqtt-exporter]: 	 Payload: 34.0
INFO:[mqtt-exporter]:Payload 34.0
DEBUG:[mqtt-exporter]:Serial Data: 34.00
INFO:[mqtt-exporter]: [Topic: temp_F] b'34.0'
DEBUG:[mqtt-exporter]: 	 Topic: temp_F
DEBUG:[mqtt-exporter]: 	 Payload: 34.0
INFO:[mqtt-exporter]:Payload 34.0
DEBUG:[mqtt-exporter]:Serial Data: 34.00
INFO:[mqtt-exporter]: [Topic: temp_F] b'34.0'
DEBUG:[mqtt-exporter]: 	 Topic: temp_F
DEBUG:[mqtt-exporter]: 	 Payload: 34.0
INFO:[mqtt-exporter]:Payload 34.0
DEBUG:[mqtt-exporter]:Serial Data: 34.00
INFO:[mqtt-exporter]: [Topic: temp_F] b'34.0'
DEBUG:[mqtt-exporter]: 	 Topic: temp_F
DEBUG:[mqtt-exporter]: 	 Payload: 34.0
INFO:[mqtt-exporter]:Payload 34.0
DEBUG:[mqtt-exporter]:Serial Data: 34.00
INFO:[mqtt-exporter]: [Topic: temp_F] b'34.0'
DEBUG:[mqtt-exporter]: 	 Topic: temp_F
DEBUG:[mqtt-exporter]: 	 Payload: 34.0
INFO:[mqtt-exporter]:Payload 34.0
DEBUG:[mqtt-exporter]:Serial Data: 34.25
INFO:[mqtt-exporter]: [Topic: temp_F] b'34.25'
DEBUG:[mqtt-exporter]: 	 Topic: temp_F
DEBUG:[mqtt-exporter]: 	 Payload: 34.25
INFO:[mqtt-exporter]:Payload 34.25
DEBUG:[mqtt-exporter]:Serial Data: 34.00
INFO:[mqtt-exporter]: [Topic: temp_F] b'34.0'
DEBUG:[mqtt-exporter]: 	 Topic: temp_F
DEBUG:[mqtt-exporter]: 	 Payload: 34.0
INFO:[mqtt-exporter]:Payload 34.0
INFO:[mqtt-exporter]:Connected rc=Success
DEBUG:[mqtt-exporter]:Serial: temp_c=31.00
INFO:[mqtt-exporter]:[Topic: temp_c] b'31.0'
DEBUG:[mqtt-exporter]:Serial: temp_F=87.80
INFO:[mqtt-exporter]:[Topic: temp_F] b'87.8'
DEBUG:[mqtt-exporter]:Serial: temp_c=31.00
DEBUG:[mqtt-exporter]:Serial: temp_F=87.80
INFO:[mqtt-exporter]:[Topic: temp_c] b'31.0'
INFO:[mqtt-exporter]:[Topic: temp_F] b'87.8'
DEBUG:[mqtt-exporter]:Serial: temp_c=31.00
INFO:[mqtt-exporter]:[Topic: temp_c] b'31.0'
DEBUG:[mqtt-exporter]:Serial: temp_F=87.80
INFO:[mqtt-exporter]:[Topic: temp_F] b'87.8'
DEBUG:[mqtt-exporter]:Serial: temp_c=31.00
INFO:[mqtt-exporter]:[Topic: temp_c] b'31.0'
DEBUG:[mqtt-exporter]:Serial: temp_F=87.80
INFO:[mqtt-exporter]:[Topic: temp_F] b'87.8'
DEBUG:[mqtt-exporter]:Serial: temp_c=31.00
INFO:[mqtt-exporter]:[Topic: temp_c] b'31.0'
DEBUG:[mqtt-exporter]:Serial: temp_F=87.80
INFO:[mqtt-exporter]:[Topic: temp_F] b'87.8'
DEBUG:[mqtt-exporter]:Serial: temp_c=31.00
INFO:[mqtt-exporter]:[Topic: temp_c] b'31.0'
DEBUG:[mqtt-exporter]:Serial: temp_F=87.80
INFO:[mqtt-exporter]:[Topic: temp_F] b'87.8'
DEBUG:[mqtt-exporter]:Serial: switch=1
INFO:[mqtt-exporter]:[Topic: switch] b'1.0'
DEBUG:[mqtt-exporter]:Serial: temp_c=30.75
INFO:[mqtt-exporter]:[Topic: temp_c] b'30.75'
DEBUG:[mqtt-exporter]:Serial: temp_F=87.35
INFO:[mqtt-exporter]:[Topic: temp_F] b'87.35'
DEBUG:[mqtt-exporter]:Serial: switch=0
INFO:[mqtt-exporter]:[Topic: switch] b'0.0'
DEBUG:[mqtt-exporter]:Serial: temp_c=30.25
DEBUG:[mqtt-exporter]:Serial: temp_F=86.45
INFO:[mqtt-exporter]:[Topic: temp_c] b'30.25'
INFO:[mqtt-exporter]:[Topic: temp_F] b'86.45'
DEBUG:[mqtt-exporter]:Serial: switch=1
INFO:[mqtt-exporter]:[Topic: switch] b'1.0'
DEBUG:[mqtt-exporter]:Serial: temp_c=30.25
INFO:[mqtt-exporter]:[Topic: temp_c] b'30.25'
DEBUG:[mqtt-exporter]:Serial: temp_F=86.45
INFO:[mqtt-exporter]:[Topic: temp_F] b'86.45'
DEBUG:[mqtt-exporter]:Serial: temp_c=30.25
INFO:[mqtt-exporter]:[Topic: temp_c] b'30.25'
DEBUG:[mqtt-exporter]:Serial: temp_F=86.45
INFO:[mqtt-exporter]:[Topic: temp_F] b'86.45'
DEBUG:[mqtt-exporter]:Serial: temp_c=30.25
INFO:[mqtt-exporter]:[Topic: temp_c] b'30.25'
DEBUG:[mqtt-exporter]:Serial: temp_F=86.45
INFO:[mqtt-exporter]:[Topic: temp_F] b'86.45'
DEBUG:[mqtt-exporter]:Serial: temp_c=30.75
DEBUG:[mqtt-exporter]:Serial: temp_F=87.35
INFO:[mqtt-exporter]:[Topic: temp_c] b'30.75'
INFO:[mqtt-exporter]:[Topic: temp_F] b'87.35'
DEBUG:[mqtt-exporter]:Serial: temp_c=30.25
DEBUG:[mqtt-exporter]:Serial: temp_F=86.45
INFO:[mqtt-exporter]:[Topic: temp_c] b'30.25'
INFO:[mqtt-exporter]:[Topic: temp_F] b'86.45'
DEBUG:[mqtt-exporter]:Serial: temp_c=30.75
INFO:[mqtt-exporter]:[Topic: temp_c] b'30.75'
DEBUG:[mqtt-exporter]:Serial: temp_F=87.35
INFO:[mqtt-exporter]:[Topic: temp_F] b'87.35'
DEBUG:[mqtt-exporter]:Serial: temp_c=30.75
INFO:[mqtt-exporter]:[Topic: temp_c] b'30.75'
DEBUG:[mqtt-exporter]:Serial: temp_F=87.35
INFO:[mqtt-exporter]:[Topic: temp_F] b'87.35'
DEBUG:[mqtt-exporter]:Serial: temp_c=30.75
INFO:[mqtt-exporter]:[Topic: temp_c] b'30.75'
DEBUG:[mqtt-exporter]:Serial: temp_F=87.35
INFO:[mqtt-exporter]:[Topic: temp_F] b'87.35'
DEBUG:[mqtt-exporter]:Serial: temp_c=30.75
INFO:[mqtt-exporter]:[Topic: temp_c] b'30.75'
DEBUG:[mqtt-exporter]:Serial: temp_F=87.35
INFO:[mqtt-exporter]:[Topic: temp_F] b'87.35'
DEBUG:[mqtt-exporter]:Serial: temp_c=30.75
INFO:[mqtt-exporter]:[Topic: temp_c] b'30.75'
DEBUG:[mqtt-exporter]:Serial: temp_F=87.35
INFO:[mqtt-exporter]:[Topic: temp_F] b'87.35'
DEBUG:[mqtt-exporter]:Serial: temp_c=30.75
INFO:[mqtt-exporter]:[Topic: temp_c] b'30.75'
DEBUG:[mqtt-exporter]:Serial: temp_F=87.35
INFO:[mqtt-exporter]:[Topic: temp_F] b'87.35'
DEBUG:[mqtt-exporter]:Serial: temp_c=30.75
INFO:[mqtt-exporter]:[Topic: temp_c] b'30.75'
DEBUG:[mqtt-exporter]:Serial: temp_F=87.35
INFO:[mqtt-exporter]:[Topic: temp_F] b'87.35'
DEBUG:[mqtt-exporter]:Serial: temp_c=30.75
INFO:[mqtt-exporter]:[Topic: temp_c] b'30.75'
DEBUG:[mqtt-exporter]:Serial: temp_F=87.35
INFO:[mqtt-exporter]:[Topic: temp_F] b'87.35'
DEBUG:[mqtt-exporter]:Serial: temp_c=30.75
INFO:[mqtt-exporter]:[Topic: temp_c] b'30.75'
DEBUG:[mqtt-exporter]:Serial: temp_F=87.35
INFO:[mqtt-exporter]:[Topic: temp_F] b'87.35'
DEBUG:[mqtt-exporter]:Serial: temp_c=30.75
INFO:[mqtt-exporter]:[Topic: temp_c] b'30.75'
DEBUG:[mqtt-exporter]:Serial: temp_F=87.35
INFO:[mqtt-exporter]:[Topic: temp_F] b'87.35'
DEBUG:[mqtt-exporter]:Serial: temp_c=30.75
DEBUG:[mqtt-exporter]:Serial: temp_F=87.35
INFO:[mqtt-exporter]:[Topic: temp_c] b'30.75'
INFO:[mqtt-exporter]:[Topic: temp_F] b'87.35'
DEBUG:[mqtt-exporter]:Serial: temp_c=31.00
INFO:[mqtt-exporter]:[Topic: temp_c] b'31.0'
DEBUG:[mqtt-exporter]:Serial: temp_F=87.80
INFO:[mqtt-exporter]:[Topic: temp_F] b'87.8'
DEBUG:[mqtt-exporter]:Serial: temp_c=31.00
INFO:[mqtt-exporter]:[Topic: temp_c] b'31.0'
DEBUG:[mqtt-exporter]:Serial: temp_F=87.80
INFO:[mqtt-exporter]:[Topic: temp_F] b'87.8'
DEBUG:[mqtt-exporter]:Serial: temp_c=30.75
DEBUG:[mqtt-exporter]:Serial: temp_F=87.35
INFO:[mqtt-exporter]:[Topic: temp_c] b'30.75'
INFO:[mqtt-exporter]:[Topic: temp_F] b'87.35'
DEBUG:[mqtt-exporter]:Serial: temp_c=30.75
INFO:[mqtt-exporter]:[Topic: temp_c] b'30.75'
DEBUG:[mqtt-exporter]:Serial: temp_F=87.35
INFO:[mqtt-exporter]:[Topic: temp_F] b'87.35'
DEBUG:[mqtt-exporter]:Serial: temp_c=30.75
INFO:[mqtt-exporter]:[Topic: temp_c] b'30.75'
DEBUG:[mqtt-exporter]:Serial: temp_F=87.35
INFO:[mqtt-exporter]:[Topic: temp_F] b'87.35'
DEBUG:[mqtt-exporter]:Serial: temp_c=31.00
INFO:[mqtt-exporter]:[Topic: temp_c] b'31.0'
DEBUG:[mqtt-exporter]:Serial: temp_F=87.80
INFO:[mqtt-exporter]:[Topic: temp_F] b'87.8'
DEBUG:[mqtt-exporter]:Serial: temp_c=30.75
INFO:[mqtt-exporter]:[Topic: temp_c] b'30.75'
DEBUG:[mqtt-exporter]:Serial: temp_F=87.35
INFO:[mqtt-exporter]:[Topic: temp_F] b'87.35'
DEBUG:[mqtt-exporter]:Serial: temp_c=31.00
DEBUG:[mqtt-exporter]:Serial: temp_F=87.80
INFO:[mqtt-exporter]:[Topic: temp_c] b'31.0'
INFO:[mqtt-exporter]:[Topic: temp_F] b'87.8'
DEBUG:[mqtt-exporter]:Serial: temp_c=30.75
INFO:[mqtt-exporter]:[Topic: temp_c] b'30.75'
DEBUG:[mqtt-exporter]:Serial: temp_F=87.35
INFO:[mqtt-exporter]:[Topic: temp_F] b'87.35'
DEBUG:[mqtt-exporter]:Serial: temp_c=30.75
INFO:[mqtt-exporter]:[Topic: temp_c] b'30.75'
DEBUG:[mqtt-exporter]:Serial: temp_F=87.35
INFO:[mqtt-exporter]:[Topic: temp_F] b'87.35'
DEBUG:[mqtt-exporter]:Serial: temp_c=30.75
INFO:[mqtt-exporter]:[Topic: temp_c] b'30.75'
DEBUG:[mqtt-exporter]:Serial: temp_F=87.35
INFO:[mqtt-exporter]:[Topic: temp_F] b'87.35'
DEBUG:[mqtt-exporter]:Serial: temp_c=31.00
INFO:[mqtt-exporter]:[Topic: temp_c] b'31.0'
DEBUG:[mqtt-exporter]:Serial: temp_F=87.80
INFO:[mqtt-exporter]:[Topic: temp_F] b'87.8'
DEBUG:[mqtt-exporter]:Serial: temp_c=31.00
DEBUG:[mqtt-exporter]:Serial: temp_F=87.80
INFO:[mqtt-exporter]:[Topic: temp_c] b'31.0'
INFO:[mqtt-exporter]:[Topic: temp_F] b'87.8'
DEBUG:[mqtt-exporter]:Serial: temp_c=31.00
DEBUG:[mqtt-exporter]:Serial: temp_F=87.80
INFO:[mqtt-exporter]:[Topic: temp_c] b'31.0'
INFO:[mqtt-exporter]:[Topic: temp_F] b'87.8'
DEBUG:[mqtt-exporter]:Serial: temp_c=31.00
DEBUG:[mqtt-exporter]:Serial: temp_F=87.80
INFO:[mqtt-exporter]:[Topic: temp_c] b'31.0'
INFO:[mqtt-exporter]:[Topic: temp_F] b'87.8'
DEBUG:[mqtt-exporter]:Serial: temp_c=31.00
INFO:[mqtt-exporter]:[Topic: temp_c] b'31.0'
DEBUG:[mqtt-exporter]:Serial: temp_F=87.80
INFO:[mqtt-exporter]:[Topic: temp_F] b'87.8'
DEBUG:[mqtt-exporter]:Serial: temp_c=31.00
INFO:[mqtt-exporter]:[Topic: temp_c] b'31.0'
DEBUG:[mqtt-exporter]:Serial: temp_F=87.80
INFO:[mqtt-exporter]:[Topic: temp_F] b'87.8'
DEBUG:[mqtt-exporter]:Serial: temp_c=31.00
DEBUG:[mqtt-exporter]:Serial: temp_F=87.80
INFO:[mqtt-exporter]:[Topic: temp_c] b'31.0'
INFO:[mqtt-exporter]:[Topic: temp_F] b'87.8'
DEBUG:[mqtt-exporter]:Serial: temp_c=31.00
INFO:[mqtt-exporter]:[Topic: temp_c] b'31.0'
DEBUG:[mqtt-exporter]:Serial: temp_F=87.80
INFO:[mqtt-exporter]:[Topic: temp_F] b'87.8'
DEBUG:[mqtt-exporter]:Serial: temp_c=31.00
INFO:[mqtt-exporter]:[Topic: temp_c] b'31.0'
DEBUG:[mqtt-exporter]:Serial: temp_F=87.80
INFO:[mqtt-exporter]:[Topic: temp_F] b'87.8'
DEBUG:[mqtt-exporter]:Serial: temp_c=31.00
INFO:[mqtt-exporter]:[Topic: temp_c] b'31.0'
DEBUG:[mqtt-exporter]:Serial: temp_F=87.80
INFO:[mqtt-exporter]:[Topic: temp_F] b'87.8'
DEBUG:[mqtt-exporter]:Serial: temp_c=31.00
INFO:[mqtt-exporter]:[Topic: temp_c] b'31.0'
DEBUG:[mqtt-exporter]:Serial: temp_F=87.80
INFO:[mqtt-exporter]:[Topic: temp_F] b'87.8'
DEBUG:[mqtt-exporter]:Serial: temp_c=31.00
INFO:[mqtt-exporter]:[Topic: temp_c] b'31.0'
DEBUG:[mqtt-exporter]:Serial: temp_F=87.80
INFO:[mqtt-exporter]:[Topic: temp_F] b'87.8'
DEBUG:[mqtt-exporter]:Serial: temp_c=31.00
INFO:[mqtt-exporter]:[Topic: temp_c] b'31.0'
DEBUG:[mqtt-exporter]:Serial: temp_F=87.80
INFO:[mqtt-exporter]:[Topic: temp_F] b'87.8'
DEBUG:[mqtt-exporter]:Serial: temp_c=31.00
INFO:[mqtt-exporter]:[Topic: temp_c] b'31.0'
DEBUG:[mqtt-exporter]:Serial: temp_F=87.80
INFO:[mqtt-exporter]:[Topic: temp_F] b'87.8'
DEBUG:[mqtt-exporter]:Serial: temp_c=31.00
INFO:[mqtt-exporter]:[Topic: temp_c] b'31.0'
DEBUG:[mqtt-exporter]:Serial: temp_F=87.80
INFO:[mqtt-exporter]:[Topic: temp_F] b'87.8'
DEBUG:[mqtt-exporter]:Serial: temp_c=31.25
INFO:[mqtt-exporter]:[Topic: temp_c] b'31.25'
DEBUG:[mqtt-exporter]:Serial: temp_F=88.25
INFO:[mqtt-exporter]:[Topic: temp_F] b'88.25'
DEBUG:[mqtt-exporter]:Serial: temp_c=31.00
INFO:[mqtt-exporter]:[Topic: temp_c] b'31.0'
DEBUG:[mqtt-exporter]:Serial: temp_F=87.80
INFO:[mqtt-exporter]:[Topic: temp_F] b'87.8'
DEBUG:[mqtt-exporter]:Serial: temp_c=31.25
INFO:[mqtt-exporter]:[Topic: temp_c] b'31.25'
DEBUG:[mqtt-exporter]:Serial: temp_F=88.25
INFO:[mqtt-exporter]:[Topic: temp_F] b'88.25'
DEBUG:[mqtt-exporter]:Serial: temp_c=31.00
DEBUG:[mqtt-exporter]:Serial: temp_F=87.80
INFO:[mqtt-exporter]:[Topic: temp_c] b'31.0'
INFO:[mqtt-exporter]:[Topic: temp_F] b'87.8'
DEBUG:[mqtt-exporter]:Serial: temp_c=31.25
INFO:[mqtt-exporter]:[Topic: temp_c] b'31.25'
DEBUG:[mqtt-exporter]:Serial: temp_F=88.25
INFO:[mqtt-exporter]:[Topic: temp_F] b'88.25'
DEBUG:[mqtt-exporter]:Serial: temp_c=31.00
INFO:[mqtt-exporter]:[Topic: temp_c] b'31.0'
DEBUG:[mqtt-exporter]:Serial: temp_F=87.80
INFO:[mqtt-exporter]:[Topic: temp_F] b'87.8'
DEBUG:[mqtt-exporter]:Serial: temp_c=31.00
INFO:[mqtt-exporter]:[Topic: temp_c] b'31.0'
DEBUG:[mqtt-exporter]:Serial: temp_F=87.80
INFO:[mqtt-exporter]:[Topic: temp_F] b'87.8'
DEBUG:[mqtt-exporter]:Serial: temp_c=31.00
INFO:[mqtt-exporter]:[Topic: temp_c] b'31.0'
DEBUG:[mqtt-exporter]:Serial: temp_F=87.80
INFO:[mqtt-exporter]:[Topic: temp_F] b'87.8'
DEBUG:[mqtt-exporter]:Serial: temp_c=31.00
INFO:[mqtt-exporter]:[Topic: temp_c] b'31.0'
DEBUG:[mqtt-exporter]:Serial: temp_F=87.80
INFO:[mqtt-exporter]:[Topic: temp_F] b'87.8'
DEBUG:[mqtt-exporter]:Serial: temp_c=31.25
INFO:[mqtt-exporter]:[Topic: temp_c] b'31.25'
DEBUG:[mqtt-exporter]:Serial: temp_F=88.25
INFO:[mqtt-exporter]:[Topic: temp_F] b'88.25'
DEBUG:[mqtt-exporter]:Serial: temp_c=31.00
INFO:[mqtt-exporter]:[Topic: temp_c] b'31.0'
DEBUG:[mqtt-exporter]:Serial: temp_F=87.80
INFO:[mqtt-exporter]:[Topic: temp_F] b'87.8'
DEBUG:[mqtt-exporter]:Serial: temp_c=31.00
INFO:[mqtt-exporter]:[Topic: temp_c] b'31.0'
DEBUG:[mqtt-exporter]:Serial: temp_F=87.80
INFO:[mqtt-exporter]:[Topic: temp_F] b'87.8'
DEBUG:[mqtt-exporter]:Serial: temp_c=31.25
INFO:[mqtt-exporter]:[Topic: temp_c] b'31.25'
DEBUG:[mqtt-exporter]:Serial: temp_F=88.25
INFO:[mqtt-exporter]:[Topic: temp_F] b'88.25'
DEBUG:[mqtt-exporter]:Serial: temp_c=31.25
DEBUG:[mqtt-exporter]:Serial: temp_F=88.25
INFO:[mqtt-exporter]:[Topic: temp_c] b'31.25'
INFO:[mqtt-exporter]:[Topic: temp_F] b'88.25'
DEBUG:[mqtt-exporter]:Serial: temp_c=31.00
INFO:[mqtt-exporter]:[Topic: temp_c] b'31.0'
DEBUG:[mqtt-exporter]:Serial: temp_F=87.80
INFO:[mqtt-exporter]:[Topic: temp_F] b'87.8'
DEBUG:[mqtt-exporter]:Serial: temp_c=31.25
INFO:[mqtt-exporter]:[Topic: temp_c] b'31.25'
DEBUG:[mqtt-exporter]:Serial: temp_F=88.25
INFO:[mqtt-exporter]:[Topic: temp_F] b'88.25'
DEBUG:[mqtt-exporter]:Serial: temp_c=31.00
INFO:[mqtt-exporter]:[Topic: temp_c] b'31.0'
DEBUG:[mqtt-exporter]:Serial: temp_F=87.80
INFO:[mqtt-exporter]:[Topic: temp_F] b'87.8'
DEBUG:[mqtt-exporter]:Serial: temp_c=31.25
INFO:[mqtt-exporter]:[Topic: temp_c] b'31.25'
DEBUG:[mqtt-exporter]:Serial: temp_F=88.25
INFO:[mqtt-exporter]:[Topic: temp_F] b'88.25'
DEBUG:[mqtt-exporter]:Serial: temp_c=31.25
INFO:[mqtt-exporter]:[Topic: temp_c] b'31.25'
DEBUG:[mqtt-exporter]:Serial: temp_F=88.25
INFO:[mqtt-exporter]:[Topic: temp_F] b'88.25'
DEBUG:[mqtt-exporter]:Serial: temp_c=31.25
INFO:[mqtt-exporter]:[Topic: temp_c] b'31.25'
DEBUG:[mqtt-exporter]:Serial: temp_F=88.25
INFO:[mqtt-exporter]:[Topic: temp_F] b'88.25'
DEBUG:[mqtt-exporter]:Serial: temp_c=31.00
DEBUG:[mqtt-exporter]:Serial: temp_F=87.80
INFO:[mqtt-exporter]:[Topic: temp_c] b'31.0'
INFO:[mqtt-exporter]:[Topic: temp_F] b'87.8'
DEBUG:[mqtt-exporter]:Serial: temp_c=31.25
INFO:[mqtt-exporter]:[Topic: temp_c] b'31.25'
DEBUG:[mqtt-exporter]:Serial: temp_F=88.25
INFO:[mqtt-exporter]:[Topic: temp_F] b'88.25'
DEBUG:[mqtt-exporter]:Serial: temp_c=31.25
INFO:[mqtt-exporter]:[Topic: temp_c] b'31.25'
DEBUG:[mqtt-exporter]:Serial: temp_F=88.25
INFO:[mqtt-exporter]:[Topic: temp_F] b'88.25'
DEBUG:[mqtt-exporter]:Serial: temp_c=31.25
DEBUG:[mqtt-exporter]:Serial: temp_F=88.25
INFO:[mqtt-exporter]:[Topic: temp_c] b'31.25'
INFO:[mqtt-exporter]:[Topic: temp_F] b'88.25'
DEBUG:[mqtt-exporter]:Serial: temp_c=31.25
INFO:[mqtt-exporter]:[Topic: temp_c] b'31.25'
DEBUG:[mqtt-exporter]:Serial: temp_F=88.25
INFO:[mqtt-exporter]:[Topic: temp_F] b'88.25'
DEBUG:[mqtt-exporter]:Serial: temp_c=31.00
DEBUG:[mqtt-exporter]:Serial: temp_F=87.80
INFO:[mqtt-exporter]:[Topic: temp_c] b'31.0'
INFO:[mqtt-exporter]:[Topic: temp_F] b'87.8'
DEBUG:[mqtt-exporter]:Serial: temp_c=31.25
DEBUG:[mqtt-exporter]:Serial: temp_F=88.25
INFO:[mqtt-exporter]:[Topic: temp_c] b'31.25'
INFO:[mqtt-exporter]:[Topic: temp_F] b'88.25'
DEBUG:[mqtt-exporter]:Serial: temp_c=31.25
INFO:[mqtt-exporter]:[Topic: temp_c] b'31.25'
DEBUG:[mqtt-exporter]:Serial: temp_F=88.25
INFO:[mqtt-exporter]:[Topic: temp_F] b'88.25'
DEBUG:[mqtt-exporter]:Serial: temp_c=31.25
INFO:[mqtt-exporter]:[Topic: temp_c] b'31.25'
DEBUG:[mqtt-exporter]:Serial: temp_F=88.25
INFO:[mqtt-exporter]:[Topic: temp_F] b'88.25'
DEBUG:[mqtt-exporter]:Serial: temp_c=31.25
INFO:[mqtt-exporter]:[Topic: temp_c] b'31.25'
DEBUG:[mqtt-exporter]:Serial: temp_F=88.25
INFO:[mqtt-exporter]:[Topic: temp_F] b'88.25'
DEBUG:[mqtt-exporter]:Serial: temp_c=31.00
INFO:[mqtt-exporter]:[Topic: temp_c] b'31.0'
DEBUG:[mqtt-exporter]:Serial: temp_F=87.80
INFO:[mqtt-exporter]:[Topic: temp_F] b'87.8'
DEBUG:[mqtt-exporter]:Serial: temp_c=31.25
INFO:[mqtt-exporter]:[Topic: temp_c] b'31.25'
DEBUG:[mqtt-exporter]:Serial: temp_F=88.25
INFO:[mqtt-exporter]:[Topic: temp_F] b'88.25'
DEBUG:[mqtt-exporter]:Serial: temp_c=31.25
INFO:[mqtt-exporter]:[Topic: temp_c] b'31.25'
DEBUG:[mqtt-exporter]:Serial: temp_F=88.25
INFO:[mqtt-exporter]:[Topic: temp_F] b'88.25'
DEBUG:[mqtt-exporter]:Serial: temp_c=31.00
INFO:[mqtt-exporter]:[Topic: temp_c] b'31.0'
DEBUG:[mqtt-exporter]:Serial: temp_F=87.80
INFO:[mqtt-exporter]:[Topic: temp_F] b'87.8'
DEBUG:[mqtt-exporter]:Serial: temp_c=31.25
INFO:[mqtt-exporter]:[Topic: temp_c] b'31.25'
DEBUG:[mqtt-exporter]:Serial: temp_F=88.25
INFO:[mqtt-exporter]:[Topic: temp_F] b'88.25'
DEBUG:[mqtt-exporter]:Serial: temp_c=31.25
DEBUG:[mqtt-exporter]:Serial: temp_F=88.25
INFO:[mqtt-exporter]:[Topic: temp_c] b'31.25'
INFO:[mqtt-exporter]:[Topic: temp_F] b'88.25'
DEBUG:[mqtt-exporter]:Serial: temp_c=31.25
INFO:[mqtt-exporter]:[Topic: temp_c] b'31.25'
DEBUG:[mqtt-exporter]:Serial: temp_F=88.25
INFO:[mqtt-exporter]:[Topic: temp_F] b'88.25'
DEBUG:[mqtt-exporter]:Serial: temp_c=31.25
INFO:[mqtt-exporter]:[Topic: temp_c] b'31.25'
DEBUG:[mqtt-exporter]:Serial: temp_F=88.25
INFO:[mqtt-exporter]:[Topic: temp_F] b'88.25'
DEBUG:[mqtt-exporter]:Serial: temp_c=31.25
INFO:[mqtt-exporter]:[Topic: temp_c] b'31.25'
DEBUG:[mqtt-exporter]:Serial: temp_F=88.25
INFO:[mqtt-exporter]:[Topic: temp_F] b'88.25'
DEBUG:[mqtt-exporter]:Serial: temp_c=31.25
INFO:[mqtt-exporter]:[Topic: temp_c] b'31.25'
DEBUG:[mqtt-exporter]:Serial: temp_F=88.25
INFO:[mqtt-exporter]:[Topic: temp_F] b'88.25'
DEBUG:[mqtt-exporter]:Serial: temp_c=31.25
INFO:[mqtt-exporter]:[Topic: temp_c] b'31.25'
DEBUG:[mqtt-exporter]:Serial: temp_F=88.25
INFO:[mqtt-exporter]:[Topic: temp_F] b'88.25'
DEBUG:[mqtt-exporter]:Serial: temp_c=31.25
INFO:[mqtt-exporter]:[Topic: temp_c] b'31.25'
DEBUG:[mqtt-exporter]:Serial: temp_F=88.25
INFO:[mqtt-exporter]:[Topic: temp_F] b'88.25'
DEBUG:[mqtt-exporter]:Serial: temp_c=31.25
INFO:[mqtt-exporter]:[Topic: temp_c] b'31.25'
DEBUG:[mqtt-exporter]:Serial: temp_F=88.25
INFO:[mqtt-exporter]:[Topic: temp_F] b'88.25'
DEBUG:[mqtt-exporter]:Serial: temp_c=31.25
INFO:[mqtt-exporter]:[Topic: temp_c] b'31.25'
DEBUG:[mqtt-exporter]:Serial: temp_F=88.25
INFO:[mqtt-exporter]:[Topic: temp_F] b'88.25'
DEBUG:[mqtt-exporter]:Serial: temp_c=31.25
INFO:[mqtt-exporter]:[Topic: temp_c] b'31.25'
DEBUG:[mqtt-exporter]:Serial: temp_F=88.25
INFO:[mqtt-exporter]:[Topic: temp_F] b'88.25'
DEBUG:[mqtt-exporter]:Serial: temp_c=31.25
INFO:[mqtt-exporter]:[Topic: temp_c] b'31.25'
DEBUG:[mqtt-exporter]:Serial: temp_F=88.25
INFO:[mqtt-exporter]:[Topic: temp_F] b'88.25'
DEBUG:[mqtt-exporter]:Serial: temp_c=31.25
INFO:[mqtt-exporter]:[Topic: temp_c] b'31.25'
DEBUG:[mqtt-exporter]:Serial: temp_F=88.25
INFO:[mqtt-exporter]:[Topic: temp_F] b'88.25'
DEBUG:[mqtt-exporter]:Serial: temp_c=31.25
INFO:[mqtt-exporter]:[Topic: temp_c] b'31.25'
DEBUG:[mqtt-exporter]:Serial: temp_F=88.25
INFO:[mqtt-exporter]:[Topic: temp_F] b'88.25'
DEBUG:[mqtt-exporter]:Serial: temp_c=31.25
INFO:[mqtt-exporter]:[Topic: temp_c] b'31.25'
DEBUG:[mqtt-exporter]:Serial: temp_F=88.25
INFO:[mqtt-exporter]:[Topic: temp_F] b'88.25'
DEBUG:[mqtt-exporter]:Serial: temp_c=31.25
INFO:[mqtt-exporter]:[Topic: temp_c] b'31.25'
DEBUG:[mqtt-exporter]:Serial: temp_F=88.25
INFO:[mqtt-exporter]:[Topic: temp_F] b'88.25'
DEBUG:[mqtt-exporter]:Serial: temp_c=31.25
INFO:[mqtt-exporter]:[Topic: temp_c] b'31.25'
DEBUG:[mqtt-exporter]:Serial: temp_F=88.25
INFO:[mqtt-exporter]:[Topic: temp_F] b'88.25'
DEBUG:[mqtt-exporter]:Serial: temp_c=31.25
INFO:[mqtt-exporter]:[Topic: temp_c] b'31.25'
DEBUG:[mqtt-exporter]:Serial: temp_F=88.25
INFO:[mqtt-exporter]:[Topic: temp_F] b'88.25'
DEBUG:[mqtt-exporter]:Serial: temp_c=31.25
INFO:[mqtt-exporter]:[Topic: temp_c] b'31.25'
DEBUG:[mqtt-exporter]:Serial: temp_F=88.25
INFO:[mqtt-exporter]:[Topic: temp_F] b'88.25'
DEBUG:[mqtt-exporter]:Serial: temp_c=31.25
INFO:[mqtt-exporter]:[Topic: temp_c] b'31.25'
DEBUG:[mqtt-exporter]:Serial: temp_F=88.25
INFO:[mqtt-exporter]:[Topic: temp_F] b'88.25'
DEBUG:[mqtt-exporter]:Serial: temp_c=31.25
INFO:[mqtt-exporter]:[Topic: temp_c] b'31.25'
DEBUG:[mqtt-exporter]:Serial: temp_F=88.25
INFO:[mqtt-exporter]:[Topic: temp_F] b'88.25'
DEBUG:[mqtt-exporter]:Serial: temp_c=31.25
INFO:[mqtt-exporter]:[Topic: temp_c] b'31.25'
DEBUG:[mqtt-exporter]:Serial: temp_F=88.25
INFO:[mqtt-exporter]:[Topic: temp_F] b'88.25'
DEBUG:[mqtt-exporter]:Serial: temp_c=31.25
INFO:[mqtt-exporter]:[Topic: temp_c] b'31.25'
DEBUG:[mqtt-exporter]:Serial: temp_F=88.25
INFO:[mqtt-exporter]:[Topic: temp_F] b'88.25'
DEBUG:[mqtt-exporter]:Serial: temp_c=31.25
INFO:[mqtt-exporter]:[Topic: temp_c] b'31.25'
DEBUG:[mqtt-exporter]:Serial: temp_F=88.25
INFO:[mqtt-exporter]:[Topic: temp_F] b'88.25'
DEBUG:[mqtt-exporter]:Serial: temp_c=31.25
INFO:[mqtt-exporter]:[Topic: temp_c] b'31.25'
DEBUG:[mqtt-exporter]:Serial: temp_F=88.25
INFO:[mqtt-exporter]:[Topic: temp_F] b'88.25'
DEBUG:[mqtt-exporter]:Serial: temp_c=31.25
INFO:[mqtt-exporter]:[Topic: temp_c] b'31.25'
DEBUG:[mqtt-exporter]:Serial: temp_F=88.25
INFO:[mqtt-exporter]:[Topic: temp_F] b'88.25'
DEBUG:[mqtt-exporter]:Serial: temp_c=31.25
INFO:[mqtt-exporter]:[Topic: temp_c] b'31.25'
DEBUG:[mqtt-exporter]:Serial: temp_F=88.25
INFO:[mqtt-exporter]:[Topic: temp_F] b'88.25'
DEBUG:[mqtt-exporter]:Serial: temp_c=31.25
INFO:[mqtt-exporter]:[Topic: temp_c] b'31.25'
DEBUG:[mqtt-exporter]:Serial: temp_F=88.25
INFO:[mqtt-exporter]:[Topic: temp_F] b'88.25'
DEBUG:[mqtt-exporter]:Serial: temp_c=31.25
INFO:[mqtt-exporter]:[Topic: temp_c] b'31.25'
DEBUG:[mqtt-exporter]:Serial: temp_F=88.25
INFO:[mqtt-exporter]:[Topic: temp_F] b'88.25'
DEBUG:[mqtt-exporter]:Serial: temp_c=31.25
INFO:[mqtt-exporter]:[Topic: temp_c] b'31.25'
DEBUG:[mqtt-exporter]:Serial: temp_F=88.25
INFO:[mqtt-exporter]:[Topic: temp_F] b'88.25'
DEBUG:[mqtt-exporter]:Serial: temp_c=31.25
DEBUG:[mqtt-exporter]:Serial: temp_F=88.25
INFO:[mqtt-exporter]:[Topic: temp_c] b'31.25'
INFO:[mqtt-exporter]:[Topic: temp_F] b'88.25'
DEBUG:[mqtt-exporter]:Serial: temp_c=31.25
INFO:[mqtt-exporter]:[Topic: temp_c] b'31.25'
DEBUG:[mqtt-exporter]:Serial: temp_F=88.25
INFO:[mqtt-exporter]:[Topic: temp_F] b'88.25'
DEBUG:[mqtt-exporter]:Serial: temp_c=31.25
INFO:[mqtt-exporter]:[Topic: temp_c] b'31.25'
DEBUG:[mqtt-exporter]:Serial: temp_F=88.25
INFO:[mqtt-exporter]:[Topic: temp_F] b'88.25'
DEBUG:[mqtt-exporter]:Serial: temp_c=31.25
INFO:[mqtt-exporter]:[Topic: temp_c] b'31.25'
DEBUG:[mqtt-exporter]:Serial: temp_F=88.25
INFO:[mqtt-exporter]:[Topic: temp_F] b'88.25'
DEBUG:[mqtt-exporter]:Serial: temp_c=31.25
INFO:[mqtt-exporter]:[Topic: temp_c] b'31.25'
DEBUG:[mqtt-exporter]:Serial: temp_F=88.25
INFO:[mqtt-exporter]:[Topic: temp_F] b'88.25'
DEBUG:[mqtt-exporter]:Serial: temp_c=31.25
INFO:[mqtt-exporter]:[Topic: temp_c] b'31.25'
DEBUG:[mqtt-exporter]:Serial: temp_F=88.25
INFO:[mqtt-exporter]:[Topic: temp_F] b'88.25'
DEBUG:[mqtt-exporter]:Serial: temp_c=31.25
INFO:[mqtt-exporter]:[Topic: temp_c] b'31.25'
DEBUG:[mqtt-exporter]:Serial: temp_F=88.25
INFO:[mqtt-exporter]:[Topic: temp_F] b'88.25'
DEBUG:[mqtt-exporter]:Serial: temp_c=31.25
INFO:[mqtt-exporter]:[Topic: temp_c] b'31.25'
DEBUG:[mqtt-exporter]:Serial: temp_F=88.25
INFO:[mqtt-exporter]:[Topic: temp_F] b'88.25'
DEBUG:[mqtt-exporter]:Serial: temp_c=31.25
DEBUG:[mqtt-exporter]:Serial: temp_F=88.25
INFO:[mqtt-exporter]:[Topic: temp_c] b'31.25'
INFO:[mqtt-exporter]:[Topic: temp_F] b'88.25'
DEBUG:[mqtt-exporter]:Serial: temp_c=31.25
INFO:[mqtt-exporter]:[Topic: temp_c] b'31.25'
DEBUG:[mqtt-exporter]:Serial: temp_F=88.25
INFO:[mqtt-exporter]:[Topic: temp_F] b'88.25'
DEBUG:[mqtt-exporter]:Serial: temp_c=31.25
INFO:[mqtt-exporter]:[Topic: temp_c] b'31.25'
DEBUG:[mqtt-exporter]:Serial: temp_F=88.25
INFO:[mqtt-exporter]:[Topic: temp_F] b'88.25'
DEBUG:[mqtt-exporter]:Serial: temp_c=31.25
INFO:[mqtt-exporter]:[Topic: temp_c] b'31.25'
DEBUG:[mqtt-exporter]:Serial: temp_F=88.25
INFO:[mqtt-exporter]:[Topic: temp_F] b'88.25'
DEBUG:[mqtt-exporter]:Serial: temp_c=31.25
INFO:[mqtt-exporter]:[Topic: temp_c] b'31.25'
DEBUG:[mqtt-exporter]:Serial: temp_F=88.25
INFO:[mqtt-exporter]:[Topic: temp_F] b'88.25'
DEBUG:[mqtt-exporter]:Serial: temp_c=31.25
DEBUG:[mqtt-exporter]:Serial: temp_F=88.25
INFO:[mqtt-exporter]:[Topic: temp_c] b'31.25'
INFO:[mqtt-exporter]:[Topic: temp_F] b'88.25'
DEBUG:[mqtt-exporter]:Serial: temp_c=31.25
INFO:[mqtt-exporter]:[Topic: temp_c] b'31.25'
DEBUG:[mqtt-exporter]:Serial: temp_F=88.25
INFO:[mqtt-exporter]:[Topic: temp_F] b'88.25'
DEBUG:[mqtt-exporter]:Serial: temp_c=31.25
INFO:[mqtt-exporter]:[Topic: temp_c] b'31.25'
DEBUG:[mqtt-exporter]:Serial: temp_F=88.25
INFO:[mqtt-exporter]:[Topic: temp_F] b'88.25'
DEBUG:[mqtt-exporter]:Serial: temp_c=31.25
INFO:[mqtt-exporter]:[Topic: temp_c] b'31.25'
DEBUG:[mqtt-exporter]:Serial: temp_F=88.25
INFO:[mqtt-exporter]:[Topic: temp_F] b'88.25'
DEBUG:[mqtt-exporter]:Serial: temp_c=31.25
INFO:[mqtt-exporter]:[Topic: temp_c] b'31.25'
DEBUG:[mqtt-exporter]:Serial: temp_F=88.25
INFO:[mqtt-exporter]:[Topic: temp_F] b'88.25'
DEBUG:[mqtt-exporter]:Serial: temp_c=31.25
DEBUG:[mqtt-exporter]:Serial: temp_F=88.25
INFO:[mqtt-exporter]:[Topic: temp_c] b'31.25'
INFO:[mqtt-exporter]:[Topic: temp_F] b'88.25'
DEBUG:[mqtt-exporter]:Serial: temp_c=31.25
DEBUG:[mqtt-exporter]:Serial: temp_F=88.25
INFO:[mqtt-exporter]:[Topic: temp_c] b'31.25'
INFO:[mqtt-exporter]:[Topic: temp_F] b'88.25'
DEBUG:[mqtt-exporter]:Serial: temp_c=31.25
INFO:[mqtt-exporter]:[Topic: temp_c] b'31.25'
DEBUG:[mqtt-exporter]:Serial: temp_F=88.25
INFO:[mqtt-exporter]:[Topic: temp_F] b'88.25'
DEBUG:[mqtt-exporter]:Serial: temp_c=31.25
INFO:[mqtt-exporter]:[Topic: temp_c] b'31.25'
DEBUG:[mqtt-exporter]:Serial: temp_F=88.25
INFO:[mqtt-exporter]:[Topic: temp_F] b'88.25'
DEBUG:[mqtt-exporter]:Serial: temp_c=31.25
INFO:[mqtt-exporter]:[Topic: temp_c] b'31.25'
DEBUG:[mqtt-exporter]:Serial: temp_F=88.25
INFO:[mqtt-exporter]:[Topic: temp_F] b'88.25'
DEBUG:[mqtt-exporter]:Serial: temp_c=31.25
DEBUG:[mqtt-exporter]:Serial: temp_F=88.25
INFO:[mqtt-exporter]:[Topic: temp_c] b'31.25'
INFO:[mqtt-exporter]:[Topic: temp_F] b'88.25'
DEBUG:[mqtt-exporter]:Serial: temp_c=31.25
INFO:[mqtt-exporter]:[Topic: temp_c] b'31.25'
DEBUG:[mqtt-exporter]:Serial: temp_F=88.25
INFO:[mqtt-exporter]:[Topic: temp_F] b'88.25'
DEBUG:[mqtt-exporter]:Serial: temp_c=31.25
INFO:[mqtt-exporter]:[Topic: temp_c] b'31.25'
DEBUG:[mqtt-exporter]:Serial: temp_F=88.25
INFO:[mqtt-exporter]:[Topic: temp_F] b'88.25'
DEBUG:[mqtt-exporter]:Serial: temp_c=31.25
INFO:[mqtt-exporter]:[Topic: temp_c] b'31.25'
DEBUG:[mqtt-exporter]:Serial: temp_F=88.25
INFO:[mqtt-exporter]:[Topic: temp_F] b'88.25'
DEBUG:[mqtt-exporter]:Serial: temp_c=31.25
INFO:[mqtt-exporter]:[Topic: temp_c] b'31.25'
DEBUG:[mqtt-exporter]:Serial: temp_F=88.25
INFO:[mqtt-exporter]:[Topic: temp_F] b'88.25'
DEBUG:[mqtt-exporter]:Serial: temp_c=31.25
INFO:[mqtt-exporter]:[Topic: temp_c] b'31.25'
DEBUG:[mqtt-exporter]:Serial: temp_F=88.25
INFO:[mqtt-exporter]:[Topic: temp_F] b'88.25'
DEBUG:[mqtt-exporter]:Serial: temp_c=31.25
INFO:[mqtt-exporter]:[Topic: temp_c] b'31.25'
DEBUG:[mqtt-exporter]:Serial: temp_F=88.25
INFO:[mqtt-exporter]:[Topic: temp_F] b'88.25'
DEBUG:[mqtt-exporter]:Serial: temp_c=31.25
INFO:[mqtt-exporter]:[Topic: temp_c] b'31.25'
DEBUG:[mqtt-exporter]:Serial: temp_F=88.25
INFO:[mqtt-exporter]:[Topic: temp_F] b'88.25'
DEBUG:[mqtt-exporter]:Serial: temp_c=31.25
DEBUG:[mqtt-exporter]:Serial: temp_F=88.25
INFO:[mqtt-exporter]:[Topic: temp_c] b'31.25'
INFO:[mqtt-exporter]:[Topic: temp_F] b'88.25'
DEBUG:[mqtt-exporter]:Serial: temp_c=31.25
INFO:[mqtt-exporter]:[Topic: temp_c] b'31.25'
DEBUG:[mqtt-exporter]:Serial: temp_F=88.25
INFO:[mqtt-exporter]:[Topic: temp_F] b'88.25'
DEBUG:[mqtt-exporter]:Serial: temp_c=31.25
INFO:[mqtt-exporter]:[Topic: temp_c] b'31.25'
DEBUG:[mqtt-exporter]:Serial: temp_F=88.25
INFO:[mqtt-exporter]:[Topic: temp_F] b'88.25'
DEBUG:[mqtt-exporter]:Serial: temp_c=31.25
INFO:[mqtt-exporter]:[Topic: temp_c] b'31.25'
DEBUG:[mqtt-exporter]:Serial: temp_F=88.25
INFO:[mqtt-exporter]:[Topic: temp_F] b'88.25'
DEBUG:[mqtt-exporter]:Serial: temp_c=31.25
INFO:[mqtt-exporter]:[Topic: temp_c] b'31.25'
DEBUG:[mqtt-exporter]:Serial: temp_F=88.25
INFO:[mqtt-exporter]:[Topic: temp_F] b'88.25'
DEBUG:[mqtt-exporter]:Serial: temp_c=31.25
INFO:[mqtt-exporter]:[Topic: temp_c] b'31.25'
DEBUG:[mqtt-exporter]:Serial: temp_F=88.25
INFO:[mqtt-exporter]:[Topic: temp_F] b'88.25'
DEBUG:[mqtt-exporter]:Serial: temp_c=31.25
INFO:[mqtt-exporter]:[Topic: temp_c] b'31.25'
DEBUG:[mqtt-exporter]:Serial: temp_F=88.25
INFO:[mqtt-exporter]:[Topic: temp_F] b'88.25'
DEBUG:[mqtt-exporter]:Serial: temp_c=31.25
INFO:[mqtt-exporter]:[Topic: temp_c] b'31.25'
DEBUG:[mqtt-exporter]:Serial: temp_F=88.25
INFO:[mqtt-exporter]:[Topic: temp_F] b'88.25'
DEBUG:[mqtt-exporter]:Serial: temp_c=31.25
INFO:[mqtt-exporter]:[Topic: temp_c] b'31.25'
DEBUG:[mqtt-exporter]:Serial: temp_F=88.25
INFO:[mqtt-exporter]:[Topic: temp_F] b'88.25'
DEBUG:[mqtt-exporter]:Serial: temp_c=31.50
INFO:[mqtt-exporter]:[Topic: temp_c] b'31.5'
DEBUG:[mqtt-exporter]:Serial: temp_F=88.70
INFO:[mqtt-exporter]:[Topic: temp_F] b'88.7'
DEBUG:[mqtt-exporter]:Serial: temp_c=31.25
INFO:[mqtt-exporter]:[Topic: temp_c] b'31.25'
DEBUG:[mqtt-exporter]:Serial: temp_F=88.25
INFO:[mqtt-exporter]:[Topic: temp_F] b'88.25'
DEBUG:[mqtt-exporter]:Serial: temp_c=31.25
INFO:[mqtt-exporter]:[Topic: temp_c] b'31.25'
DEBUG:[mqtt-exporter]:Serial: temp_F=88.25
INFO:[mqtt-exporter]:[Topic: temp_F] b'88.25'
DEBUG:[mqtt-exporter]:Serial: temp_c=31.25
INFO:[mqtt-exporter]:[Topic: temp_c] b'31.25'
DEBUG:[mqtt-exporter]:Serial: temp_F=88.25
INFO:[mqtt-exporter]:[Topic: temp_F] b'88.25'
DEBUG:[mqtt-exporter]:Serial: temp_c=31.25
INFO:[mqtt-exporter]:[Topic: temp_c] b'31.25'
DEBUG:[mqtt-exporter]:Serial: temp_F=88.25
INFO:[mqtt-exporter]:[Topic: temp_F] b'88.25'
DEBUG:[mqtt-exporter]:Serial: temp_c=31.25
INFO:[mqtt-exporter]:[Topic: temp_c] b'31.25'
DEBUG:[mqtt-exporter]:Serial: temp_F=88.25
INFO:[mqtt-exporter]:[Topic: temp_F] b'88.25'
DEBUG:[mqtt-exporter]:Serial: temp_c=31.25
INFO:[mqtt-exporter]:[Topic: temp_c] b'31.25'
DEBUG:[mqtt-exporter]:Serial: temp_F=88.25
INFO:[mqtt-exporter]:[Topic: temp_F] b'88.25'
DEBUG:[mqtt-exporter]:Serial: temp_c=31.25
INFO:[mqtt-exporter]:[Topic: temp_c] b'31.25'
DEBUG:[mqtt-exporter]:Serial: temp_F=88.25
INFO:[mqtt-exporter]:[Topic: temp_F] b'88.25'
DEBUG:[mqtt-exporter]:Serial: temp_c=31.25
INFO:[mqtt-exporter]:[Topic: temp_c] b'31.25'
DEBUG:[mqtt-exporter]:Serial: temp_F=88.25
INFO:[mqtt-exporter]:[Topic: temp_F] b'88.25'
DEBUG:[mqtt-exporter]:Serial: temp_c=31.25
INFO:[mqtt-exporter]:[Topic: temp_c] b'31.25'
DEBUG:[mqtt-exporter]:Serial: temp_F=88.25
INFO:[mqtt-exporter]:[Topic: temp_F] b'88.25'
DEBUG:[mqtt-exporter]:Serial: temp_c=31.25
INFO:[mqtt-exporter]:[Topic: temp_c] b'31.25'
DEBUG:[mqtt-exporter]:Serial: temp_F=88.25
INFO:[mqtt-exporter]:[Topic: temp_F] b'88.25'
DEBUG:[mqtt-exporter]:Serial: temp_c=30.00
INFO:[mqtt-exporter]:[Topic: temp_c] b'30.0'
DEBUG:[mqtt-exporter]:Serial: temp_F=86.00
INFO:[mqtt-exporter]:[Topic: temp_F] b'86.0'
DEBUG:[mqtt-exporter]:Serial: temp_c=29.00
INFO:[mqtt-exporter]:[Topic: temp_c] b'29.0'
DEBUG:[mqtt-exporter]:Serial: temp_F=84.20
INFO:[mqtt-exporter]:[Topic: temp_F] b'84.2'
DEBUG:[mqtt-exporter]:Serial: temp_c=29.00
INFO:[mqtt-exporter]:[Topic: temp_c] b'29.0'
DEBUG:[mqtt-exporter]:Serial: temp_F=84.20
INFO:[mqtt-exporter]:[Topic: temp_F] b'84.2'
DEBUG:[mqtt-exporter]:Serial: temp_c=29.00
INFO:[mqtt-exporter]:[Topic: temp_c] b'29.0'
DEBUG:[mqtt-exporter]:Serial: temp_F=84.20
INFO:[mqtt-exporter]:[Topic: temp_F] b'84.2'
DEBUG:[mqtt-exporter]:Serial: temp_c=29.25
INFO:[mqtt-exporter]:[Topic: temp_c] b'29.25'
DEBUG:[mqtt-exporter]:Serial: temp_F=84.65
INFO:[mqtt-exporter]:[Topic: temp_F] b'84.65'
DEBUG:[mqtt-exporter]:Serial: temp_c=29.50
INFO:[mqtt-exporter]:[Topic: temp_c] b'29.5'
DEBUG:[mqtt-exporter]:Serial: temp_F=85.10
INFO:[mqtt-exporter]:[Topic: temp_F] b'85.1'
DEBUG:[mqtt-exporter]:Serial: temp_c=29.50
INFO:[mqtt-exporter]:[Topic: temp_c] b'29.5'
DEBUG:[mqtt-exporter]:Serial: temp_F=85.10
INFO:[mqtt-exporter]:[Topic: temp_F] b'85.1'
DEBUG:[mqtt-exporter]:Serial: temp_c=29.75
INFO:[mqtt-exporter]:[Topic: temp_c] b'29.75'
DEBUG:[mqtt-exporter]:Serial: temp_F=85.55
INFO:[mqtt-exporter]:[Topic: temp_F] b'85.55'
DEBUG:[mqtt-exporter]:Serial: temp_c=29.75
INFO:[mqtt-exporter]:[Topic: temp_c] b'29.75'
DEBUG:[mqtt-exporter]:Serial: temp_F=85.55
INFO:[mqtt-exporter]:[Topic: temp_F] b'85.55'
DEBUG:[mqtt-exporter]:Serial: temp_c=30.00
INFO:[mqtt-exporter]:[Topic: temp_c] b'30.0'
DEBUG:[mqtt-exporter]:Serial: temp_F=86.00
INFO:[mqtt-exporter]:[Topic: temp_F] b'86.0'
DEBUG:[mqtt-exporter]:Serial: temp_c=30.00
INFO:[mqtt-exporter]:[Topic: temp_c] b'30.0'
DEBUG:[mqtt-exporter]:Serial: temp_F=86.00
INFO:[mqtt-exporter]:[Topic: temp_F] b'86.0'
DEBUG:[mqtt-exporter]:Serial: temp_c=30.00
DEBUG:[mqtt-exporter]:Serial: temp_F=86.00
INFO:[mqtt-exporter]:[Topic: temp_c] b'30.0'
INFO:[mqtt-exporter]:[Topic: temp_F] b'86.0'
DEBUG:[mqtt-exporter]:Serial: temp_c=30.00
INFO:[mqtt-exporter]:[Topic: temp_c] b'30.0'
DEBUG:[mqtt-exporter]:Serial: temp_F=86.00
INFO:[mqtt-exporter]:[Topic: temp_F] b'86.0'
DEBUG:[mqtt-exporter]:Serial: temp_c=30.00
DEBUG:[mqtt-exporter]:Serial: temp_F=86.00
INFO:[mqtt-exporter]:[Topic: temp_c] b'30.0'
INFO:[mqtt-exporter]:[Topic: temp_F] b'86.0'
DEBUG:[mqtt-exporter]:Serial: temp_c=30.00
INFO:[mqtt-exporter]:[Topic: temp_c] b'30.0'
DEBUG:[mqtt-exporter]:Serial: temp_F=86.00
INFO:[mqtt-exporter]:[Topic: temp_F] b'86.0'
DEBUG:[mqtt-exporter]:Serial: temp_c=30.25
DEBUG:[mqtt-exporter]:Serial: temp_F=86.45
INFO:[mqtt-exporter]:[Topic: temp_c] b'30.25'
INFO:[mqtt-exporter]:[Topic: temp_F] b'86.45'
DEBUG:[mqtt-exporter]:Serial: temp_c=30.00
INFO:[mqtt-exporter]:[Topic: temp_c] b'30.0'
DEBUG:[mqtt-exporter]:Serial: temp_F=86.00
INFO:[mqtt-exporter]:[Topic: temp_F] b'86.0'
DEBUG:[mqtt-exporter]:Serial: temp_c=30.25
INFO:[mqtt-exporter]:[Topic: temp_c] b'30.25'
DEBUG:[mqtt-exporter]:Serial: temp_F=86.45
INFO:[mqtt-exporter]:[Topic: temp_F] b'86.45'
DEBUG:[mqtt-exporter]:Serial: temp_c=30.25
INFO:[mqtt-exporter]:[Topic: temp_c] b'30.25'
DEBUG:[mqtt-exporter]:Serial: temp_F=86.45
INFO:[mqtt-exporter]:[Topic: temp_F] b'86.45'
DEBUG:[mqtt-exporter]:Serial: temp_c=30.25
INFO:[mqtt-exporter]:[Topic: temp_c] b'30.25'
DEBUG:[mqtt-exporter]:Serial: temp_F=86.45
INFO:[mqtt-exporter]:[Topic: temp_F] b'86.45'
DEBUG:[mqtt-exporter]:Serial: temp_c=30.25
INFO:[mqtt-exporter]:[Topic: temp_c] b'30.25'
DEBUG:[mqtt-exporter]:Serial: temp_F=86.45
INFO:[mqtt-exporter]:[Topic: temp_F] b'86.45'
DEBUG:[mqtt-exporter]:Serial: temp_c=30.25
INFO:[mqtt-exporter]:[Topic: temp_c] b'30.25'
DEBUG:[mqtt-exporter]:Serial: temp_F=86.45
INFO:[mqtt-exporter]:[Topic: temp_F] b'86.45'
DEBUG:[mqtt-exporter]:Serial: temp_c=30.25
INFO:[mqtt-exporter]:[Topic: temp_c] b'30.25'
DEBUG:[mqtt-exporter]:Serial: temp_F=86.45
INFO:[mqtt-exporter]:[Topic: temp_F] b'86.45'
DEBUG:[mqtt-exporter]:Serial: temp_c=30.25
INFO:[mqtt-exporter]:[Topic: temp_c] b'30.25'
DEBUG:[mqtt-exporter]:Serial: temp_F=86.45
INFO:[mqtt-exporter]:[Topic: temp_F] b'86.45'
DEBUG:[mqtt-exporter]:Serial: temp_c=30.25
INFO:[mqtt-exporter]:[Topic: temp_c] b'30.25'
DEBUG:[mqtt-exporter]:Serial: temp_F=86.45
INFO:[mqtt-exporter]:[Topic: temp_F] b'86.45'
DEBUG:[mqtt-exporter]:Serial: temp_c=30.25
INFO:[mqtt-exporter]:[Topic: temp_c] b'30.25'
DEBUG:[mqtt-exporter]:Serial: temp_F=86.45
INFO:[mqtt-exporter]:[Topic: temp_F] b'86.45'
DEBUG:[mqtt-exporter]:Serial: temp_c=30.25
INFO:[mqtt-exporter]:[Topic: temp_c] b'30.25'
DEBUG:[mqtt-exporter]:Serial: temp_F=86.45
INFO:[mqtt-exporter]:[Topic: temp_F] b'86.45'
DEBUG:[mqtt-exporter]:Serial: temp_c=30.25
INFO:[mqtt-exporter]:[Topic: temp_c] b'30.25'
DEBUG:[mqtt-exporter]:Serial: temp_F=86.45
INFO:[mqtt-exporter]:[Topic: temp_F] b'86.45'
DEBUG:[mqtt-exporter]:Serial: temp_c=30.25
INFO:[mqtt-exporter]:[Topic: temp_c] b'30.25'
DEBUG:[mqtt-exporter]:Serial: temp_F=86.45
INFO:[mqtt-exporter]:[Topic: temp_F] b'86.45'
DEBUG:[mqtt-exporter]:Serial: temp_c=30.50
INFO:[mqtt-exporter]:[Topic: temp_c] b'30.5'
DEBUG:[mqtt-exporter]:Serial: temp_F=86.90
INFO:[mqtt-exporter]:[Topic: temp_F] b'86.9'
DEBUG:[mqtt-exporter]:Serial: temp_c=30.50
DEBUG:[mqtt-exporter]:Serial: temp_F=86.90
INFO:[mqtt-exporter]:[Topic: temp_c] b'30.5'
INFO:[mqtt-exporter]:[Topic: temp_F] b'86.9'
DEBUG:[mqtt-exporter]:Serial: temp_c=30.25
INFO:[mqtt-exporter]:[Topic: temp_c] b'30.25'
DEBUG:[mqtt-exporter]:Serial: temp_F=86.45
INFO:[mqtt-exporter]:[Topic: temp_F] b'86.45'
DEBUG:[mqtt-exporter]:Serial: temp_c=30.50
DEBUG:[mqtt-exporter]:Serial: temp_F=86.90
INFO:[mqtt-exporter]:[Topic: temp_c] b'30.5'
INFO:[mqtt-exporter]:[Topic: temp_F] b'86.9'
DEBUG:[mqtt-exporter]:Serial: temp_c=30.50
INFO:[mqtt-exporter]:[Topic: temp_c] b'30.5'
DEBUG:[mqtt-exporter]:Serial: temp_F=86.90
INFO:[mqtt-exporter]:[Topic: temp_F] b'86.9'
DEBUG:[mqtt-exporter]:Serial: temp_c=30.50
INFO:[mqtt-exporter]:[Topic: temp_c] b'30.5'
DEBUG:[mqtt-exporter]:Serial: temp_F=86.90
INFO:[mqtt-exporter]:[Topic: temp_F] b'86.9'
DEBUG:[mqtt-exporter]:Serial: temp_c=30.50
INFO:[mqtt-exporter]:[Topic: temp_c] b'30.5'
DEBUG:[mqtt-exporter]:Serial: temp_F=86.90
INFO:[mqtt-exporter]:[Topic: temp_F] b'86.9'
DEBUG:[mqtt-exporter]:Serial: temp_c=30.50
INFO:[mqtt-exporter]:[Topic: temp_c] b'30.5'
DEBUG:[mqtt-exporter]:Serial: temp_F=86.90
INFO:[mqtt-exporter]:[Topic: temp_F] b'86.9'
DEBUG:[mqtt-exporter]:Serial: temp_c=30.50
INFO:[mqtt-exporter]:[Topic: temp_c] b'30.5'
DEBUG:[mqtt-exporter]:Serial: temp_F=86.90
INFO:[mqtt-exporter]:[Topic: temp_F] b'86.9'
DEBUG:[mqtt-exporter]:Serial: temp_c=30.50
DEBUG:[mqtt-exporter]:Serial: temp_F=86.90
INFO:[mqtt-exporter]:[Topic: temp_c] b'30.5'
INFO:[mqtt-exporter]:[Topic: temp_F] b'86.9'
DEBUG:[mqtt-exporter]:Serial: temp_c=30.50
INFO:[mqtt-exporter]:[Topic: temp_c] b'30.5'
DEBUG:[mqtt-exporter]:Serial: temp_F=86.90
INFO:[mqtt-exporter]:[Topic: temp_F] b'86.9'
DEBUG:[mqtt-exporter]:Serial: temp_c=30.75
INFO:[mqtt-exporter]:[Topic: temp_c] b'30.75'
DEBUG:[mqtt-exporter]:Serial: temp_F=87.35
INFO:[mqtt-exporter]:[Topic: temp_F] b'87.35'
DEBUG:[mqtt-exporter]:Serial: temp_c=30.75
INFO:[mqtt-exporter]:[Topic: temp_c] b'30.75'
DEBUG:[mqtt-exporter]:Serial: temp_F=87.35
INFO:[mqtt-exporter]:[Topic: temp_F] b'87.35'
DEBUG:[mqtt-exporter]:Serial: temp_c=30.75
INFO:[mqtt-exporter]:[Topic: temp_c] b'30.75'
DEBUG:[mqtt-exporter]:Serial: temp_F=87.35
INFO:[mqtt-exporter]:[Topic: temp_F] b'87.35'
DEBUG:[mqtt-exporter]:Serial: temp_c=30.75
DEBUG:[mqtt-exporter]:Serial: temp_F=87.35
INFO:[mqtt-exporter]:[Topic: temp_c] b'30.75'
INFO:[mqtt-exporter]:[Topic: temp_F] b'87.35'
DEBUG:[mqtt-exporter]:Serial: temp_c=30.75
INFO:[mqtt-exporter]:[Topic: temp_c] b'30.75'
DEBUG:[mqtt-exporter]:Serial: temp_F=87.35
INFO:[mqtt-exporter]:[Topic: temp_F] b'87.35'
DEBUG:[mqtt-exporter]:Serial: temp_c=30.75
INFO:[mqtt-exporter]:[Topic: temp_c] b'30.75'
DEBUG:[mqtt-exporter]:Serial: temp_F=87.35
INFO:[mqtt-exporter]:[Topic: temp_F] b'87.35'
DEBUG:[mqtt-exporter]:Serial: temp_c=30.75
INFO:[mqtt-exporter]:[Topic: temp_c] b'30.75'
DEBUG:[mqtt-exporter]:Serial: temp_F=87.35
INFO:[mqtt-exporter]:[Topic: temp_F] b'87.35'
DEBUG:[mqtt-exporter]:Serial: temp_c=30.75
INFO:[mqtt-exporter]:[Topic: temp_c] b'30.75'
DEBUG:[mqtt-exporter]:Serial: temp_F=87.35
INFO:[mqtt-exporter]:[Topic: temp_F] b'87.35'
DEBUG:[mqtt-exporter]:Serial: temp_c=30.75
INFO:[mqtt-exporter]:[Topic: temp_c] b'30.75'
DEBUG:[mqtt-exporter]:Serial: temp_F=87.35
INFO:[mqtt-exporter]:[Topic: temp_F] b'87.35'
DEBUG:[mqtt-exporter]:Serial: switch=0
INFO:[mqtt-exporter]:[Topic: switch] b'0.0'
DEBUG:[mqtt-exporter]:Serial: temp_c=30.75
INFO:[mqtt-exporter]:[Topic: temp_c] b'30.75'
DEBUG:[mqtt-exporter]:Serial: temp_F=87.35
INFO:[mqtt-exporter]:[Topic: temp_F] b'87.35'
DEBUG:[mqtt-exporter]:Serial: temp_c=30.75
INFO:[mqtt-exporter]:[Topic: temp_c] b'30.75'
DEBUG:[mqtt-exporter]:Serial: temp_F=87.35
INFO:[mqtt-exporter]:[Topic: temp_F] b'87.35'
DEBUG:[mqtt-exporter]:Serial: temp_c=30.75
INFO:[mqtt-exporter]:[Topic: temp_c] b'30.75'
DEBUG:[mqtt-exporter]:Serial: temp_F=87.35
INFO:[mqtt-exporter]:[Topic: temp_F] b'87.35'
DEBUG:[mqtt-exporter]:Serial: temp_c=30.75
INFO:[mqtt-exporter]:[Topic: temp_c] b'30.75'
DEBUG:[mqtt-exporter]:Serial: temp_F=87.35
INFO:[mqtt-exporter]:[Topic: temp_F] b'87.35'
DEBUG:[mqtt-exporter]:Serial: switch=1
INFO:[mqtt-exporter]:[Topic: switch] b'1.0'
DEBUG:[mqtt-exporter]:Serial: temp_c=30.75
INFO:[mqtt-exporter]:[Topic: temp_c] b'30.75'
DEBUG:[mqtt-exporter]:Serial: temp_F=87.35
INFO:[mqtt-exporter]:[Topic: temp_F] b'87.35'
DEBUG:[mqtt-exporter]:Serial: temp_c=30.75
INFO:[mqtt-exporter]:[Topic: temp_c] b'30.75'
DEBUG:[mqtt-exporter]:Serial: temp_F=87.35
INFO:[mqtt-exporter]:[Topic: temp_F] b'87.35'
DEBUG:[mqtt-exporter]:Serial: temp_c=30.75
INFO:[mqtt-exporter]:[Topic: temp_c] b'30.75'
DEBUG:[mqtt-exporter]:Serial: temp_F=87.35
INFO:[mqtt-exporter]:[Topic: temp_F] b'87.35'
DEBUG:[mqtt-exporter]:Serial: temp_c=30.75
DEBUG:[mqtt-exporter]:Serial: temp_F=87.35
INFO:[mqtt-exporter]:[Topic: temp_c] b'30.75'
INFO:[mqtt-exporter]:[Topic: temp_F] b'87.35'
DEBUG:[mqtt-exporter]:Serial: temp_c=31.00
INFO:[mqtt-exporter]:[Topic: temp_c] b'31.0'
DEBUG:[mqtt-exporter]:Serial: temp_F=87.80
INFO:[mqtt-exporter]:[Topic: temp_F] b'87.8'
DEBUG:[mqtt-exporter]:Serial: temp_c=31.00
INFO:[mqtt-exporter]:[Topic: temp_c] b'31.0'
DEBUG:[mqtt-exporter]:Serial: temp_F=87.80
INFO:[mqtt-exporter]:[Topic: temp_F] b'87.8'
DEBUG:[mqtt-exporter]:Serial: temp_c=31.00
INFO:[mqtt-exporter]:[Topic: temp_c] b'31.0'
DEBUG:[mqtt-exporter]:Serial: temp_F=87.80
INFO:[mqtt-exporter]:[Topic: temp_F] b'87.8'
DEBUG:[mqtt-exporter]:Serial: switch=0
INFO:[mqtt-exporter]:[Topic: switch] b'0.0'
DEBUG:[mqtt-exporter]:Serial: temp_c=30.75
INFO:[mqtt-exporter]:[Topic: temp_c] b'30.75'
DEBUG:[mqtt-exporter]:Serial: temp_F=87.35
INFO:[mqtt-exporter]:[Topic: temp_F] b'87.35'
DEBUG:[mqtt-exporter]:Serial: temp_c=30.75
INFO:[mqtt-exporter]:[Topic: temp_c] b'30.75'
DEBUG:[mqtt-exporter]:Serial: temp_F=87.35
INFO:[mqtt-exporter]:[Topic: temp_F] b'87.35'
DEBUG:[mqtt-exporter]:Serial: temp_c=30.75
INFO:[mqtt-exporter]:[Topic: temp_c] b'30.75'
DEBUG:[mqtt-exporter]:Serial: temp_F=87.35
INFO:[mqtt-exporter]:[Topic: temp_F] b'87.35'
DEBUG:[mqtt-exporter]:Serial: temp_c=30.25
INFO:[mqtt-exporter]:[Topic: temp_c] b'30.25'
DEBUG:[mqtt-exporter]:Serial: temp_F=86.45
INFO:[mqtt-exporter]:[Topic: temp_F] b'86.45'
DEBUG:[mqtt-exporter]:Serial: temp_c=30.50
INFO:[mqtt-exporter]:[Topic: temp_c] b'30.5'
DEBUG:[mqtt-exporter]:Serial: temp_F=86.90
INFO:[mqtt-exporter]:[Topic: temp_F] b'86.9'
DEBUG:[mqtt-exporter]:Serial: temp_c=30.50
INFO:[mqtt-exporter]:[Topic: temp_c] b'30.5'
DEBUG:[mqtt-exporter]:Serial: temp_F=86.90
INFO:[mqtt-exporter]:[Topic: temp_F] b'86.9'
DEBUG:[mqtt-exporter]:Serial: temp_c=30.75
INFO:[mqtt-exporter]:[Topic: temp_c] b'30.75'
DEBUG:[mqtt-exporter]:Serial: temp_F=87.35
INFO:[mqtt-exporter]:[Topic: temp_F] b'87.35'
DEBUG:[mqtt-exporter]:Serial: temp_c=30.50
INFO:[mqtt-exporter]:[Topic: temp_c] b'30.5'
DEBUG:[mqtt-exporter]:Serial: temp_F=86.90
INFO:[mqtt-exporter]:[Topic: temp_F] b'86.9'
DEBUG:[mqtt-exporter]:Serial: temp_c=30.75
INFO:[mqtt-exporter]:[Topic: temp_c] b'30.75'
DEBUG:[mqtt-exporter]:Serial: temp_F=87.35
INFO:[mqtt-exporter]:[Topic: temp_F] b'87.35'
DEBUG:[mqtt-exporter]:Serial: temp_c=30.75
DEBUG:[mqtt-exporter]:Serial: temp_F=87.35
INFO:[mqtt-exporter]:[Topic: temp_c] b'30.75'
INFO:[mqtt-exporter]:[Topic: temp_F] b'87.35'
DEBUG:[mqtt-exporter]:Serial: temp_c=30.75
INFO:[mqtt-exporter]:[Topic: temp_c] b'30.75'
DEBUG:[mqtt-exporter]:Serial: temp_F=87.35
INFO:[mqtt-exporter]:[Topic: temp_F] b'87.35'
DEBUG:[mqtt-exporter]:Serial: switch=1
INFO:[mqtt-exporter]:[Topic: switch] b'1.0'
DEBUG:[mqtt-exporter]:Serial: temp_c=30.00
INFO:[mqtt-exporter]:[Topic: temp_c] b'30.0'
DEBUG:[mqtt-exporter]:Serial: temp_F=86.00
INFO:[mqtt-exporter]:[Topic: temp_F] b'86.0'
DEBUG:[mqtt-exporter]:Serial: temp_c=30.25
INFO:[mqtt-exporter]:[Topic: temp_c] b'30.25'
DEBUG:[mqtt-exporter]:Serial: temp_F=86.45
INFO:[mqtt-exporter]:[Topic: temp_F] b'86.45'
DEBUG:[mqtt-exporter]:Serial: temp_c=30.25
INFO:[mqtt-exporter]:[Topic: temp_c] b'30.25'
DEBUG:[mqtt-exporter]:Serial: temp_F=86.45
INFO:[mqtt-exporter]:[Topic: temp_F] b'86.45'
DEBUG:[mqtt-exporter]:Serial: temp_c=30.50
INFO:[mqtt-exporter]:[Topic: temp_c] b'30.5'
DEBUG:[mqtt-exporter]:Serial: temp_F=86.90
INFO:[mqtt-exporter]:[Topic: temp_F] b'86.9'
DEBUG:[mqtt-exporter]:Serial: temp_c=30.50
INFO:[mqtt-exporter]:[Topic: temp_c] b'30.5'
DEBUG:[mqtt-exporter]:Serial: temp_F=86.90
INFO:[mqtt-exporter]:[Topic: temp_F] b'86.9'
DEBUG:[mqtt-exporter]:Serial: temp_c=30.75
INFO:[mqtt-exporter]:[Topic: temp_c] b'30.75'
DEBUG:[mqtt-exporter]:Serial: temp_F=87.35
INFO:[mqtt-exporter]:[Topic: temp_F] b'87.35'
DEBUG:[mqtt-exporter]:Serial: temp_c=30.75
INFO:[mqtt-exporter]:[Topic: temp_c] b'30.75'
DEBUG:[mqtt-exporter]:Serial: temp_F=87.35
INFO:[mqtt-exporter]:[Topic: temp_F] b'87.35'
DEBUG:[mqtt-exporter]:Serial: temp_c=30.75
INFO:[mqtt-exporter]:[Topic: temp_c] b'30.75'
DEBUG:[mqtt-exporter]:Serial: temp_F=87.35
INFO:[mqtt-exporter]:[Topic: temp_F] b'87.35'
DEBUG:[mqtt-exporter]:Serial: temp_c=30.75
INFO:[mqtt-exporter]:[Topic: temp_c] b'30.75'
DEBUG:[mqtt-exporter]:Serial: temp_F=87.35
INFO:[mqtt-exporter]:[Topic: temp_F] b'87.35'
DEBUG:[mqtt-exporter]:Serial: temp_c=31.00
INFO:[mqtt-exporter]:[Topic: temp_c] b'31.0'
DEBUG:[mqtt-exporter]:Serial: temp_F=87.80
INFO:[mqtt-exporter]:[Topic: temp_F] b'87.8'
DEBUG:[mqtt-exporter]:Serial: temp_c=31.00
INFO:[mqtt-exporter]:[Topic: temp_c] b'31.0'
DEBUG:[mqtt-exporter]:Serial: temp_F=87.80
INFO:[mqtt-exporter]:[Topic: temp_F] b'87.8'
DEBUG:[mqtt-exporter]:Serial: temp_c=31.00
INFO:[mqtt-exporter]:[Topic: temp_c] b'31.0'
DEBUG:[mqtt-exporter]:Serial: temp_F=87.80
INFO:[mqtt-exporter]:[Topic: temp_F] b'87.8'
DEBUG:[mqtt-exporter]:Serial: temp_c=31.00
INFO:[mqtt-exporter]:[Topic: temp_c] b'31.0'
DEBUG:[mqtt-exporter]:Serial: temp_F=87.80
INFO:[mqtt-exporter]:[Topic: temp_F] b'87.8'
DEBUG:[mqtt-exporter]:Serial: temp_c=31.00
DEBUG:[mqtt-exporter]:Serial: temp_F=87.80
INFO:[mqtt-exporter]:[Topic: temp_c] b'31.0'
INFO:[mqtt-exporter]:[Topic: temp_F] b'87.8'
DEBUG:[mqtt-exporter]:Serial: temp_c=31.00
DEBUG:[mqtt-exporter]:Serial: temp_F=87.80
INFO:[mqtt-exporter]:[Topic: temp_c] b'31.0'
INFO:[mqtt-exporter]:[Topic: temp_F] b'87.8'
DEBUG:[mqtt-exporter]:Serial: temp_c=31.00
DEBUG:[mqtt-exporter]:Serial: temp_F=87.80
INFO:[mqtt-exporter]:[Topic: temp_c] b'31.0'
INFO:[mqtt-exporter]:[Topic: temp_F] b'87.8'
DEBUG:[mqtt-exporter]:Serial: temp_c=31.00
INFO:[mqtt-exporter]:[Topic: temp_c] b'31.0'
DEBUG:[mqtt-exporter]:Serial: temp_F=87.80
INFO:[mqtt-exporter]:[Topic: temp_F] b'87.8'
DEBUG:[mqtt-exporter]:Serial: temp_c=31.00
INFO:[mqtt-exporter]:[Topic: temp_c] b'31.0'
DEBUG:[mqtt-exporter]:Serial: temp_F=87.80
INFO:[mqtt-exporter]:[Topic: temp_F] b'87.8'
DEBUG:[mqtt-exporter]:Serial: temp_c=31.00
DEBUG:[mqtt-exporter]:Serial: temp_F=87.80
INFO:[mqtt-exporter]:[Topic: temp_c] b'31.0'
INFO:[mqtt-exporter]:[Topic: temp_F] b'87.8'
DEBUG:[mqtt-exporter]:Serial: temp_c=31.00
INFO:[mqtt-exporter]:[Topic: temp_c] b'31.0'
DEBUG:[mqtt-exporter]:Serial: temp_F=87.80
INFO:[mqtt-exporter]:[Topic: temp_F] b'87.8'
DEBUG:[mqtt-exporter]:Serial: temp_c=31.00
INFO:[mqtt-exporter]:[Topic: temp_c] b'31.0'
DEBUG:[mqtt-exporter]:Serial: temp_F=87.80
INFO:[mqtt-exporter]:[Topic: temp_F] b'87.8'
DEBUG:[mqtt-exporter]:Serial: temp_c=31.00
INFO:[mqtt-exporter]:[Topic: temp_c] b'31.0'
DEBUG:[mqtt-exporter]:Serial: temp_F=87.80
INFO:[mqtt-exporter]:[Topic: temp_F] b'87.8'
DEBUG:[mqtt-exporter]:Serial: temp_c=31.00
INFO:[mqtt-exporter]:[Topic: temp_c] b'31.0'
DEBUG:[mqtt-exporter]:Serial: temp_F=87.80
INFO:[mqtt-exporter]:[Topic: temp_F] b'87.8'
DEBUG:[mqtt-exporter]:Serial: temp_c=31.00
INFO:[mqtt-exporter]:[Topic: temp_c] b'31.0'
DEBUG:[mqtt-exporter]:Serial: temp_F=87.80
INFO:[mqtt-exporter]:[Topic: temp_F] b'87.8'
DEBUG:[mqtt-exporter]:Serial: temp_c=31.25
INFO:[mqtt-exporter]:[Topic: temp_c] b'31.25'
DEBUG:[mqtt-exporter]:Serial: temp_F=88.25
INFO:[mqtt-exporter]:[Topic: temp_F] b'88.25'
DEBUG:[mqtt-exporter]:Serial: temp_c=31.00
INFO:[mqtt-exporter]:[Topic: temp_c] b'31.0'
DEBUG:[mqtt-exporter]:Serial: temp_F=87.80
INFO:[mqtt-exporter]:[Topic: temp_F] b'87.8'
DEBUG:[mqtt-exporter]:Serial: temp_c=31.00
INFO:[mqtt-exporter]:[Topic: temp_c] b'31.0'
DEBUG:[mqtt-exporter]:Serial: temp_F=87.80
INFO:[mqtt-exporter]:[Topic: temp_F] b'87.8'
DEBUG:[mqtt-exporter]:Serial: temp_c=31.00
DEBUG:[mqtt-exporter]:Serial: temp_F=87.80
INFO:[mqtt-exporter]:[Topic: temp_c] b'31.0'
INFO:[mqtt-exporter]:[Topic: temp_F] b'87.8'
DEBUG:[mqtt-exporter]:Serial: temp_c=31.25
INFO:[mqtt-exporter]:[Topic: temp_c] b'31.25'
DEBUG:[mqtt-exporter]:Serial: temp_F=88.25
INFO:[mqtt-exporter]:[Topic: temp_F] b'88.25'
DEBUG:[mqtt-exporter]:Serial: temp_c=31.00
DEBUG:[mqtt-exporter]:Serial: temp_F=87.80
INFO:[mqtt-exporter]:[Topic: temp_c] b'31.0'
INFO:[mqtt-exporter]:[Topic: temp_F] b'87.8'
DEBUG:[mqtt-exporter]:Serial: temp_c=31.00
DEBUG:[mqtt-exporter]:Serial: temp_F=87.80
INFO:[mqtt-exporter]:[Topic: temp_c] b'31.0'
INFO:[mqtt-exporter]:[Topic: temp_F] b'87.8'
DEBUG:[mqtt-exporter]:Serial: temp_c=31.25
INFO:[mqtt-exporter]:[Topic: temp_c] b'31.25'
DEBUG:[mqtt-exporter]:Serial: temp_F=88.25
INFO:[mqtt-exporter]:[Topic: temp_F] b'88.25'
DEBUG:[mqtt-exporter]:Serial: temp_c=31.25
DEBUG:[mqtt-exporter]:Serial: temp_F=88.25
INFO:[mqtt-exporter]:[Topic: temp_c] b'31.25'
INFO:[mqtt-exporter]:[Topic: temp_F] b'88.25'
DEBUG:[mqtt-exporter]:Serial: temp_c=31.25
INFO:[mqtt-exporter]:[Topic: temp_c] b'31.25'
DEBUG:[mqtt-exporter]:Serial: temp_F=88.25
INFO:[mqtt-exporter]:[Topic: temp_F] b'88.25'
DEBUG:[mqtt-exporter]:Serial: temp_c=31.25
INFO:[mqtt-exporter]:[Topic: temp_c] b'31.25'
DEBUG:[mqtt-exporter]:Serial: temp_F=88.25
INFO:[mqtt-exporter]:[Topic: temp_F] b'88.25'
DEBUG:[mqtt-exporter]:Serial: temp_c=31.25
DEBUG:[mqtt-exporter]:Serial: temp_F=88.25
INFO:[mqtt-exporter]:[Topic: temp_c] b'31.25'
INFO:[mqtt-exporter]:[Topic: temp_F] b'88.25'
DEBUG:[mqtt-exporter]:Serial: temp_c=31.25
INFO:[mqtt-exporter]:[Topic: temp_c] b'31.25'
DEBUG:[mqtt-exporter]:Serial: temp_F=88.25
INFO:[mqtt-exporter]:[Topic: temp_F] b'88.25'
DEBUG:[mqtt-exporter]:Serial: temp_c=31.25
INFO:[mqtt-exporter]:[Topic: temp_c] b'31.25'
DEBUG:[mqtt-exporter]:Serial: temp_F=88.25
INFO:[mqtt-exporter]:[Topic: temp_F] b'88.25'
DEBUG:[mqtt-exporter]:Serial: temp_c=31.25
INFO:[mqtt-exporter]:[Topic: temp_c] b'31.25'
DEBUG:[mqtt-exporter]:Serial: temp_F=88.25
INFO:[mqtt-exporter]:[Topic: temp_F] b'88.25'
DEBUG:[mqtt-exporter]:Serial: temp_c=31.25
DEBUG:[mqtt-exporter]:Serial: temp_F=88.25
INFO:[mqtt-exporter]:[Topic: temp_c] b'31.25'
INFO:[mqtt-exporter]:[Topic: temp_F] b'88.25'
DEBUG:[mqtt-exporter]:Serial: temp_c=31.00
INFO:[mqtt-exporter]:[Topic: temp_c] b'31.0'
DEBUG:[mqtt-exporter]:Serial: temp_F=87.80
INFO:[mqtt-exporter]:[Topic: temp_F] b'87.8'
DEBUG:[mqtt-exporter]:Serial: temp_c=31.25
INFO:[mqtt-exporter]:[Topic: temp_c] b'31.25'
DEBUG:[mqtt-exporter]:Serial: temp_F=88.25
INFO:[mqtt-exporter]:[Topic: temp_F] b'88.25'
DEBUG:[mqtt-exporter]:Serial: temp_c=31.25
INFO:[mqtt-exporter]:[Topic: temp_c] b'31.25'
DEBUG:[mqtt-exporter]:Serial: temp_F=88.25
INFO:[mqtt-exporter]:[Topic: temp_F] b'88.25'
DEBUG:[mqtt-exporter]:Serial: temp_c=31.25
INFO:[mqtt-exporter]:[Topic: temp_c] b'31.25'
DEBUG:[mqtt-exporter]:Serial: temp_F=88.25
INFO:[mqtt-exporter]:[Topic: temp_F] b'88.25'
DEBUG:[mqtt-exporter]:Serial: temp_c=31.25
INFO:[mqtt-exporter]:[Topic: temp_c] b'31.25'
DEBUG:[mqtt-exporter]:Serial: temp_F=88.25
INFO:[mqtt-exporter]:[Topic: temp_F] b'88.25'
DEBUG:[mqtt-exporter]:Serial: temp_c=31.25
INFO:[mqtt-exporter]:[Topic: temp_c] b'31.25'
DEBUG:[mqtt-exporter]:Serial: temp_F=88.25
INFO:[mqtt-exporter]:[Topic: temp_F] b'88.25'
DEBUG:[mqtt-exporter]:Serial: temp_c=31.25
INFO:[mqtt-exporter]:[Topic: temp_c] b'31.25'
DEBUG:[mqtt-exporter]:Serial: temp_F=88.25
INFO:[mqtt-exporter]:[Topic: temp_F] b'88.25'
DEBUG:[mqtt-exporter]:Serial: temp_c=31.25
INFO:[mqtt-exporter]:[Topic: temp_c] b'31.25'
DEBUG:[mqtt-exporter]:Serial: temp_F=88.25
INFO:[mqtt-exporter]:[Topic: temp_F] b'88.25'
DEBUG:[mqtt-exporter]:Serial: temp_c=31.25
INFO:[mqtt-exporter]:[Topic: temp_c] b'31.25'
DEBUG:[mqtt-exporter]:Serial: temp_F=88.25
INFO:[mqtt-exporter]:[Topic: temp_F] b'88.25'
DEBUG:[mqtt-exporter]:Serial: temp_c=31.25
INFO:[mqtt-exporter]:[Topic: temp_c] b'31.25'
DEBUG:[mqtt-exporter]:Serial: temp_F=88.25
INFO:[mqtt-exporter]:[Topic: temp_F] b'88.25'
DEBUG:[mqtt-exporter]:Serial: temp_c=31.25
DEBUG:[mqtt-exporter]:Serial: temp_F=88.25
INFO:[mqtt-exporter]:[Topic: temp_c] b'31.25'
INFO:[mqtt-exporter]:[Topic: temp_F] b'88.25'
DEBUG:[mqtt-exporter]:Serial: temp_c=31.25
INFO:[mqtt-exporter]:[Topic: temp_c] b'31.25'
DEBUG:[mqtt-exporter]:Serial: temp_F=88.25
INFO:[mqtt-exporter]:[Topic: temp_F] b'88.25'
DEBUG:[mqtt-exporter]:Serial: temp_c=31.25
INFO:[mqtt-exporter]:[Topic: temp_c] b'31.25'
DEBUG:[mqtt-exporter]:Serial: temp_F=88.25
INFO:[mqtt-exporter]:[Topic: temp_F] b'88.25'
DEBUG:[mqtt-exporter]:Serial: temp_c=31.25
INFO:[mqtt-exporter]:[Topic: temp_c] b'31.25'
DEBUG:[mqtt-exporter]:Serial: temp_F=88.25
INFO:[mqtt-exporter]:[Topic: temp_F] b'88.25'
DEBUG:[mqtt-exporter]:Serial: temp_c=31.25
INFO:[mqtt-exporter]:[Topic: temp_c] b'31.25'
DEBUG:[mqtt-exporter]:Serial: temp_F=88.25
INFO:[mqtt-exporter]:[Topic: temp_F] b'88.25'
DEBUG:[mqtt-exporter]:Serial: temp_c=31.25
INFO:[mqtt-exporter]:[Topic: temp_c] b'31.25'
DEBUG:[mqtt-exporter]:Serial: temp_F=88.25
INFO:[mqtt-exporter]:[Topic: temp_F] b'88.25'
DEBUG:[mqtt-exporter]:Serial: temp_c=31.25
INFO:[mqtt-exporter]:[Topic: temp_c] b'31.25'
DEBUG:[mqtt-exporter]:Serial: temp_F=88.25
INFO:[mqtt-exporter]:[Topic: temp_F] b'88.25'
DEBUG:[mqtt-exporter]:Serial: temp_c=31.25
INFO:[mqtt-exporter]:[Topic: temp_c] b'31.25'
DEBUG:[mqtt-exporter]:Serial: temp_F=88.25
INFO:[mqtt-exporter]:[Topic: temp_F] b'88.25'
DEBUG:[mqtt-exporter]:Serial: temp_c=31.25
INFO:[mqtt-exporter]:[Topic: temp_c] b'31.25'
DEBUG:[mqtt-exporter]:Serial: temp_F=88.25
INFO:[mqtt-exporter]:[Topic: temp_F] b'88.25'
DEBUG:[mqtt-exporter]:Serial: temp_c=31.25
INFO:[mqtt-exporter]:[Topic: temp_c] b'31.25'
DEBUG:[mqtt-exporter]:Serial: temp_F=88.25
INFO:[mqtt-exporter]:[Topic: temp_F] b'88.25'
DEBUG:[mqtt-exporter]:Serial: temp_c=31.25
INFO:[mqtt-exporter]:[Topic: temp_c] b'31.25'
DEBUG:[mqtt-exporter]:Serial: temp_F=88.25
INFO:[mqtt-exporter]:[Topic: temp_F] b'88.25'
DEBUG:[mqtt-exporter]:Serial: temp_c=31.25
INFO:[mqtt-exporter]:[Topic: temp_c] b'31.25'
DEBUG:[mqtt-exporter]:Serial: temp_F=88.25
INFO:[mqtt-exporter]:[Topic: temp_F] b'88.25'
DEBUG:[mqtt-exporter]:Serial: temp_c=31.50
INFO:[mqtt-exporter]:[Topic: temp_c] b'31.5'
DEBUG:[mqtt-exporter]:Serial: temp_F=88.70
INFO:[mqtt-exporter]:[Topic: temp_F] b'88.7'
DEBUG:[mqtt-exporter]:Serial: temp_c=31.25
INFO:[mqtt-exporter]:[Topic: temp_c] b'31.25'
DEBUG:[mqtt-exporter]:Serial: temp_F=88.25
INFO:[mqtt-exporter]:[Topic: temp_F] b'88.25'
DEBUG:[mqtt-exporter]:Serial: temp_c=31.50
INFO:[mqtt-exporter]:[Topic: temp_c] b'31.5'
DEBUG:[mqtt-exporter]:Serial: temp_F=88.70
INFO:[mqtt-exporter]:[Topic: temp_F] b'88.7'
DEBUG:[mqtt-exporter]:Serial: temp_c=31.25
INFO:[mqtt-exporter]:[Topic: temp_c] b'31.25'
DEBUG:[mqtt-exporter]:Serial: temp_F=88.25
INFO:[mqtt-exporter]:[Topic: temp_F] b'88.25'
DEBUG:[mqtt-exporter]:Serial: temp_c=31.25
INFO:[mqtt-exporter]:[Topic: temp_c] b'31.25'
DEBUG:[mqtt-exporter]:Serial: temp_F=88.25
INFO:[mqtt-exporter]:[Topic: temp_F] b'88.25'
DEBUG:[mqtt-exporter]:Serial: temp_c=31.50
INFO:[mqtt-exporter]:[Topic: temp_c] b'31.5'
DEBUG:[mqtt-exporter]:Serial: temp_F=88.70
INFO:[mqtt-exporter]:[Topic: temp_F] b'88.7'
DEBUG:[mqtt-exporter]:Serial: temp_c=31.25
INFO:[mqtt-exporter]:[Topic: temp_c] b'31.25'
DEBUG:[mqtt-exporter]:Serial: temp_F=88.25
INFO:[mqtt-exporter]:[Topic: temp_F] b'88.25'
DEBUG:[mqtt-exporter]:Serial: temp_c=31.50
INFO:[mqtt-exporter]:[Topic: temp_c] b'31.5'
DEBUG:[mqtt-exporter]:Serial: temp_F=88.70
INFO:[mqtt-exporter]:[Topic: temp_F] b'88.7'
DEBUG:[mqtt-exporter]:Serial: temp_c=31.25
DEBUG:[mqtt-exporter]:Serial: temp_F=88.25
INFO:[mqtt-exporter]:[Topic: temp_c] b'31.25'
INFO:[mqtt-exporter]:[Topic: temp_F] b'88.25'
DEBUG:[mqtt-exporter]:Serial: temp_c=31.50
INFO:[mqtt-exporter]:[Topic: temp_c] b'31.5'
DEBUG:[mqtt-exporter]:Serial: temp_F=88.70
INFO:[mqtt-exporter]:[Topic: temp_F] b'88.7'
DEBUG:[mqtt-exporter]:Serial: temp_c=31.50
INFO:[mqtt-exporter]:[Topic: temp_c] b'31.5'
DEBUG:[mqtt-exporter]:Serial: temp_F=88.70
INFO:[mqtt-exporter]:[Topic: temp_F] b'88.7'
DEBUG:[mqtt-exporter]:Serial: temp_c=31.25
INFO:[mqtt-exporter]:[Topic: temp_c] b'31.25'
DEBUG:[mqtt-exporter]:Serial: temp_F=88.25
INFO:[mqtt-exporter]:[Topic: temp_F] b'88.25'
DEBUG:[mqtt-exporter]:Serial: temp_c=31.50
INFO:[mqtt-exporter]:[Topic: temp_c] b'31.5'
DEBUG:[mqtt-exporter]:Serial: temp_F=88.70
INFO:[mqtt-exporter]:[Topic: temp_F] b'88.7'
DEBUG:[mqtt-exporter]:Serial: temp_c=31.25
INFO:[mqtt-exporter]:[Topic: temp_c] b'31.25'
DEBUG:[mqtt-exporter]:Serial: temp_F=88.25
INFO:[mqtt-exporter]:[Topic: temp_F] b'88.25'
DEBUG:[mqtt-exporter]:Serial: temp_c=31.50
INFO:[mqtt-exporter]:[Topic: temp_c] b'31.5'
DEBUG:[mqtt-exporter]:Serial: temp_F=88.70
INFO:[mqtt-exporter]:[Topic: temp_F] b'88.7'
DEBUG:[mqtt-exporter]:Serial: temp_c=31.25
INFO:[mqtt-exporter]:[Topic: temp_c] b'31.25'
DEBUG:[mqtt-exporter]:Serial: temp_F=88.25
INFO:[mqtt-exporter]:[Topic: temp_F] b'88.25'
DEBUG:[mqtt-exporter]:Serial: temp_c=31.25
INFO:[mqtt-exporter]:[Topic: temp_c] b'31.25'
DEBUG:[mqtt-exporter]:Serial: temp_F=88.25
INFO:[mqtt-exporter]:[Topic: temp_F] b'88.25'
DEBUG:[mqtt-exporter]:Serial: temp_c=31.50
INFO:[mqtt-exporter]:[Topic: temp_c] b'31.5'
DEBUG:[mqtt-exporter]:Serial: temp_F=88.70
INFO:[mqtt-exporter]:[Topic: temp_F] b'88.7'
DEBUG:[mqtt-exporter]:Serial: temp_c=31.25
INFO:[mqtt-exporter]:[Topic: temp_c] b'31.25'
DEBUG:[mqtt-exporter]:Serial: temp_F=88.25
INFO:[mqtt-exporter]:[Topic: temp_F] b'88.25'
DEBUG:[mqtt-exporter]:Serial: temp_c=31.25
INFO:[mqtt-exporter]:[Topic: temp_c] b'31.25'
DEBUG:[mqtt-exporter]:Serial: temp_F=88.25
INFO:[mqtt-exporter]:[Topic: temp_F] b'88.25'
DEBUG:[mqtt-exporter]:Serial: temp_c=31.25
INFO:[mqtt-exporter]:[Topic: temp_c] b'31.25'
DEBUG:[mqtt-exporter]:Serial: temp_F=88.25
INFO:[mqtt-exporter]:[Topic: temp_F] b'88.25'
DEBUG:[mqtt-exporter]:Serial: temp_c=31.25
INFO:[mqtt-exporter]:[Topic: temp_c] b'31.25'
DEBUG:[mqtt-exporter]:Serial: temp_F=88.25
INFO:[mqtt-exporter]:[Topic: temp_F] b'88.25'
DEBUG:[mqtt-exporter]:Serial: temp_c=31.25
INFO:[mqtt-exporter]:[Topic: temp_c] b'31.25'
DEBUG:[mqtt-exporter]:Serial: temp_F=88.25
INFO:[mqtt-exporter]:[Topic: temp_F] b'88.25'
DEBUG:[mqtt-exporter]:Serial: temp_c=31.25
INFO:[mqtt-exporter]:[Topic: temp_c] b'31.25'
DEBUG:[mqtt-exporter]:Serial: temp_F=88.25
INFO:[mqtt-exporter]:[Topic: temp_F] b'88.25'
DEBUG:[mqtt-exporter]:Serial: temp_c=31.50
INFO:[mqtt-exporter]:[Topic: temp_c] b'31.5'
DEBUG:[mqtt-exporter]:Serial: temp_F=88.70
INFO:[mqtt-exporter]:[Topic: temp_F] b'88.7'
DEBUG:[mqtt-exporter]:Serial: temp_c=31.25
INFO:[mqtt-exporter]:[Topic: temp_c] b'31.25'
DEBUG:[mqtt-exporter]:Serial: temp_F=88.25
INFO:[mqtt-exporter]:[Topic: temp_F] b'88.25'
DEBUG:[mqtt-exporter]:Serial: temp_c=31.25
INFO:[mqtt-exporter]:[Topic: temp_c] b'31.25'
DEBUG:[mqtt-exporter]:Serial: temp_F=88.25
INFO:[mqtt-exporter]:[Topic: temp_F] b'88.25'
DEBUG:[mqtt-exporter]:Serial: temp_c=31.25
INFO:[mqtt-exporter]:[Topic: temp_c] b'31.25'
DEBUG:[mqtt-exporter]:Serial: temp_F=88.25
INFO:[mqtt-exporter]:[Topic: temp_F] b'88.25'
DEBUG:[mqtt-exporter]:Serial: temp_c=31.25
INFO:[mqtt-exporter]:[Topic: temp_c] b'31.25'
DEBUG:[mqtt-exporter]:Serial: temp_F=88.25
INFO:[mqtt-exporter]:[Topic: temp_F] b'88.25'
DEBUG:[mqtt-exporter]:Serial: temp_c=31.25
INFO:[mqtt-exporter]:[Topic: temp_c] b'31.25'
DEBUG:[mqtt-exporter]:Serial: temp_F=88.25
INFO:[mqtt-exporter]:[Topic: temp_F] b'88.25'
DEBUG:[mqtt-exporter]:Serial: temp_c=31.25
INFO:[mqtt-exporter]:[Topic: temp_c] b'31.25'
DEBUG:[mqtt-exporter]:Serial: temp_F=88.25
INFO:[mqtt-exporter]:[Topic: temp_F] b'88.25'
DEBUG:[mqtt-exporter]:Serial: temp_c=31.25
INFO:[mqtt-exporter]:[Topic: temp_c] b'31.25'
DEBUG:[mqtt-exporter]:Serial: temp_F=88.25
INFO:[mqtt-exporter]:[Topic: temp_F] b'88.25'
DEBUG:[mqtt-exporter]:Serial: temp_c=31.25
INFO:[mqtt-exporter]:[Topic: temp_c] b'31.25'
DEBUG:[mqtt-exporter]:Serial: temp_F=88.25
INFO:[mqtt-exporter]:[Topic: temp_F] b'88.25'
DEBUG:[mqtt-exporter]:Serial: temp_c=31.25
DEBUG:[mqtt-exporter]:Serial: temp_F=88.25
INFO:[mqtt-exporter]:[Topic: temp_c] b'31.25'
INFO:[mqtt-exporter]:[Topic: temp_F] b'88.25'
DEBUG:[mqtt-exporter]:Serial: temp_c=31.50
INFO:[mqtt-exporter]:[Topic: temp_c] b'31.5'
DEBUG:[mqtt-exporter]:Serial: temp_F=88.70
INFO:[mqtt-exporter]:[Topic: temp_F] b'88.7'
DEBUG:[mqtt-exporter]:Serial: temp_c=31.50
INFO:[mqtt-exporter]:[Topic: temp_c] b'31.5'
DEBUG:[mqtt-exporter]:Serial: temp_F=88.70
INFO:[mqtt-exporter]:[Topic: temp_F] b'88.7'
DEBUG:[mqtt-exporter]:Serial: temp_c=31.25
INFO:[mqtt-exporter]:[Topic: temp_c] b'31.25'
DEBUG:[mqtt-exporter]:Serial: temp_F=88.25
INFO:[mqtt-exporter]:[Topic: temp_F] b'88.25'
DEBUG:[mqtt-exporter]:Serial: temp_c=31.50
DEBUG:[mqtt-exporter]:Serial: temp_F=88.70
INFO:[mqtt-exporter]:[Topic: temp_c] b'31.5'
INFO:[mqtt-exporter]:[Topic: temp_F] b'88.7'
DEBUG:[mqtt-exporter]:Serial: temp_c=31.50
INFO:[mqtt-exporter]:[Topic: temp_c] b'31.5'
DEBUG:[mqtt-exporter]:Serial: temp_F=88.70
INFO:[mqtt-exporter]:[Topic: temp_F] b'88.7'
DEBUG:[mqtt-exporter]:Serial: temp_c=31.50
INFO:[mqtt-exporter]:[Topic: temp_c] b'31.5'
DEBUG:[mqtt-exporter]:Serial: temp_F=88.70
INFO:[mqtt-exporter]:[Topic: temp_F] b'88.7'
DEBUG:[mqtt-exporter]:Serial: temp_c=31.50
INFO:[mqtt-exporter]:[Topic: temp_c] b'31.5'
DEBUG:[mqtt-exporter]:Serial: temp_F=88.70
INFO:[mqtt-exporter]:[Topic: temp_F] b'88.7'
DEBUG:[mqtt-exporter]:Serial: temp_c=31.50
INFO:[mqtt-exporter]:[Topic: temp_c] b'31.5'
DEBUG:[mqtt-exporter]:Serial: temp_F=88.70
INFO:[mqtt-exporter]:[Topic: temp_F] b'88.7'
DEBUG:[mqtt-exporter]:Serial: temp_c=31.50
INFO:[mqtt-exporter]:[Topic: temp_c] b'31.5'
DEBUG:[mqtt-exporter]:Serial: temp_F=88.70
INFO:[mqtt-exporter]:[Topic: temp_F] b'88.7'
DEBUG:[mqtt-exporter]:Serial: temp_c=31.25
INFO:[mqtt-exporter]:[Topic: temp_c] b'31.25'
DEBUG:[mqtt-exporter]:Serial: temp_F=88.25
INFO:[mqtt-exporter]:[Topic: temp_F] b'88.25'
DEBUG:[mqtt-exporter]:Serial: temp_c=31.50
INFO:[mqtt-exporter]:[Topic: temp_c] b'31.5'
DEBUG:[mqtt-exporter]:Serial: temp_F=88.70
INFO:[mqtt-exporter]:[Topic: temp_F] b'88.7'
DEBUG:[mqtt-exporter]:Serial: temp_c=31.25
INFO:[mqtt-exporter]:[Topic: temp_c] b'31.25'
DEBUG:[mqtt-exporter]:Serial: temp_F=88.25
INFO:[mqtt-exporter]:[Topic: temp_F] b'88.25'
DEBUG:[mqtt-exporter]:Serial: temp_c=31.50
INFO:[mqtt-exporter]:[Topic: temp_c] b'31.5'
DEBUG:[mqtt-exporter]:Serial: temp_F=88.70
INFO:[mqtt-exporter]:[Topic: temp_F] b'88.7'
DEBUG:[mqtt-exporter]:Serial: temp_c=31.50
DEBUG:[mqtt-exporter]:Serial: temp_F=88.70
INFO:[mqtt-exporter]:[Topic: temp_c] b'31.5'
INFO:[mqtt-exporter]:[Topic: temp_F] b'88.7'
DEBUG:[mqtt-exporter]:Serial: temp_c=31.50
INFO:[mqtt-exporter]:[Topic: temp_c] b'31.5'
DEBUG:[mqtt-exporter]:Serial: temp_F=88.70
INFO:[mqtt-exporter]:[Topic: temp_F] b'88.7'
DEBUG:[mqtt-exporter]:Serial: temp_c=31.50
INFO:[mqtt-exporter]:[Topic: temp_c] b'31.5'
DEBUG:[mqtt-exporter]:Serial: temp_F=88.70
INFO:[mqtt-exporter]:[Topic: temp_F] b'88.7'
DEBUG:[mqtt-exporter]:Serial: temp_c=31.25
INFO:[mqtt-exporter]:[Topic: temp_c] b'31.25'
DEBUG:[mqtt-exporter]:Serial: temp_F=88.25
INFO:[mqtt-exporter]:[Topic: temp_F] b'88.25'
DEBUG:[mqtt-exporter]:Serial: temp_c=31.50
INFO:[mqtt-exporter]:[Topic: temp_c] b'31.5'
DEBUG:[mqtt-exporter]:Serial: temp_F=88.70
INFO:[mqtt-exporter]:[Topic: temp_F] b'88.7'
DEBUG:[mqtt-exporter]:Serial: temp_c=31.25
INFO:[mqtt-exporter]:[Topic: temp_c] b'31.25'
DEBUG:[mqtt-exporter]:Serial: temp_F=88.25
INFO:[mqtt-exporter]:[Topic: temp_F] b'88.25'
DEBUG:[mqtt-exporter]:Serial: temp_c=31.25
DEBUG:[mqtt-exporter]:Serial: temp_F=88.25
INFO:[mqtt-exporter]:[Topic: temp_c] b'31.25'
INFO:[mqtt-exporter]:[Topic: temp_F] b'88.25'
DEBUG:[mqtt-exporter]:Serial: temp_c=31.25
INFO:[mqtt-exporter]:[Topic: temp_c] b'31.25'
DEBUG:[mqtt-exporter]:Serial: temp_F=88.25
INFO:[mqtt-exporter]:[Topic: temp_F] b'88.25'
DEBUG:[mqtt-exporter]:Serial: temp_c=31.50
INFO:[mqtt-exporter]:[Topic: temp_c] b'31.5'
DEBUG:[mqtt-exporter]:Serial: temp_F=88.70
INFO:[mqtt-exporter]:[Topic: temp_F] b'88.7'
DEBUG:[mqtt-exporter]:Serial: temp_c=31.25
INFO:[mqtt-exporter]:[Topic: temp_c] b'31.25'
DEBUG:[mqtt-exporter]:Serial: temp_F=88.25
INFO:[mqtt-exporter]:[Topic: temp_F] b'88.25'
DEBUG:[mqtt-exporter]:Serial: temp_c=31.25
INFO:[mqtt-exporter]:[Topic: temp_c] b'31.25'
DEBUG:[mqtt-exporter]:Serial: temp_F=88.25
INFO:[mqtt-exporter]:[Topic: temp_F] b'88.25'
DEBUG:[mqtt-exporter]:Serial: temp_c=31.25
INFO:[mqtt-exporter]:[Topic: temp_c] b'31.25'
DEBUG:[mqtt-exporter]:Serial: temp_F=88.25
INFO:[mqtt-exporter]:[Topic: temp_F] b'88.25'
DEBUG:[mqtt-exporter]:Serial: temp_c=31.25
INFO:[mqtt-exporter]:[Topic: temp_c] b'31.25'
DEBUG:[mqtt-exporter]:Serial: temp_F=88.25
INFO:[mqtt-exporter]:[Topic: temp_F] b'88.25'
DEBUG:[mqtt-exporter]:Serial: temp_c=31.25
INFO:[mqtt-exporter]:[Topic: temp_c] b'31.25'
DEBUG:[mqtt-exporter]:Serial: temp_F=88.25
INFO:[mqtt-exporter]:[Topic: temp_F] b'88.25'
DEBUG:[mqtt-exporter]:Serial: temp_c=31.25
INFO:[mqtt-exporter]:[Topic: temp_c] b'31.25'
DEBUG:[mqtt-exporter]:Serial: temp_F=88.25
INFO:[mqtt-exporter]:[Topic: temp_F] b'88.25'
DEBUG:[mqtt-exporter]:Serial: temp_c=31.25
INFO:[mqtt-exporter]:[Topic: temp_c] b'31.25'
DEBUG:[mqtt-exporter]:Serial: temp_F=88.25
INFO:[mqtt-exporter]:[Topic: temp_F] b'88.25'
DEBUG:[mqtt-exporter]:Serial: temp_c=31.50
INFO:[mqtt-exporter]:[Topic: temp_c] b'31.5'
DEBUG:[mqtt-exporter]:Serial: temp_F=88.70
INFO:[mqtt-exporter]:[Topic: temp_F] b'88.7'
DEBUG:[mqtt-exporter]:Serial: temp_c=31.25
INFO:[mqtt-exporter]:[Topic: temp_c] b'31.25'
DEBUG:[mqtt-exporter]:Serial: temp_F=88.25
INFO:[mqtt-exporter]:[Topic: temp_F] b'88.25'
DEBUG:[mqtt-exporter]:Serial: temp_c=31.25
INFO:[mqtt-exporter]:[Topic: temp_c] b'31.25'
DEBUG:[mqtt-exporter]:Serial: temp_F=88.25
INFO:[mqtt-exporter]:[Topic: temp_F] b'88.25'
DEBUG:[mqtt-exporter]:Serial: temp_c=31.25
DEBUG:[mqtt-exporter]:Serial: temp_F=88.25
INFO:[mqtt-exporter]:[Topic: temp_c] b'31.25'
INFO:[mqtt-exporter]:[Topic: temp_F] b'88.25'
DEBUG:[mqtt-exporter]:Serial: temp_c=31.50
INFO:[mqtt-exporter]:[Topic: temp_c] b'31.5'
DEBUG:[mqtt-exporter]:Serial: temp_F=88.70
INFO:[mqtt-exporter]:[Topic: temp_F] b'88.7'
DEBUG:[mqtt-exporter]:Serial: temp_c=31.25
INFO:[mqtt-exporter]:[Topic: temp_c] b'31.25'
DEBUG:[mqtt-exporter]:Serial: temp_F=88.25
INFO:[mqtt-exporter]:[Topic: temp_F] b'88.25'
DEBUG:[mqtt-exporter]:Serial: temp_c=31.25
INFO:[mqtt-exporter]:[Topic: temp_c] b'31.25'
DEBUG:[mqtt-exporter]:Serial: temp_F=88.25
INFO:[mqtt-exporter]:[Topic: temp_F] b'88.25'
DEBUG:[mqtt-exporter]:Serial: temp_c=31.25
INFO:[mqtt-exporter]:[Topic: temp_c] b'31.25'
DEBUG:[mqtt-exporter]:Serial: temp_F=88.25
INFO:[mqtt-exporter]:[Topic: temp_F] b'88.25'
DEBUG:[mqtt-exporter]:Serial: temp_c=31.50
DEBUG:[mqtt-exporter]:Serial: temp_F=88.70
INFO:[mqtt-exporter]:[Topic: temp_c] b'31.5'
INFO:[mqtt-exporter]:[Topic: temp_F] b'88.7'
DEBUG:[mqtt-exporter]:Serial: temp_c=31.25
DEBUG:[mqtt-exporter]:Serial: temp_F=88.25
INFO:[mqtt-exporter]:[Topic: temp_c] b'31.25'
INFO:[mqtt-exporter]:[Topic: temp_F] b'88.25'
DEBUG:[mqtt-exporter]:Serial: temp_c=31.50
INFO:[mqtt-exporter]:[Topic: temp_c] b'31.5'
DEBUG:[mqtt-exporter]:Serial: temp_F=88.70
INFO:[mqtt-exporter]:[Topic: temp_F] b'88.7'
DEBUG:[mqtt-exporter]:Serial: temp_c=31.50
INFO:[mqtt-exporter]:[Topic: temp_c] b'31.5'
DEBUG:[mqtt-exporter]:Serial: temp_F=88.70
INFO:[mqtt-exporter]:[Topic: temp_F] b'88.7'
DEBUG:[mqtt-exporter]:Serial: temp_c=31.50
INFO:[mqtt-exporter]:[Topic: temp_c] b'31.5'
DEBUG:[mqtt-exporter]:Serial: temp_F=88.70
INFO:[mqtt-exporter]:[Topic: temp_F] b'88.7'
DEBUG:[mqtt-exporter]:Serial: temp_c=31.50
INFO:[mqtt-exporter]:[Topic: temp_c] b'31.5'
DEBUG:[mqtt-exporter]:Serial: temp_F=88.70
INFO:[mqtt-exporter]:[Topic: temp_F] b'88.7'
DEBUG:[mqtt-exporter]:Serial: temp_c=31.50
INFO:[mqtt-exporter]:[Topic: temp_c] b'31.5'
DEBUG:[mqtt-exporter]:Serial: temp_F=88.70
INFO:[mqtt-exporter]:[Topic: temp_F] b'88.7'
DEBUG:[mqtt-exporter]:Serial: temp_c=31.50
INFO:[mqtt-exporter]:[Topic: temp_c] b'31.5'
DEBUG:[mqtt-exporter]:Serial: temp_F=88.70
INFO:[mqtt-exporter]:[Topic: temp_F] b'88.7'
DEBUG:[mqtt-exporter]:Serial: temp_c=31.50
INFO:[mqtt-exporter]:[Topic: temp_c] b'31.5'
DEBUG:[mqtt-exporter]:Serial: temp_F=88.70
INFO:[mqtt-exporter]:[Topic: temp_F] b'88.7'
DEBUG:[mqtt-exporter]:Serial: temp_c=31.50
INFO:[mqtt-exporter]:[Topic: temp_c] b'31.5'
DEBUG:[mqtt-exporter]:Serial: temp_F=88.70
INFO:[mqtt-exporter]:[Topic: temp_F] b'88.7'
DEBUG:[mqtt-exporter]:Serial: temp_c=31.50
DEBUG:[mqtt-exporter]:Serial: temp_F=88.70
INFO:[mqtt-exporter]:[Topic: temp_c] b'31.5'
INFO:[mqtt-exporter]:[Topic: temp_F] b'88.7'
DEBUG:[mqtt-exporter]:Serial: temp_c=31.50
INFO:[mqtt-exporter]:[Topic: temp_c] b'31.5'
DEBUG:[mqtt-exporter]:Serial: temp_F=88.70
INFO:[mqtt-exporter]:[Topic: temp_F] b'88.7'
DEBUG:[mqtt-exporter]:Serial: temp_c=31.50
INFO:[mqtt-exporter]:[Topic: temp_c] b'31.5'
DEBUG:[mqtt-exporter]:Serial: temp_F=88.70
INFO:[mqtt-exporter]:[Topic: temp_F] b'88.7'
DEBUG:[mqtt-exporter]:Serial: temp_c=31.50
INFO:[mqtt-exporter]:[Topic: temp_c] b'31.5'
DEBUG:[mqtt-exporter]:Serial: temp_F=88.70
INFO:[mqtt-exporter]:[Topic: temp_F] b'88.7'
DEBUG:[mqtt-exporter]:Serial: temp_c=31.50
INFO:[mqtt-exporter]:[Topic: temp_c] b'31.5'
DEBUG:[mqtt-exporter]:Serial: temp_F=88.70
INFO:[mqtt-exporter]:[Topic: temp_F] b'88.7'
DEBUG:[mqtt-exporter]:Serial: temp_c=31.50
INFO:[mqtt-exporter]:[Topic: temp_c] b'31.5'
DEBUG:[mqtt-exporter]:Serial: temp_F=88.70
INFO:[mqtt-exporter]:[Topic: temp_F] b'88.7'
DEBUG:[mqtt-exporter]:Serial: temp_c=31.50
INFO:[mqtt-exporter]:[Topic: temp_c] b'31.5'
DEBUG:[mqtt-exporter]:Serial: temp_F=88.70
INFO:[mqtt-exporter]:[Topic: temp_F] b'88.7'
DEBUG:[mqtt-exporter]:Serial: temp_c=31.50
INFO:[mqtt-exporter]:[Topic: temp_c] b'31.5'
DEBUG:[mqtt-exporter]:Serial: temp_F=88.70
INFO:[mqtt-exporter]:[Topic: temp_F] b'88.7'
DEBUG:[mqtt-exporter]:Serial: temp_c=31.50
INFO:[mqtt-exporter]:[Topic: temp_c] b'31.5'
DEBUG:[mqtt-exporter]:Serial: temp_F=88.70
INFO:[mqtt-exporter]:[Topic: temp_F] b'88.7'
DEBUG:[mqtt-exporter]:Serial: temp_c=31.50
DEBUG:[mqtt-exporter]:Serial: temp_F=88.70
INFO:[mqtt-exporter]:[Topic: temp_c] b'31.5'
INFO:[mqtt-exporter]:[Topic: temp_F] b'88.7'
DEBUG:[mqtt-exporter]:Serial: temp_c=31.50
DEBUG:[mqtt-exporter]:Serial: temp_F=88.70
INFO:[mqtt-exporter]:[Topic: temp_c] b'31.5'
INFO:[mqtt-exporter]:[Topic: temp_F] b'88.7'
DEBUG:[mqtt-exporter]:Serial: temp_c=31.50
INFO:[mqtt-exporter]:[Topic: temp_c] b'31.5'
DEBUG:[mqtt-exporter]:Serial: temp_F=88.70
INFO:[mqtt-exporter]:[Topic: temp_F] b'88.7'
DEBUG:[mqtt-exporter]:Serial: temp_c=31.50
INFO:[mqtt-exporter]:[Topic: temp_c] b'31.5'
DEBUG:[mqtt-exporter]:Serial: temp_F=88.70
INFO:[mqtt-exporter]:[Topic: temp_F] b'88.7'
DEBUG:[mqtt-exporter]:Serial: temp_c=31.50
INFO:[mqtt-exporter]:[Topic: temp_c] b'31.5'
DEBUG:[mqtt-exporter]:Serial: temp_F=88.70
INFO:[mqtt-exporter]:[Topic: temp_F] b'88.7'
DEBUG:[mqtt-exporter]:Serial: temp_c=31.50
INFO:[mqtt-exporter]:[Topic: temp_c] b'31.5'
DEBUG:[mqtt-exporter]:Serial: temp_F=88.70
INFO:[mqtt-exporter]:[Topic: temp_F] b'88.7'
DEBUG:[mqtt-exporter]:Serial: temp_c=31.50
INFO:[mqtt-exporter]:[Topic: temp_c] b'31.5'
DEBUG:[mqtt-exporter]:Serial: temp_F=88.70
INFO:[mqtt-exporter]:[Topic: temp_F] b'88.7'
DEBUG:[mqtt-exporter]:Serial: temp_c=31.25
INFO:[mqtt-exporter]:[Topic: temp_c] b'31.25'
DEBUG:[mqtt-exporter]:Serial: temp_F=88.25
INFO:[mqtt-exporter]:[Topic: temp_F] b'88.25'
DEBUG:[mqtt-exporter]:Serial: temp_c=31.50
INFO:[mqtt-exporter]:[Topic: temp_c] b'31.5'
DEBUG:[mqtt-exporter]:Serial: temp_F=88.70
INFO:[mqtt-exporter]:[Topic: temp_F] b'88.7'
DEBUG:[mqtt-exporter]:Serial: temp_c=31.50
INFO:[mqtt-exporter]:[Topic: temp_c] b'31.5'
DEBUG:[mqtt-exporter]:Serial: temp_F=88.70
INFO:[mqtt-exporter]:[Topic: temp_F] b'88.7'
DEBUG:[mqtt-exporter]:Serial: temp_c=31.50
INFO:[mqtt-exporter]:[Topic: temp_c] b'31.5'
DEBUG:[mqtt-exporter]:Serial: temp_F=88.70
INFO:[mqtt-exporter]:[Topic: temp_F] b'88.7'
DEBUG:[mqtt-exporter]:Serial: temp_c=31.50
INFO:[mqtt-exporter]:[Topic: temp_c] b'31.5'
DEBUG:[mqtt-exporter]:Serial: temp_F=88.70
INFO:[mqtt-exporter]:[Topic: temp_F] b'88.7'
DEBUG:[mqtt-exporter]:Serial: temp_c=31.50
INFO:[mqtt-exporter]:[Topic: temp_c] b'31.5'
DEBUG:[mqtt-exporter]:Serial: temp_F=88.70
INFO:[mqtt-exporter]:[Topic: temp_F] b'88.7'
DEBUG:[mqtt-exporter]:Serial: temp_c=31.50
INFO:[mqtt-exporter]:[Topic: temp_c] b'31.5'
DEBUG:[mqtt-exporter]:Serial: temp_F=88.70
INFO:[mqtt-exporter]:[Topic: temp_F] b'88.7'
DEBUG:[mqtt-exporter]:Serial: temp_c=31.50
INFO:[mqtt-exporter]:[Topic: temp_c] b'31.5'
DEBUG:[mqtt-exporter]:Serial: temp_F=88.70
INFO:[mqtt-exporter]:[Topic: temp_F] b'88.7'
DEBUG:[mqtt-exporter]:Serial: temp_c=31.50
INFO:[mqtt-exporter]:[Topic: temp_c] b'31.5'
DEBUG:[mqtt-exporter]:Serial: temp_F=88.70
INFO:[mqtt-exporter]:[Topic: temp_F] b'88.7'
DEBUG:[mqtt-exporter]:Serial: temp_c=31.50
INFO:[mqtt-exporter]:[Topic: temp_c] b'31.5'
DEBUG:[mqtt-exporter]:Serial: temp_F=88.70
INFO:[mqtt-exporter]:[Topic: temp_F] b'88.7'
DEBUG:[mqtt-exporter]:Serial: temp_c=31.50
INFO:[mqtt-exporter]:[Topic: temp_c] b'31.5'
DEBUG:[mqtt-exporter]:Serial: temp_F=88.70
INFO:[mqtt-exporter]:[Topic: temp_F] b'88.7'
DEBUG:[mqtt-exporter]:Serial: temp_c=31.50
INFO:[mqtt-exporter]:[Topic: temp_c] b'31.5'
DEBUG:[mqtt-exporter]:Serial: temp_F=88.70
INFO:[mqtt-exporter]:[Topic: temp_F] b'88.7'
DEBUG:[mqtt-exporter]:Serial: temp_c=31.50
INFO:[mqtt-exporter]:[Topic: temp_c] b'31.5'
DEBUG:[mqtt-exporter]:Serial: temp_F=88.70
INFO:[mqtt-exporter]:[Topic: temp_F] b'88.7'
DEBUG:[mqtt-exporter]:Serial: temp_c=31.50
INFO:[mqtt-exporter]:[Topic: temp_c] b'31.5'
DEBUG:[mqtt-exporter]:Serial: temp_F=88.70
INFO:[mqtt-exporter]:[Topic: temp_F] b'88.7'
DEBUG:[mqtt-exporter]:Serial: temp_c=31.50
INFO:[mqtt-exporter]:[Topic: temp_c] b'31.5'
DEBUG:[mqtt-exporter]:Serial: temp_F=88.70
INFO:[mqtt-exporter]:[Topic: temp_F] b'88.7'
DEBUG:[mqtt-exporter]:Serial: temp_c=31.50
INFO:[mqtt-exporter]:[Topic: temp_c] b'31.5'
DEBUG:[mqtt-exporter]:Serial: temp_F=88.70
INFO:[mqtt-exporter]:[Topic: temp_F] b'88.7'
DEBUG:[mqtt-exporter]:Serial: temp_c=31.50
INFO:[mqtt-exporter]:[Topic: temp_c] b'31.5'
DEBUG:[mqtt-exporter]:Serial: temp_F=88.70
INFO:[mqtt-exporter]:[Topic: temp_F] b'88.7'
DEBUG:[mqtt-exporter]:Serial: temp_c=31.50
INFO:[mqtt-exporter]:[Topic: temp_c] b'31.5'
DEBUG:[mqtt-exporter]:Serial: temp_F=88.70
INFO:[mqtt-exporter]:[Topic: temp_F] b'88.7'
DEBUG:[mqtt-exporter]:Serial: temp_c=31.50
INFO:[mqtt-exporter]:[Topic: temp_c] b'31.5'
DEBUG:[mqtt-exporter]:Serial: temp_F=88.70
INFO:[mqtt-exporter]:[Topic: temp_F] b'88.7'
DEBUG:[mqtt-exporter]:Serial: temp_c=31.50
INFO:[mqtt-exporter]:[Topic: temp_c] b'31.5'
DEBUG:[mqtt-exporter]:Serial: temp_F=88.70
INFO:[mqtt-exporter]:[Topic: temp_F] b'88.7'
DEBUG:[mqtt-exporter]:Serial: temp_c=31.50
DEBUG:[mqtt-exporter]:Serial: temp_F=88.70
INFO:[mqtt-exporter]:[Topic: temp_c] b'31.5'
INFO:[mqtt-exporter]:[Topic: temp_F] b'88.7'
DEBUG:[mqtt-exporter]:Serial: temp_c=31.50
INFO:[mqtt-exporter]:[Topic: temp_c] b'31.5'
DEBUG:[mqtt-exporter]:Serial: temp_F=88.70
INFO:[mqtt-exporter]:[Topic: temp_F] b'88.7'
DEBUG:[mqtt-exporter]:Serial: temp_c=31.50
DEBUG:[mqtt-exporter]:Serial: temp_F=88.70
INFO:[mqtt-exporter]:[Topic: temp_c] b'31.5'
INFO:[mqtt-exporter]:[Topic: temp_F] b'88.7'
DEBUG:[mqtt-exporter]:Serial: temp_c=31.50
DEBUG:[mqtt-exporter]:Serial: temp_F=88.70
INFO:[mqtt-exporter]:[Topic: temp_c] b'31.5'
INFO:[mqtt-exporter]:[Topic: temp_F] b'88.7'
DEBUG:[mqtt-exporter]:Serial: temp_c=31.50
INFO:[mqtt-exporter]:[Topic: temp_c] b'31.5'
DEBUG:[mqtt-exporter]:Serial: temp_F=88.70
INFO:[mqtt-exporter]:[Topic: temp_F] b'88.7'
DEBUG:[mqtt-exporter]:Serial: temp_c=31.50
INFO:[mqtt-exporter]:[Topic: temp_c] b'31.5'
DEBUG:[mqtt-exporter]:Serial: temp_F=88.70
INFO:[mqtt-exporter]:[Topic: temp_F] b'88.7'
DEBUG:[mqtt-exporter]:Serial: temp_c=31.50
INFO:[mqtt-exporter]:[Topic: temp_c] b'31.5'
DEBUG:[mqtt-exporter]:Serial: temp_F=88.70
INFO:[mqtt-exporter]:[Topic: temp_F] b'88.7'
DEBUG:[mqtt-exporter]:Serial: temp_c=31.50
DEBUG:[mqtt-exporter]:Serial: temp_F=88.70
INFO:[mqtt-exporter]:[Topic: temp_c] b'31.5'
INFO:[mqtt-exporter]:[Topic: temp_F] b'88.7'
DEBUG:[mqtt-exporter]:Serial: temp_c=31.50
INFO:[mqtt-exporter]:[Topic: temp_c] b'31.5'
DEBUG:[mqtt-exporter]:Serial: temp_F=88.70
INFO:[mqtt-exporter]:[Topic: temp_F] b'88.7'
DEBUG:[mqtt-exporter]:Serial: temp_c=31.50
DEBUG:[mqtt-exporter]:Serial: temp_F=88.70
INFO:[mqtt-exporter]:[Topic: temp_c] b'31.5'
INFO:[mqtt-exporter]:[Topic: temp_F] b'88.7'
DEBUG:[mqtt-exporter]:Serial: temp_c=31.50
DEBUG:[mqtt-exporter]:Serial: temp_F=88.70
INFO:[mqtt-exporter]:[Topic: temp_c] b'31.5'
INFO:[mqtt-exporter]:[Topic: temp_F] b'88.7'
DEBUG:[mqtt-exporter]:Serial: temp_c=31.50
INFO:[mqtt-exporter]:[Topic: temp_c] b'31.5'
DEBUG:[mqtt-exporter]:Serial: temp_F=88.70
INFO:[mqtt-exporter]:[Topic: temp_F] b'88.7'
DEBUG:[mqtt-exporter]:Serial: temp_c=31.50
DEBUG:[mqtt-exporter]:Serial: temp_F=88.70
INFO:[mqtt-exporter]:[Topic: temp_c] b'31.5'
INFO:[mqtt-exporter]:[Topic: temp_F] b'88.7'
DEBUG:[mqtt-exporter]:Serial: temp_c=31.50
INFO:[mqtt-exporter]:[Topic: temp_c] b'31.5'
DEBUG:[mqtt-exporter]:Serial: temp_F=88.70
INFO:[mqtt-exporter]:[Topic: temp_F] b'88.7'
DEBUG:[mqtt-exporter]:Serial: temp_c=31.50
INFO:[mqtt-exporter]:[Topic: temp_c] b'31.5'
DEBUG:[mqtt-exporter]:Serial: temp_F=88.70
INFO:[mqtt-exporter]:[Topic: temp_F] b'88.7'
DEBUG:[mqtt-exporter]:Serial: temp_c=31.50
INFO:[mqtt-exporter]:[Topic: temp_c] b'31.5'
DEBUG:[mqtt-exporter]:Serial: temp_F=88.70
INFO:[mqtt-exporter]:[Topic: temp_F] b'88.7'
DEBUG:[mqtt-exporter]:Serial: temp_c=31.50
INFO:[mqtt-exporter]:[Topic: temp_c] b'31.5'
DEBUG:[mqtt-exporter]:Serial: temp_F=88.70
INFO:[mqtt-exporter]:[Topic: temp_F] b'88.7'
DEBUG:[mqtt-exporter]:Serial: temp_c=31.50
INFO:[mqtt-exporter]:[Topic: temp_c] b'31.5'
DEBUG:[mqtt-exporter]:Serial: temp_F=88.70
INFO:[mqtt-exporter]:[Topic: temp_F] b'88.7'
DEBUG:[mqtt-exporter]:Serial: temp_c=31.50
INFO:[mqtt-exporter]:[Topic: temp_c] b'31.5'
DEBUG:[mqtt-exporter]:Serial: temp_F=88.70
INFO:[mqtt-exporter]:[Topic: temp_F] b'88.7'
DEBUG:[mqtt-exporter]:Serial: temp_c=31.50
DEBUG:[mqtt-exporter]:Serial: temp_F=88.70
INFO:[mqtt-exporter]:[Topic: temp_c] b'31.5'
INFO:[mqtt-exporter]:[Topic: temp_F] b'88.7'
DEBUG:[mqtt-exporter]:Serial: temp_c=31.50
INFO:[mqtt-exporter]:[Topic: temp_c] b'31.5'
DEBUG:[mqtt-exporter]:Serial: temp_F=88.70
INFO:[mqtt-exporter]:[Topic: temp_F] b'88.7'
DEBUG:[mqtt-exporter]:Serial: temp_c=31.50
INFO:[mqtt-exporter]:[Topic: temp_c] b'31.5'
DEBUG:[mqtt-exporter]:Serial: temp_F=88.70
INFO:[mqtt-exporter]:[Topic: temp_F] b'88.7'
DEBUG:[mqtt-exporter]:Serial: temp_c=31.50
DEBUG:[mqtt-exporter]:Serial: temp_F=88.70
INFO:[mqtt-exporter]:[Topic: temp_c] b'31.5'
INFO:[mqtt-exporter]:[Topic: temp_F] b'88.7'
DEBUG:[mqtt-exporter]:Serial: temp_c=31.50
INFO:[mqtt-exporter]:[Topic: temp_c] b'31.5'
DEBUG:[mqtt-exporter]:Serial: temp_F=88.70
INFO:[mqtt-exporter]:[Topic: temp_F] b'88.7'
DEBUG:[mqtt-exporter]:Serial: temp_c=31.50
INFO:[mqtt-exporter]:[Topic: temp_c] b'31.5'
DEBUG:[mqtt-exporter]:Serial: temp_F=88.70
INFO:[mqtt-exporter]:[Topic: temp_F] b'88.7'
DEBUG:[mqtt-exporter]:Serial: temp_c=31.50
INFO:[mqtt-exporter]:[Topic: temp_c] b'31.5'
DEBUG:[mqtt-exporter]:Serial: temp_F=88.70
INFO:[mqtt-exporter]:[Topic: temp_F] b'88.7'
DEBUG:[mqtt-exporter]:Serial: temp_c=31.25
DEBUG:[mqtt-exporter]:Serial: temp_F=88.25
INFO:[mqtt-exporter]:[Topic: temp_c] b'31.25'
INFO:[mqtt-exporter]:[Topic: temp_F] b'88.25'
DEBUG:[mqtt-exporter]:Serial: temp_c=31.50
INFO:[mqtt-exporter]:[Topic: temp_c] b'31.5'
DEBUG:[mqtt-exporter]:Serial: temp_F=88.70
INFO:[mqtt-exporter]:[Topic: temp_F] b'88.7'
DEBUG:[mqtt-exporter]:Serial: temp_c=31.50
INFO:[mqtt-exporter]:[Topic: temp_c] b'31.5'
DEBUG:[mqtt-exporter]:Serial: temp_F=88.70
INFO:[mqtt-exporter]:[Topic: temp_F] b'88.7'
DEBUG:[mqtt-exporter]:Serial: temp_c=31.50
INFO:[mqtt-exporter]:[Topic: temp_c] b'31.5'
DEBUG:[mqtt-exporter]:Serial: temp_F=88.70
INFO:[mqtt-exporter]:[Topic: temp_F] b'88.7'
DEBUG:[mqtt-exporter]:Serial: temp_c=31.50
INFO:[mqtt-exporter]:[Topic: temp_c] b'31.5'
DEBUG:[mqtt-exporter]:Serial: temp_F=88.70
INFO:[mqtt-exporter]:[Topic: temp_F] b'88.7'
DEBUG:[mqtt-exporter]:Serial: temp_c=31.25
INFO:[mqtt-exporter]:[Topic: temp_c] b'31.25'
DEBUG:[mqtt-exporter]:Serial: temp_F=88.25
INFO:[mqtt-exporter]:[Topic: temp_F] b'88.25'
DEBUG:[mqtt-exporter]:Serial: temp_c=31.50
INFO:[mqtt-exporter]:[Topic: temp_c] b'31.5'
DEBUG:[mqtt-exporter]:Serial: temp_F=88.70
INFO:[mqtt-exporter]:[Topic: temp_F] b'88.7'
DEBUG:[mqtt-exporter]:Serial: temp_c=31.50
INFO:[mqtt-exporter]:[Topic: temp_c] b'31.5'
DEBUG:[mqtt-exporter]:Serial: temp_F=88.70
INFO:[mqtt-exporter]:[Topic: temp_F] b'88.7'
DEBUG:[mqtt-exporter]:Serial: temp_c=31.50
INFO:[mqtt-exporter]:[Topic: temp_c] b'31.5'
DEBUG:[mqtt-exporter]:Serial: temp_F=88.70
INFO:[mqtt-exporter]:[Topic: temp_F] b'88.7'
DEBUG:[mqtt-exporter]:Serial: temp_c=31.50
INFO:[mqtt-exporter]:[Topic: temp_c] b'31.5'
DEBUG:[mqtt-exporter]:Serial: temp_F=88.70
INFO:[mqtt-exporter]:[Topic: temp_F] b'88.7'
DEBUG:[mqtt-exporter]:Serial: temp_c=31.50
INFO:[mqtt-exporter]:[Topic: temp_c] b'31.5'
DEBUG:[mqtt-exporter]:Serial: temp_F=88.70
INFO:[mqtt-exporter]:[Topic: temp_F] b'88.7'
DEBUG:[mqtt-exporter]:Serial: temp_c=31.50
INFO:[mqtt-exporter]:[Topic: temp_c] b'31.5'
DEBUG:[mqtt-exporter]:Serial: temp_F=88.70
INFO:[mqtt-exporter]:[Topic: temp_F] b'88.7'
DEBUG:[mqtt-exporter]:Serial: temp_c=31.50
INFO:[mqtt-exporter]:[Topic: temp_c] b'31.5'
DEBUG:[mqtt-exporter]:Serial: temp_F=88.70
INFO:[mqtt-exporter]:[Topic: temp_F] b'88.7'
DEBUG:[mqtt-exporter]:Serial: temp_c=31.50
INFO:[mqtt-exporter]:[Topic: temp_c] b'31.5'
DEBUG:[mqtt-exporter]:Serial: temp_F=88.70
INFO:[mqtt-exporter]:[Topic: temp_F] b'88.7'
DEBUG:[mqtt-exporter]:Serial: temp_c=31.25
INFO:[mqtt-exporter]:[Topic: temp_c] b'31.25'
DEBUG:[mqtt-exporter]:Serial: temp_F=88.25
INFO:[mqtt-exporter]:[Topic: temp_F] b'88.25'
DEBUG:[mqtt-exporter]:Serial: temp_c=31.50
INFO:[mqtt-exporter]:[Topic: temp_c] b'31.5'
DEBUG:[mqtt-exporter]:Serial: temp_F=88.70
INFO:[mqtt-exporter]:[Topic: temp_F] b'88.7'
DEBUG:[mqtt-exporter]:Serial: temp_c=31.50
INFO:[mqtt-exporter]:[Topic: temp_c] b'31.5'
DEBUG:[mqtt-exporter]:Serial: temp_F=88.70
INFO:[mqtt-exporter]:[Topic: temp_F] b'88.7'
DEBUG:[mqtt-exporter]:Serial: temp_c=31.25
INFO:[mqtt-exporter]:[Topic: temp_c] b'31.25'
DEBUG:[mqtt-exporter]:Serial: temp_F=88.25
INFO:[mqtt-exporter]:[Topic: temp_F] b'88.25'
DEBUG:[mqtt-exporter]:Serial: temp_c=31.50
INFO:[mqtt-exporter]:[Topic: temp_c] b'31.5'
DEBUG:[mqtt-exporter]:Serial: temp_F=88.70
INFO:[mqtt-exporter]:[Topic: temp_F] b'88.7'
DEBUG:[mqtt-exporter]:Serial: temp_c=31.50
INFO:[mqtt-exporter]:[Topic: temp_c] b'31.5'
DEBUG:[mqtt-exporter]:Serial: temp_F=88.70
INFO:[mqtt-exporter]:[Topic: temp_F] b'88.7'
DEBUG:[mqtt-exporter]:Serial: temp_c=31.50
INFO:[mqtt-exporter]:[Topic: temp_c] b'31.5'
DEBUG:[mqtt-exporter]:Serial: temp_F=88.70
INFO:[mqtt-exporter]:[Topic: temp_F] b'88.7'
DEBUG:[mqtt-exporter]:Serial: temp_c=31.50
DEBUG:[mqtt-exporter]:Serial: temp_F=88.70
INFO:[mqtt-exporter]:[Topic: temp_c] b'31.5'
INFO:[mqtt-exporter]:[Topic: temp_F] b'88.7'
DEBUG:[mqtt-exporter]:Serial: temp_c=31.50
INFO:[mqtt-exporter]:[Topic: temp_c] b'31.5'
DEBUG:[mqtt-exporter]:Serial: temp_F=88.70
INFO:[mqtt-exporter]:[Topic: temp_F] b'88.7'
DEBUG:[mqtt-exporter]:Serial: temp_c=31.50
INFO:[mqtt-exporter]:[Topic: temp_c] b'31.5'
DEBUG:[mqtt-exporter]:Serial: temp_F=88.70
INFO:[mqtt-exporter]:[Topic: temp_F] b'88.7'
DEBUG:[mqtt-exporter]:Serial: temp_c=31.50
INFO:[mqtt-exporter]:[Topic: temp_c] b'31.5'
DEBUG:[mqtt-exporter]:Serial: temp_F=88.70
INFO:[mqtt-exporter]:[Topic: temp_F] b'88.7'
DEBUG:[mqtt-exporter]:Serial: temp_c=31.50
DEBUG:[mqtt-exporter]:Serial: temp_F=88.70
INFO:[mqtt-exporter]:[Topic: temp_c] b'31.5'
INFO:[mqtt-exporter]:[Topic: temp_F] b'88.7'
DEBUG:[mqtt-exporter]:Serial: temp_c=31.50
INFO:[mqtt-exporter]:[Topic: temp_c] b'31.5'
DEBUG:[mqtt-exporter]:Serial: temp_F=88.70
INFO:[mqtt-exporter]:[Topic: temp_F] b'88.7'
DEBUG:[mqtt-exporter]:Serial: temp_c=31.50
INFO:[mqtt-exporter]:[Topic: temp_c] b'31.5'
DEBUG:[mqtt-exporter]:Serial: temp_F=88.70
INFO:[mqtt-exporter]:[Topic: temp_F] b'88.7'
DEBUG:[mqtt-exporter]:Serial: temp_c=31.50
INFO:[mqtt-exporter]:[Topic: temp_c] b'31.5'
DEBUG:[mqtt-exporter]:Serial: temp_F=88.70
INFO:[mqtt-exporter]:[Topic: temp_F] b'88.7'
DEBUG:[mqtt-exporter]:Serial: temp_c=31.25
INFO:[mqtt-exporter]:[Topic: temp_c] b'31.25'
DEBUG:[mqtt-exporter]:Serial: temp_F=88.25
INFO:[mqtt-exporter]:[Topic: temp_F] b'88.25'
DEBUG:[mqtt-exporter]:Serial: temp_c=31.50
INFO:[mqtt-exporter]:[Topic: temp_c] b'31.5'
DEBUG:[mqtt-exporter]:Serial: temp_F=88.70
INFO:[mqtt-exporter]:[Topic: temp_F] b'88.7'
DEBUG:[mqtt-exporter]:Serial: temp_c=31.25
INFO:[mqtt-exporter]:[Topic: temp_c] b'31.25'
DEBUG:[mqtt-exporter]:Serial: temp_F=88.25
INFO:[mqtt-exporter]:[Topic: temp_F] b'88.25'
DEBUG:[mqtt-exporter]:Serial: temp_c=31.50
INFO:[mqtt-exporter]:[Topic: temp_c] b'31.5'
DEBUG:[mqtt-exporter]:Serial: temp_F=88.70
INFO:[mqtt-exporter]:[Topic: temp_F] b'88.7'
DEBUG:[mqtt-exporter]:Serial: temp_c=31.50
INFO:[mqtt-exporter]:[Topic: temp_c] b'31.5'
DEBUG:[mqtt-exporter]:Serial: temp_F=88.70
INFO:[mqtt-exporter]:[Topic: temp_F] b'88.7'
DEBUG:[mqtt-exporter]:Serial: temp_c=31.50
INFO:[mqtt-exporter]:[Topic: temp_c] b'31.5'
DEBUG:[mqtt-exporter]:Serial: temp_F=88.70
INFO:[mqtt-exporter]:[Topic: temp_F] b'88.7'
DEBUG:[mqtt-exporter]:Serial: temp_c=31.50
INFO:[mqtt-exporter]:[Topic: temp_c] b'31.5'
DEBUG:[mqtt-exporter]:Serial: temp_F=88.70
INFO:[mqtt-exporter]:[Topic: temp_F] b'88.7'
DEBUG:[mqtt-exporter]:Serial: temp_c=31.50
INFO:[mqtt-exporter]:[Topic: temp_c] b'31.5'
DEBUG:[mqtt-exporter]:Serial: temp_F=88.70
INFO:[mqtt-exporter]:[Topic: temp_F] b'88.7'
DEBUG:[mqtt-exporter]:Serial: temp_c=31.50
INFO:[mqtt-exporter]:[Topic: temp_c] b'31.5'
DEBUG:[mqtt-exporter]:Serial: temp_F=88.70
INFO:[mqtt-exporter]:[Topic: temp_F] b'88.7'
DEBUG:[mqtt-exporter]:Serial: temp_c=31.50
INFO:[mqtt-exporter]:[Topic: temp_c] b'31.5'
DEBUG:[mqtt-exporter]:Serial: temp_F=88.70
INFO:[mqtt-exporter]:[Topic: temp_F] b'88.7'
DEBUG:[mqtt-exporter]:Serial: temp_c=31.50
INFO:[mqtt-exporter]:[Topic: temp_c] b'31.5'
DEBUG:[mqtt-exporter]:Serial: temp_F=88.70
INFO:[mqtt-exporter]:[Topic: temp_F] b'88.7'
DEBUG:[mqtt-exporter]:Serial: temp_c=31.50
INFO:[mqtt-exporter]:[Topic: temp_c] b'31.5'
DEBUG:[mqtt-exporter]:Serial: temp_F=88.70
INFO:[mqtt-exporter]:[Topic: temp_F] b'88.7'
DEBUG:[mqtt-exporter]:Serial: temp_c=31.50
INFO:[mqtt-exporter]:[Topic: temp_c] b'31.5'
DEBUG:[mqtt-exporter]:Serial: temp_F=88.70
INFO:[mqtt-exporter]:[Topic: temp_F] b'88.7'
DEBUG:[mqtt-exporter]:Serial: temp_c=31.50
INFO:[mqtt-exporter]:[Topic: temp_c] b'31.5'
DEBUG:[mqtt-exporter]:Serial: temp_F=88.70
INFO:[mqtt-exporter]:[Topic: temp_F] b'88.7'
DEBUG:[mqtt-exporter]:Serial: switch=0
INFO:[mqtt-exporter]:[Topic: switch] b'0.0'
DEBUG:[mqtt-exporter]:Serial: temp_c=31.25
INFO:[mqtt-exporter]:[Topic: temp_c] b'31.25'
DEBUG:[mqtt-exporter]:Serial: temp_F=88.25
INFO:[mqtt-exporter]:[Topic: temp_F] b'88.25'
DEBUG:[mqtt-exporter]:Serial: switch=1
INFO:[mqtt-exporter]:[Topic: switch] b'1.0'
DEBUG:[mqtt-exporter]:Serial: temp_c=31.25
INFO:[mqtt-exporter]:[Topic: temp_c] b'31.25'
DEBUG:[mqtt-exporter]:Serial: temp_F=88.25
INFO:[mqtt-exporter]:[Topic: temp_F] b'88.25'
DEBUG:[mqtt-exporter]:Serial: temp_c=31.50
INFO:[mqtt-exporter]:[Topic: temp_c] b'31.5'
DEBUG:[mqtt-exporter]:Serial: temp_F=88.70
INFO:[mqtt-exporter]:[Topic: temp_F] b'88.7'
DEBUG:[mqtt-exporter]:Serial: temp_c=31.50
DEBUG:[mqtt-exporter]:Serial: temp_F=88.70
INFO:[mqtt-exporter]:[Topic: temp_c] b'31.5'
INFO:[mqtt-exporter]:[Topic: temp_F] b'88.7'
DEBUG:[mqtt-exporter]:Serial: temp_c=31.50
INFO:[mqtt-exporter]:[Topic: temp_c] b'31.5'
DEBUG:[mqtt-exporter]:Serial: temp_F=88.70
INFO:[mqtt-exporter]:[Topic: temp_F] b'88.7'
DEBUG:[mqtt-exporter]:Serial: temp_c=31.50
INFO:[mqtt-exporter]:[Topic: temp_c] b'31.5'
DEBUG:[mqtt-exporter]:Serial: temp_F=88.70
INFO:[mqtt-exporter]:[Topic: temp_F] b'88.7'
DEBUG:[mqtt-exporter]:Serial: temp_c=31.50
DEBUG:[mqtt-exporter]:Serial: temp_F=88.70
INFO:[mqtt-exporter]:[Topic: temp_c] b'31.5'
INFO:[mqtt-exporter]:[Topic: temp_F] b'88.7'
DEBUG:[mqtt-exporter]:Serial: temp_c=31.50
INFO:[mqtt-exporter]:[Topic: temp_c] b'31.5'
DEBUG:[mqtt-exporter]:Serial: temp_F=88.70
INFO:[mqtt-exporter]:[Topic: temp_F] b'88.7'
DEBUG:[mqtt-exporter]:Serial: temp_c=31.50
INFO:[mqtt-exporter]:[Topic: temp_c] b'31.5'
DEBUG:[mqtt-exporter]:Serial: temp_F=88.70
INFO:[mqtt-exporter]:[Topic: temp_F] b'88.7'
DEBUG:[mqtt-exporter]:Serial: temp_c=31.50
INFO:[mqtt-exporter]:[Topic: temp_c] b'31.5'
DEBUG:[mqtt-exporter]:Serial: temp_F=88.70
INFO:[mqtt-exporter]:[Topic: temp_F] b'88.7'
DEBUG:[mqtt-exporter]:Serial: temp_c=31.50
INFO:[mqtt-exporter]:[Topic: temp_c] b'31.5'
DEBUG:[mqtt-exporter]:Serial: temp_F=88.70
INFO:[mqtt-exporter]:[Topic: temp_F] b'88.7'
DEBUG:[mqtt-exporter]:Serial: temp_c=31.50
INFO:[mqtt-exporter]:[Topic: temp_c] b'31.5'
DEBUG:[mqtt-exporter]:Serial: temp_F=88.70
INFO:[mqtt-exporter]:[Topic: temp_F] b'88.7'
DEBUG:[mqtt-exporter]:Serial: temp_c=31.50
INFO:[mqtt-exporter]:[Topic: temp_c] b'31.5'
DEBUG:[mqtt-exporter]:Serial: temp_F=88.70
INFO:[mqtt-exporter]:[Topic: temp_F] b'88.7'
DEBUG:[mqtt-exporter]:Serial: temp_c=31.50
INFO:[mqtt-exporter]:[Topic: temp_c] b'31.5'
DEBUG:[mqtt-exporter]:Serial: temp_F=88.70
INFO:[mqtt-exporter]:[Topic: temp_F] b'88.7'
DEBUG:[mqtt-exporter]:Serial: temp_c=31.50
INFO:[mqtt-exporter]:[Topic: temp_c] b'31.5'
DEBUG:[mqtt-exporter]:Serial: temp_F=88.70
INFO:[mqtt-exporter]:[Topic: temp_F] b'88.7'
DEBUG:[mqtt-exporter]:Serial: temp_c=31.50
INFO:[mqtt-exporter]:[Topic: temp_c] b'31.5'
DEBUG:[mqtt-exporter]:Serial: temp_F=88.70
INFO:[mqtt-exporter]:[Topic: temp_F] b'88.7'
DEBUG:[mqtt-exporter]:Serial: temp_c=31.50
INFO:[mqtt-exporter]:[Topic: temp_c] b'31.5'
DEBUG:[mqtt-exporter]:Serial: temp_F=88.70
INFO:[mqtt-exporter]:[Topic: temp_F] b'88.7'
DEBUG:[mqtt-exporter]:Serial: temp_c=31.50
INFO:[mqtt-exporter]:[Topic: temp_c] b'31.5'
DEBUG:[mqtt-exporter]:Serial: temp_F=88.70
INFO:[mqtt-exporter]:[Topic: temp_F] b'88.7'
DEBUG:[mqtt-exporter]:Serial: temp_c=31.50
INFO:[mqtt-exporter]:[Topic: temp_c] b'31.5'
DEBUG:[mqtt-exporter]:Serial: temp_F=88.70
INFO:[mqtt-exporter]:[Topic: temp_F] b'88.7'
DEBUG:[mqtt-exporter]:Serial: switch=0
INFO:[mqtt-exporter]:[Topic: switch] b'0.0'
DEBUG:[mqtt-exporter]:Serial: temp_c=31.50
INFO:[mqtt-exporter]:[Topic: temp_c] b'31.5'
DEBUG:[mqtt-exporter]:Serial: temp_F=88.70
INFO:[mqtt-exporter]:[Topic: temp_F] b'88.7'
DEBUG:[mqtt-exporter]:Serial: temp_c=32.00
INFO:[mqtt-exporter]:[Topic: temp_c] b'32.0'
DEBUG:[mqtt-exporter]:Serial: temp_F=89.60
INFO:[mqtt-exporter]:[Topic: temp_F] b'89.6'
DEBUG:[mqtt-exporter]:Serial: temp_c=32.00
INFO:[mqtt-exporter]:[Topic: temp_c] b'32.0'
DEBUG:[mqtt-exporter]:Serial: temp_F=89.60
INFO:[mqtt-exporter]:[Topic: temp_F] b'89.6'
DEBUG:[mqtt-exporter]:Serial: temp_c=32.00
INFO:[mqtt-exporter]:[Topic: temp_c] b'32.0'
DEBUG:[mqtt-exporter]:Serial: temp_F=89.60
INFO:[mqtt-exporter]:[Topic: temp_F] b'89.6'
DEBUG:[mqtt-exporter]:Serial: temp_c=32.00
INFO:[mqtt-exporter]:[Topic: temp_c] b'32.0'
DEBUG:[mqtt-exporter]:Serial: temp_F=89.60
INFO:[mqtt-exporter]:[Topic: temp_F] b'89.6'
DEBUG:[mqtt-exporter]:Serial: temp_c=32.25
INFO:[mqtt-exporter]:[Topic: temp_c] b'32.25'
DEBUG:[mqtt-exporter]:Serial: temp_F=90.05
INFO:[mqtt-exporter]:[Topic: temp_F] b'90.05'
DEBUG:[mqtt-exporter]:Serial: temp_c=32.25
INFO:[mqtt-exporter]:[Topic: temp_c] b'32.25'
DEBUG:[mqtt-exporter]:Serial: temp_F=90.05
INFO:[mqtt-exporter]:[Topic: temp_F] b'90.05'
DEBUG:[mqtt-exporter]:Serial: switch=1
INFO:[mqtt-exporter]:[Topic: switch] b'1.0'
DEBUG:[mqtt-exporter]:Serial: temp_c=32.00
INFO:[mqtt-exporter]:[Topic: temp_c] b'32.0'
DEBUG:[mqtt-exporter]:Serial: temp_F=89.60
INFO:[mqtt-exporter]:[Topic: temp_F] b'89.6'
DEBUG:[mqtt-exporter]:Serial: temp_c=32.00
INFO:[mqtt-exporter]:[Topic: temp_c] b'32.0'
DEBUG:[mqtt-exporter]:Serial: temp_F=89.60
INFO:[mqtt-exporter]:[Topic: temp_F] b'89.6'
DEBUG:[mqtt-exporter]:Serial: temp_c=32.25
INFO:[mqtt-exporter]:[Topic: temp_c] b'32.25'
DEBUG:[mqtt-exporter]:Serial: temp_F=90.05
INFO:[mqtt-exporter]:[Topic: temp_F] b'90.05'
DEBUG:[mqtt-exporter]:Serial: temp_c=32.25
DEBUG:[mqtt-exporter]:Serial: temp_F=90.05
INFO:[mqtt-exporter]:[Topic: temp_c] b'32.25'
INFO:[mqtt-exporter]:[Topic: temp_F] b'90.05'
DEBUG:[mqtt-exporter]:Serial: temp_c=32.25
INFO:[mqtt-exporter]:[Topic: temp_c] b'32.25'
DEBUG:[mqtt-exporter]:Serial: temp_F=90.05
INFO:[mqtt-exporter]:[Topic: temp_F] b'90.05'
DEBUG:[mqtt-exporter]:Serial: temp_c=32.25
INFO:[mqtt-exporter]:[Topic: temp_c] b'32.25'
DEBUG:[mqtt-exporter]:Serial: temp_F=90.05
INFO:[mqtt-exporter]:[Topic: temp_F] b'90.05'
DEBUG:[mqtt-exporter]:Serial: switch=0
INFO:[mqtt-exporter]:[Topic: switch] b'0.0'
DEBUG:[mqtt-exporter]:Serial: temp_c=32.25
INFO:[mqtt-exporter]:[Topic: temp_c] b'32.25'
DEBUG:[mqtt-exporter]:Serial: temp_F=90.05
INFO:[mqtt-exporter]:[Topic: temp_F] b'90.05'
DEBUG:[mqtt-exporter]:Serial: temp_c=32.25
DEBUG:[mqtt-exporter]:Serial: temp_F=90.05
INFO:[mqtt-exporter]:[Topic: temp_c] b'32.25'
INFO:[mqtt-exporter]:[Topic: temp_F] b'90.05'
DEBUG:[mqtt-exporter]:Serial: temp_c=32.25
INFO:[mqtt-exporter]:[Topic: temp_c] b'32.25'
DEBUG:[mqtt-exporter]:Serial: temp_F=90.05
INFO:[mqtt-exporter]:[Topic: temp_F] b'90.05'
DEBUG:[mqtt-exporter]:Serial: temp_c=32.25
INFO:[mqtt-exporter]:[Topic: temp_c] b'32.25'
DEBUG:[mqtt-exporter]:Serial: temp_F=90.05
INFO:[mqtt-exporter]:[Topic: temp_F] b'90.05'
DEBUG:[mqtt-exporter]:Serial: temp_c=32.25
INFO:[mqtt-exporter]:[Topic: temp_c] b'32.25'
DEBUG:[mqtt-exporter]:Serial: temp_F=90.05
INFO:[mqtt-exporter]:[Topic: temp_F] b'90.05'
DEBUG:[mqtt-exporter]:Serial: temp_c=32.25
INFO:[mqtt-exporter]:[Topic: temp_c] b'32.25'
DEBUG:[mqtt-exporter]:Serial: temp_F=90.05
INFO:[mqtt-exporter]:[Topic: temp_F] b'90.05'
DEBUG:[mqtt-exporter]:Serial: temp_c=32.25
INFO:[mqtt-exporter]:[Topic: temp_c] b'32.25'
DEBUG:[mqtt-exporter]:Serial: temp_F=90.05
INFO:[mqtt-exporter]:[Topic: temp_F] b'90.05'
DEBUG:[mqtt-exporter]:Serial: temp_c=32.25
INFO:[mqtt-exporter]:[Topic: temp_c] b'32.25'
DEBUG:[mqtt-exporter]:Serial: temp_F=90.05
INFO:[mqtt-exporter]:[Topic: temp_F] b'90.05'
DEBUG:[mqtt-exporter]:Serial: temp_c=32.25
INFO:[mqtt-exporter]:[Topic: temp_c] b'32.25'
DEBUG:[mqtt-exporter]:Serial: temp_F=90.05
INFO:[mqtt-exporter]:[Topic: temp_F] b'90.05'
DEBUG:[mqtt-exporter]:Serial: temp_c=32.25
INFO:[mqtt-exporter]:[Topic: temp_c] b'32.25'
DEBUG:[mqtt-exporter]:Serial: temp_F=90.05
INFO:[mqtt-exporter]:[Topic: temp_F] b'90.05'
DEBUG:[mqtt-exporter]:Serial: temp_c=32.25
INFO:[mqtt-exporter]:[Topic: temp_c] b'32.25'
DEBUG:[mqtt-exporter]:Serial: temp_F=90.05
INFO:[mqtt-exporter]:[Topic: temp_F] b'90.05'
DEBUG:[mqtt-exporter]:Serial: temp_c=32.25
INFO:[mqtt-exporter]:[Topic: temp_c] b'32.25'
DEBUG:[mqtt-exporter]:Serial: temp_F=90.05
INFO:[mqtt-exporter]:[Topic: temp_F] b'90.05'
DEBUG:[mqtt-exporter]:Serial: temp_c=32.25
INFO:[mqtt-exporter]:[Topic: temp_c] b'32.25'
DEBUG:[mqtt-exporter]:Serial: temp_F=90.05
INFO:[mqtt-exporter]:[Topic: temp_F] b'90.05'
DEBUG:[mqtt-exporter]:Serial: temp_c=32.25
INFO:[mqtt-exporter]:[Topic: temp_c] b'32.25'
DEBUG:[mqtt-exporter]:Serial: temp_F=90.05
INFO:[mqtt-exporter]:[Topic: temp_F] b'90.05'
DEBUG:[mqtt-exporter]:Serial: temp_c=32.25
INFO:[mqtt-exporter]:[Topic: temp_c] b'32.25'
DEBUG:[mqtt-exporter]:Serial: temp_F=90.05
INFO:[mqtt-exporter]:[Topic: temp_F] b'90.05'
DEBUG:[mqtt-exporter]:Serial: temp_c=32.25
INFO:[mqtt-exporter]:[Topic: temp_c] b'32.25'
DEBUG:[mqtt-exporter]:Serial: temp_F=90.05
INFO:[mqtt-exporter]:[Topic: temp_F] b'90.05'
DEBUG:[mqtt-exporter]:Serial: temp_c=32.25
INFO:[mqtt-exporter]:[Topic: temp_c] b'32.25'
DEBUG:[mqtt-exporter]:Serial: temp_F=90.05
INFO:[mqtt-exporter]:[Topic: temp_F] b'90.05'
DEBUG:[mqtt-exporter]:Serial: temp_c=32.25
DEBUG:[mqtt-exporter]:Serial: temp_F=90.05
INFO:[mqtt-exporter]:[Topic: temp_c] b'32.25'
INFO:[mqtt-exporter]:[Topic: temp_F] b'90.05'
DEBUG:[mqtt-exporter]:Serial: temp_c=32.25
INFO:[mqtt-exporter]:[Topic: temp_c] b'32.25'
DEBUG:[mqtt-exporter]:Serial: temp_F=90.05
INFO:[mqtt-exporter]:[Topic: temp_F] b'90.05'
DEBUG:[mqtt-exporter]:Serial: temp_c=32.25
INFO:[mqtt-exporter]:[Topic: temp_c] b'32.25'
DEBUG:[mqtt-exporter]:Serial: temp_F=90.05
INFO:[mqtt-exporter]:[Topic: temp_F] b'90.05'
DEBUG:[mqtt-exporter]:Serial: temp_c=32.25
INFO:[mqtt-exporter]:[Topic: temp_c] b'32.25'
DEBUG:[mqtt-exporter]:Serial: temp_F=90.05
INFO:[mqtt-exporter]:[Topic: temp_F] b'90.05'
DEBUG:[mqtt-exporter]:Serial: temp_c=32.25
INFO:[mqtt-exporter]:[Topic: temp_c] b'32.25'
DEBUG:[mqtt-exporter]:Serial: temp_F=90.05
INFO:[mqtt-exporter]:[Topic: temp_F] b'90.05'
DEBUG:[mqtt-exporter]:Serial: temp_c=32.25
INFO:[mqtt-exporter]:[Topic: temp_c] b'32.25'
DEBUG:[mqtt-exporter]:Serial: temp_F=90.05
INFO:[mqtt-exporter]:[Topic: temp_F] b'90.05'
DEBUG:[mqtt-exporter]:Serial: temp_c=32.25
INFO:[mqtt-exporter]:[Topic: temp_c] b'32.25'
DEBUG:[mqtt-exporter]:Serial: temp_F=90.05
INFO:[mqtt-exporter]:[Topic: temp_F] b'90.05'
DEBUG:[mqtt-exporter]:Serial: temp_c=32.00
DEBUG:[mqtt-exporter]:Serial: temp_F=89.60
INFO:[mqtt-exporter]:[Topic: temp_c] b'32.0'
INFO:[mqtt-exporter]:[Topic: temp_F] b'89.6'
DEBUG:[mqtt-exporter]:Serial: temp_c=32.00
INFO:[mqtt-exporter]:[Topic: temp_c] b'32.0'
DEBUG:[mqtt-exporter]:Serial: temp_F=89.60
INFO:[mqtt-exporter]:[Topic: temp_F] b'89.6'
DEBUG:[mqtt-exporter]:Serial: temp_c=32.00
DEBUG:[mqtt-exporter]:Serial: temp_F=89.60
INFO:[mqtt-exporter]:[Topic: temp_c] b'32.0'
INFO:[mqtt-exporter]:[Topic: temp_F] b'89.6'
DEBUG:[mqtt-exporter]:Serial: temp_c=32.00
INFO:[mqtt-exporter]:[Topic: temp_c] b'32.0'
DEBUG:[mqtt-exporter]:Serial: temp_F=89.60
INFO:[mqtt-exporter]:[Topic: temp_F] b'89.6'
DEBUG:[mqtt-exporter]:Serial: temp_c=32.00
INFO:[mqtt-exporter]:[Topic: temp_c] b'32.0'
DEBUG:[mqtt-exporter]:Serial: temp_F=89.60
INFO:[mqtt-exporter]:[Topic: temp_F] b'89.6'
DEBUG:[mqtt-exporter]:Serial: temp_c=32.00
DEBUG:[mqtt-exporter]:Serial: temp_F=89.60
INFO:[mqtt-exporter]:[Topic: temp_c] b'32.0'
INFO:[mqtt-exporter]:[Topic: temp_F] b'89.6'
DEBUG:[mqtt-exporter]:Serial: temp_c=32.00
DEBUG:[mqtt-exporter]:Serial: temp_F=89.60
INFO:[mqtt-exporter]:[Topic: temp_c] b'32.0'
INFO:[mqtt-exporter]:[Topic: temp_F] b'89.6'
DEBUG:[mqtt-exporter]:Serial: temp_c=32.00
INFO:[mqtt-exporter]:[Topic: temp_c] b'32.0'
DEBUG:[mqtt-exporter]:Serial: temp_F=89.60
INFO:[mqtt-exporter]:[Topic: temp_F] b'89.6'
DEBUG:[mqtt-exporter]:Serial: temp_c=32.00
INFO:[mqtt-exporter]:[Topic: temp_c] b'32.0'
DEBUG:[mqtt-exporter]:Serial: temp_F=89.60
INFO:[mqtt-exporter]:[Topic: temp_F] b'89.6'
DEBUG:[mqtt-exporter]:Serial: temp_c=32.00
DEBUG:[mqtt-exporter]:Serial: temp_F=89.60
INFO:[mqtt-exporter]:[Topic: temp_c] b'32.0'
INFO:[mqtt-exporter]:[Topic: temp_F] b'89.6'
DEBUG:[mqtt-exporter]:Serial: temp_c=32.00
INFO:[mqtt-exporter]:[Topic: temp_c] b'32.0'
DEBUG:[mqtt-exporter]:Serial: temp_F=89.60
INFO:[mqtt-exporter]:[Topic: temp_F] b'89.6'
DEBUG:[mqtt-exporter]:Serial: temp_c=32.00
INFO:[mqtt-exporter]:[Topic: temp_c] b'32.0'
DEBUG:[mqtt-exporter]:Serial: temp_F=89.60
INFO:[mqtt-exporter]:[Topic: temp_F] b'89.6'
DEBUG:[mqtt-exporter]:Serial: temp_c=32.00
INFO:[mqtt-exporter]:[Topic: temp_c] b'32.0'
DEBUG:[mqtt-exporter]:Serial: temp_F=89.60
INFO:[mqtt-exporter]:[Topic: temp_F] b'89.6'
DEBUG:[mqtt-exporter]:Serial: temp_c=32.00
INFO:[mqtt-exporter]:[Topic: temp_c] b'32.0'
DEBUG:[mqtt-exporter]:Serial: temp_F=89.60
INFO:[mqtt-exporter]:[Topic: temp_F] b'89.6'
DEBUG:[mqtt-exporter]:Serial: temp_c=32.00
INFO:[mqtt-exporter]:[Topic: temp_c] b'32.0'
DEBUG:[mqtt-exporter]:Serial: temp_F=89.60
INFO:[mqtt-exporter]:[Topic: temp_F] b'89.6'
DEBUG:[mqtt-exporter]:Serial: temp_c=32.00
INFO:[mqtt-exporter]:[Topic: temp_c] b'32.0'
DEBUG:[mqtt-exporter]:Serial: temp_F=89.60
INFO:[mqtt-exporter]:[Topic: temp_F] b'89.6'
DEBUG:[mqtt-exporter]:Serial: temp_c=32.00
INFO:[mqtt-exporter]:[Topic: temp_c] b'32.0'
DEBUG:[mqtt-exporter]:Serial: temp_F=89.60
INFO:[mqtt-exporter]:[Topic: temp_F] b'89.6'
DEBUG:[mqtt-exporter]:Serial: temp_c=32.00
INFO:[mqtt-exporter]:[Topic: temp_c] b'32.0'
DEBUG:[mqtt-exporter]:Serial: temp_F=89.60
INFO:[mqtt-exporter]:[Topic: temp_F] b'89.6'
DEBUG:[mqtt-exporter]:Serial: temp_c=32.00
INFO:[mqtt-exporter]:[Topic: temp_c] b'32.0'
DEBUG:[mqtt-exporter]:Serial: temp_F=89.60
INFO:[mqtt-exporter]:[Topic: temp_F] b'89.6'
DEBUG:[mqtt-exporter]:Serial: temp_c=31.50
INFO:[mqtt-exporter]:[Topic: temp_c] b'31.5'
DEBUG:[mqtt-exporter]:Serial: temp_F=88.70
INFO:[mqtt-exporter]:[Topic: temp_F] b'88.7'
DEBUG:[mqtt-exporter]:Serial: temp_c=31.50
DEBUG:[mqtt-exporter]:Serial: temp_F=88.70
INFO:[mqtt-exporter]:[Topic: temp_c] b'31.5'
INFO:[mqtt-exporter]:[Topic: temp_F] b'88.7'
DEBUG:[mqtt-exporter]:Serial: temp_c=32.00
INFO:[mqtt-exporter]:[Topic: temp_c] b'32.0'
DEBUG:[mqtt-exporter]:Serial: temp_F=89.60
INFO:[mqtt-exporter]:[Topic: temp_F] b'89.6'
DEBUG:[mqtt-exporter]:Serial: temp_c=31.50
INFO:[mqtt-exporter]:[Topic: temp_c] b'31.5'
DEBUG:[mqtt-exporter]:Serial: temp_F=88.70
INFO:[mqtt-exporter]:[Topic: temp_F] b'88.7'
DEBUG:[mqtt-exporter]:Serial: temp_c=31.50
INFO:[mqtt-exporter]:[Topic: temp_c] b'31.5'
DEBUG:[mqtt-exporter]:Serial: temp_F=88.70
INFO:[mqtt-exporter]:[Topic: temp_F] b'88.7'
DEBUG:[mqtt-exporter]:Serial: temp_c=31.50
INFO:[mqtt-exporter]:[Topic: temp_c] b'31.5'
DEBUG:[mqtt-exporter]:Serial: temp_F=88.70
INFO:[mqtt-exporter]:[Topic: temp_F] b'88.7'
DEBUG:[mqtt-exporter]:Serial: temp_c=31.50
DEBUG:[mqtt-exporter]:Serial: temp_F=88.70
INFO:[mqtt-exporter]:[Topic: temp_c] b'31.5'
INFO:[mqtt-exporter]:[Topic: temp_F] b'88.7'
DEBUG:[mqtt-exporter]:Serial: temp_c=31.50
DEBUG:[mqtt-exporter]:Serial: temp_F=88.70
INFO:[mqtt-exporter]:[Topic: temp_c] b'31.5'
INFO:[mqtt-exporter]:[Topic: temp_F] b'88.7'
DEBUG:[mqtt-exporter]:Serial: temp_c=31.50
INFO:[mqtt-exporter]:[Topic: temp_c] b'31.5'
DEBUG:[mqtt-exporter]:Serial: temp_F=88.70
INFO:[mqtt-exporter]:[Topic: temp_F] b'88.7'
DEBUG:[mqtt-exporter]:Serial: temp_c=31.50
INFO:[mqtt-exporter]:[Topic: temp_c] b'31.5'
DEBUG:[mqtt-exporter]:Serial: temp_F=88.70
INFO:[mqtt-exporter]:[Topic: temp_F] b'88.7'
DEBUG:[mqtt-exporter]:Serial: temp_c=31.50
INFO:[mqtt-exporter]:[Topic: temp_c] b'31.5'
DEBUG:[mqtt-exporter]:Serial: temp_F=88.70
INFO:[mqtt-exporter]:[Topic: temp_F] b'88.7'
DEBUG:[mqtt-exporter]:Serial: temp_c=31.50
INFO:[mqtt-exporter]:[Topic: temp_c] b'31.5'
DEBUG:[mqtt-exporter]:Serial: temp_F=88.70
INFO:[mqtt-exporter]:[Topic: temp_F] b'88.7'
DEBUG:[mqtt-exporter]:Serial: temp_c=31.50
DEBUG:[mqtt-exporter]:Serial: temp_F=88.70
INFO:[mqtt-exporter]:[Topic: temp_c] b'31.5'
INFO:[mqtt-exporter]:[Topic: temp_F] b'88.7'
DEBUG:[mqtt-exporter]:Serial: temp_c=31.50
INFO:[mqtt-exporter]:[Topic: temp_c] b'31.5'
DEBUG:[mqtt-exporter]:Serial: temp_F=88.70
INFO:[mqtt-exporter]:[Topic: temp_F] b'88.7'
DEBUG:[mqtt-exporter]:Serial: temp_c=31.50
DEBUG:[mqtt-exporter]:Serial: temp_F=88.70
INFO:[mqtt-exporter]:[Topic: temp_c] b'31.5'
INFO:[mqtt-exporter]:[Topic: temp_F] b'88.7'
DEBUG:[mqtt-exporter]:Serial: temp_c=31.50
INFO:[mqtt-exporter]:[Topic: temp_c] b'31.5'
DEBUG:[mqtt-exporter]:Serial: temp_F=88.70
INFO:[mqtt-exporter]:[Topic: temp_F] b'88.7'
DEBUG:[mqtt-exporter]:Serial: temp_c=31.50
DEBUG:[mqtt-exporter]:Serial: temp_F=88.70
INFO:[mqtt-exporter]:[Topic: temp_c] b'31.5'
INFO:[mqtt-exporter]:[Topic: temp_F] b'88.7'
DEBUG:[mqtt-exporter]:Serial: temp_c=31.50
DEBUG:[mqtt-exporter]:Serial: temp_F=88.70
INFO:[mqtt-exporter]:[Topic: temp_c] b'31.5'
INFO:[mqtt-exporter]:[Topic: temp_F] b'88.7'
DEBUG:[mqtt-exporter]:Serial: temp_c=31.50
INFO:[mqtt-exporter]:[Topic: temp_c] b'31.5'
DEBUG:[mqtt-exporter]:Serial: temp_F=88.70
INFO:[mqtt-exporter]:[Topic: temp_F] b'88.7'
DEBUG:[mqtt-exporter]:Serial: temp_c=31.50
DEBUG:[mqtt-exporter]:Serial: temp_F=88.70
INFO:[mqtt-exporter]:[Topic: temp_c] b'31.5'
INFO:[mqtt-exporter]:[Topic: temp_F] b'88.7'
DEBUG:[mqtt-exporter]:Serial: temp_c=31.50
INFO:[mqtt-exporter]:[Topic: temp_c] b'31.5'
DEBUG:[mqtt-exporter]:Serial: temp_F=88.70
INFO:[mqtt-exporter]:[Topic: temp_F] b'88.7'
DEBUG:[mqtt-exporter]:Serial: temp_c=31.50
INFO:[mqtt-exporter]:[Topic: temp_c] b'31.5'
DEBUG:[mqtt-exporter]:Serial: temp_F=88.70
INFO:[mqtt-exporter]:[Topic: temp_F] b'88.7'
DEBUG:[mqtt-exporter]:Serial: temp_c=31.50
INFO:[mqtt-exporter]:[Topic: temp_c] b'31.5'
DEBUG:[mqtt-exporter]:Serial: temp_F=88.70
INFO:[mqtt-exporter]:[Topic: temp_F] b'88.7'
DEBUG:[mqtt-exporter]:Serial: temp_c=31.50
INFO:[mqtt-exporter]:[Topic: temp_c] b'31.5'
DEBUG:[mqtt-exporter]:Serial: temp_F=88.70
INFO:[mqtt-exporter]:[Topic: temp_F] b'88.7'
DEBUG:[mqtt-exporter]:Serial: temp_c=31.25
INFO:[mqtt-exporter]:[Topic: temp_c] b'31.25'
DEBUG:[mqtt-exporter]:Serial: temp_F=88.25
INFO:[mqtt-exporter]:[Topic: temp_F] b'88.25'
DEBUG:[mqtt-exporter]:Serial: temp_c=31.25
INFO:[mqtt-exporter]:[Topic: temp_c] b'31.25'
DEBUG:[mqtt-exporter]:Serial: temp_F=88.25
INFO:[mqtt-exporter]:[Topic: temp_F] b'88.25'
DEBUG:[mqtt-exporter]:Serial: temp_c=31.50
INFO:[mqtt-exporter]:[Topic: temp_c] b'31.5'
DEBUG:[mqtt-exporter]:Serial: temp_F=88.70
INFO:[mqtt-exporter]:[Topic: temp_F] b'88.7'
DEBUG:[mqtt-exporter]:Serial: temp_c=31.25
INFO:[mqtt-exporter]:[Topic: temp_c] b'31.25'
DEBUG:[mqtt-exporter]:Serial: temp_F=88.25
INFO:[mqtt-exporter]:[Topic: temp_F] b'88.25'
DEBUG:[mqtt-exporter]:Serial: temp_c=31.25
INFO:[mqtt-exporter]:[Topic: temp_c] b'31.25'
DEBUG:[mqtt-exporter]:Serial: temp_F=88.25
INFO:[mqtt-exporter]:[Topic: temp_F] b'88.25'
DEBUG:[mqtt-exporter]:Serial: temp_c=31.25
INFO:[mqtt-exporter]:[Topic: temp_c] b'31.25'
DEBUG:[mqtt-exporter]:Serial: temp_F=88.25
INFO:[mqtt-exporter]:[Topic: temp_F] b'88.25'
DEBUG:[mqtt-exporter]:Serial: temp_c=31.25
INFO:[mqtt-exporter]:[Topic: temp_c] b'31.25'
DEBUG:[mqtt-exporter]:Serial: temp_F=88.25
INFO:[mqtt-exporter]:[Topic: temp_F] b'88.25'
DEBUG:[mqtt-exporter]:Serial: temp_c=31.25
DEBUG:[mqtt-exporter]:Serial: temp_F=88.25
INFO:[mqtt-exporter]:[Topic: temp_c] b'31.25'
INFO:[mqtt-exporter]:[Topic: temp_F] b'88.25'
DEBUG:[mqtt-exporter]:Serial: temp_c=31.25
INFO:[mqtt-exporter]:[Topic: temp_c] b'31.25'
DEBUG:[mqtt-exporter]:Serial: temp_F=88.25
INFO:[mqtt-exporter]:[Topic: temp_F] b'88.25'
DEBUG:[mqtt-exporter]:Serial: temp_c=31.25
INFO:[mqtt-exporter]:[Topic: temp_c] b'31.25'
DEBUG:[mqtt-exporter]:Serial: temp_F=88.25
INFO:[mqtt-exporter]:[Topic: temp_F] b'88.25'
DEBUG:[mqtt-exporter]:Serial: temp_c=31.50
INFO:[mqtt-exporter]:[Topic: temp_c] b'31.5'
DEBUG:[mqtt-exporter]:Serial: temp_F=88.70
INFO:[mqtt-exporter]:[Topic: temp_F] b'88.7'
DEBUG:[mqtt-exporter]:Serial: temp_c=31.25
INFO:[mqtt-exporter]:[Topic: temp_c] b'31.25'
DEBUG:[mqtt-exporter]:Serial: temp_F=88.25
INFO:[mqtt-exporter]:[Topic: temp_F] b'88.25'
DEBUG:[mqtt-exporter]:Serial: temp_c=31.50
INFO:[mqtt-exporter]:[Topic: temp_c] b'31.5'
DEBUG:[mqtt-exporter]:Serial: temp_F=88.70
INFO:[mqtt-exporter]:[Topic: temp_F] b'88.7'
DEBUG:[mqtt-exporter]:Serial: temp_c=31.25
INFO:[mqtt-exporter]:[Topic: temp_c] b'31.25'
DEBUG:[mqtt-exporter]:Serial: temp_F=88.25
INFO:[mqtt-exporter]:[Topic: temp_F] b'88.25'
DEBUG:[mqtt-exporter]:Serial: temp_c=31.50
INFO:[mqtt-exporter]:[Topic: temp_c] b'31.5'
DEBUG:[mqtt-exporter]:Serial: temp_F=88.70
INFO:[mqtt-exporter]:[Topic: temp_F] b'88.7'
DEBUG:[mqtt-exporter]:Serial: temp_c=31.50
DEBUG:[mqtt-exporter]:Serial: temp_F=88.70
INFO:[mqtt-exporter]:[Topic: temp_c] b'31.5'
INFO:[mqtt-exporter]:[Topic: temp_F] b'88.7'
DEBUG:[mqtt-exporter]:Serial: temp_c=31.50
INFO:[mqtt-exporter]:[Topic: temp_c] b'31.5'
DEBUG:[mqtt-exporter]:Serial: temp_F=88.70
INFO:[mqtt-exporter]:[Topic: temp_F] b'88.7'
DEBUG:[mqtt-exporter]:Serial: temp_c=31.25
DEBUG:[mqtt-exporter]:Serial: temp_F=88.25
INFO:[mqtt-exporter]:[Topic: temp_c] b'31.25'
INFO:[mqtt-exporter]:[Topic: temp_F] b'88.25'
DEBUG:[mqtt-exporter]:Serial: temp_c=31.50
DEBUG:[mqtt-exporter]:Serial: temp_F=88.70
INFO:[mqtt-exporter]:[Topic: temp_c] b'31.5'
INFO:[mqtt-exporter]:[Topic: temp_F] b'88.7'
DEBUG:[mqtt-exporter]:Serial: temp_c=31.50
INFO:[mqtt-exporter]:[Topic: temp_c] b'31.5'
DEBUG:[mqtt-exporter]:Serial: temp_F=88.70
INFO:[mqtt-exporter]:[Topic: temp_F] b'88.7'
DEBUG:[mqtt-exporter]:Serial: temp_c=31.50
INFO:[mqtt-exporter]:[Topic: temp_c] b'31.5'
DEBUG:[mqtt-exporter]:Serial: temp_F=88.70
INFO:[mqtt-exporter]:[Topic: temp_F] b'88.7'
DEBUG:[mqtt-exporter]:Serial: temp_c=31.50
INFO:[mqtt-exporter]:[Topic: temp_c] b'31.5'
DEBUG:[mqtt-exporter]:Serial: temp_F=88.70
INFO:[mqtt-exporter]:[Topic: temp_F] b'88.7'
DEBUG:[mqtt-exporter]:Serial: temp_c=31.50
DEBUG:[mqtt-exporter]:Serial: temp_F=88.70
INFO:[mqtt-exporter]:[Topic: temp_c] b'31.5'
INFO:[mqtt-exporter]:[Topic: temp_F] b'88.7'
DEBUG:[mqtt-exporter]:Serial: temp_c=31.50
INFO:[mqtt-exporter]:[Topic: temp_c] b'31.5'
DEBUG:[mqtt-exporter]:Serial: temp_F=88.70
INFO:[mqtt-exporter]:[Topic: temp_F] b'88.7'
DEBUG:[mqtt-exporter]:Serial: temp_c=31.50
INFO:[mqtt-exporter]:[Topic: temp_c] b'31.5'
DEBUG:[mqtt-exporter]:Serial: temp_F=88.70
INFO:[mqtt-exporter]:[Topic: temp_F] b'88.7'
DEBUG:[mqtt-exporter]:Serial: temp_c=32.00
INFO:[mqtt-exporter]:[Topic: temp_c] b'32.0'
DEBUG:[mqtt-exporter]:Serial: temp_F=89.60
INFO:[mqtt-exporter]:[Topic: temp_F] b'89.6'
DEBUG:[mqtt-exporter]:Serial: temp_c=31.50
INFO:[mqtt-exporter]:[Topic: temp_c] b'31.5'
DEBUG:[mqtt-exporter]:Serial: temp_F=88.70
INFO:[mqtt-exporter]:[Topic: temp_F] b'88.7'
DEBUG:[mqtt-exporter]:Serial: temp_c=32.00
DEBUG:[mqtt-exporter]:Serial: temp_F=89.60
INFO:[mqtt-exporter]:[Topic: temp_c] b'32.0'
INFO:[mqtt-exporter]:[Topic: temp_F] b'89.6'
DEBUG:[mqtt-exporter]:Serial: temp_c=31.50
INFO:[mqtt-exporter]:[Topic: temp_c] b'31.5'
DEBUG:[mqtt-exporter]:Serial: temp_F=88.70
INFO:[mqtt-exporter]:[Topic: temp_F] b'88.7'
DEBUG:[mqtt-exporter]:Serial: temp_c=31.50
INFO:[mqtt-exporter]:[Topic: temp_c] b'31.5'
DEBUG:[mqtt-exporter]:Serial: temp_F=88.70
INFO:[mqtt-exporter]:[Topic: temp_F] b'88.7'
DEBUG:[mqtt-exporter]:Serial: temp_c=32.00
DEBUG:[mqtt-exporter]:Serial: temp_F=89.60
INFO:[mqtt-exporter]:[Topic: temp_c] b'32.0'
INFO:[mqtt-exporter]:[Topic: temp_F] b'89.6'
DEBUG:[mqtt-exporter]:Serial: temp_c=31.50
DEBUG:[mqtt-exporter]:Serial: temp_F=88.70
INFO:[mqtt-exporter]:[Topic: temp_c] b'31.5'
INFO:[mqtt-exporter]:[Topic: temp_F] b'88.7'
DEBUG:[mqtt-exporter]:Serial: temp_c=31.50
INFO:[mqtt-exporter]:[Topic: temp_c] b'31.5'
DEBUG:[mqtt-exporter]:Serial: temp_F=88.70
INFO:[mqtt-exporter]:[Topic: temp_F] b'88.7'
DEBUG:[mqtt-exporter]:Serial: temp_c=31.50
INFO:[mqtt-exporter]:[Topic: temp_c] b'31.5'
DEBUG:[mqtt-exporter]:Serial: temp_F=88.70
INFO:[mqtt-exporter]:[Topic: temp_F] b'88.7'
DEBUG:[mqtt-exporter]:Serial: temp_c=32.00
DEBUG:[mqtt-exporter]:Serial: temp_F=89.60
INFO:[mqtt-exporter]:[Topic: temp_c] b'32.0'
INFO:[mqtt-exporter]:[Topic: temp_F] b'89.6'
DEBUG:[mqtt-exporter]:Serial: temp_c=32.00
INFO:[mqtt-exporter]:[Topic: temp_c] b'32.0'
DEBUG:[mqtt-exporter]:Serial: temp_F=89.60
INFO:[mqtt-exporter]:[Topic: temp_F] b'89.6'
DEBUG:[mqtt-exporter]:Serial: temp_c=32.00
DEBUG:[mqtt-exporter]:Serial: temp_F=89.60
INFO:[mqtt-exporter]:[Topic: temp_c] b'32.0'
INFO:[mqtt-exporter]:[Topic: temp_F] b'89.6'
DEBUG:[mqtt-exporter]:Serial: temp_c=32.00
INFO:[mqtt-exporter]:[Topic: temp_c] b'32.0'
DEBUG:[mqtt-exporter]:Serial: temp_F=89.60
INFO:[mqtt-exporter]:[Topic: temp_F] b'89.6'
DEBUG:[mqtt-exporter]:Serial: temp_c=32.00
DEBUG:[mqtt-exporter]:Serial: temp_F=89.60
INFO:[mqtt-exporter]:[Topic: temp_c] b'32.0'
INFO:[mqtt-exporter]:[Topic: temp_F] b'89.6'
DEBUG:[mqtt-exporter]:Serial: temp_c=32.00
INFO:[mqtt-exporter]:[Topic: temp_c] b'32.0'
DEBUG:[mqtt-exporter]:Serial: temp_F=89.60
INFO:[mqtt-exporter]:[Topic: temp_F] b'89.6'
DEBUG:[mqtt-exporter]:Serial: temp_c=32.00
INFO:[mqtt-exporter]:[Topic: temp_c] b'32.0'
DEBUG:[mqtt-exporter]:Serial: temp_F=89.60
INFO:[mqtt-exporter]:[Topic: temp_F] b'89.6'
DEBUG:[mqtt-exporter]:Serial: temp_c=31.50
INFO:[mqtt-exporter]:[Topic: temp_c] b'31.5'
DEBUG:[mqtt-exporter]:Serial: temp_F=88.70
INFO:[mqtt-exporter]:[Topic: temp_F] b'88.7'
DEBUG:[mqtt-exporter]:Serial: temp_c=32.00
INFO:[mqtt-exporter]:[Topic: temp_c] b'32.0'
DEBUG:[mqtt-exporter]:Serial: temp_F=89.60
INFO:[mqtt-exporter]:[Topic: temp_F] b'89.6'
DEBUG:[mqtt-exporter]:Serial: temp_c=32.00
INFO:[mqtt-exporter]:[Topic: temp_c] b'32.0'
DEBUG:[mqtt-exporter]:Serial: temp_F=89.60
INFO:[mqtt-exporter]:[Topic: temp_F] b'89.6'
DEBUG:[mqtt-exporter]:Serial: temp_c=32.00
DEBUG:[mqtt-exporter]:Serial: temp_F=89.60
INFO:[mqtt-exporter]:[Topic: temp_c] b'32.0'
INFO:[mqtt-exporter]:[Topic: temp_F] b'89.6'
DEBUG:[mqtt-exporter]:Serial: temp_c=32.00
INFO:[mqtt-exporter]:[Topic: temp_c] b'32.0'
DEBUG:[mqtt-exporter]:Serial: temp_F=89.60
INFO:[mqtt-exporter]:[Topic: temp_F] b'89.6'
DEBUG:[mqtt-exporter]:Serial: temp_c=32.00
INFO:[mqtt-exporter]:[Topic: temp_c] b'32.0'
DEBUG:[mqtt-exporter]:Serial: temp_F=89.60
INFO:[mqtt-exporter]:[Topic: temp_F] b'89.6'
DEBUG:[mqtt-exporter]:Serial: temp_c=32.00
DEBUG:[mqtt-exporter]:Serial: temp_F=89.60
INFO:[mqtt-exporter]:[Topic: temp_c] b'32.0'
INFO:[mqtt-exporter]:[Topic: temp_F] b'89.6'
DEBUG:[mqtt-exporter]:Serial: temp_c=32.00
INFO:[mqtt-exporter]:[Topic: temp_c] b'32.0'
DEBUG:[mqtt-exporter]:Serial: temp_F=89.60
INFO:[mqtt-exporter]:[Topic: temp_F] b'89.6'
DEBUG:[mqtt-exporter]:Serial: temp_c=32.00
INFO:[mqtt-exporter]:[Topic: temp_c] b'32.0'
DEBUG:[mqtt-exporter]:Serial: temp_F=89.60
INFO:[mqtt-exporter]:[Topic: temp_F] b'89.6'
DEBUG:[mqtt-exporter]:Serial: temp_c=32.00
INFO:[mqtt-exporter]:[Topic: temp_c] b'32.0'
DEBUG:[mqtt-exporter]:Serial: temp_F=89.60
INFO:[mqtt-exporter]:[Topic: temp_F] b'89.6'
DEBUG:[mqtt-exporter]:Serial: temp_c=32.00
DEBUG:[mqtt-exporter]:Serial: temp_F=89.60
INFO:[mqtt-exporter]:[Topic: temp_c] b'32.0'
INFO:[mqtt-exporter]:[Topic: temp_F] b'89.6'
DEBUG:[mqtt-exporter]:Serial: temp_c=32.00
DEBUG:[mqtt-exporter]:Serial: temp_F=89.60
INFO:[mqtt-exporter]:[Topic: temp_c] b'32.0'
INFO:[mqtt-exporter]:[Topic: temp_F] b'89.6'
DEBUG:[mqtt-exporter]:Serial: temp_c=32.00
INFO:[mqtt-exporter]:[Topic: temp_c] b'32.0'
DEBUG:[mqtt-exporter]:Serial: temp_F=89.60
INFO:[mqtt-exporter]:[Topic: temp_F] b'89.6'
DEBUG:[mqtt-exporter]:Serial: temp_c=32.00
INFO:[mqtt-exporter]:[Topic: temp_c] b'32.0'
DEBUG:[mqtt-exporter]:Serial: temp_F=89.60
INFO:[mqtt-exporter]:[Topic: temp_F] b'89.6'
DEBUG:[mqtt-exporter]:Serial: temp_c=32.00
INFO:[mqtt-exporter]:[Topic: temp_c] b'32.0'
DEBUG:[mqtt-exporter]:Serial: temp_F=89.60
INFO:[mqtt-exporter]:[Topic: temp_F] b'89.6'
DEBUG:[mqtt-exporter]:Serial: temp_c=32.00
INFO:[mqtt-exporter]:[Topic: temp_c] b'32.0'
DEBUG:[mqtt-exporter]:Serial: temp_F=89.60
INFO:[mqtt-exporter]:[Topic: temp_F] b'89.6'
DEBUG:[mqtt-exporter]:Serial: temp_c=32.00
INFO:[mqtt-exporter]:[Topic: temp_c] b'32.0'
DEBUG:[mqtt-exporter]:Serial: temp_F=89.60
INFO:[mqtt-exporter]:[Topic: temp_F] b'89.6'
DEBUG:[mqtt-exporter]:Serial: temp_c=32.00
INFO:[mqtt-exporter]:[Topic: temp_c] b'32.0'
DEBUG:[mqtt-exporter]:Serial: temp_F=89.60
INFO:[mqtt-exporter]:[Topic: temp_F] b'89.6'
DEBUG:[mqtt-exporter]:Serial: temp_c=32.00
INFO:[mqtt-exporter]:[Topic: temp_c] b'32.0'
DEBUG:[mqtt-exporter]:Serial: temp_F=89.60
INFO:[mqtt-exporter]:[Topic: temp_F] b'89.6'
DEBUG:[mqtt-exporter]:Serial: temp_c=32.00
INFO:[mqtt-exporter]:[Topic: temp_c] b'32.0'
DEBUG:[mqtt-exporter]:Serial: temp_F=89.60
INFO:[mqtt-exporter]:[Topic: temp_F] b'89.6'
DEBUG:[mqtt-exporter]:Serial: temp_c=32.00
INFO:[mqtt-exporter]:[Topic: temp_c] b'32.0'
DEBUG:[mqtt-exporter]:Serial: temp_F=89.60
INFO:[mqtt-exporter]:[Topic: temp_F] b'89.6'
DEBUG:[mqtt-exporter]:Serial: temp_c=32.00
INFO:[mqtt-exporter]:[Topic: temp_c] b'32.0'
DEBUG:[mqtt-exporter]:Serial: temp_F=89.60
INFO:[mqtt-exporter]:[Topic: temp_F] b'89.6'
DEBUG:[mqtt-exporter]:Serial: temp_c=32.00
INFO:[mqtt-exporter]:[Topic: temp_c] b'32.0'
DEBUG:[mqtt-exporter]:Serial: temp_F=89.60
INFO:[mqtt-exporter]:[Topic: temp_F] b'89.6'
DEBUG:[mqtt-exporter]:Serial: temp_c=32.00
INFO:[mqtt-exporter]:[Topic: temp_c] b'32.0'
DEBUG:[mqtt-exporter]:Serial: temp_F=89.60
INFO:[mqtt-exporter]:[Topic: temp_F] b'89.6'
DEBUG:[mqtt-exporter]:Serial: temp_c=32.00
INFO:[mqtt-exporter]:[Topic: temp_c] b'32.0'
DEBUG:[mqtt-exporter]:Serial: temp_F=89.60
INFO:[mqtt-exporter]:[Topic: temp_F] b'89.6'
DEBUG:[mqtt-exporter]:Serial: temp_c=32.25
INFO:[mqtt-exporter]:[Topic: temp_c] b'32.25'
DEBUG:[mqtt-exporter]:Serial: temp_F=90.05
INFO:[mqtt-exporter]:[Topic: temp_F] b'90.05'
DEBUG:[mqtt-exporter]:Serial: temp_c=32.00
INFO:[mqtt-exporter]:[Topic: temp_c] b'32.0'
DEBUG:[mqtt-exporter]:Serial: temp_F=89.60
INFO:[mqtt-exporter]:[Topic: temp_F] b'89.6'
DEBUG:[mqtt-exporter]:Serial: temp_c=32.00
INFO:[mqtt-exporter]:[Topic: temp_c] b'32.0'
DEBUG:[mqtt-exporter]:Serial: temp_F=89.60
INFO:[mqtt-exporter]:[Topic: temp_F] b'89.6'
DEBUG:[mqtt-exporter]:Serial: temp_c=32.00
INFO:[mqtt-exporter]:[Topic: temp_c] b'32.0'
DEBUG:[mqtt-exporter]:Serial: temp_F=89.60
INFO:[mqtt-exporter]:[Topic: temp_F] b'89.6'
DEBUG:[mqtt-exporter]:Serial: temp_c=32.00
INFO:[mqtt-exporter]:[Topic: temp_c] b'32.0'
DEBUG:[mqtt-exporter]:Serial: temp_F=89.60
INFO:[mqtt-exporter]:[Topic: temp_F] b'89.6'
DEBUG:[mqtt-exporter]:Serial: temp_c=32.00
INFO:[mqtt-exporter]:[Topic: temp_c] b'32.0'
DEBUG:[mqtt-exporter]:Serial: temp_F=89.60
INFO:[mqtt-exporter]:[Topic: temp_F] b'89.6'
DEBUG:[mqtt-exporter]:Serial: temp_c=32.25
INFO:[mqtt-exporter]:[Topic: temp_c] b'32.25'
DEBUG:[mqtt-exporter]:Serial: temp_F=90.05
INFO:[mqtt-exporter]:[Topic: temp_F] b'90.05'
DEBUG:[mqtt-exporter]:Serial: temp_c=32.00
INFO:[mqtt-exporter]:[Topic: temp_c] b'32.0'
DEBUG:[mqtt-exporter]:Serial: temp_F=89.60
INFO:[mqtt-exporter]:[Topic: temp_F] b'89.6'
DEBUG:[mqtt-exporter]:Serial: temp_c=32.00
INFO:[mqtt-exporter]:[Topic: temp_c] b'32.0'
DEBUG:[mqtt-exporter]:Serial: temp_F=89.60
INFO:[mqtt-exporter]:[Topic: temp_F] b'89.6'
DEBUG:[mqtt-exporter]:Serial: temp_c=32.00
INFO:[mqtt-exporter]:[Topic: temp_c] b'32.0'
DEBUG:[mqtt-exporter]:Serial: temp_F=89.60
INFO:[mqtt-exporter]:[Topic: temp_F] b'89.6'
DEBUG:[mqtt-exporter]:Serial: temp_c=32.00
INFO:[mqtt-exporter]:[Topic: temp_c] b'32.0'
DEBUG:[mqtt-exporter]:Serial: temp_F=89.60
INFO:[mqtt-exporter]:[Topic: temp_F] b'89.6'
DEBUG:[mqtt-exporter]:Serial: temp_c=32.00
INFO:[mqtt-exporter]:[Topic: temp_c] b'32.0'
DEBUG:[mqtt-exporter]:Serial: temp_F=89.60
INFO:[mqtt-exporter]:[Topic: temp_F] b'89.6'
DEBUG:[mqtt-exporter]:Serial: temp_c=32.25
DEBUG:[mqtt-exporter]:Serial: temp_F=90.05
INFO:[mqtt-exporter]:[Topic: temp_c] b'32.25'
INFO:[mqtt-exporter]:[Topic: temp_F] b'90.05'
DEBUG:[mqtt-exporter]:Serial: temp_c=32.25
DEBUG:[mqtt-exporter]:Serial: temp_F=90.05
INFO:[mqtt-exporter]:[Topic: temp_c] b'32.25'
INFO:[mqtt-exporter]:[Topic: temp_F] b'90.05'
DEBUG:[mqtt-exporter]:Serial: temp_c=32.25
INFO:[mqtt-exporter]:[Topic: temp_c] b'32.25'
DEBUG:[mqtt-exporter]:Serial: temp_F=90.05
INFO:[mqtt-exporter]:[Topic: temp_F] b'90.05'
DEBUG:[mqtt-exporter]:Serial: temp_c=32.25
INFO:[mqtt-exporter]:[Topic: temp_c] b'32.25'
DEBUG:[mqtt-exporter]:Serial: temp_F=90.05
INFO:[mqtt-exporter]:[Topic: temp_F] b'90.05'
DEBUG:[mqtt-exporter]:Serial: temp_c=32.00
DEBUG:[mqtt-exporter]:Serial: temp_F=89.60
INFO:[mqtt-exporter]:[Topic: temp_c] b'32.0'
INFO:[mqtt-exporter]:[Topic: temp_F] b'89.6'
DEBUG:[mqtt-exporter]:Serial: temp_c=32.25
INFO:[mqtt-exporter]:[Topic: temp_c] b'32.25'
DEBUG:[mqtt-exporter]:Serial: temp_F=90.05
INFO:[mqtt-exporter]:[Topic: temp_F] b'90.05'
DEBUG:[mqtt-exporter]:Serial: temp_c=32.25
INFO:[mqtt-exporter]:[Topic: temp_c] b'32.25'
DEBUG:[mqtt-exporter]:Serial: temp_F=90.05
INFO:[mqtt-exporter]:[Topic: temp_F] b'90.05'
DEBUG:[mqtt-exporter]:Serial: temp_c=32.25
INFO:[mqtt-exporter]:[Topic: temp_c] b'32.25'
DEBUG:[mqtt-exporter]:Serial: temp_F=90.05
INFO:[mqtt-exporter]:[Topic: temp_F] b'90.05'
DEBUG:[mqtt-exporter]:Serial: temp_c=32.00
INFO:[mqtt-exporter]:[Topic: temp_c] b'32.0'
DEBUG:[mqtt-exporter]:Serial: temp_F=89.60
INFO:[mqtt-exporter]:[Topic: temp_F] b'89.6'
DEBUG:[mqtt-exporter]:Serial: temp_c=32.25
INFO:[mqtt-exporter]:[Topic: temp_c] b'32.25'
DEBUG:[mqtt-exporter]:Serial: temp_F=90.05
INFO:[mqtt-exporter]:[Topic: temp_F] b'90.05'
DEBUG:[mqtt-exporter]:Serial: temp_c=32.00
INFO:[mqtt-exporter]:[Topic: temp_c] b'32.0'
DEBUG:[mqtt-exporter]:Serial: temp_F=89.60
INFO:[mqtt-exporter]:[Topic: temp_F] b'89.6'
DEBUG:[mqtt-exporter]:Serial: temp_c=32.25
INFO:[mqtt-exporter]:[Topic: temp_c] b'32.25'
DEBUG:[mqtt-exporter]:Serial: temp_F=90.05
INFO:[mqtt-exporter]:[Topic: temp_F] b'90.05'
DEBUG:[mqtt-exporter]:Serial: temp_c=32.00
INFO:[mqtt-exporter]:[Topic: temp_c] b'32.0'
DEBUG:[mqtt-exporter]:Serial: temp_F=89.60
INFO:[mqtt-exporter]:[Topic: temp_F] b'89.6'
DEBUG:[mqtt-exporter]:Serial: temp_c=32.25
INFO:[mqtt-exporter]:[Topic: temp_c] b'32.25'
DEBUG:[mqtt-exporter]:Serial: temp_F=90.05
INFO:[mqtt-exporter]:[Topic: temp_F] b'90.05'
DEBUG:[mqtt-exporter]:Serial: temp_c=32.25
DEBUG:[mqtt-exporter]:Serial: temp_F=90.05
INFO:[mqtt-exporter]:[Topic: temp_c] b'32.25'
INFO:[mqtt-exporter]:[Topic: temp_F] b'90.05'
DEBUG:[mqtt-exporter]:Serial: temp_c=32.25
INFO:[mqtt-exporter]:[Topic: temp_c] b'32.25'
DEBUG:[mqtt-exporter]:Serial: temp_F=90.05
INFO:[mqtt-exporter]:[Topic: temp_F] b'90.05'
DEBUG:[mqtt-exporter]:Serial: temp_c=32.25
INFO:[mqtt-exporter]:[Topic: temp_c] b'32.25'
DEBUG:[mqtt-exporter]:Serial: temp_F=90.05
INFO:[mqtt-exporter]:[Topic: temp_F] b'90.05'
DEBUG:[mqtt-exporter]:Serial: temp_c=32.00
DEBUG:[mqtt-exporter]:Serial: temp_F=89.60
INFO:[mqtt-exporter]:[Topic: temp_c] b'32.0'
INFO:[mqtt-exporter]:[Topic: temp_F] b'89.6'
DEBUG:[mqtt-exporter]:Serial: temp_c=32.25
INFO:[mqtt-exporter]:[Topic: temp_c] b'32.25'
DEBUG:[mqtt-exporter]:Serial: temp_F=90.05
INFO:[mqtt-exporter]:[Topic: temp_F] b'90.05'
DEBUG:[mqtt-exporter]:Serial: temp_c=32.00
INFO:[mqtt-exporter]:[Topic: temp_c] b'32.0'
DEBUG:[mqtt-exporter]:Serial: temp_F=89.60
INFO:[mqtt-exporter]:[Topic: temp_F] b'89.6'
DEBUG:[mqtt-exporter]:Serial: temp_c=32.25
INFO:[mqtt-exporter]:[Topic: temp_c] b'32.25'
DEBUG:[mqtt-exporter]:Serial: temp_F=90.05
INFO:[mqtt-exporter]:[Topic: temp_F] b'90.05'
DEBUG:[mqtt-exporter]:Serial: temp_c=32.00
DEBUG:[mqtt-exporter]:Serial: temp_F=89.60
INFO:[mqtt-exporter]:[Topic: temp_c] b'32.0'
INFO:[mqtt-exporter]:[Topic: temp_F] b'89.6'
DEBUG:[mqtt-exporter]:Serial: temp_c=32.25
INFO:[mqtt-exporter]:[Topic: temp_c] b'32.25'
DEBUG:[mqtt-exporter]:Serial: temp_F=90.05
INFO:[mqtt-exporter]:[Topic: temp_F] b'90.05'
DEBUG:[mqtt-exporter]:Serial: temp_c=32.25
INFO:[mqtt-exporter]:[Topic: temp_c] b'32.25'
DEBUG:[mqtt-exporter]:Serial: temp_F=90.05
INFO:[mqtt-exporter]:[Topic: temp_F] b'90.05'
DEBUG:[mqtt-exporter]:Serial: temp_c=32.25
INFO:[mqtt-exporter]:[Topic: temp_c] b'32.25'
DEBUG:[mqtt-exporter]:Serial: temp_F=90.05
INFO:[mqtt-exporter]:[Topic: temp_F] b'90.05'
DEBUG:[mqtt-exporter]:Serial: temp_c=32.25
INFO:[mqtt-exporter]:[Topic: temp_c] b'32.25'
DEBUG:[mqtt-exporter]:Serial: temp_F=90.05
INFO:[mqtt-exporter]:[Topic: temp_F] b'90.05'
DEBUG:[mqtt-exporter]:Serial: temp_c=32.25
INFO:[mqtt-exporter]:[Topic: temp_c] b'32.25'
DEBUG:[mqtt-exporter]:Serial: temp_F=90.05
INFO:[mqtt-exporter]:[Topic: temp_F] b'90.05'
DEBUG:[mqtt-exporter]:Serial: temp_c=32.00
INFO:[mqtt-exporter]:[Topic: temp_c] b'32.0'
DEBUG:[mqtt-exporter]:Serial: temp_F=89.60
INFO:[mqtt-exporter]:[Topic: temp_F] b'89.6'
DEBUG:[mqtt-exporter]:Serial: temp_c=32.00
DEBUG:[mqtt-exporter]:Serial: temp_F=89.60
INFO:[mqtt-exporter]:[Topic: temp_c] b'32.0'
INFO:[mqtt-exporter]:[Topic: temp_F] b'89.6'
DEBUG:[mqtt-exporter]:Serial: temp_c=32.00
INFO:[mqtt-exporter]:[Topic: temp_c] b'32.0'
DEBUG:[mqtt-exporter]:Serial: temp_F=89.60
INFO:[mqtt-exporter]:[Topic: temp_F] b'89.6'
DEBUG:[mqtt-exporter]:Serial: temp_c=32.00
DEBUG:[mqtt-exporter]:Serial: temp_F=89.60
INFO:[mqtt-exporter]:[Topic: temp_c] b'32.0'
INFO:[mqtt-exporter]:[Topic: temp_F] b'89.6'
DEBUG:[mqtt-exporter]:Serial: temp_c=32.00
DEBUG:[mqtt-exporter]:Serial: temp_F=89.60
INFO:[mqtt-exporter]:[Topic: temp_c] b'32.0'
INFO:[mqtt-exporter]:[Topic: temp_F] b'89.6'
DEBUG:[mqtt-exporter]:Serial: temp_c=32.00
INFO:[mqtt-exporter]:[Topic: temp_c] b'32.0'
DEBUG:[mqtt-exporter]:Serial: temp_F=89.60
INFO:[mqtt-exporter]:[Topic: temp_F] b'89.6'
DEBUG:[mqtt-exporter]:Serial: temp_c=32.00
INFO:[mqtt-exporter]:[Topic: temp_c] b'32.0'
DEBUG:[mqtt-exporter]:Serial: temp_F=89.60
INFO:[mqtt-exporter]:[Topic: temp_F] b'89.6'
DEBUG:[mqtt-exporter]:Serial: temp_c=32.00
DEBUG:[mqtt-exporter]:Serial: temp_F=89.60
INFO:[mqtt-exporter]:[Topic: temp_c] b'32.0'
INFO:[mqtt-exporter]:[Topic: temp_F] b'89.6'
DEBUG:[mqtt-exporter]:Serial: temp_c=32.00
INFO:[mqtt-exporter]:[Topic: temp_c] b'32.0'
DEBUG:[mqtt-exporter]:Serial: temp_F=89.60
INFO:[mqtt-exporter]:[Topic: temp_F] b'89.6'
DEBUG:[mqtt-exporter]:Serial: temp_c=32.00
DEBUG:[mqtt-exporter]:Serial: temp_F=89.60
INFO:[mqtt-exporter]:[Topic: temp_c] b'32.0'
INFO:[mqtt-exporter]:[Topic: temp_F] b'89.6'
DEBUG:[mqtt-exporter]:Serial: temp_c=32.00
DEBUG:[mqtt-exporter]:Serial: temp_F=89.60
INFO:[mqtt-exporter]:[Topic: temp_c] b'32.0'
INFO:[mqtt-exporter]:[Topic: temp_F] b'89.6'
DEBUG:[mqtt-exporter]:Serial: temp_c=32.00
INFO:[mqtt-exporter]:[Topic: temp_c] b'32.0'
DEBUG:[mqtt-exporter]:Serial: temp_F=89.60
INFO:[mqtt-exporter]:[Topic: temp_F] b'89.6'
DEBUG:[mqtt-exporter]:Serial: temp_c=32.00
INFO:[mqtt-exporter]:[Topic: temp_c] b'32.0'
DEBUG:[mqtt-exporter]:Serial: temp_F=89.60
INFO:[mqtt-exporter]:[Topic: temp_F] b'89.6'
DEBUG:[mqtt-exporter]:Serial: temp_c=32.00
INFO:[mqtt-exporter]:[Topic: temp_c] b'32.0'
DEBUG:[mqtt-exporter]:Serial: temp_F=89.60
INFO:[mqtt-exporter]:[Topic: temp_F] b'89.6'
DEBUG:[mqtt-exporter]:Serial: temp_c=32.00
INFO:[mqtt-exporter]:[Topic: temp_c] b'32.0'
DEBUG:[mqtt-exporter]:Serial: temp_F=89.60
INFO:[mqtt-exporter]:[Topic: temp_F] b'89.6'
DEBUG:[mqtt-exporter]:Serial: temp_c=32.00
INFO:[mqtt-exporter]:[Topic: temp_c] b'32.0'
DEBUG:[mqtt-exporter]:Serial: temp_F=89.60
INFO:[mqtt-exporter]:[Topic: temp_F] b'89.6'
DEBUG:[mqtt-exporter]:Serial: temp_c=32.00
INFO:[mqtt-exporter]:[Topic: temp_c] b'32.0'
DEBUG:[mqtt-exporter]:Serial: temp_F=89.60
INFO:[mqtt-exporter]:[Topic: temp_F] b'89.6'
DEBUG:[mqtt-exporter]:Serial: temp_c=32.00
DEBUG:[mqtt-exporter]:Serial: temp_F=89.60
INFO:[mqtt-exporter]:[Topic: temp_c] b'32.0'
INFO:[mqtt-exporter]:[Topic: temp_F] b'89.6'
DEBUG:[mqtt-exporter]:Serial: temp_c=32.00
INFO:[mqtt-exporter]:[Topic: temp_c] b'32.0'
DEBUG:[mqtt-exporter]:Serial: temp_F=89.60
INFO:[mqtt-exporter]:[Topic: temp_F] b'89.6'
DEBUG:[mqtt-exporter]:Serial: temp_c=32.00
INFO:[mqtt-exporter]:[Topic: temp_c] b'32.0'
DEBUG:[mqtt-exporter]:Serial: temp_F=89.60
INFO:[mqtt-exporter]:[Topic: temp_F] b'89.6'
DEBUG:[mqtt-exporter]:Serial: temp_c=32.00
INFO:[mqtt-exporter]:[Topic: temp_c] b'32.0'
DEBUG:[mqtt-exporter]:Serial: temp_F=89.60
INFO:[mqtt-exporter]:[Topic: temp_F] b'89.6'
DEBUG:[mqtt-exporter]:Serial: temp_c=32.00
DEBUG:[mqtt-exporter]:Serial: temp_F=89.60
INFO:[mqtt-exporter]:[Topic: temp_c] b'32.0'
INFO:[mqtt-exporter]:[Topic: temp_F] b'89.6'
DEBUG:[mqtt-exporter]:Serial: temp_c=32.00
INFO:[mqtt-exporter]:[Topic: temp_c] b'32.0'
DEBUG:[mqtt-exporter]:Serial: temp_F=89.60
INFO:[mqtt-exporter]:[Topic: temp_F] b'89.6'
DEBUG:[mqtt-exporter]:Serial: temp_c=32.00
INFO:[mqtt-exporter]:[Topic: temp_c] b'32.0'
DEBUG:[mqtt-exporter]:Serial: temp_F=89.60
INFO:[mqtt-exporter]:[Topic: temp_F] b'89.6'
DEBUG:[mqtt-exporter]:Serial: temp_c=32.00
INFO:[mqtt-exporter]:[Topic: temp_c] b'32.0'
DEBUG:[mqtt-exporter]:Serial: temp_F=89.60
INFO:[mqtt-exporter]:[Topic: temp_F] b'89.6'
DEBUG:[mqtt-exporter]:Serial: temp_c=32.00
INFO:[mqtt-exporter]:[Topic: temp_c] b'32.0'
DEBUG:[mqtt-exporter]:Serial: temp_F=89.60
INFO:[mqtt-exporter]:[Topic: temp_F] b'89.6'
DEBUG:[mqtt-exporter]:Serial: temp_c=32.00
INFO:[mqtt-exporter]:[Topic: temp_c] b'32.0'
DEBUG:[mqtt-exporter]:Serial: temp_F=89.60
INFO:[mqtt-exporter]:[Topic: temp_F] b'89.6'
DEBUG:[mqtt-exporter]:Serial: temp_c=32.00
INFO:[mqtt-exporter]:[Topic: temp_c] b'32.0'
DEBUG:[mqtt-exporter]:Serial: temp_F=89.60
INFO:[mqtt-exporter]:[Topic: temp_F] b'89.6'
DEBUG:[mqtt-exporter]:Serial: temp_c=32.00
INFO:[mqtt-exporter]:[Topic: temp_c] b'32.0'
DEBUG:[mqtt-exporter]:Serial: temp_F=89.60
INFO:[mqtt-exporter]:[Topic: temp_F] b'89.6'
DEBUG:[mqtt-exporter]:Serial: temp_c=32.00
INFO:[mqtt-exporter]:[Topic: temp_c] b'32.0'
DEBUG:[mqtt-exporter]:Serial: temp_F=89.60
INFO:[mqtt-exporter]:[Topic: temp_F] b'89.6'
DEBUG:[mqtt-exporter]:Serial: temp_c=32.25
DEBUG:[mqtt-exporter]:Serial: temp_F=90.05
INFO:[mqtt-exporter]:[Topic: temp_c] b'32.25'
INFO:[mqtt-exporter]:[Topic: temp_F] b'90.05'
DEBUG:[mqtt-exporter]:Serial: temp_c=32.00
INFO:[mqtt-exporter]:[Topic: temp_c] b'32.0'
DEBUG:[mqtt-exporter]:Serial: temp_F=89.60
INFO:[mqtt-exporter]:[Topic: temp_F] b'89.6'
DEBUG:[mqtt-exporter]:Serial: temp_c=32.00
INFO:[mqtt-exporter]:[Topic: temp_c] b'32.0'
DEBUG:[mqtt-exporter]:Serial: temp_F=89.60
INFO:[mqtt-exporter]:[Topic: temp_F] b'89.6'
DEBUG:[mqtt-exporter]:Serial: temp_c=32.00
INFO:[mqtt-exporter]:[Topic: temp_c] b'32.0'
DEBUG:[mqtt-exporter]:Serial: temp_F=89.60
INFO:[mqtt-exporter]:[Topic: temp_F] b'89.6'
DEBUG:[mqtt-exporter]:Serial: temp_c=32.00
INFO:[mqtt-exporter]:[Topic: temp_c] b'32.0'
DEBUG:[mqtt-exporter]:Serial: temp_F=89.60
INFO:[mqtt-exporter]:[Topic: temp_F] b'89.6'
DEBUG:[mqtt-exporter]:Serial: temp_c=32.00
INFO:[mqtt-exporter]:[Topic: temp_c] b'32.0'
DEBUG:[mqtt-exporter]:Serial: temp_F=89.60
INFO:[mqtt-exporter]:[Topic: temp_F] b'89.6'
DEBUG:[mqtt-exporter]:Serial: temp_c=32.00
INFO:[mqtt-exporter]:[Topic: temp_c] b'32.0'
DEBUG:[mqtt-exporter]:Serial: temp_F=89.60
INFO:[mqtt-exporter]:[Topic: temp_F] b'89.6'
DEBUG:[mqtt-exporter]:Serial: temp_c=32.25
INFO:[mqtt-exporter]:[Topic: temp_c] b'32.25'
DEBUG:[mqtt-exporter]:Serial: temp_F=90.05
INFO:[mqtt-exporter]:[Topic: temp_F] b'90.05'
DEBUG:[mqtt-exporter]:Serial: temp_c=32.00
DEBUG:[mqtt-exporter]:Serial: temp_F=89.60
INFO:[mqtt-exporter]:[Topic: temp_c] b'32.0'
INFO:[mqtt-exporter]:[Topic: temp_F] b'89.6'
DEBUG:[mqtt-exporter]:Serial: temp_c=32.25
INFO:[mqtt-exporter]:[Topic: temp_c] b'32.25'
DEBUG:[mqtt-exporter]:Serial: temp_F=90.05
INFO:[mqtt-exporter]:[Topic: temp_F] b'90.05'
DEBUG:[mqtt-exporter]:Serial: temp_c=32.25
DEBUG:[mqtt-exporter]:Serial: temp_F=90.05
INFO:[mqtt-exporter]:[Topic: temp_c] b'32.25'
INFO:[mqtt-exporter]:[Topic: temp_F] b'90.05'
DEBUG:[mqtt-exporter]:Serial: temp_c=32.25
DEBUG:[mqtt-exporter]:Serial: temp_F=90.05
INFO:[mqtt-exporter]:[Topic: temp_c] b'32.25'
INFO:[mqtt-exporter]:[Topic: temp_F] b'90.05'
DEBUG:[mqtt-exporter]:Serial: temp_c=32.00
INFO:[mqtt-exporter]:[Topic: temp_c] b'32.0'
DEBUG:[mqtt-exporter]:Serial: temp_F=89.60
INFO:[mqtt-exporter]:[Topic: temp_F] b'89.6'
DEBUG:[mqtt-exporter]:Serial: temp_c=32.00
INFO:[mqtt-exporter]:[Topic: temp_c] b'32.0'
DEBUG:[mqtt-exporter]:Serial: temp_F=89.60
INFO:[mqtt-exporter]:[Topic: temp_F] b'89.6'
DEBUG:[mqtt-exporter]:Serial: temp_c=32.25
INFO:[mqtt-exporter]:[Topic: temp_c] b'32.25'
DEBUG:[mqtt-exporter]:Serial: temp_F=90.05
INFO:[mqtt-exporter]:[Topic: temp_F] b'90.05'
DEBUG:[mqtt-exporter]:Serial: temp_c=32.25
DEBUG:[mqtt-exporter]:Serial: temp_F=90.05
INFO:[mqtt-exporter]:[Topic: temp_c] b'32.25'
INFO:[mqtt-exporter]:[Topic: temp_F] b'90.05'
DEBUG:[mqtt-exporter]:Serial: temp_c=32.00
INFO:[mqtt-exporter]:[Topic: temp_c] b'32.0'
DEBUG:[mqtt-exporter]:Serial: temp_F=89.60
INFO:[mqtt-exporter]:[Topic: temp_F] b'89.6'
DEBUG:[mqtt-exporter]:Serial: temp_c=32.00
DEBUG:[mqtt-exporter]:Serial: temp_F=89.60
INFO:[mqtt-exporter]:[Topic: temp_c] b'32.0'
INFO:[mqtt-exporter]:[Topic: temp_F] b'89.6'
DEBUG:[mqtt-exporter]:Serial: temp_c=32.25
INFO:[mqtt-exporter]:[Topic: temp_c] b'32.25'
DEBUG:[mqtt-exporter]:Serial: temp_F=90.05
INFO:[mqtt-exporter]:[Topic: temp_F] b'90.05'
DEBUG:[mqtt-exporter]:Serial: temp_c=32.00
INFO:[mqtt-exporter]:[Topic: temp_c] b'32.0'
DEBUG:[mqtt-exporter]:Serial: temp_F=89.60
INFO:[mqtt-exporter]:[Topic: temp_F] b'89.6'
DEBUG:[mqtt-exporter]:Serial: temp_c=32.25
INFO:[mqtt-exporter]:[Topic: temp_c] b'32.25'
DEBUG:[mqtt-exporter]:Serial: temp_F=90.05
INFO:[mqtt-exporter]:[Topic: temp_F] b'90.05'
DEBUG:[mqtt-exporter]:Serial: temp_c=32.25
DEBUG:[mqtt-exporter]:Serial: temp_F=90.05
INFO:[mqtt-exporter]:[Topic: temp_c] b'32.25'
INFO:[mqtt-exporter]:[Topic: temp_F] b'90.05'
DEBUG:[mqtt-exporter]:Serial: temp_c=32.25
INFO:[mqtt-exporter]:[Topic: temp_c] b'32.25'
DEBUG:[mqtt-exporter]:Serial: temp_F=90.05
INFO:[mqtt-exporter]:[Topic: temp_F] b'90.05'
DEBUG:[mqtt-exporter]:Serial: temp_c=32.25
INFO:[mqtt-exporter]:[Topic: temp_c] b'32.25'
DEBUG:[mqtt-exporter]:Serial: temp_F=90.05
INFO:[mqtt-exporter]:[Topic: temp_F] b'90.05'
DEBUG:[mqtt-exporter]:Serial: temp_c=32.25
INFO:[mqtt-exporter]:[Topic: temp_c] b'32.25'
DEBUG:[mqtt-exporter]:Serial: temp_F=90.05
INFO:[mqtt-exporter]:[Topic: temp_F] b'90.05'
DEBUG:[mqtt-exporter]:Serial: temp_c=32.25
INFO:[mqtt-exporter]:[Topic: temp_c] b'32.25'
DEBUG:[mqtt-exporter]:Serial: temp_F=90.05
INFO:[mqtt-exporter]:[Topic: temp_F] b'90.05'
DEBUG:[mqtt-exporter]:Serial: temp_c=32.25
INFO:[mqtt-exporter]:[Topic: temp_c] b'32.25'
DEBUG:[mqtt-exporter]:Serial: temp_F=90.05
INFO:[mqtt-exporter]:[Topic: temp_F] b'90.05'
DEBUG:[mqtt-exporter]:Serial: temp_c=32.25
INFO:[mqtt-exporter]:[Topic: temp_c] b'32.25'
DEBUG:[mqtt-exporter]:Serial: temp_F=90.05
INFO:[mqtt-exporter]:[Topic: temp_F] b'90.05'
DEBUG:[mqtt-exporter]:Serial: temp_c=32.25
INFO:[mqtt-exporter]:[Topic: temp_c] b'32.25'
DEBUG:[mqtt-exporter]:Serial: temp_F=90.05
INFO:[mqtt-exporter]:[Topic: temp_F] b'90.05'
DEBUG:[mqtt-exporter]:Serial: temp_c=32.25
INFO:[mqtt-exporter]:[Topic: temp_c] b'32.25'
DEBUG:[mqtt-exporter]:Serial: temp_F=90.05
INFO:[mqtt-exporter]:[Topic: temp_F] b'90.05'
DEBUG:[mqtt-exporter]:Serial: temp_c=32.25
INFO:[mqtt-exporter]:[Topic: temp_c] b'32.25'
DEBUG:[mqtt-exporter]:Serial: temp_F=90.05
INFO:[mqtt-exporter]:[Topic: temp_F] b'90.05'
DEBUG:[mqtt-exporter]:Serial: temp_c=32.25
INFO:[mqtt-exporter]:[Topic: temp_c] b'32.25'
DEBUG:[mqtt-exporter]:Serial: temp_F=90.05
INFO:[mqtt-exporter]:[Topic: temp_F] b'90.05'
DEBUG:[mqtt-exporter]:Serial: temp_c=32.25
INFO:[mqtt-exporter]:[Topic: temp_c] b'32.25'
DEBUG:[mqtt-exporter]:Serial: temp_F=90.05
INFO:[mqtt-exporter]:[Topic: temp_F] b'90.05'
DEBUG:[mqtt-exporter]:Serial: temp_c=32.25
INFO:[mqtt-exporter]:[Topic: temp_c] b'32.25'
DEBUG:[mqtt-exporter]:Serial: temp_F=90.05
INFO:[mqtt-exporter]:[Topic: temp_F] b'90.05'
DEBUG:[mqtt-exporter]:Serial: temp_c=32.25
DEBUG:[mqtt-exporter]:Serial: temp_F=90.05
INFO:[mqtt-exporter]:[Topic: temp_c] b'32.25'
INFO:[mqtt-exporter]:[Topic: temp_F] b'90.05'
DEBUG:[mqtt-exporter]:Serial: temp_c=32.25
INFO:[mqtt-exporter]:[Topic: temp_c] b'32.25'
DEBUG:[mqtt-exporter]:Serial: temp_F=90.05
INFO:[mqtt-exporter]:[Topic: temp_F] b'90.05'
DEBUG:[mqtt-exporter]:Serial: temp_c=32.25
INFO:[mqtt-exporter]:[Topic: temp_c] b'32.25'
DEBUG:[mqtt-exporter]:Serial: temp_F=90.05
INFO:[mqtt-exporter]:[Topic: temp_F] b'90.05'
DEBUG:[mqtt-exporter]:Serial: temp_c=32.25
INFO:[mqtt-exporter]:[Topic: temp_c] b'32.25'
DEBUG:[mqtt-exporter]:Serial: temp_F=90.05
INFO:[mqtt-exporter]:[Topic: temp_F] b'90.05'
DEBUG:[mqtt-exporter]:Serial: temp_c=32.25
INFO:[mqtt-exporter]:[Topic: temp_c] b'32.25'
DEBUG:[mqtt-exporter]:Serial: temp_F=90.05
INFO:[mqtt-exporter]:[Topic: temp_F] b'90.05'
DEBUG:[mqtt-exporter]:Serial: temp_c=32.25
DEBUG:[mqtt-exporter]:Serial: temp_F=90.05
INFO:[mqtt-exporter]:[Topic: temp_c] b'32.25'
INFO:[mqtt-exporter]:[Topic: temp_F] b'90.05'
DEBUG:[mqtt-exporter]:Serial: temp_c=32.25
INFO:[mqtt-exporter]:[Topic: temp_c] b'32.25'
DEBUG:[mqtt-exporter]:Serial: temp_F=90.05
INFO:[mqtt-exporter]:[Topic: temp_F] b'90.05'
DEBUG:[mqtt-exporter]:Serial: temp_c=32.25
INFO:[mqtt-exporter]:[Topic: temp_c] b'32.25'
DEBUG:[mqtt-exporter]:Serial: temp_F=90.05
INFO:[mqtt-exporter]:[Topic: temp_F] b'90.05'
DEBUG:[mqtt-exporter]:Serial: temp_c=32.25
INFO:[mqtt-exporter]:[Topic: temp_c] b'32.25'
DEBUG:[mqtt-exporter]:Serial: temp_F=90.05
INFO:[mqtt-exporter]:[Topic: temp_F] b'90.05'
DEBUG:[mqtt-exporter]:Serial: temp_c=32.25
INFO:[mqtt-exporter]:[Topic: temp_c] b'32.25'
DEBUG:[mqtt-exporter]:Serial: temp_F=90.05
INFO:[mqtt-exporter]:[Topic: temp_F] b'90.05'
DEBUG:[mqtt-exporter]:Serial: temp_c=32.25
INFO:[mqtt-exporter]:[Topic: temp_c] b'32.25'
DEBUG:[mqtt-exporter]:Serial: temp_F=90.05
INFO:[mqtt-exporter]:[Topic: temp_F] b'90.05'
DEBUG:[mqtt-exporter]:Serial: temp_c=32.25
DEBUG:[mqtt-exporter]:Serial: temp_F=90.05
INFO:[mqtt-exporter]:[Topic: temp_c] b'32.25'
INFO:[mqtt-exporter]:[Topic: temp_F] b'90.05'
DEBUG:[mqtt-exporter]:Serial: temp_c=32.25
DEBUG:[mqtt-exporter]:Serial: temp_F=90.05
INFO:[mqtt-exporter]:[Topic: temp_c] b'32.25'
INFO:[mqtt-exporter]:[Topic: temp_F] b'90.05'
DEBUG:[mqtt-exporter]:Serial: temp_c=32.25
DEBUG:[mqtt-exporter]:Serial: temp_F=90.05
INFO:[mqtt-exporter]:[Topic: temp_c] b'32.25'
INFO:[mqtt-exporter]:[Topic: temp_F] b'90.05'
DEBUG:[mqtt-exporter]:Serial: temp_c=32.50
INFO:[mqtt-exporter]:[Topic: temp_c] b'32.5'
DEBUG:[mqtt-exporter]:Serial: temp_F=90.50
INFO:[mqtt-exporter]:[Topic: temp_F] b'90.5'
DEBUG:[mqtt-exporter]:Serial: temp_c=32.25
INFO:[mqtt-exporter]:[Topic: temp_c] b'32.25'
DEBUG:[mqtt-exporter]:Serial: temp_F=90.05
INFO:[mqtt-exporter]:[Topic: temp_F] b'90.05'
DEBUG:[mqtt-exporter]:Serial: temp_c=32.25
INFO:[mqtt-exporter]:[Topic: temp_c] b'32.25'
DEBUG:[mqtt-exporter]:Serial: temp_F=90.05
INFO:[mqtt-exporter]:[Topic: temp_F] b'90.05'
DEBUG:[mqtt-exporter]:Serial: temp_c=32.25
DEBUG:[mqtt-exporter]:Serial: temp_F=90.05
INFO:[mqtt-exporter]:[Topic: temp_c] b'32.25'
INFO:[mqtt-exporter]:[Topic: temp_F] b'90.05'
DEBUG:[mqtt-exporter]:Serial: temp_c=32.25
DEBUG:[mqtt-exporter]:Serial: temp_F=90.05
INFO:[mqtt-exporter]:[Topic: temp_c] b'32.25'
INFO:[mqtt-exporter]:[Topic: temp_F] b'90.05'
DEBUG:[mqtt-exporter]:Serial: temp_c=32.25
INFO:[mqtt-exporter]:[Topic: temp_c] b'32.25'
DEBUG:[mqtt-exporter]:Serial: temp_F=90.05
INFO:[mqtt-exporter]:[Topic: temp_F] b'90.05'
DEBUG:[mqtt-exporter]:Serial: temp_c=32.25
INFO:[mqtt-exporter]:[Topic: temp_c] b'32.25'
DEBUG:[mqtt-exporter]:Serial: temp_F=90.05
INFO:[mqtt-exporter]:[Topic: temp_F] b'90.05'
DEBUG:[mqtt-exporter]:Serial: temp_c=32.25
INFO:[mqtt-exporter]:[Topic: temp_c] b'32.25'
DEBUG:[mqtt-exporter]:Serial: temp_F=90.05
INFO:[mqtt-exporter]:[Topic: temp_F] b'90.05'
DEBUG:[mqtt-exporter]:Serial: temp_c=32.25
DEBUG:[mqtt-exporter]:Serial: temp_F=90.05
INFO:[mqtt-exporter]:[Topic: temp_c] b'32.25'
INFO:[mqtt-exporter]:[Topic: temp_F] b'90.05'
DEBUG:[mqtt-exporter]:Serial: temp_c=32.50
DEBUG:[mqtt-exporter]:Serial: temp_F=90.50
INFO:[mqtt-exporter]:[Topic: temp_c] b'32.5'
INFO:[mqtt-exporter]:[Topic: temp_F] b'90.5'
DEBUG:[mqtt-exporter]:Serial: temp_c=32.25
INFO:[mqtt-exporter]:[Topic: temp_c] b'32.25'
DEBUG:[mqtt-exporter]:Serial: temp_F=90.05
INFO:[mqtt-exporter]:[Topic: temp_F] b'90.05'
DEBUG:[mqtt-exporter]:Serial: temp_c=32.25
DEBUG:[mqtt-exporter]:Serial: temp_F=90.05
INFO:[mqtt-exporter]:[Topic: temp_c] b'32.25'
INFO:[mqtt-exporter]:[Topic: temp_F] b'90.05'
DEBUG:[mqtt-exporter]:Serial: temp_c=32.25
INFO:[mqtt-exporter]:[Topic: temp_c] b'32.25'
DEBUG:[mqtt-exporter]:Serial: temp_F=90.05
INFO:[mqtt-exporter]:[Topic: temp_F] b'90.05'
DEBUG:[mqtt-exporter]:Serial: temp_c=32.50
INFO:[mqtt-exporter]:[Topic: temp_c] b'32.5'
DEBUG:[mqtt-exporter]:Serial: temp_F=90.50
INFO:[mqtt-exporter]:[Topic: temp_F] b'90.5'
DEBUG:[mqtt-exporter]:Serial: temp_c=32.25
INFO:[mqtt-exporter]:[Topic: temp_c] b'32.25'
DEBUG:[mqtt-exporter]:Serial: temp_F=90.05
INFO:[mqtt-exporter]:[Topic: temp_F] b'90.05'
DEBUG:[mqtt-exporter]:Serial: temp_c=32.25
INFO:[mqtt-exporter]:[Topic: temp_c] b'32.25'
DEBUG:[mqtt-exporter]:Serial: temp_F=90.05
INFO:[mqtt-exporter]:[Topic: temp_F] b'90.05'
DEBUG:[mqtt-exporter]:Serial: temp_c=32.25
INFO:[mqtt-exporter]:[Topic: temp_c] b'32.25'
DEBUG:[mqtt-exporter]:Serial: temp_F=90.05
INFO:[mqtt-exporter]:[Topic: temp_F] b'90.05'
DEBUG:[mqtt-exporter]:Serial: temp_c=32.50
INFO:[mqtt-exporter]:[Topic: temp_c] b'32.5'
DEBUG:[mqtt-exporter]:Serial: temp_F=90.50
INFO:[mqtt-exporter]:[Topic: temp_F] b'90.5'
DEBUG:[mqtt-exporter]:Serial: temp_c=32.25
DEBUG:[mqtt-exporter]:Serial: temp_F=90.05
INFO:[mqtt-exporter]:[Topic: temp_c] b'32.25'
INFO:[mqtt-exporter]:[Topic: temp_F] b'90.05'
DEBUG:[mqtt-exporter]:Serial: temp_c=32.25
INFO:[mqtt-exporter]:[Topic: temp_c] b'32.25'
DEBUG:[mqtt-exporter]:Serial: temp_F=90.05
INFO:[mqtt-exporter]:[Topic: temp_F] b'90.05'
DEBUG:[mqtt-exporter]:Serial: temp_c=32.25
INFO:[mqtt-exporter]:[Topic: temp_c] b'32.25'
DEBUG:[mqtt-exporter]:Serial: temp_F=90.05
INFO:[mqtt-exporter]:[Topic: temp_F] b'90.05'
DEBUG:[mqtt-exporter]:Serial: temp_c=32.25
INFO:[mqtt-exporter]:[Topic: temp_c] b'32.25'
DEBUG:[mqtt-exporter]:Serial: temp_F=90.05
INFO:[mqtt-exporter]:[Topic: temp_F] b'90.05'
DEBUG:[mqtt-exporter]:Serial: temp_c=32.25
INFO:[mqtt-exporter]:[Topic: temp_c] b'32.25'
DEBUG:[mqtt-exporter]:Serial: temp_F=90.05
INFO:[mqtt-exporter]:[Topic: temp_F] b'90.05'
DEBUG:[mqtt-exporter]:Serial: temp_c=32.50
INFO:[mqtt-exporter]:[Topic: temp_c] b'32.5'
DEBUG:[mqtt-exporter]:Serial: temp_F=90.50
INFO:[mqtt-exporter]:[Topic: temp_F] b'90.5'
DEBUG:[mqtt-exporter]:Serial: temp_c=32.25
INFO:[mqtt-exporter]:[Topic: temp_c] b'32.25'
DEBUG:[mqtt-exporter]:Serial: temp_F=90.05
INFO:[mqtt-exporter]:[Topic: temp_F] b'90.05'
DEBUG:[mqtt-exporter]:Serial: temp_c=32.25
INFO:[mqtt-exporter]:[Topic: temp_c] b'32.25'
DEBUG:[mqtt-exporter]:Serial: temp_F=90.05
INFO:[mqtt-exporter]:[Topic: temp_F] b'90.05'
DEBUG:[mqtt-exporter]:Serial: temp_c=32.25
DEBUG:[mqtt-exporter]:Serial: temp_F=90.05
INFO:[mqtt-exporter]:[Topic: temp_c] b'32.25'
INFO:[mqtt-exporter]:[Topic: temp_F] b'90.05'
DEBUG:[mqtt-exporter]:Serial: temp_c=32.25
DEBUG:[mqtt-exporter]:Serial: temp_F=90.05
INFO:[mqtt-exporter]:[Topic: temp_c] b'32.25'
INFO:[mqtt-exporter]:[Topic: temp_F] b'90.05'
DEBUG:[mqtt-exporter]:Serial: temp_c=32.25
DEBUG:[mqtt-exporter]:Serial: temp_F=90.05
INFO:[mqtt-exporter]:[Topic: temp_c] b'32.25'
INFO:[mqtt-exporter]:[Topic: temp_F] b'90.05'
DEBUG:[mqtt-exporter]:Serial: temp_c=32.25
INFO:[mqtt-exporter]:[Topic: temp_c] b'32.25'
DEBUG:[mqtt-exporter]:Serial: temp_F=90.05
INFO:[mqtt-exporter]:[Topic: temp_F] b'90.05'
DEBUG:[mqtt-exporter]:Serial: temp_c=32.25
DEBUG:[mqtt-exporter]:Serial: temp_F=90.05
INFO:[mqtt-exporter]:[Topic: temp_c] b'32.25'
INFO:[mqtt-exporter]:[Topic: temp_F] b'90.05'
DEBUG:[mqtt-exporter]:Serial: temp_c=32.25
DEBUG:[mqtt-exporter]:Serial: temp_F=90.05
INFO:[mqtt-exporter]:[Topic: temp_c] b'32.25'
INFO:[mqtt-exporter]:[Topic: temp_F] b'90.05'
DEBUG:[mqtt-exporter]:Serial: temp_c=32.25
DEBUG:[mqtt-exporter]:Serial: temp_F=90.05
INFO:[mqtt-exporter]:[Topic: temp_c] b'32.25'
INFO:[mqtt-exporter]:[Topic: temp_F] b'90.05'
DEBUG:[mqtt-exporter]:Serial: temp_c=32.25
INFO:[mqtt-exporter]:[Topic: temp_c] b'32.25'
DEBUG:[mqtt-exporter]:Serial: temp_F=90.05
INFO:[mqtt-exporter]:[Topic: temp_F] b'90.05'
DEBUG:[mqtt-exporter]:Serial: temp_c=32.25
INFO:[mqtt-exporter]:[Topic: temp_c] b'32.25'
DEBUG:[mqtt-exporter]:Serial: temp_F=90.05
INFO:[mqtt-exporter]:[Topic: temp_F] b'90.05'
DEBUG:[mqtt-exporter]:Serial: temp_c=32.25
DEBUG:[mqtt-exporter]:Serial: temp_F=90.05
INFO:[mqtt-exporter]:[Topic: temp_c] b'32.25'
INFO:[mqtt-exporter]:[Topic: temp_F] b'90.05'
DEBUG:[mqtt-exporter]:Serial: temp_c=32.25
INFO:[mqtt-exporter]:[Topic: temp_c] b'32.25'
DEBUG:[mqtt-exporter]:Serial: temp_F=90.05
INFO:[mqtt-exporter]:[Topic: temp_F] b'90.05'
DEBUG:[mqtt-exporter]:Serial: temp_c=32.25
INFO:[mqtt-exporter]:[Topic: temp_c] b'32.25'
DEBUG:[mqtt-exporter]:Serial: temp_F=90.05
INFO:[mqtt-exporter]:[Topic: temp_F] b'90.05'
DEBUG:[mqtt-exporter]:Serial: temp_c=32.25
INFO:[mqtt-exporter]:[Topic: temp_c] b'32.25'
DEBUG:[mqtt-exporter]:Serial: temp_F=90.05
INFO:[mqtt-exporter]:[Topic: temp_F] b'90.05'
DEBUG:[mqtt-exporter]:Serial: temp_c=32.25
INFO:[mqtt-exporter]:[Topic: temp_c] b'32.25'
DEBUG:[mqtt-exporter]:Serial: temp_F=90.05
INFO:[mqtt-exporter]:[Topic: temp_F] b'90.05'
DEBUG:[mqtt-exporter]:Serial: temp_c=32.25
INFO:[mqtt-exporter]:[Topic: temp_c] b'32.25'
DEBUG:[mqtt-exporter]:Serial: temp_F=90.05
INFO:[mqtt-exporter]:[Topic: temp_F] b'90.05'
DEBUG:[mqtt-exporter]:Serial: temp_c=32.25
INFO:[mqtt-exporter]:[Topic: temp_c] b'32.25'
DEBUG:[mqtt-exporter]:Serial: temp_F=90.05
INFO:[mqtt-exporter]:[Topic: temp_F] b'90.05'
DEBUG:[mqtt-exporter]:Serial: temp_c=32.25
INFO:[mqtt-exporter]:[Topic: temp_c] b'32.25'
DEBUG:[mqtt-exporter]:Serial: temp_F=90.05
INFO:[mqtt-exporter]:[Topic: temp_F] b'90.05'
DEBUG:[mqtt-exporter]:Serial: temp_c=32.25
INFO:[mqtt-exporter]:[Topic: temp_c] b'32.25'
DEBUG:[mqtt-exporter]:Serial: temp_F=90.05
INFO:[mqtt-exporter]:[Topic: temp_F] b'90.05'
DEBUG:[mqtt-exporter]:Serial: temp_c=32.25
INFO:[mqtt-exporter]:[Topic: temp_c] b'32.25'
DEBUG:[mqtt-exporter]:Serial: temp_F=90.05
INFO:[mqtt-exporter]:[Topic: temp_F] b'90.05'
DEBUG:[mqtt-exporter]:Serial: temp_c=32.25
DEBUG:[mqtt-exporter]:Serial: temp_F=90.05
INFO:[mqtt-exporter]:[Topic: temp_c] b'32.25'
INFO:[mqtt-exporter]:[Topic: temp_F] b'90.05'
DEBUG:[mqtt-exporter]:Serial: temp_c=32.25
INFO:[mqtt-exporter]:[Topic: temp_c] b'32.25'
DEBUG:[mqtt-exporter]:Serial: temp_F=90.05
INFO:[mqtt-exporter]:[Topic: temp_F] b'90.05'
DEBUG:[mqtt-exporter]:Serial: temp_c=32.25
INFO:[mqtt-exporter]:[Topic: temp_c] b'32.25'
DEBUG:[mqtt-exporter]:Serial: temp_F=90.05
INFO:[mqtt-exporter]:[Topic: temp_F] b'90.05'
DEBUG:[mqtt-exporter]:Serial: temp_c=32.50
INFO:[mqtt-exporter]:[Topic: temp_c] b'32.5'
DEBUG:[mqtt-exporter]:Serial: temp_F=90.50
INFO:[mqtt-exporter]:[Topic: temp_F] b'90.5'
DEBUG:[mqtt-exporter]:Serial: temp_c=32.50
DEBUG:[mqtt-exporter]:Serial: temp_F=90.50
INFO:[mqtt-exporter]:[Topic: temp_c] b'32.5'
INFO:[mqtt-exporter]:[Topic: temp_F] b'90.5'
DEBUG:[mqtt-exporter]:Serial: temp_c=32.50
INFO:[mqtt-exporter]:[Topic: temp_c] b'32.5'
DEBUG:[mqtt-exporter]:Serial: temp_F=90.50
INFO:[mqtt-exporter]:[Topic: temp_F] b'90.5'
DEBUG:[mqtt-exporter]:Serial: temp_c=32.50
DEBUG:[mqtt-exporter]:Serial: temp_F=90.50
INFO:[mqtt-exporter]:[Topic: temp_c] b'32.5'
INFO:[mqtt-exporter]:[Topic: temp_F] b'90.5'
DEBUG:[mqtt-exporter]:Serial: temp_c=32.25
INFO:[mqtt-exporter]:[Topic: temp_c] b'32.25'
DEBUG:[mqtt-exporter]:Serial: temp_F=90.05
INFO:[mqtt-exporter]:[Topic: temp_F] b'90.05'
DEBUG:[mqtt-exporter]:Serial: temp_c=32.25
DEBUG:[mqtt-exporter]:Serial: temp_F=90.05
INFO:[mqtt-exporter]:[Topic: temp_c] b'32.25'
INFO:[mqtt-exporter]:[Topic: temp_F] b'90.05'
DEBUG:[mqtt-exporter]:Serial: temp_c=32.25
DEBUG:[mqtt-exporter]:Serial: temp_F=90.05
INFO:[mqtt-exporter]:[Topic: temp_c] b'32.25'
INFO:[mqtt-exporter]:[Topic: temp_F] b'90.05'
DEBUG:[mqtt-exporter]:Serial: temp_c=32.25
DEBUG:[mqtt-exporter]:Serial: temp_F=90.05
INFO:[mqtt-exporter]:[Topic: temp_c] b'32.25'
INFO:[mqtt-exporter]:[Topic: temp_F] b'90.05'
DEBUG:[mqtt-exporter]:Serial: temp_c=32.25
INFO:[mqtt-exporter]:[Topic: temp_c] b'32.25'
DEBUG:[mqtt-exporter]:Serial: temp_F=90.05
INFO:[mqtt-exporter]:[Topic: temp_F] b'90.05'
DEBUG:[mqtt-exporter]:Serial: temp_c=32.50
DEBUG:[mqtt-exporter]:Serial: temp_F=90.50
INFO:[mqtt-exporter]:[Topic: temp_c] b'32.5'
INFO:[mqtt-exporter]:[Topic: temp_F] b'90.5'
DEBUG:[mqtt-exporter]:Serial: temp_c=32.25
INFO:[mqtt-exporter]:[Topic: temp_c] b'32.25'
DEBUG:[mqtt-exporter]:Serial: temp_F=90.05
INFO:[mqtt-exporter]:[Topic: temp_F] b'90.05'
DEBUG:[mqtt-exporter]:Serial: temp_c=32.50
DEBUG:[mqtt-exporter]:Serial: temp_F=90.50
INFO:[mqtt-exporter]:[Topic: temp_c] b'32.5'
INFO:[mqtt-exporter]:[Topic: temp_F] b'90.5'
DEBUG:[mqtt-exporter]:Serial: temp_c=32.25
INFO:[mqtt-exporter]:[Topic: temp_c] b'32.25'
DEBUG:[mqtt-exporter]:Serial: temp_F=90.05
INFO:[mqtt-exporter]:[Topic: temp_F] b'90.05'
DEBUG:[mqtt-exporter]:Serial: temp_c=32.25
INFO:[mqtt-exporter]:[Topic: temp_c] b'32.25'
DEBUG:[mqtt-exporter]:Serial: temp_F=90.05
INFO:[mqtt-exporter]:[Topic: temp_F] b'90.05'
DEBUG:[mqtt-exporter]:Serial: temp_c=32.25
INFO:[mqtt-exporter]:[Topic: temp_c] b'32.25'
DEBUG:[mqtt-exporter]:Serial: temp_F=90.05
INFO:[mqtt-exporter]:[Topic: temp_F] b'90.05'
DEBUG:[mqtt-exporter]:Serial: temp_c=32.25
INFO:[mqtt-exporter]:[Topic: temp_c] b'32.25'
DEBUG:[mqtt-exporter]:Serial: temp_F=90.05
INFO:[mqtt-exporter]:[Topic: temp_F] b'90.05'
DEBUG:[mqtt-exporter]:Serial: temp_c=32.25
INFO:[mqtt-exporter]:[Topic: temp_c] b'32.25'
DEBUG:[mqtt-exporter]:Serial: temp_F=90.05
INFO:[mqtt-exporter]:[Topic: temp_F] b'90.05'
DEBUG:[mqtt-exporter]:Serial: temp_c=32.25
DEBUG:[mqtt-exporter]:Serial: temp_F=90.05
INFO:[mqtt-exporter]:[Topic: temp_c] b'32.25'
INFO:[mqtt-exporter]:[Topic: temp_F] b'90.05'
DEBUG:[mqtt-exporter]:Serial: temp_c=32.25
INFO:[mqtt-exporter]:[Topic: temp_c] b'32.25'
DEBUG:[mqtt-exporter]:Serial: temp_F=90.05
INFO:[mqtt-exporter]:[Topic: temp_F] b'90.05'
DEBUG:[mqtt-exporter]:Serial: temp_c=32.25
INFO:[mqtt-exporter]:[Topic: temp_c] b'32.25'
DEBUG:[mqtt-exporter]:Serial: temp_F=90.05
INFO:[mqtt-exporter]:[Topic: temp_F] b'90.05'
DEBUG:[mqtt-exporter]:Serial: temp_c=32.25
INFO:[mqtt-exporter]:[Topic: temp_c] b'32.25'
DEBUG:[mqtt-exporter]:Serial: temp_F=90.05
INFO:[mqtt-exporter]:[Topic: temp_F] b'90.05'
DEBUG:[mqtt-exporter]:Serial: temp_c=32.25
DEBUG:[mqtt-exporter]:Serial: temp_F=90.05
INFO:[mqtt-exporter]:[Topic: temp_c] b'32.25'
INFO:[mqtt-exporter]:[Topic: temp_F] b'90.05'
DEBUG:[mqtt-exporter]:Serial: temp_c=32.25
INFO:[mqtt-exporter]:[Topic: temp_c] b'32.25'
DEBUG:[mqtt-exporter]:Serial: temp_F=90.05
INFO:[mqtt-exporter]:[Topic: temp_F] b'90.05'
DEBUG:[mqtt-exporter]:Serial: temp_c=32.25
DEBUG:[mqtt-exporter]:Serial: temp_F=90.05
INFO:[mqtt-exporter]:[Topic: temp_c] b'32.25'
INFO:[mqtt-exporter]:[Topic: temp_F] b'90.05'
DEBUG:[mqtt-exporter]:Serial: temp_c=32.25
INFO:[mqtt-exporter]:[Topic: temp_c] b'32.25'
DEBUG:[mqtt-exporter]:Serial: temp_F=90.05
INFO:[mqtt-exporter]:[Topic: temp_F] b'90.05'
DEBUG:[mqtt-exporter]:Serial: temp_c=32.25
INFO:[mqtt-exporter]:[Topic: temp_c] b'32.25'
DEBUG:[mqtt-exporter]:Serial: temp_F=90.05
INFO:[mqtt-exporter]:[Topic: temp_F] b'90.05'
DEBUG:[mqtt-exporter]:Serial: temp_c=32.25
INFO:[mqtt-exporter]:[Topic: temp_c] b'32.25'
DEBUG:[mqtt-exporter]:Serial: temp_F=90.05
INFO:[mqtt-exporter]:[Topic: temp_F] b'90.05'
DEBUG:[mqtt-exporter]:Serial: temp_c=32.25
INFO:[mqtt-exporter]:[Topic: temp_c] b'32.25'
DEBUG:[mqtt-exporter]:Serial: temp_F=90.05
INFO:[mqtt-exporter]:[Topic: temp_F] b'90.05'
DEBUG:[mqtt-exporter]:Serial: temp_c=32.25
INFO:[mqtt-exporter]:[Topic: temp_c] b'32.25'
DEBUG:[mqtt-exporter]:Serial: temp_F=90.05
INFO:[mqtt-exporter]:[Topic: temp_F] b'90.05'
DEBUG:[mqtt-exporter]:Serial: temp_c=32.25
DEBUG:[mqtt-exporter]:Serial: temp_F=90.05
INFO:[mqtt-exporter]:[Topic: temp_c] b'32.25'
INFO:[mqtt-exporter]:[Topic: temp_F] b'90.05'
DEBUG:[mqtt-exporter]:Serial: temp_c=32.25
INFO:[mqtt-exporter]:[Topic: temp_c] b'32.25'
DEBUG:[mqtt-exporter]:Serial: temp_F=90.05
INFO:[mqtt-exporter]:[Topic: temp_F] b'90.05'
DEBUG:[mqtt-exporter]:Serial: temp_c=32.00
DEBUG:[mqtt-exporter]:Serial: temp_F=89.60
INFO:[mqtt-exporter]:[Topic: temp_c] b'32.0'
INFO:[mqtt-exporter]:[Topic: temp_F] b'89.6'
DEBUG:[mqtt-exporter]:Serial: temp_c=32.00
DEBUG:[mqtt-exporter]:Serial: temp_F=89.60
INFO:[mqtt-exporter]:[Topic: temp_c] b'32.0'
INFO:[mqtt-exporter]:[Topic: temp_F] b'89.6'
DEBUG:[mqtt-exporter]:Serial: temp_c=32.25
INFO:[mqtt-exporter]:[Topic: temp_c] b'32.25'
DEBUG:[mqtt-exporter]:Serial: temp_F=90.05
INFO:[mqtt-exporter]:[Topic: temp_F] b'90.05'
DEBUG:[mqtt-exporter]:Serial: temp_c=32.00
DEBUG:[mqtt-exporter]:Serial: temp_F=89.60
INFO:[mqtt-exporter]:[Topic: temp_c] b'32.0'
INFO:[mqtt-exporter]:[Topic: temp_F] b'89.6'
DEBUG:[mqtt-exporter]:Serial: temp_c=32.00
DEBUG:[mqtt-exporter]:Serial: temp_F=89.60
INFO:[mqtt-exporter]:[Topic: temp_c] b'32.0'
INFO:[mqtt-exporter]:[Topic: temp_F] b'89.6'
DEBUG:[mqtt-exporter]:Serial: temp_c=32.00
INFO:[mqtt-exporter]:[Topic: temp_c] b'32.0'
DEBUG:[mqtt-exporter]:Serial: temp_F=89.60
INFO:[mqtt-exporter]:[Topic: temp_F] b'89.6'
DEBUG:[mqtt-exporter]:Serial: temp_c=32.00
INFO:[mqtt-exporter]:[Topic: temp_c] b'32.0'
DEBUG:[mqtt-exporter]:Serial: temp_F=89.60
INFO:[mqtt-exporter]:[Topic: temp_F] b'89.6'
DEBUG:[mqtt-exporter]:Serial: temp_c=32.00
DEBUG:[mqtt-exporter]:Serial: temp_F=89.60
INFO:[mqtt-exporter]:[Topic: temp_c] b'32.0'
INFO:[mqtt-exporter]:[Topic: temp_F] b'89.6'
DEBUG:[mqtt-exporter]:Serial: temp_c=32.00
INFO:[mqtt-exporter]:[Topic: temp_c] b'32.0'
DEBUG:[mqtt-exporter]:Serial: temp_F=89.60
INFO:[mqtt-exporter]:[Topic: temp_F] b'89.6'
DEBUG:[mqtt-exporter]:Serial: temp_c=32.00
INFO:[mqtt-exporter]:[Topic: temp_c] b'32.0'
DEBUG:[mqtt-exporter]:Serial: temp_F=89.60
INFO:[mqtt-exporter]:[Topic: temp_F] b'89.6'
DEBUG:[mqtt-exporter]:Serial: temp_c=32.00
INFO:[mqtt-exporter]:[Topic: temp_c] b'32.0'
DEBUG:[mqtt-exporter]:Serial: temp_F=89.60
INFO:[mqtt-exporter]:[Topic: temp_F] b'89.6'
DEBUG:[mqtt-exporter]:Serial: temp_c=32.00
INFO:[mqtt-exporter]:[Topic: temp_c] b'32.0'
DEBUG:[mqtt-exporter]:Serial: temp_F=89.60
INFO:[mqtt-exporter]:[Topic: temp_F] b'89.6'
DEBUG:[mqtt-exporter]:Serial: temp_c=32.00
INFO:[mqtt-exporter]:[Topic: temp_c] b'32.0'
DEBUG:[mqtt-exporter]:Serial: temp_F=89.60
INFO:[mqtt-exporter]:[Topic: temp_F] b'89.6'
DEBUG:[mqtt-exporter]:Serial: temp_c=32.00
INFO:[mqtt-exporter]:[Topic: temp_c] b'32.0'
DEBUG:[mqtt-exporter]:Serial: temp_F=89.60
INFO:[mqtt-exporter]:[Topic: temp_F] b'89.6'
DEBUG:[mqtt-exporter]:Serial: temp_c=32.00
DEBUG:[mqtt-exporter]:Serial: temp_F=89.60
INFO:[mqtt-exporter]:[Topic: temp_c] b'32.0'
INFO:[mqtt-exporter]:[Topic: temp_F] b'89.6'
DEBUG:[mqtt-exporter]:Serial: temp_c=32.00
INFO:[mqtt-exporter]:[Topic: temp_c] b'32.0'
DEBUG:[mqtt-exporter]:Serial: temp_F=89.60
INFO:[mqtt-exporter]:[Topic: temp_F] b'89.6'
DEBUG:[mqtt-exporter]:Serial: temp_c=32.00
INFO:[mqtt-exporter]:[Topic: temp_c] b'32.0'
DEBUG:[mqtt-exporter]:Serial: temp_F=89.60
INFO:[mqtt-exporter]:[Topic: temp_F] b'89.6'
DEBUG:[mqtt-exporter]:Serial: temp_c=32.00
DEBUG:[mqtt-exporter]:Serial: temp_F=89.60
INFO:[mqtt-exporter]:[Topic: temp_c] b'32.0'
INFO:[mqtt-exporter]:[Topic: temp_F] b'89.6'
DEBUG:[mqtt-exporter]:Serial: temp_c=31.50
DEBUG:[mqtt-exporter]:Serial: temp_F=88.70
INFO:[mqtt-exporter]:[Topic: temp_c] b'31.5'
INFO:[mqtt-exporter]:[Topic: temp_F] b'88.7'
DEBUG:[mqtt-exporter]:Serial: temp_c=32.00
INFO:[mqtt-exporter]:[Topic: temp_c] b'32.0'
DEBUG:[mqtt-exporter]:Serial: temp_F=89.60
INFO:[mqtt-exporter]:[Topic: temp_F] b'89.6'
DEBUG:[mqtt-exporter]:Serial: temp_c=32.00
INFO:[mqtt-exporter]:[Topic: temp_c] b'32.0'
DEBUG:[mqtt-exporter]:Serial: temp_F=89.60
INFO:[mqtt-exporter]:[Topic: temp_F] b'89.6'
DEBUG:[mqtt-exporter]:Serial: temp_c=32.00
INFO:[mqtt-exporter]:[Topic: temp_c] b'32.0'
DEBUG:[mqtt-exporter]:Serial: temp_F=89.60
INFO:[mqtt-exporter]:[Topic: temp_F] b'89.6'
DEBUG:[mqtt-exporter]:Serial: temp_c=32.00
INFO:[mqtt-exporter]:[Topic: temp_c] b'32.0'
DEBUG:[mqtt-exporter]:Serial: temp_F=89.60
INFO:[mqtt-exporter]:[Topic: temp_F] b'89.6'
DEBUG:[mqtt-exporter]:Serial: temp_c=31.50
INFO:[mqtt-exporter]:[Topic: temp_c] b'31.5'
DEBUG:[mqtt-exporter]:Serial: temp_F=88.70
INFO:[mqtt-exporter]:[Topic: temp_F] b'88.7'
DEBUG:[mqtt-exporter]:Serial: temp_c=31.50
INFO:[mqtt-exporter]:[Topic: temp_c] b'31.5'
DEBUG:[mqtt-exporter]:Serial: temp_F=88.70
INFO:[mqtt-exporter]:[Topic: temp_F] b'88.7'
DEBUG:[mqtt-exporter]:Serial: temp_c=32.00
INFO:[mqtt-exporter]:[Topic: temp_c] b'32.0'
DEBUG:[mqtt-exporter]:Serial: temp_F=89.60
INFO:[mqtt-exporter]:[Topic: temp_F] b'89.6'
DEBUG:[mqtt-exporter]:Serial: temp_c=32.00
INFO:[mqtt-exporter]:[Topic: temp_c] b'32.0'
DEBUG:[mqtt-exporter]:Serial: temp_F=89.60
INFO:[mqtt-exporter]:[Topic: temp_F] b'89.6'
DEBUG:[mqtt-exporter]:Serial: temp_c=31.50
INFO:[mqtt-exporter]:[Topic: temp_c] b'31.5'
DEBUG:[mqtt-exporter]:Serial: temp_F=88.70
INFO:[mqtt-exporter]:[Topic: temp_F] b'88.7'
DEBUG:[mqtt-exporter]:Serial: temp_c=31.50
INFO:[mqtt-exporter]:[Topic: temp_c] b'31.5'
DEBUG:[mqtt-exporter]:Serial: temp_F=88.70
INFO:[mqtt-exporter]:[Topic: temp_F] b'88.7'
DEBUG:[mqtt-exporter]:Serial: temp_c=31.50
INFO:[mqtt-exporter]:[Topic: temp_c] b'31.5'
DEBUG:[mqtt-exporter]:Serial: temp_F=88.70
INFO:[mqtt-exporter]:[Topic: temp_F] b'88.7'
DEBUG:[mqtt-exporter]:Serial: temp_c=31.50
DEBUG:[mqtt-exporter]:Serial: temp_F=88.70
INFO:[mqtt-exporter]:[Topic: temp_c] b'31.5'
INFO:[mqtt-exporter]:[Topic: temp_F] b'88.7'
DEBUG:[mqtt-exporter]:Serial: temp_c=31.50
INFO:[mqtt-exporter]:[Topic: temp_c] b'31.5'
DEBUG:[mqtt-exporter]:Serial: temp_F=88.70
INFO:[mqtt-exporter]:[Topic: temp_F] b'88.7'
DEBUG:[mqtt-exporter]:Serial: temp_c=31.50
INFO:[mqtt-exporter]:[Topic: temp_c] b'31.5'
DEBUG:[mqtt-exporter]:Serial: temp_F=88.70
INFO:[mqtt-exporter]:[Topic: temp_F] b'88.7'
DEBUG:[mqtt-exporter]:Serial: temp_c=31.50
INFO:[mqtt-exporter]:[Topic: temp_c] b'31.5'
DEBUG:[mqtt-exporter]:Serial: temp_F=88.70
INFO:[mqtt-exporter]:[Topic: temp_F] b'88.7'
DEBUG:[mqtt-exporter]:Serial: temp_c=31.50
DEBUG:[mqtt-exporter]:Serial: temp_F=88.70
INFO:[mqtt-exporter]:[Topic: temp_c] b'31.5'
INFO:[mqtt-exporter]:[Topic: temp_F] b'88.7'
DEBUG:[mqtt-exporter]:Serial: temp_c=31.50
DEBUG:[mqtt-exporter]:Serial: temp_F=88.70
INFO:[mqtt-exporter]:[Topic: temp_c] b'31.5'
INFO:[mqtt-exporter]:[Topic: temp_F] b'88.7'
DEBUG:[mqtt-exporter]:Serial: temp_c=31.50
DEBUG:[mqtt-exporter]:Serial: temp_F=88.70
INFO:[mqtt-exporter]:[Topic: temp_c] b'31.5'
INFO:[mqtt-exporter]:[Topic: temp_F] b'88.7'
DEBUG:[mqtt-exporter]:Serial: temp_c=31.25
INFO:[mqtt-exporter]:[Topic: temp_c] b'31.25'
DEBUG:[mqtt-exporter]:Serial: temp_F=88.25
INFO:[mqtt-exporter]:[Topic: temp_F] b'88.25'
DEBUG:[mqtt-exporter]:Serial: temp_c=31.50
DEBUG:[mqtt-exporter]:Serial: temp_F=88.70
INFO:[mqtt-exporter]:[Topic: temp_c] b'31.5'
INFO:[mqtt-exporter]:[Topic: temp_F] b'88.7'
DEBUG:[mqtt-exporter]:Serial: temp_c=31.50
INFO:[mqtt-exporter]:[Topic: temp_c] b'31.5'
DEBUG:[mqtt-exporter]:Serial: temp_F=88.70
INFO:[mqtt-exporter]:[Topic: temp_F] b'88.7'
DEBUG:[mqtt-exporter]:Serial: temp_c=31.25
DEBUG:[mqtt-exporter]:Serial: temp_F=88.25
INFO:[mqtt-exporter]:[Topic: temp_c] b'31.25'
INFO:[mqtt-exporter]:[Topic: temp_F] b'88.25'
DEBUG:[mqtt-exporter]:Serial: temp_c=31.25
INFO:[mqtt-exporter]:[Topic: temp_c] b'31.25'
DEBUG:[mqtt-exporter]:Serial: temp_F=88.25
INFO:[mqtt-exporter]:[Topic: temp_F] b'88.25'
DEBUG:[mqtt-exporter]:Serial: temp_c=31.25
DEBUG:[mqtt-exporter]:Serial: temp_F=88.25
INFO:[mqtt-exporter]:[Topic: temp_c] b'31.25'
INFO:[mqtt-exporter]:[Topic: temp_F] b'88.25'
DEBUG:[mqtt-exporter]:Serial: temp_c=31.25
INFO:[mqtt-exporter]:[Topic: temp_c] b'31.25'
DEBUG:[mqtt-exporter]:Serial: temp_F=88.25
INFO:[mqtt-exporter]:[Topic: temp_F] b'88.25'
DEBUG:[mqtt-exporter]:Serial: temp_c=31.25
DEBUG:[mqtt-exporter]:Serial: temp_F=88.25
INFO:[mqtt-exporter]:[Topic: temp_c] b'31.25'
INFO:[mqtt-exporter]:[Topic: temp_F] b'88.25'
DEBUG:[mqtt-exporter]:Serial: temp_c=31.25
DEBUG:[mqtt-exporter]:Serial: temp_F=88.25
INFO:[mqtt-exporter]:[Topic: temp_c] b'31.25'
INFO:[mqtt-exporter]:[Topic: temp_F] b'88.25'
DEBUG:[mqtt-exporter]:Serial: temp_c=31.25
INFO:[mqtt-exporter]:[Topic: temp_c] b'31.25'
DEBUG:[mqtt-exporter]:Serial: temp_F=88.25
INFO:[mqtt-exporter]:[Topic: temp_F] b'88.25'
DEBUG:[mqtt-exporter]:Serial: temp_c=31.25
DEBUG:[mqtt-exporter]:Serial: temp_F=88.25
INFO:[mqtt-exporter]:[Topic: temp_c] b'31.25'
INFO:[mqtt-exporter]:[Topic: temp_F] b'88.25'
DEBUG:[mqtt-exporter]:Serial: temp_c=31.25
INFO:[mqtt-exporter]:[Topic: temp_c] b'31.25'
DEBUG:[mqtt-exporter]:Serial: temp_F=88.25
INFO:[mqtt-exporter]:[Topic: temp_F] b'88.25'
DEBUG:[mqtt-exporter]:Serial: temp_c=31.25
INFO:[mqtt-exporter]:[Topic: temp_c] b'31.25'
DEBUG:[mqtt-exporter]:Serial: temp_F=88.25
INFO:[mqtt-exporter]:[Topic: temp_F] b'88.25'
DEBUG:[mqtt-exporter]:Serial: temp_c=31.25
DEBUG:[mqtt-exporter]:Serial: temp_F=88.25
INFO:[mqtt-exporter]:[Topic: temp_c] b'31.25'
INFO:[mqtt-exporter]:[Topic: temp_F] b'88.25'
DEBUG:[mqtt-exporter]:Serial: temp_c=31.25
INFO:[mqtt-exporter]:[Topic: temp_c] b'31.25'
DEBUG:[mqtt-exporter]:Serial: temp_F=88.25
INFO:[mqtt-exporter]:[Topic: temp_F] b'88.25'
DEBUG:[mqtt-exporter]:Serial: temp_c=31.25
INFO:[mqtt-exporter]:[Topic: temp_c] b'31.25'
DEBUG:[mqtt-exporter]:Serial: temp_F=88.25
INFO:[mqtt-exporter]:[Topic: temp_F] b'88.25'
DEBUG:[mqtt-exporter]:Serial: temp_c=31.25
DEBUG:[mqtt-exporter]:Serial: temp_F=88.25
INFO:[mqtt-exporter]:[Topic: temp_c] b'31.25'
INFO:[mqtt-exporter]:[Topic: temp_F] b'88.25'
DEBUG:[mqtt-exporter]:Serial: temp_c=31.25
INFO:[mqtt-exporter]:[Topic: temp_c] b'31.25'
DEBUG:[mqtt-exporter]:Serial: temp_F=88.25
INFO:[mqtt-exporter]:[Topic: temp_F] b'88.25'
DEBUG:[mqtt-exporter]:Serial: temp_c=31.25
INFO:[mqtt-exporter]:[Topic: temp_c] b'31.25'
DEBUG:[mqtt-exporter]:Serial: temp_F=88.25
INFO:[mqtt-exporter]:[Topic: temp_F] b'88.25'
DEBUG:[mqtt-exporter]:Serial: temp_c=31.25
INFO:[mqtt-exporter]:[Topic: temp_c] b'31.25'
DEBUG:[mqtt-exporter]:Serial: temp_F=88.25
INFO:[mqtt-exporter]:[Topic: temp_F] b'88.25'
DEBUG:[mqtt-exporter]:Serial: temp_c=31.25
INFO:[mqtt-exporter]:[Topic: temp_c] b'31.25'
DEBUG:[mqtt-exporter]:Serial: temp_F=88.25
INFO:[mqtt-exporter]:[Topic: temp_F] b'88.25'
DEBUG:[mqtt-exporter]:Serial: temp_c=31.25
DEBUG:[mqtt-exporter]:Serial: temp_F=88.25
INFO:[mqtt-exporter]:[Topic: temp_c] b'31.25'
INFO:[mqtt-exporter]:[Topic: temp_F] b'88.25'
DEBUG:[mqtt-exporter]:Serial: temp_c=31.25
DEBUG:[mqtt-exporter]:Serial: temp_F=88.25
INFO:[mqtt-exporter]:[Topic: temp_c] b'31.25'
INFO:[mqtt-exporter]:[Topic: temp_F] b'88.25'
DEBUG:[mqtt-exporter]:Serial: temp_c=31.25
DEBUG:[mqtt-exporter]:Serial: temp_F=88.25
INFO:[mqtt-exporter]:[Topic: temp_c] b'31.25'
INFO:[mqtt-exporter]:[Topic: temp_F] b'88.25'
DEBUG:[mqtt-exporter]:Serial: temp_c=31.25
INFO:[mqtt-exporter]:[Topic: temp_c] b'31.25'
DEBUG:[mqtt-exporter]:Serial: temp_F=88.25
INFO:[mqtt-exporter]:[Topic: temp_F] b'88.25'
DEBUG:[mqtt-exporter]:Serial: temp_c=31.25
DEBUG:[mqtt-exporter]:Serial: temp_F=88.25
INFO:[mqtt-exporter]:[Topic: temp_c] b'31.25'
INFO:[mqtt-exporter]:[Topic: temp_F] b'88.25'
DEBUG:[mqtt-exporter]:Serial: temp_c=31.00
INFO:[mqtt-exporter]:[Topic: temp_c] b'31.0'
DEBUG:[mqtt-exporter]:Serial: temp_F=87.80
INFO:[mqtt-exporter]:[Topic: temp_F] b'87.8'
DEBUG:[mqtt-exporter]:Serial: temp_c=31.25
DEBUG:[mqtt-exporter]:Serial: temp_F=88.25
INFO:[mqtt-exporter]:[Topic: temp_c] b'31.25'
INFO:[mqtt-exporter]:[Topic: temp_F] b'88.25'
DEBUG:[mqtt-exporter]:Serial: temp_c=31.00
DEBUG:[mqtt-exporter]:Serial: temp_F=87.80
INFO:[mqtt-exporter]:[Topic: temp_c] b'31.0'
INFO:[mqtt-exporter]:[Topic: temp_F] b'87.8'
DEBUG:[mqtt-exporter]:Serial: temp_c=31.25
INFO:[mqtt-exporter]:[Topic: temp_c] b'31.25'
DEBUG:[mqtt-exporter]:Serial: temp_F=88.25
INFO:[mqtt-exporter]:[Topic: temp_F] b'88.25'
DEBUG:[mqtt-exporter]:Serial: temp_c=31.25
DEBUG:[mqtt-exporter]:Serial: temp_F=88.25
INFO:[mqtt-exporter]:[Topic: temp_c] b'31.25'
INFO:[mqtt-exporter]:[Topic: temp_F] b'88.25'
DEBUG:[mqtt-exporter]:Serial: temp_c=31.25
INFO:[mqtt-exporter]:[Topic: temp_c] b'31.25'
DEBUG:[mqtt-exporter]:Serial: temp_F=88.25
INFO:[mqtt-exporter]:[Topic: temp_F] b'88.25'
DEBUG:[mqtt-exporter]:Serial: temp_c=31.25
DEBUG:[mqtt-exporter]:Serial: temp_F=88.25
INFO:[mqtt-exporter]:[Topic: temp_c] b'31.25'
INFO:[mqtt-exporter]:[Topic: temp_F] b'88.25'
DEBUG:[mqtt-exporter]:Serial: temp_c=31.00
INFO:[mqtt-exporter]:[Topic: temp_c] b'31.0'
DEBUG:[mqtt-exporter]:Serial: temp_F=87.80
INFO:[mqtt-exporter]:[Topic: temp_F] b'87.8'
DEBUG:[mqtt-exporter]:Serial: temp_c=31.00
DEBUG:[mqtt-exporter]:Serial: temp_F=87.80
INFO:[mqtt-exporter]:[Topic: temp_c] b'31.0'
INFO:[mqtt-exporter]:[Topic: temp_F] b'87.8'
DEBUG:[mqtt-exporter]:Serial: temp_c=31.25
DEBUG:[mqtt-exporter]:Serial: temp_F=88.25
INFO:[mqtt-exporter]:[Topic: temp_c] b'31.25'
INFO:[mqtt-exporter]:[Topic: temp_F] b'88.25'
DEBUG:[mqtt-exporter]:Serial: temp_c=31.00
DEBUG:[mqtt-exporter]:Serial: temp_F=87.80
INFO:[mqtt-exporter]:[Topic: temp_c] b'31.0'
INFO:[mqtt-exporter]:[Topic: temp_F] b'87.8'
DEBUG:[mqtt-exporter]:Serial: temp_c=31.00
INFO:[mqtt-exporter]:[Topic: temp_c] b'31.0'
DEBUG:[mqtt-exporter]:Serial: temp_F=87.80
INFO:[mqtt-exporter]:[Topic: temp_F] b'87.8'
DEBUG:[mqtt-exporter]:Serial: temp_c=31.00
DEBUG:[mqtt-exporter]:Serial: temp_F=87.80
INFO:[mqtt-exporter]:[Topic: temp_c] b'31.0'
INFO:[mqtt-exporter]:[Topic: temp_F] b'87.8'
DEBUG:[mqtt-exporter]:Serial: temp_c=31.00
DEBUG:[mqtt-exporter]:Serial: temp_F=87.80
INFO:[mqtt-exporter]:[Topic: temp_c] b'31.0'
INFO:[mqtt-exporter]:[Topic: temp_F] b'87.8'
DEBUG:[mqtt-exporter]:Serial: temp_c=31.00
DEBUG:[mqtt-exporter]:Serial: temp_F=87.80
INFO:[mqtt-exporter]:[Topic: temp_c] b'31.0'
INFO:[mqtt-exporter]:[Topic: temp_F] b'87.8'
DEBUG:[mqtt-exporter]:Serial: temp_c=31.00
DEBUG:[mqtt-exporter]:Serial: temp_F=87.80
INFO:[mqtt-exporter]:[Topic: temp_c] b'31.0'
INFO:[mqtt-exporter]:[Topic: temp_F] b'87.8'
DEBUG:[mqtt-exporter]:Serial: temp_c=31.00
INFO:[mqtt-exporter]:[Topic: temp_c] b'31.0'
DEBUG:[mqtt-exporter]:Serial: temp_F=87.80
INFO:[mqtt-exporter]:[Topic: temp_F] b'87.8'
DEBUG:[mqtt-exporter]:Serial: temp_c=31.00
INFO:[mqtt-exporter]:[Topic: temp_c] b'31.0'
DEBUG:[mqtt-exporter]:Serial: temp_F=87.80
INFO:[mqtt-exporter]:[Topic: temp_F] b'87.8'
DEBUG:[mqtt-exporter]:Serial: temp_c=31.00
DEBUG:[mqtt-exporter]:Serial: temp_F=87.80
INFO:[mqtt-exporter]:[Topic: temp_c] b'31.0'
INFO:[mqtt-exporter]:[Topic: temp_F] b'87.8'
DEBUG:[mqtt-exporter]:Serial: temp_c=31.00
DEBUG:[mqtt-exporter]:Serial: temp_F=87.80
INFO:[mqtt-exporter]:[Topic: temp_c] b'31.0'
INFO:[mqtt-exporter]:[Topic: temp_F] b'87.8'
DEBUG:[mqtt-exporter]:Serial: temp_c=31.00
DEBUG:[mqtt-exporter]:Serial: temp_F=87.80
INFO:[mqtt-exporter]:[Topic: temp_c] b'31.0'
INFO:[mqtt-exporter]:[Topic: temp_F] b'87.8'
DEBUG:[mqtt-exporter]:Serial: temp_c=31.00
INFO:[mqtt-exporter]:[Topic: temp_c] b'31.0'
DEBUG:[mqtt-exporter]:Serial: temp_F=87.80
INFO:[mqtt-exporter]:[Topic: temp_F] b'87.8'
DEBUG:[mqtt-exporter]:Serial: temp_c=31.00
DEBUG:[mqtt-exporter]:Serial: temp_F=87.80
INFO:[mqtt-exporter]:[Topic: temp_c] b'31.0'
INFO:[mqtt-exporter]:[Topic: temp_F] b'87.8'
DEBUG:[mqtt-exporter]:Serial: temp_c=31.00
INFO:[mqtt-exporter]:[Topic: temp_c] b'31.0'
DEBUG:[mqtt-exporter]:Serial: temp_F=87.80
INFO:[mqtt-exporter]:[Topic: temp_F] b'87.8'
DEBUG:[mqtt-exporter]:Serial: temp_c=31.00
INFO:[mqtt-exporter]:[Topic: temp_c] b'31.0'
DEBUG:[mqtt-exporter]:Serial: temp_F=87.80
INFO:[mqtt-exporter]:[Topic: temp_F] b'87.8'
DEBUG:[mqtt-exporter]:Serial: temp_c=31.00
INFO:[mqtt-exporter]:[Topic: temp_c] b'31.0'
DEBUG:[mqtt-exporter]:Serial: temp_F=87.80
INFO:[mqtt-exporter]:[Topic: temp_F] b'87.8'
DEBUG:[mqtt-exporter]:Serial: temp_c=31.00
INFO:[mqtt-exporter]:[Topic: temp_c] b'31.0'
DEBUG:[mqtt-exporter]:Serial: temp_F=87.80
INFO:[mqtt-exporter]:[Topic: temp_F] b'87.8'
DEBUG:[mqtt-exporter]:Serial: temp_c=31.00
INFO:[mqtt-exporter]:[Topic: temp_c] b'31.0'
DEBUG:[mqtt-exporter]:Serial: temp_F=87.80
INFO:[mqtt-exporter]:[Topic: temp_F] b'87.8'
DEBUG:[mqtt-exporter]:Serial: temp_c=31.00
DEBUG:[mqtt-exporter]:Serial: temp_F=87.80
INFO:[mqtt-exporter]:[Topic: temp_c] b'31.0'
INFO:[mqtt-exporter]:[Topic: temp_F] b'87.8'
DEBUG:[mqtt-exporter]:Serial: temp_c=31.00
DEBUG:[mqtt-exporter]:Serial: temp_F=87.80
INFO:[mqtt-exporter]:[Topic: temp_c] b'31.0'
INFO:[mqtt-exporter]:[Topic: temp_F] b'87.8'
DEBUG:[mqtt-exporter]:Serial: temp_c=31.00
DEBUG:[mqtt-exporter]:Serial: temp_F=87.80
INFO:[mqtt-exporter]:[Topic: temp_c] b'31.0'
INFO:[mqtt-exporter]:[Topic: temp_F] b'87.8'
DEBUG:[mqtt-exporter]:Serial: temp_c=31.00
DEBUG:[mqtt-exporter]:Serial: temp_F=87.80
INFO:[mqtt-exporter]:[Topic: temp_c] b'31.0'
INFO:[mqtt-exporter]:[Topic: temp_F] b'87.8'
DEBUG:[mqtt-exporter]:Serial: temp_c=31.00
INFO:[mqtt-exporter]:[Topic: temp_c] b'31.0'
DEBUG:[mqtt-exporter]:Serial: temp_F=87.80
INFO:[mqtt-exporter]:[Topic: temp_F] b'87.8'
DEBUG:[mqtt-exporter]:Serial: temp_c=31.00
INFO:[mqtt-exporter]:[Topic: temp_c] b'31.0'
DEBUG:[mqtt-exporter]:Serial: temp_F=87.80
INFO:[mqtt-exporter]:[Topic: temp_F] b'87.8'
DEBUG:[mqtt-exporter]:Serial: temp_c=31.00
DEBUG:[mqtt-exporter]:Serial: temp_F=87.80
INFO:[mqtt-exporter]:[Topic: temp_c] b'31.0'
INFO:[mqtt-exporter]:[Topic: temp_F] b'87.8'
DEBUG:[mqtt-exporter]:Serial: temp_c=31.00
INFO:[mqtt-exporter]:[Topic: temp_c] b'31.0'
DEBUG:[mqtt-exporter]:Serial: temp_F=87.80
INFO:[mqtt-exporter]:[Topic: temp_F] b'87.8'
DEBUG:[mqtt-exporter]:Serial: temp_c=31.00
DEBUG:[mqtt-exporter]:Serial: temp_F=87.80
DEBUG:[mqtt-exporter]:Serial: temp_c=31.00
DEBUG:[mqtt-exporter]:Serial: temp_F=87.80
DEBUG:[mqtt-exporter]:Serial: temp_c=31.00
DEBUG:[mqtt-exporter]:Serial: temp_F=87.80
DEBUG:[mqtt-exporter]:Serial: temp_c=30.75
DEBUG:[mqtt-exporter]:Serial: temp_F=87.35
DEBUG:[mqtt-exporter]:Serial: temp_c=31.00
DEBUG:[mqtt-exporter]:Serial: temp_F=87.80
DEBUG:[mqtt-exporter]:Serial: temp_c=30.75
DEBUG:[mqtt-exporter]:Serial: temp_F=87.35
DEBUG:[mqtt-exporter]:Serial: temp_c=31.00
DEBUG:[mqtt-exporter]:Serial: temp_F=87.80
DEBUG:[mqtt-exporter]:Serial: temp_c=31.00
DEBUG:[mqtt-exporter]:Serial: temp_F=87.80
DEBUG:[mqtt-exporter]:Serial: temp_c=31.00
DEBUG:[mqtt-exporter]:Serial: temp_F=87.80
DEBUG:[mqtt-exporter]:Serial: temp_c=31.00
DEBUG:[mqtt-exporter]:Serial: temp_F=87.80
DEBUG:[mqtt-exporter]:Serial: temp_c=31.00
DEBUG:[mqtt-exporter]:Serial: temp_F=87.80
DEBUG:[mqtt-exporter]:Serial: temp_c=30.75
DEBUG:[mqtt-exporter]:Serial: temp_F=87.35
DEBUG:[mqtt-exporter]:Serial: temp_c=31.00
DEBUG:[mqtt-exporter]:Serial: temp_F=87.80
DEBUG:[mqtt-exporter]:Serial: temp_c=30.75
DEBUG:[mqtt-exporter]:Serial: temp_F=87.35
DEBUG:[mqtt-exporter]:Serial: temp_c=30.75
DEBUG:[mqtt-exporter]:Serial: temp_F=87.35
DEBUG:[mqtt-exporter]:Serial: temp_c=31.00
INFO:[mqtt-exporter]:[Topic: temp_c] b'31.0'
INFO:[mqtt-exporter]:[Topic: temp_F] b'87.8'
DEBUG:[mqtt-exporter]:Serial: temp_F=87.80
INFO:[mqtt-exporter]:[Topic: temp_c] b'31.0'
INFO:[mqtt-exporter]:[Topic: temp_F] b'87.8'
INFO:[mqtt-exporter]:[Topic: temp_c] b'31.0'
INFO:[mqtt-exporter]:[Topic: temp_F] b'87.8'
INFO:[mqtt-exporter]:[Topic: temp_c] b'30.75'
INFO:[mqtt-exporter]:[Topic: temp_F] b'87.35'
INFO:[mqtt-exporter]:[Topic: temp_c] b'31.0'
INFO:[mqtt-exporter]:[Topic: temp_F] b'87.8'
INFO:[mqtt-exporter]:[Topic: temp_c] b'30.75'
INFO:[mqtt-exporter]:[Topic: temp_F] b'87.35'
INFO:[mqtt-exporter]:[Topic: temp_c] b'31.0'
INFO:[mqtt-exporter]:[Topic: temp_F] b'87.8'
INFO:[mqtt-exporter]:[Topic: temp_c] b'31.0'
INFO:[mqtt-exporter]:[Topic: temp_F] b'87.8'
INFO:[mqtt-exporter]:[Topic: temp_c] b'31.0'
INFO:[mqtt-exporter]:[Topic: temp_F] b'87.8'
INFO:[mqtt-exporter]:[Topic: temp_c] b'31.0'
INFO:[mqtt-exporter]:[Topic: temp_F] b'87.8'
INFO:[mqtt-exporter]:[Topic: temp_c] b'31.0'
INFO:[mqtt-exporter]:[Topic: temp_F] b'87.8'
INFO:[mqtt-exporter]:[Topic: temp_c] b'30.75'
INFO:[mqtt-exporter]:[Topic: temp_F] b'87.35'
INFO:[mqtt-exporter]:[Topic: temp_c] b'31.0'
INFO:[mqtt-exporter]:[Topic: temp_F] b'87.8'
INFO:[mqtt-exporter]:[Topic: temp_c] b'30.75'
INFO:[mqtt-exporter]:[Topic: temp_F] b'87.35'
INFO:[mqtt-exporter]:[Topic: temp_c] b'30.75'
INFO:[mqtt-exporter]:[Topic: temp_F] b'87.35'
INFO:[mqtt-exporter]:[Topic: temp_c] b'31.0'
INFO:[mqtt-exporter]:[Topic: temp_F] b'87.8'
DEBUG:[mqtt-exporter]:Serial: temp_c=31.00
DEBUG:[mqtt-exporter]:Serial: temp_F=87.80
DEBUG:[mqtt-exporter]:Serial: temp_c=31.00
DEBUG:[mqtt-exporter]:Serial: temp_F=87.80
DEBUG:[mqtt-exporter]:Serial: temp_c=31.00
DEBUG:[mqtt-exporter]:Serial: temp_F=87.80
DEBUG:[mqtt-exporter]:Serial: temp_c=31.00
DEBUG:[mqtt-exporter]:Serial: temp_F=87.80
DEBUG:[mqtt-exporter]:Serial: temp_c=31.00
DEBUG:[mqtt-exporter]:Serial: temp_F=87.80
DEBUG:[mqtt-exporter]:Serial: temp_c=31.00
DEBUG:[mqtt-exporter]:Serial: temp_F=87.80
DEBUG:[mqtt-exporter]:Serial: temp_c=31.00
DEBUG:[mqtt-exporter]:Serial: temp_F=87.80
DEBUG:[mqtt-exporter]:Serial: temp_c=31.25
DEBUG:[mqtt-exporter]:Serial: temp_F=88.25
DEBUG:[mqtt-exporter]:Serial: temp_c=31.25
DEBUG:[mqtt-exporter]:Serial: temp_F=88.25
DEBUG:[mqtt-exporter]:Serial: temp_c=31.00
DEBUG:[mqtt-exporter]:Serial: temp_F=87.80
DEBUG:[mqtt-exporter]:Serial: temp_c=31.00
DEBUG:[mqtt-exporter]:Serial: temp_F=87.80
INFO:[mqtt-exporter]:[Topic: temp_c] b'31.0'
INFO:[mqtt-exporter]:[Topic: temp_F] b'87.8'
INFO:[mqtt-exporter]:[Topic: temp_c] b'31.0'
INFO:[mqtt-exporter]:[Topic: temp_F] b'87.8'
INFO:[mqtt-exporter]:[Topic: temp_c] b'31.0'
INFO:[mqtt-exporter]:[Topic: temp_F] b'87.8'
INFO:[mqtt-exporter]:[Topic: temp_c] b'31.0'
INFO:[mqtt-exporter]:[Topic: temp_F] b'87.8'
INFO:[mqtt-exporter]:[Topic: temp_c] b'31.0'
INFO:[mqtt-exporter]:[Topic: temp_F] b'87.8'
INFO:[mqtt-exporter]:[Topic: temp_c] b'31.0'
INFO:[mqtt-exporter]:[Topic: temp_F] b'87.8'
INFO:[mqtt-exporter]:[Topic: temp_c] b'31.0'
INFO:[mqtt-exporter]:[Topic: temp_F] b'87.8'
INFO:[mqtt-exporter]:[Topic: temp_c] b'31.25'
INFO:[mqtt-exporter]:[Topic: temp_F] b'88.25'
INFO:[mqtt-exporter]:[Topic: temp_c] b'31.25'
INFO:[mqtt-exporter]:[Topic: temp_F] b'88.25'
INFO:[mqtt-exporter]:[Topic: temp_c] b'31.0'
INFO:[mqtt-exporter]:[Topic: temp_F] b'87.8'
INFO:[mqtt-exporter]:[Topic: temp_c] b'31.0'
INFO:[mqtt-exporter]:[Topic: temp_F] b'87.8'
DEBUG:[mqtt-exporter]:Serial: temp_c=31.00
DEBUG:[mqtt-exporter]:Serial: temp_F=87.80
INFO:[mqtt-exporter]:[Topic: temp_c] b'31.0'
INFO:[mqtt-exporter]:[Topic: temp_F] b'87.8'
DEBUG:[mqtt-exporter]:Serial: temp_c=31.00
INFO:[mqtt-exporter]:[Topic: temp_c] b'31.0'
DEBUG:[mqtt-exporter]:Serial: temp_F=87.80
INFO:[mqtt-exporter]:[Topic: temp_F] b'87.8'
DEBUG:[mqtt-exporter]:Serial: temp_c=31.00
INFO:[mqtt-exporter]:[Topic: temp_c] b'31.0'
DEBUG:[mqtt-exporter]:Serial: temp_F=87.80
INFO:[mqtt-exporter]:[Topic: temp_F] b'87.8'
DEBUG:[mqtt-exporter]:Serial: temp_c=31.00
INFO:[mqtt-exporter]:[Topic: temp_c] b'31.0'
DEBUG:[mqtt-exporter]:Serial: temp_F=87.80
INFO:[mqtt-exporter]:[Topic: temp_F] b'87.8'
DEBUG:[mqtt-exporter]:Serial: temp_c=31.00
INFO:[mqtt-exporter]:[Topic: temp_c] b'31.0'
DEBUG:[mqtt-exporter]:Serial: temp_F=87.80
INFO:[mqtt-exporter]:[Topic: temp_F] b'87.8'
DEBUG:[mqtt-exporter]:Serial: temp_c=31.00
DEBUG:[mqtt-exporter]:Serial: temp_F=87.80
INFO:[mqtt-exporter]:[Topic: temp_c] b'31.0'
INFO:[mqtt-exporter]:[Topic: temp_F] b'87.8'
DEBUG:[mqtt-exporter]:Serial: temp_c=31.00
INFO:[mqtt-exporter]:[Topic: temp_c] b'31.0'
DEBUG:[mqtt-exporter]:Serial: temp_F=87.80
INFO:[mqtt-exporter]:[Topic: temp_F] b'87.8'
DEBUG:[mqtt-exporter]:Serial: temp_c=31.00
DEBUG:[mqtt-exporter]:Serial: temp_F=87.80
INFO:[mqtt-exporter]:[Topic: temp_c] b'31.0'
INFO:[mqtt-exporter]:[Topic: temp_F] b'87.8'
DEBUG:[mqtt-exporter]:Serial: temp_c=31.00
INFO:[mqtt-exporter]:[Topic: temp_c] b'31.0'
DEBUG:[mqtt-exporter]:Serial: temp_F=87.80
INFO:[mqtt-exporter]:[Topic: temp_F] b'87.8'
DEBUG:[mqtt-exporter]:Serial: temp_c=31.00
INFO:[mqtt-exporter]:[Topic: temp_c] b'31.0'
DEBUG:[mqtt-exporter]:Serial: temp_F=87.80
INFO:[mqtt-exporter]:[Topic: temp_F] b'87.8'
DEBUG:[mqtt-exporter]:Serial: temp_c=31.00
INFO:[mqtt-exporter]:[Topic: temp_c] b'31.0'
DEBUG:[mqtt-exporter]:Serial: temp_F=87.80
INFO:[mqtt-exporter]:[Topic: temp_F] b'87.8'
DEBUG:[mqtt-exporter]:Serial: temp_c=30.75
INFO:[mqtt-exporter]:[Topic: temp_c] b'30.75'
DEBUG:[mqtt-exporter]:Serial: temp_F=87.35
INFO:[mqtt-exporter]:[Topic: temp_F] b'87.35'
DEBUG:[mqtt-exporter]:Serial: temp_c=30.75
INFO:[mqtt-exporter]:[Topic: temp_c] b'30.75'
DEBUG:[mqtt-exporter]:Serial: temp_F=87.35
INFO:[mqtt-exporter]:[Topic: temp_F] b'87.35'
DEBUG:[mqtt-exporter]:Serial: temp_c=30.75
DEBUG:[mqtt-exporter]:Serial: temp_F=87.35
INFO:[mqtt-exporter]:[Topic: temp_c] b'30.75'
INFO:[mqtt-exporter]:[Topic: temp_F] b'87.35'
DEBUG:[mqtt-exporter]:Serial: temp_c=30.75
INFO:[mqtt-exporter]:[Topic: temp_c] b'30.75'
DEBUG:[mqtt-exporter]:Serial: temp_F=87.35
INFO:[mqtt-exporter]:[Topic: temp_F] b'87.35'
DEBUG:[mqtt-exporter]:Serial: temp_c=30.75
DEBUG:[mqtt-exporter]:Serial: temp_F=87.35
INFO:[mqtt-exporter]:[Topic: temp_c] b'30.75'
INFO:[mqtt-exporter]:[Topic: temp_F] b'87.35'
DEBUG:[mqtt-exporter]:Serial: temp_c=31.00
INFO:[mqtt-exporter]:[Topic: temp_c] b'31.0'
DEBUG:[mqtt-exporter]:Serial: temp_F=87.80
INFO:[mqtt-exporter]:[Topic: temp_F] b'87.8'
DEBUG:[mqtt-exporter]:Serial: temp_c=31.00
DEBUG:[mqtt-exporter]:Serial: temp_F=87.80
INFO:[mqtt-exporter]:[Topic: temp_c] b'31.0'
INFO:[mqtt-exporter]:[Topic: temp_F] b'87.8'
DEBUG:[mqtt-exporter]:Serial: temp_c=30.75
INFO:[mqtt-exporter]:[Topic: temp_c] b'30.75'
DEBUG:[mqtt-exporter]:Serial: temp_F=87.35
INFO:[mqtt-exporter]:[Topic: temp_F] b'87.35'
DEBUG:[mqtt-exporter]:Serial: temp_c=30.75
INFO:[mqtt-exporter]:[Topic: temp_c] b'30.75'
DEBUG:[mqtt-exporter]:Serial: temp_F=87.35
INFO:[mqtt-exporter]:[Topic: temp_F] b'87.35'
DEBUG:[mqtt-exporter]:Serial: temp_c=30.75
INFO:[mqtt-exporter]:[Topic: temp_c] b'30.75'
DEBUG:[mqtt-exporter]:Serial: temp_F=87.35
INFO:[mqtt-exporter]:[Topic: temp_F] b'87.35'
DEBUG:[mqtt-exporter]:Serial: temp_c=31.00
DEBUG:[mqtt-exporter]:Serial: temp_F=87.80
INFO:[mqtt-exporter]:[Topic: temp_c] b'31.0'
INFO:[mqtt-exporter]:[Topic: temp_F] b'87.8'
DEBUG:[mqtt-exporter]:Serial: temp_c=30.75
DEBUG:[mqtt-exporter]:Serial: temp_F=87.35
INFO:[mqtt-exporter]:[Topic: temp_c] b'30.75'
INFO:[mqtt-exporter]:[Topic: temp_F] b'87.35'
DEBUG:[mqtt-exporter]:Serial: temp_c=30.75
DEBUG:[mqtt-exporter]:Serial: temp_F=87.35
INFO:[mqtt-exporter]:[Topic: temp_c] b'30.75'
INFO:[mqtt-exporter]:[Topic: temp_F] b'87.35'
DEBUG:[mqtt-exporter]:Serial: temp_c=30.75
DEBUG:[mqtt-exporter]:Serial: temp_F=87.35
INFO:[mqtt-exporter]:[Topic: temp_c] b'30.75'
INFO:[mqtt-exporter]:[Topic: temp_F] b'87.35'
DEBUG:[mqtt-exporter]:Serial: temp_c=30.75
DEBUG:[mqtt-exporter]:Serial: temp_F=87.35
INFO:[mqtt-exporter]:[Topic: temp_c] b'30.75'
INFO:[mqtt-exporter]:[Topic: temp_F] b'87.35'
DEBUG:[mqtt-exporter]:Serial: temp_c=31.00
INFO:[mqtt-exporter]:[Topic: temp_c] b'31.0'
DEBUG:[mqtt-exporter]:Serial: temp_F=87.80
INFO:[mqtt-exporter]:[Topic: temp_F] b'87.8'
DEBUG:[mqtt-exporter]:Serial: temp_c=30.75
INFO:[mqtt-exporter]:[Topic: temp_c] b'30.75'
DEBUG:[mqtt-exporter]:Serial: temp_F=87.35
INFO:[mqtt-exporter]:[Topic: temp_F] b'87.35'
DEBUG:[mqtt-exporter]:Serial: temp_c=30.75
INFO:[mqtt-exporter]:[Topic: temp_c] b'30.75'
DEBUG:[mqtt-exporter]:Serial: temp_F=87.35
INFO:[mqtt-exporter]:[Topic: temp_F] b'87.35'
DEBUG:[mqtt-exporter]:Serial: temp_c=30.75
DEBUG:[mqtt-exporter]:Serial: temp_F=87.35
INFO:[mqtt-exporter]:[Topic: temp_c] b'30.75'
INFO:[mqtt-exporter]:[Topic: temp_F] b'87.35'
DEBUG:[mqtt-exporter]:Serial: temp_c=30.75
INFO:[mqtt-exporter]:[Topic: temp_c] b'30.75'
DEBUG:[mqtt-exporter]:Serial: temp_F=87.35
INFO:[mqtt-exporter]:[Topic: temp_F] b'87.35'
DEBUG:[mqtt-exporter]:Serial: temp_c=30.75
DEBUG:[mqtt-exporter]:Serial: temp_F=87.35
INFO:[mqtt-exporter]:[Topic: temp_c] b'30.75'
INFO:[mqtt-exporter]:[Topic: temp_F] b'87.35'
DEBUG:[mqtt-exporter]:Serial: temp_c=30.75
INFO:[mqtt-exporter]:[Topic: temp_c] b'30.75'
DEBUG:[mqtt-exporter]:Serial: temp_F=87.35
INFO:[mqtt-exporter]:[Topic: temp_F] b'87.35'
DEBUG:[mqtt-exporter]:Serial: temp_c=30.75
DEBUG:[mqtt-exporter]:Serial: temp_F=87.35
INFO:[mqtt-exporter]:[Topic: temp_c] b'30.75'
INFO:[mqtt-exporter]:[Topic: temp_F] b'87.35'
DEBUG:[mqtt-exporter]:Serial: temp_c=30.75
DEBUG:[mqtt-exporter]:Serial: temp_F=87.35
INFO:[mqtt-exporter]:[Topic: temp_c] b'30.75'
INFO:[mqtt-exporter]:[Topic: temp_F] b'87.35'
DEBUG:[mqtt-exporter]:Serial: temp_c=31.00
INFO:[mqtt-exporter]:[Topic: temp_c] b'31.0'
DEBUG:[mqtt-exporter]:Serial: temp_F=87.80
INFO:[mqtt-exporter]:[Topic: temp_F] b'87.8'
DEBUG:[mqtt-exporter]:Serial: temp_c=31.00
DEBUG:[mqtt-exporter]:Serial: temp_F=87.80
INFO:[mqtt-exporter]:[Topic: temp_c] b'31.0'
INFO:[mqtt-exporter]:[Topic: temp_F] b'87.8'
DEBUG:[mqtt-exporter]:Serial: temp_c=31.00
DEBUG:[mqtt-exporter]:Serial: temp_F=87.80
INFO:[mqtt-exporter]:[Topic: temp_c] b'31.0'
INFO:[mqtt-exporter]:[Topic: temp_F] b'87.8'
DEBUG:[mqtt-exporter]:Serial: temp_c=31.00
INFO:[mqtt-exporter]:[Topic: temp_c] b'31.0'
DEBUG:[mqtt-exporter]:Serial: temp_F=87.80
INFO:[mqtt-exporter]:[Topic: temp_F] b'87.8'
DEBUG:[mqtt-exporter]:Serial: temp_c=31.00
DEBUG:[mqtt-exporter]:Serial: temp_F=87.80
INFO:[mqtt-exporter]:[Topic: temp_c] b'31.0'
INFO:[mqtt-exporter]:[Topic: temp_F] b'87.8'
DEBUG:[mqtt-exporter]:Serial: temp_c=31.00
DEBUG:[mqtt-exporter]:Serial: temp_F=87.80
INFO:[mqtt-exporter]:[Topic: temp_c] b'31.0'
INFO:[mqtt-exporter]:[Topic: temp_F] b'87.8'
DEBUG:[mqtt-exporter]:Serial: temp_c=31.00
DEBUG:[mqtt-exporter]:Serial: temp_F=87.80
INFO:[mqtt-exporter]:[Topic: temp_c] b'31.0'
INFO:[mqtt-exporter]:[Topic: temp_F] b'87.8'
DEBUG:[mqtt-exporter]:Serial: temp_c=31.00
INFO:[mqtt-exporter]:[Topic: temp_c] b'31.0'
DEBUG:[mqtt-exporter]:Serial: temp_F=87.80
INFO:[mqtt-exporter]:[Topic: temp_F] b'87.8'
DEBUG:[mqtt-exporter]:Serial: temp_c=31.25
INFO:[mqtt-exporter]:[Topic: temp_c] b'31.25'
DEBUG:[mqtt-exporter]:Serial: temp_F=88.25
INFO:[mqtt-exporter]:[Topic: temp_F] b'88.25'
DEBUG:[mqtt-exporter]:Serial: temp_c=31.25
INFO:[mqtt-exporter]:[Topic: temp_c] b'31.25'
DEBUG:[mqtt-exporter]:Serial: temp_F=88.25
INFO:[mqtt-exporter]:[Topic: temp_F] b'88.25'
DEBUG:[mqtt-exporter]:Serial: temp_c=31.25
INFO:[mqtt-exporter]:[Topic: temp_c] b'31.25'
DEBUG:[mqtt-exporter]:Serial: temp_F=88.25
INFO:[mqtt-exporter]:[Topic: temp_F] b'88.25'
DEBUG:[mqtt-exporter]:Serial: temp_c=31.25
DEBUG:[mqtt-exporter]:Serial: temp_F=88.25
INFO:[mqtt-exporter]:[Topic: temp_c] b'31.25'
INFO:[mqtt-exporter]:[Topic: temp_F] b'88.25'
DEBUG:[mqtt-exporter]:Serial: temp_c=31.00
DEBUG:[mqtt-exporter]:Serial: temp_F=87.80
INFO:[mqtt-exporter]:[Topic: temp_c] b'31.0'
INFO:[mqtt-exporter]:[Topic: temp_F] b'87.8'
DEBUG:[mqtt-exporter]:Serial: temp_c=31.25
INFO:[mqtt-exporter]:[Topic: temp_c] b'31.25'
DEBUG:[mqtt-exporter]:Serial: temp_F=88.25
INFO:[mqtt-exporter]:[Topic: temp_F] b'88.25'
DEBUG:[mqtt-exporter]:Serial: temp_c=31.25
INFO:[mqtt-exporter]:[Topic: temp_c] b'31.25'
DEBUG:[mqtt-exporter]:Serial: temp_F=88.25
INFO:[mqtt-exporter]:[Topic: temp_F] b'88.25'
DEBUG:[mqtt-exporter]:Serial: temp_c=31.25
INFO:[mqtt-exporter]:[Topic: temp_c] b'31.25'
DEBUG:[mqtt-exporter]:Serial: temp_F=88.25
INFO:[mqtt-exporter]:[Topic: temp_F] b'88.25'
DEBUG:[mqtt-exporter]:Serial: temp_c=31.25
INFO:[mqtt-exporter]:[Topic: temp_c] b'31.25'
DEBUG:[mqtt-exporter]:Serial: temp_F=88.25
INFO:[mqtt-exporter]:[Topic: temp_F] b'88.25'
DEBUG:[mqtt-exporter]:Serial: temp_c=31.25
INFO:[mqtt-exporter]:[Topic: temp_c] b'31.25'
DEBUG:[mqtt-exporter]:Serial: temp_F=88.25
INFO:[mqtt-exporter]:[Topic: temp_F] b'88.25'
DEBUG:[mqtt-exporter]:Serial: temp_c=31.25
INFO:[mqtt-exporter]:[Topic: temp_c] b'31.25'
DEBUG:[mqtt-exporter]:Serial: temp_F=88.25
INFO:[mqtt-exporter]:[Topic: temp_F] b'88.25'
DEBUG:[mqtt-exporter]:Serial: temp_c=31.25
DEBUG:[mqtt-exporter]:Serial: temp_F=88.25
INFO:[mqtt-exporter]:[Topic: temp_c] b'31.25'
INFO:[mqtt-exporter]:[Topic: temp_F] b'88.25'
DEBUG:[mqtt-exporter]:Serial: temp_c=31.25
DEBUG:[mqtt-exporter]:Serial: temp_F=88.25
INFO:[mqtt-exporter]:[Topic: temp_c] b'31.25'
INFO:[mqtt-exporter]:[Topic: temp_F] b'88.25'
DEBUG:[mqtt-exporter]:Serial: temp_c=31.25
INFO:[mqtt-exporter]:[Topic: temp_c] b'31.25'
DEBUG:[mqtt-exporter]:Serial: temp_F=88.25
INFO:[mqtt-exporter]:[Topic: temp_F] b'88.25'
DEBUG:[mqtt-exporter]:Serial: temp_c=31.25
INFO:[mqtt-exporter]:[Topic: temp_c] b'31.25'
DEBUG:[mqtt-exporter]:Serial: temp_F=88.25
INFO:[mqtt-exporter]:[Topic: temp_F] b'88.25'
DEBUG:[mqtt-exporter]:Serial: temp_c=31.25
INFO:[mqtt-exporter]:[Topic: temp_c] b'31.25'
DEBUG:[mqtt-exporter]:Serial: temp_F=88.25
INFO:[mqtt-exporter]:[Topic: temp_F] b'88.25'
DEBUG:[mqtt-exporter]:Serial: temp_c=31.25
INFO:[mqtt-exporter]:[Topic: temp_c] b'31.25'
DEBUG:[mqtt-exporter]:Serial: temp_F=88.25
INFO:[mqtt-exporter]:[Topic: temp_F] b'88.25'
DEBUG:[mqtt-exporter]:Serial: temp_c=31.50
DEBUG:[mqtt-exporter]:Serial: temp_F=88.70
INFO:[mqtt-exporter]:[Topic: temp_c] b'31.5'
INFO:[mqtt-exporter]:[Topic: temp_F] b'88.7'
DEBUG:[mqtt-exporter]:Serial: temp_c=31.50
INFO:[mqtt-exporter]:[Topic: temp_c] b'31.5'
DEBUG:[mqtt-exporter]:Serial: temp_F=88.70
INFO:[mqtt-exporter]:[Topic: temp_F] b'88.7'
DEBUG:[mqtt-exporter]:Serial: temp_c=31.25
DEBUG:[mqtt-exporter]:Serial: temp_F=88.25
INFO:[mqtt-exporter]:[Topic: temp_c] b'31.25'
INFO:[mqtt-exporter]:[Topic: temp_F] b'88.25'
DEBUG:[mqtt-exporter]:Serial: temp_c=31.25
DEBUG:[mqtt-exporter]:Serial: temp_F=88.25
INFO:[mqtt-exporter]:[Topic: temp_c] b'31.25'
INFO:[mqtt-exporter]:[Topic: temp_F] b'88.25'
DEBUG:[mqtt-exporter]:Serial: temp_c=31.50
DEBUG:[mqtt-exporter]:Serial: temp_F=88.70
INFO:[mqtt-exporter]:[Topic: temp_c] b'31.5'
INFO:[mqtt-exporter]:[Topic: temp_F] b'88.7'
DEBUG:[mqtt-exporter]:Serial: temp_c=31.50
DEBUG:[mqtt-exporter]:Serial: temp_F=88.70
INFO:[mqtt-exporter]:[Topic: temp_c] b'31.5'
INFO:[mqtt-exporter]:[Topic: temp_F] b'88.7'
DEBUG:[mqtt-exporter]:Serial: temp_c=31.50
DEBUG:[mqtt-exporter]:Serial: temp_F=88.70
INFO:[mqtt-exporter]:[Topic: temp_c] b'31.5'
INFO:[mqtt-exporter]:[Topic: temp_F] b'88.7'
DEBUG:[mqtt-exporter]:Serial: temp_c=31.25
DEBUG:[mqtt-exporter]:Serial: temp_F=88.25
INFO:[mqtt-exporter]:[Topic: temp_c] b'31.25'
INFO:[mqtt-exporter]:[Topic: temp_F] b'88.25'
DEBUG:[mqtt-exporter]:Serial: temp_c=31.50
INFO:[mqtt-exporter]:[Topic: temp_c] b'31.5'
DEBUG:[mqtt-exporter]:Serial: temp_F=88.70
INFO:[mqtt-exporter]:[Topic: temp_F] b'88.7'
DEBUG:[mqtt-exporter]:Serial: temp_c=31.50
DEBUG:[mqtt-exporter]:Serial: temp_F=88.70
INFO:[mqtt-exporter]:[Topic: temp_c] b'31.5'
INFO:[mqtt-exporter]:[Topic: temp_F] b'88.7'
DEBUG:[mqtt-exporter]:Serial: temp_c=31.50
DEBUG:[mqtt-exporter]:Serial: temp_F=88.70
INFO:[mqtt-exporter]:[Topic: temp_c] b'31.5'
INFO:[mqtt-exporter]:[Topic: temp_F] b'88.7'
DEBUG:[mqtt-exporter]:Serial: temp_c=31.50
DEBUG:[mqtt-exporter]:Serial: temp_F=88.70
INFO:[mqtt-exporter]:[Topic: temp_c] b'31.5'
INFO:[mqtt-exporter]:[Topic: temp_F] b'88.7'
DEBUG:[mqtt-exporter]:Serial: temp_c=31.50
INFO:[mqtt-exporter]:[Topic: temp_c] b'31.5'
DEBUG:[mqtt-exporter]:Serial: temp_F=88.70
INFO:[mqtt-exporter]:[Topic: temp_F] b'88.7'
DEBUG:[mqtt-exporter]:Serial: temp_c=31.50
INFO:[mqtt-exporter]:[Topic: temp_c] b'31.5'
DEBUG:[mqtt-exporter]:Serial: temp_F=88.70
INFO:[mqtt-exporter]:[Topic: temp_F] b'88.7'
DEBUG:[mqtt-exporter]:Serial: temp_c=31.25
INFO:[mqtt-exporter]:[Topic: temp_c] b'31.25'
DEBUG:[mqtt-exporter]:Serial: temp_F=88.25
INFO:[mqtt-exporter]:[Topic: temp_F] b'88.25'
DEBUG:[mqtt-exporter]:Serial: temp_c=31.25
INFO:[mqtt-exporter]:[Topic: temp_c] b'31.25'
DEBUG:[mqtt-exporter]:Serial: temp_F=88.25
INFO:[mqtt-exporter]:[Topic: temp_F] b'88.25'
DEBUG:[mqtt-exporter]:Serial: temp_c=31.50
DEBUG:[mqtt-exporter]:Serial: temp_F=88.70
INFO:[mqtt-exporter]:[Topic: temp_c] b'31.5'
INFO:[mqtt-exporter]:[Topic: temp_F] b'88.7'
DEBUG:[mqtt-exporter]:Serial: temp_c=31.25
DEBUG:[mqtt-exporter]:Serial: temp_F=88.25
INFO:[mqtt-exporter]:[Topic: temp_c] b'31.25'
INFO:[mqtt-exporter]:[Topic: temp_F] b'88.25'
DEBUG:[mqtt-exporter]:Serial: temp_c=31.50
INFO:[mqtt-exporter]:[Topic: temp_c] b'31.5'
DEBUG:[mqtt-exporter]:Serial: temp_F=88.70
INFO:[mqtt-exporter]:[Topic: temp_F] b'88.7'
DEBUG:[mqtt-exporter]:Serial: temp_c=31.50
INFO:[mqtt-exporter]:[Topic: temp_c] b'31.5'
DEBUG:[mqtt-exporter]:Serial: temp_F=88.70
INFO:[mqtt-exporter]:[Topic: temp_F] b'88.7'
DEBUG:[mqtt-exporter]:Serial: temp_c=31.25
DEBUG:[mqtt-exporter]:Serial: temp_F=88.25
INFO:[mqtt-exporter]:[Topic: temp_c] b'31.25'
INFO:[mqtt-exporter]:[Topic: temp_F] b'88.25'
DEBUG:[mqtt-exporter]:Serial: temp_c=31.50
DEBUG:[mqtt-exporter]:Serial: temp_F=88.70
INFO:[mqtt-exporter]:[Topic: temp_c] b'31.5'
INFO:[mqtt-exporter]:[Topic: temp_F] b'88.7'
DEBUG:[mqtt-exporter]:Serial: temp_c=31.50
INFO:[mqtt-exporter]:[Topic: temp_c] b'31.5'
DEBUG:[mqtt-exporter]:Serial: temp_F=88.70
INFO:[mqtt-exporter]:[Topic: temp_F] b'88.7'
DEBUG:[mqtt-exporter]:Serial: temp_c=31.25
DEBUG:[mqtt-exporter]:Serial: temp_F=88.25
INFO:[mqtt-exporter]:[Topic: temp_c] b'31.25'
INFO:[mqtt-exporter]:[Topic: temp_F] b'88.25'
DEBUG:[mqtt-exporter]:Serial: temp_c=31.50
DEBUG:[mqtt-exporter]:Serial: temp_F=88.70
INFO:[mqtt-exporter]:[Topic: temp_c] b'31.5'
INFO:[mqtt-exporter]:[Topic: temp_F] b'88.7'
DEBUG:[mqtt-exporter]:Serial: temp_c=31.50
DEBUG:[mqtt-exporter]:Serial: temp_F=88.70
INFO:[mqtt-exporter]:[Topic: temp_c] b'31.5'
INFO:[mqtt-exporter]:[Topic: temp_F] b'88.7'
DEBUG:[mqtt-exporter]:Serial: temp_c=31.50
INFO:[mqtt-exporter]:[Topic: temp_c] b'31.5'
DEBUG:[mqtt-exporter]:Serial: temp_F=88.70
INFO:[mqtt-exporter]:[Topic: temp_F] b'88.7'
DEBUG:[mqtt-exporter]:Serial: temp_c=31.50
INFO:[mqtt-exporter]:[Topic: temp_c] b'31.5'
DEBUG:[mqtt-exporter]:Serial: temp_F=88.70
INFO:[mqtt-exporter]:[Topic: temp_F] b'88.7'
DEBUG:[mqtt-exporter]:Serial: temp_c=31.50
DEBUG:[mqtt-exporter]:Serial: temp_F=88.70
INFO:[mqtt-exporter]:[Topic: temp_c] b'31.5'
INFO:[mqtt-exporter]:[Topic: temp_F] b'88.7'
DEBUG:[mqtt-exporter]:Serial: temp_c=31.50
DEBUG:[mqtt-exporter]:Serial: temp_F=88.70
INFO:[mqtt-exporter]:[Topic: temp_c] b'31.5'
INFO:[mqtt-exporter]:[Topic: temp_F] b'88.7'
DEBUG:[mqtt-exporter]:Serial: temp_c=31.50
DEBUG:[mqtt-exporter]:Serial: temp_F=88.70
INFO:[mqtt-exporter]:[Topic: temp_c] b'31.5'
INFO:[mqtt-exporter]:[Topic: temp_F] b'88.7'
DEBUG:[mqtt-exporter]:Serial: temp_c=31.50
DEBUG:[mqtt-exporter]:Serial: temp_F=88.70
INFO:[mqtt-exporter]:[Topic: temp_c] b'31.5'
INFO:[mqtt-exporter]:[Topic: temp_F] b'88.7'
DEBUG:[mqtt-exporter]:Serial: temp_c=31.50
INFO:[mqtt-exporter]:[Topic: temp_c] b'31.5'
DEBUG:[mqtt-exporter]:Serial: temp_F=88.70
INFO:[mqtt-exporter]:[Topic: temp_F] b'88.7'
DEBUG:[mqtt-exporter]:Serial: temp_c=31.50
INFO:[mqtt-exporter]:[Topic: temp_c] b'31.5'
DEBUG:[mqtt-exporter]:Serial: temp_F=88.70
INFO:[mqtt-exporter]:[Topic: temp_F] b'88.7'
DEBUG:[mqtt-exporter]:Serial: temp_c=31.50
INFO:[mqtt-exporter]:[Topic: temp_c] b'31.5'
DEBUG:[mqtt-exporter]:Serial: temp_F=88.70
INFO:[mqtt-exporter]:[Topic: temp_F] b'88.7'
DEBUG:[mqtt-exporter]:Serial: temp_c=31.50
INFO:[mqtt-exporter]:[Topic: temp_c] b'31.5'
DEBUG:[mqtt-exporter]:Serial: temp_F=88.70
INFO:[mqtt-exporter]:[Topic: temp_F] b'88.7'
DEBUG:[mqtt-exporter]:Serial: temp_c=31.50
INFO:[mqtt-exporter]:[Topic: temp_c] b'31.5'
DEBUG:[mqtt-exporter]:Serial: temp_F=88.70
INFO:[mqtt-exporter]:[Topic: temp_F] b'88.7'
DEBUG:[mqtt-exporter]:Serial: temp_c=31.50
INFO:[mqtt-exporter]:[Topic: temp_c] b'31.5'
DEBUG:[mqtt-exporter]:Serial: temp_F=88.70
INFO:[mqtt-exporter]:[Topic: temp_F] b'88.7'
DEBUG:[mqtt-exporter]:Serial: temp_c=31.50
INFO:[mqtt-exporter]:[Topic: temp_c] b'31.5'
DEBUG:[mqtt-exporter]:Serial: temp_F=88.70
INFO:[mqtt-exporter]:[Topic: temp_F] b'88.7'
DEBUG:[mqtt-exporter]:Serial: temp_c=31.50
INFO:[mqtt-exporter]:[Topic: temp_c] b'31.5'
DEBUG:[mqtt-exporter]:Serial: temp_F=88.70
INFO:[mqtt-exporter]:[Topic: temp_F] b'88.7'
DEBUG:[mqtt-exporter]:Serial: temp_c=31.25
INFO:[mqtt-exporter]:[Topic: temp_c] b'31.25'
DEBUG:[mqtt-exporter]:Serial: temp_F=88.25
INFO:[mqtt-exporter]:[Topic: temp_F] b'88.25'
DEBUG:[mqtt-exporter]:Serial: temp_c=31.25
INFO:[mqtt-exporter]:[Topic: temp_c] b'31.25'
DEBUG:[mqtt-exporter]:Serial: temp_F=88.25
INFO:[mqtt-exporter]:[Topic: temp_F] b'88.25'
DEBUG:[mqtt-exporter]:Serial: temp_c=31.50
DEBUG:[mqtt-exporter]:Serial: temp_F=88.70
INFO:[mqtt-exporter]:[Topic: temp_c] b'31.5'
INFO:[mqtt-exporter]:[Topic: temp_F] b'88.7'
DEBUG:[mqtt-exporter]:Serial: temp_c=31.25
INFO:[mqtt-exporter]:[Topic: temp_c] b'31.25'
DEBUG:[mqtt-exporter]:Serial: temp_F=88.25
INFO:[mqtt-exporter]:[Topic: temp_F] b'88.25'
DEBUG:[mqtt-exporter]:Serial: temp_c=31.25
DEBUG:[mqtt-exporter]:Serial: temp_F=88.25
INFO:[mqtt-exporter]:[Topic: temp_c] b'31.25'
INFO:[mqtt-exporter]:[Topic: temp_F] b'88.25'
DEBUG:[mqtt-exporter]:Serial: temp_c=31.50
DEBUG:[mqtt-exporter]:Serial: temp_F=88.70
INFO:[mqtt-exporter]:[Topic: temp_c] b'31.5'
INFO:[mqtt-exporter]:[Topic: temp_F] b'88.7'
DEBUG:[mqtt-exporter]:Serial: temp_c=31.50
INFO:[mqtt-exporter]:[Topic: temp_c] b'31.5'
DEBUG:[mqtt-exporter]:Serial: temp_F=88.70
INFO:[mqtt-exporter]:[Topic: temp_F] b'88.7'
DEBUG:[mqtt-exporter]:Serial: temp_c=31.25
INFO:[mqtt-exporter]:[Topic: temp_c] b'31.25'
DEBUG:[mqtt-exporter]:Serial: temp_F=88.25
INFO:[mqtt-exporter]:[Topic: temp_F] b'88.25'
DEBUG:[mqtt-exporter]:Serial: temp_c=31.25
INFO:[mqtt-exporter]:[Topic: temp_c] b'31.25'
DEBUG:[mqtt-exporter]:Serial: temp_F=88.25
INFO:[mqtt-exporter]:[Topic: temp_F] b'88.25'
DEBUG:[mqtt-exporter]:Serial: temp_c=31.25
INFO:[mqtt-exporter]:[Topic: temp_c] b'31.25'
DEBUG:[mqtt-exporter]:Serial: temp_F=88.25
INFO:[mqtt-exporter]:[Topic: temp_F] b'88.25'
DEBUG:[mqtt-exporter]:Serial: temp_c=31.25
INFO:[mqtt-exporter]:[Topic: temp_c] b'31.25'
DEBUG:[mqtt-exporter]:Serial: temp_F=88.25
INFO:[mqtt-exporter]:[Topic: temp_F] b'88.25'
DEBUG:[mqtt-exporter]:Serial: temp_c=31.25
INFO:[mqtt-exporter]:[Topic: temp_c] b'31.25'
DEBUG:[mqtt-exporter]:Serial: temp_F=88.25
INFO:[mqtt-exporter]:[Topic: temp_F] b'88.25'
DEBUG:[mqtt-exporter]:Serial: temp_c=31.25
INFO:[mqtt-exporter]:[Topic: temp_c] b'31.25'
DEBUG:[mqtt-exporter]:Serial: temp_F=88.25
INFO:[mqtt-exporter]:[Topic: temp_F] b'88.25'
DEBUG:[mqtt-exporter]:Serial: temp_c=31.25
INFO:[mqtt-exporter]:[Topic: temp_c] b'31.25'
DEBUG:[mqtt-exporter]:Serial: temp_F=88.25
INFO:[mqtt-exporter]:[Topic: temp_F] b'88.25'
DEBUG:[mqtt-exporter]:Serial: temp_c=31.25
INFO:[mqtt-exporter]:[Topic: temp_c] b'31.25'
DEBUG:[mqtt-exporter]:Serial: temp_F=88.25
INFO:[mqtt-exporter]:[Topic: temp_F] b'88.25'
DEBUG:[mqtt-exporter]:Serial: temp_c=31.25
DEBUG:[mqtt-exporter]:Serial: temp_F=88.25
INFO:[mqtt-exporter]:[Topic: temp_c] b'31.25'
INFO:[mqtt-exporter]:[Topic: temp_F] b'88.25'
DEBUG:[mqtt-exporter]:Serial: temp_c=31.25
DEBUG:[mqtt-exporter]:Serial: temp_F=88.25
INFO:[mqtt-exporter]:[Topic: temp_c] b'31.25'
INFO:[mqtt-exporter]:[Topic: temp_F] b'88.25'
DEBUG:[mqtt-exporter]:Serial: temp_c=31.25
DEBUG:[mqtt-exporter]:Serial: temp_F=88.25
INFO:[mqtt-exporter]:[Topic: temp_c] b'31.25'
INFO:[mqtt-exporter]:[Topic: temp_F] b'88.25'
DEBUG:[mqtt-exporter]:Serial: temp_c=31.25
INFO:[mqtt-exporter]:[Topic: temp_c] b'31.25'
DEBUG:[mqtt-exporter]:Serial: temp_F=88.25
INFO:[mqtt-exporter]:[Topic: temp_F] b'88.25'
DEBUG:[mqtt-exporter]:Serial: temp_c=31.25
DEBUG:[mqtt-exporter]:Serial: temp_F=88.25
INFO:[mqtt-exporter]:[Topic: temp_c] b'31.25'
INFO:[mqtt-exporter]:[Topic: temp_F] b'88.25'
DEBUG:[mqtt-exporter]:Serial: temp_c=31.25
INFO:[mqtt-exporter]:[Topic: temp_c] b'31.25'
DEBUG:[mqtt-exporter]:Serial: temp_F=88.25
INFO:[mqtt-exporter]:[Topic: temp_F] b'88.25'
DEBUG:[mqtt-exporter]:Serial: temp_c=31.25
DEBUG:[mqtt-exporter]:Serial: temp_F=88.25
INFO:[mqtt-exporter]:[Topic: temp_c] b'31.25'
INFO:[mqtt-exporter]:[Topic: temp_F] b'88.25'
DEBUG:[mqtt-exporter]:Serial: temp_c=31.25
INFO:[mqtt-exporter]:[Topic: temp_c] b'31.25'
DEBUG:[mqtt-exporter]:Serial: temp_F=88.25
INFO:[mqtt-exporter]:[Topic: temp_F] b'88.25'
DEBUG:[mqtt-exporter]:Serial: temp_c=31.25
INFO:[mqtt-exporter]:[Topic: temp_c] b'31.25'
DEBUG:[mqtt-exporter]:Serial: temp_F=88.25
INFO:[mqtt-exporter]:[Topic: temp_F] b'88.25'
DEBUG:[mqtt-exporter]:Serial: temp_c=31.25
DEBUG:[mqtt-exporter]:Serial: temp_F=88.25
INFO:[mqtt-exporter]:[Topic: temp_c] b'31.25'
INFO:[mqtt-exporter]:[Topic: temp_F] b'88.25'
DEBUG:[mqtt-exporter]:Serial: temp_c=31.25
DEBUG:[mqtt-exporter]:Serial: temp_F=88.25
INFO:[mqtt-exporter]:[Topic: temp_c] b'31.25'
INFO:[mqtt-exporter]:[Topic: temp_F] b'88.25'
DEBUG:[mqtt-exporter]:Serial: temp_c=31.00
INFO:[mqtt-exporter]:[Topic: temp_c] b'31.0'
DEBUG:[mqtt-exporter]:Serial: temp_F=87.80
INFO:[mqtt-exporter]:[Topic: temp_F] b'87.8'
DEBUG:[mqtt-exporter]:Serial: temp_c=31.25
INFO:[mqtt-exporter]:[Topic: temp_c] b'31.25'
DEBUG:[mqtt-exporter]:Serial: temp_F=88.25
INFO:[mqtt-exporter]:[Topic: temp_F] b'88.25'
DEBUG:[mqtt-exporter]:Serial: temp_c=31.00
DEBUG:[mqtt-exporter]:Serial: temp_F=87.80
INFO:[mqtt-exporter]:[Topic: temp_c] b'31.0'
INFO:[mqtt-exporter]:[Topic: temp_F] b'87.8'
DEBUG:[mqtt-exporter]:Serial: temp_c=31.25
INFO:[mqtt-exporter]:[Topic: temp_c] b'31.25'
DEBUG:[mqtt-exporter]:Serial: temp_F=88.25
INFO:[mqtt-exporter]:[Topic: temp_F] b'88.25'
DEBUG:[mqtt-exporter]:Serial: temp_c=31.25
INFO:[mqtt-exporter]:[Topic: temp_c] b'31.25'
DEBUG:[mqtt-exporter]:Serial: temp_F=88.25
INFO:[mqtt-exporter]:[Topic: temp_F] b'88.25'
DEBUG:[mqtt-exporter]:Serial: temp_c=31.00
DEBUG:[mqtt-exporter]:Serial: temp_F=87.80
INFO:[mqtt-exporter]:[Topic: temp_c] b'31.0'
INFO:[mqtt-exporter]:[Topic: temp_F] b'87.8'
DEBUG:[mqtt-exporter]:Serial: temp_c=31.25
DEBUG:[mqtt-exporter]:Serial: temp_F=88.25
INFO:[mqtt-exporter]:[Topic: temp_c] b'31.25'
INFO:[mqtt-exporter]:[Topic: temp_F] b'88.25'
DEBUG:[mqtt-exporter]:Serial: temp_c=31.00
INFO:[mqtt-exporter]:[Topic: temp_c] b'31.0'
DEBUG:[mqtt-exporter]:Serial: temp_F=87.80
INFO:[mqtt-exporter]:[Topic: temp_F] b'87.8'
DEBUG:[mqtt-exporter]:Serial: temp_c=31.25
DEBUG:[mqtt-exporter]:Serial: temp_F=88.25
INFO:[mqtt-exporter]:[Topic: temp_c] b'31.25'
INFO:[mqtt-exporter]:[Topic: temp_F] b'88.25'
DEBUG:[mqtt-exporter]:Serial: temp_c=31.00
DEBUG:[mqtt-exporter]:Serial: temp_F=87.80
INFO:[mqtt-exporter]:[Topic: temp_c] b'31.0'
INFO:[mqtt-exporter]:[Topic: temp_F] b'87.8'
DEBUG:[mqtt-exporter]:Serial: temp_c=31.00
INFO:[mqtt-exporter]:[Topic: temp_c] b'31.0'
DEBUG:[mqtt-exporter]:Serial: temp_F=87.80
INFO:[mqtt-exporter]:[Topic: temp_F] b'87.8'
DEBUG:[mqtt-exporter]:Serial: temp_c=31.25
DEBUG:[mqtt-exporter]:Serial: temp_F=88.25
INFO:[mqtt-exporter]:[Topic: temp_c] b'31.25'
INFO:[mqtt-exporter]:[Topic: temp_F] b'88.25'
DEBUG:[mqtt-exporter]:Serial: temp_c=31.00
INFO:[mqtt-exporter]:[Topic: temp_c] b'31.0'
DEBUG:[mqtt-exporter]:Serial: temp_F=87.80
INFO:[mqtt-exporter]:[Topic: temp_F] b'87.8'
DEBUG:[mqtt-exporter]:Serial: temp_c=31.00
DEBUG:[mqtt-exporter]:Serial: temp_F=87.80
INFO:[mqtt-exporter]:[Topic: temp_c] b'31.0'
INFO:[mqtt-exporter]:[Topic: temp_F] b'87.8'
DEBUG:[mqtt-exporter]:Serial: temp_c=31.00
DEBUG:[mqtt-exporter]:Serial: temp_F=87.80
INFO:[mqtt-exporter]:[Topic: temp_c] b'31.0'
INFO:[mqtt-exporter]:[Topic: temp_F] b'87.8'
DEBUG:[mqtt-exporter]:Serial: temp_c=31.00
INFO:[mqtt-exporter]:[Topic: temp_c] b'31.0'
DEBUG:[mqtt-exporter]:Serial: temp_F=87.80
INFO:[mqtt-exporter]:[Topic: temp_F] b'87.8'
DEBUG:[mqtt-exporter]:Serial: temp_c=31.00
DEBUG:[mqtt-exporter]:Serial: temp_F=87.80
INFO:[mqtt-exporter]:[Topic: temp_c] b'31.0'
INFO:[mqtt-exporter]:[Topic: temp_F] b'87.8'
DEBUG:[mqtt-exporter]:Serial: temp_c=31.00
INFO:[mqtt-exporter]:[Topic: temp_c] b'31.0'
DEBUG:[mqtt-exporter]:Serial: temp_F=87.80
INFO:[mqtt-exporter]:[Topic: temp_F] b'87.8'
DEBUG:[mqtt-exporter]:Serial: temp_c=31.00
INFO:[mqtt-exporter]:[Topic: temp_c] b'31.0'
DEBUG:[mqtt-exporter]:Serial: temp_F=87.80
INFO:[mqtt-exporter]:[Topic: temp_F] b'87.8'
DEBUG:[mqtt-exporter]:Serial: temp_c=31.25
INFO:[mqtt-exporter]:[Topic: temp_c] b'31.25'
DEBUG:[mqtt-exporter]:Serial: temp_F=88.25
INFO:[mqtt-exporter]:[Topic: temp_F] b'88.25'
DEBUG:[mqtt-exporter]:Serial: temp_c=31.25
INFO:[mqtt-exporter]:[Topic: temp_c] b'31.25'
DEBUG:[mqtt-exporter]:Serial: temp_F=88.25
INFO:[mqtt-exporter]:[Topic: temp_F] b'88.25'
DEBUG:[mqtt-exporter]:Serial: temp_c=31.00
INFO:[mqtt-exporter]:[Topic: temp_c] b'31.0'
DEBUG:[mqtt-exporter]:Serial: temp_F=87.80
INFO:[mqtt-exporter]:[Topic: temp_F] b'87.8'
DEBUG:[mqtt-exporter]:Serial: temp_c=31.00
DEBUG:[mqtt-exporter]:Serial: temp_F=87.80
INFO:[mqtt-exporter]:[Topic: temp_c] b'31.0'
INFO:[mqtt-exporter]:[Topic: temp_F] b'87.8'
DEBUG:[mqtt-exporter]:Serial: temp_c=31.00
INFO:[mqtt-exporter]:[Topic: temp_c] b'31.0'
DEBUG:[mqtt-exporter]:Serial: temp_F=87.80
INFO:[mqtt-exporter]:[Topic: temp_F] b'87.8'
DEBUG:[mqtt-exporter]:Serial: temp_c=31.00
INFO:[mqtt-exporter]:[Topic: temp_c] b'31.0'
DEBUG:[mqtt-exporter]:Serial: temp_F=87.80
INFO:[mqtt-exporter]:[Topic: temp_F] b'87.8'
DEBUG:[mqtt-exporter]:Serial: temp_c=31.00
INFO:[mqtt-exporter]:[Topic: temp_c] b'31.0'
DEBUG:[mqtt-exporter]:Serial: temp_F=87.80
INFO:[mqtt-exporter]:[Topic: temp_F] b'87.8'
DEBUG:[mqtt-exporter]:Serial: temp_c=31.00
DEBUG:[mqtt-exporter]:Serial: temp_F=87.80
INFO:[mqtt-exporter]:[Topic: temp_c] b'31.0'
INFO:[mqtt-exporter]:[Topic: temp_F] b'87.8'
DEBUG:[mqtt-exporter]:Serial: temp_c=31.00
INFO:[mqtt-exporter]:[Topic: temp_c] b'31.0'
DEBUG:[mqtt-exporter]:Serial: temp_F=87.80
INFO:[mqtt-exporter]:[Topic: temp_F] b'87.8'
DEBUG:[mqtt-exporter]:Serial: temp_c=31.00
DEBUG:[mqtt-exporter]:Serial: temp_F=87.80
INFO:[mqtt-exporter]:[Topic: temp_c] b'31.0'
INFO:[mqtt-exporter]:[Topic: temp_F] b'87.8'
DEBUG:[mqtt-exporter]:Serial: temp_c=31.00
INFO:[mqtt-exporter]:[Topic: temp_c] b'31.0'
DEBUG:[mqtt-exporter]:Serial: temp_F=87.80
INFO:[mqtt-exporter]:[Topic: temp_F] b'87.8'
DEBUG:[mqtt-exporter]:Serial: temp_c=31.00
DEBUG:[mqtt-exporter]:Serial: temp_F=87.80
INFO:[mqtt-exporter]:[Topic: temp_c] b'31.0'
INFO:[mqtt-exporter]:[Topic: temp_F] b'87.8'
DEBUG:[mqtt-exporter]:Serial: temp_c=31.00
INFO:[mqtt-exporter]:[Topic: temp_c] b'31.0'
DEBUG:[mqtt-exporter]:Serial: temp_F=87.80
INFO:[mqtt-exporter]:[Topic: temp_F] b'87.8'
DEBUG:[mqtt-exporter]:Serial: temp_c=31.00
INFO:[mqtt-exporter]:[Topic: temp_c] b'31.0'
DEBUG:[mqtt-exporter]:Serial: temp_F=87.80
INFO:[mqtt-exporter]:[Topic: temp_F] b'87.8'
DEBUG:[mqtt-exporter]:Serial: temp_c=31.00
INFO:[mqtt-exporter]:[Topic: temp_c] b'31.0'
DEBUG:[mqtt-exporter]:Serial: temp_F=87.80
INFO:[mqtt-exporter]:[Topic: temp_F] b'87.8'
DEBUG:[mqtt-exporter]:Serial: temp_c=31.00
INFO:[mqtt-exporter]:[Topic: temp_c] b'31.0'
DEBUG:[mqtt-exporter]:Serial: temp_F=87.80
INFO:[mqtt-exporter]:[Topic: temp_F] b'87.8'
DEBUG:[mqtt-exporter]:Serial: temp_c=31.00
INFO:[mqtt-exporter]:[Topic: temp_c] b'31.0'
DEBUG:[mqtt-exporter]:Serial: temp_F=87.80
INFO:[mqtt-exporter]:[Topic: temp_F] b'87.8'
DEBUG:[mqtt-exporter]:Serial: temp_c=31.00
INFO:[mqtt-exporter]:[Topic: temp_c] b'31.0'
DEBUG:[mqtt-exporter]:Serial: temp_F=87.80
INFO:[mqtt-exporter]:[Topic: temp_F] b'87.8'
DEBUG:[mqtt-exporter]:Serial: temp_c=31.00
DEBUG:[mqtt-exporter]:Serial: temp_F=87.80
INFO:[mqtt-exporter]:[Topic: temp_c] b'31.0'
INFO:[mqtt-exporter]:[Topic: temp_F] b'87.8'
DEBUG:[mqtt-exporter]:Serial: temp_c=31.00
INFO:[mqtt-exporter]:[Topic: temp_c] b'31.0'
DEBUG:[mqtt-exporter]:Serial: temp_F=87.80
INFO:[mqtt-exporter]:[Topic: temp_F] b'87.8'
DEBUG:[mqtt-exporter]:Serial: temp_c=31.00
DEBUG:[mqtt-exporter]:Serial: temp_F=87.80
INFO:[mqtt-exporter]:[Topic: temp_c] b'31.0'
INFO:[mqtt-exporter]:[Topic: temp_F] b'87.8'
DEBUG:[mqtt-exporter]:Serial: temp_c=31.00
DEBUG:[mqtt-exporter]:Serial: temp_F=87.80
INFO:[mqtt-exporter]:[Topic: temp_c] b'31.0'
INFO:[mqtt-exporter]:[Topic: temp_F] b'87.8'
DEBUG:[mqtt-exporter]:Serial: temp_c=31.00
DEBUG:[mqtt-exporter]:Serial: temp_F=87.80
INFO:[mqtt-exporter]:[Topic: temp_c] b'31.0'
INFO:[mqtt-exporter]:[Topic: temp_F] b'87.8'
DEBUG:[mqtt-exporter]:Serial: temp_c=31.00
INFO:[mqtt-exporter]:[Topic: temp_c] b'31.0'
DEBUG:[mqtt-exporter]:Serial: temp_F=87.80
INFO:[mqtt-exporter]:[Topic: temp_F] b'87.8'
DEBUG:[mqtt-exporter]:Serial: temp_c=30.75
INFO:[mqtt-exporter]:[Topic: temp_c] b'30.75'
DEBUG:[mqtt-exporter]:Serial: temp_F=87.35
INFO:[mqtt-exporter]:[Topic: temp_F] b'87.35'
DEBUG:[mqtt-exporter]:Serial: temp_c=31.00
INFO:[mqtt-exporter]:[Topic: temp_c] b'31.0'
DEBUG:[mqtt-exporter]:Serial: temp_F=87.80
INFO:[mqtt-exporter]:[Topic: temp_F] b'87.8'
DEBUG:[mqtt-exporter]:Serial: temp_c=30.75
INFO:[mqtt-exporter]:[Topic: temp_c] b'30.75'
DEBUG:[mqtt-exporter]:Serial: temp_F=87.35
INFO:[mqtt-exporter]:[Topic: temp_F] b'87.35'
DEBUG:[mqtt-exporter]:Serial: temp_c=31.00
INFO:[mqtt-exporter]:[Topic: temp_c] b'31.0'
DEBUG:[mqtt-exporter]:Serial: temp_F=87.80
INFO:[mqtt-exporter]:[Topic: temp_F] b'87.8'
DEBUG:[mqtt-exporter]:Serial: temp_c=30.75
DEBUG:[mqtt-exporter]:Serial: temp_F=87.35
INFO:[mqtt-exporter]:[Topic: temp_c] b'30.75'
INFO:[mqtt-exporter]:[Topic: temp_F] b'87.35'
DEBUG:[mqtt-exporter]:Serial: temp_c=31.00
INFO:[mqtt-exporter]:[Topic: temp_c] b'31.0'
DEBUG:[mqtt-exporter]:Serial: temp_F=87.80
INFO:[mqtt-exporter]:[Topic: temp_F] b'87.8'
DEBUG:[mqtt-exporter]:Serial: temp_c=31.00
DEBUG:[mqtt-exporter]:Serial: temp_F=87.80
INFO:[mqtt-exporter]:[Topic: temp_c] b'31.0'
INFO:[mqtt-exporter]:[Topic: temp_F] b'87.8'
DEBUG:[mqtt-exporter]:Serial: temp_c=30.75
DEBUG:[mqtt-exporter]:Serial: temp_F=87.35
INFO:[mqtt-exporter]:[Topic: temp_c] b'30.75'
INFO:[mqtt-exporter]:[Topic: temp_F] b'87.35'
DEBUG:[mqtt-exporter]:Serial: temp_c=30.75
DEBUG:[mqtt-exporter]:Serial: temp_F=87.35
INFO:[mqtt-exporter]:[Topic: temp_c] b'30.75'
INFO:[mqtt-exporter]:[Topic: temp_F] b'87.35'
DEBUG:[mqtt-exporter]:Serial: temp_c=31.00
INFO:[mqtt-exporter]:[Topic: temp_c] b'31.0'
DEBUG:[mqtt-exporter]:Serial: temp_F=87.80
INFO:[mqtt-exporter]:[Topic: temp_F] b'87.8'
DEBUG:[mqtt-exporter]:Serial: temp_c=30.75
INFO:[mqtt-exporter]:[Topic: temp_c] b'30.75'
DEBUG:[mqtt-exporter]:Serial: temp_F=87.35
INFO:[mqtt-exporter]:[Topic: temp_F] b'87.35'
DEBUG:[mqtt-exporter]:Serial: temp_c=30.75
INFO:[mqtt-exporter]:[Topic: temp_c] b'30.75'
DEBUG:[mqtt-exporter]:Serial: temp_F=87.35
INFO:[mqtt-exporter]:[Topic: temp_F] b'87.35'
DEBUG:[mqtt-exporter]:Serial: temp_c=31.00
INFO:[mqtt-exporter]:[Topic: temp_c] b'31.0'
DEBUG:[mqtt-exporter]:Serial: temp_F=87.80
INFO:[mqtt-exporter]:[Topic: temp_F] b'87.8'
DEBUG:[mqtt-exporter]:Serial: temp_c=31.00
INFO:[mqtt-exporter]:[Topic: temp_c] b'31.0'
DEBUG:[mqtt-exporter]:Serial: temp_F=87.80
INFO:[mqtt-exporter]:[Topic: temp_F] b'87.8'
DEBUG:[mqtt-exporter]:Serial: temp_c=31.00
INFO:[mqtt-exporter]:[Topic: temp_c] b'31.0'
DEBUG:[mqtt-exporter]:Serial: temp_F=87.80
INFO:[mqtt-exporter]:[Topic: temp_F] b'87.8'
DEBUG:[mqtt-exporter]:Serial: temp_c=31.00
INFO:[mqtt-exporter]:[Topic: temp_c] b'31.0'
DEBUG:[mqtt-exporter]:Serial: temp_F=87.80
INFO:[mqtt-exporter]:[Topic: temp_F] b'87.8'
DEBUG:[mqtt-exporter]:Serial: temp_c=31.00
DEBUG:[mqtt-exporter]:Serial: temp_F=87.80
INFO:[mqtt-exporter]:[Topic: temp_c] b'31.0'
INFO:[mqtt-exporter]:[Topic: temp_F] b'87.8'
DEBUG:[mqtt-exporter]:Serial: temp_c=31.00
DEBUG:[mqtt-exporter]:Serial: temp_F=87.80
INFO:[mqtt-exporter]:[Topic: temp_c] b'31.0'
INFO:[mqtt-exporter]:[Topic: temp_F] b'87.8'
DEBUG:[mqtt-exporter]:Serial: temp_c=31.00
DEBUG:[mqtt-exporter]:Serial: temp_F=87.80
INFO:[mqtt-exporter]:[Topic: temp_c] b'31.0'
INFO:[mqtt-exporter]:[Topic: temp_F] b'87.8'
DEBUG:[mqtt-exporter]:Serial: temp_c=31.00
DEBUG:[mqtt-exporter]:Serial: temp_F=87.80
INFO:[mqtt-exporter]:[Topic: temp_c] b'31.0'
INFO:[mqtt-exporter]:[Topic: temp_F] b'87.8'
DEBUG:[mqtt-exporter]:Serial: temp_c=31.00
DEBUG:[mqtt-exporter]:Serial: temp_F=87.80
INFO:[mqtt-exporter]:[Topic: temp_c] b'31.0'
INFO:[mqtt-exporter]:[Topic: temp_F] b'87.8'
DEBUG:[mqtt-exporter]:Serial: temp_c=31.00
DEBUG:[mqtt-exporter]:Serial: temp_F=87.80
INFO:[mqtt-exporter]:[Topic: temp_c] b'31.0'
INFO:[mqtt-exporter]:[Topic: temp_F] b'87.8'
DEBUG:[mqtt-exporter]:Serial: temp_c=31.00
INFO:[mqtt-exporter]:[Topic: temp_c] b'31.0'
DEBUG:[mqtt-exporter]:Serial: temp_F=87.80
INFO:[mqtt-exporter]:[Topic: temp_F] b'87.8'
DEBUG:[mqtt-exporter]:Serial: temp_c=31.00
INFO:[mqtt-exporter]:[Topic: temp_c] b'31.0'
DEBUG:[mqtt-exporter]:Serial: temp_F=87.80
INFO:[mqtt-exporter]:[Topic: temp_F] b'87.8'
DEBUG:[mqtt-exporter]:Serial: temp_c=31.00
DEBUG:[mqtt-exporter]:Serial: temp_F=87.80
INFO:[mqtt-exporter]:[Topic: temp_c] b'31.0'
INFO:[mqtt-exporter]:[Topic: temp_F] b'87.8'
DEBUG:[mqtt-exporter]:Serial: temp_c=31.00
INFO:[mqtt-exporter]:[Topic: temp_c] b'31.0'
DEBUG:[mqtt-exporter]:Serial: temp_F=87.80
INFO:[mqtt-exporter]:[Topic: temp_F] b'87.8'
DEBUG:[mqtt-exporter]:Serial: temp_c=31.00
DEBUG:[mqtt-exporter]:Serial: temp_F=87.80
INFO:[mqtt-exporter]:[Topic: temp_c] b'31.0'
INFO:[mqtt-exporter]:[Topic: temp_F] b'87.8'
DEBUG:[mqtt-exporter]:Serial: temp_c=31.00
DEBUG:[mqtt-exporter]:Serial: temp_F=87.80
INFO:[mqtt-exporter]:[Topic: temp_c] b'31.0'
INFO:[mqtt-exporter]:[Topic: temp_F] b'87.8'
DEBUG:[mqtt-exporter]:Serial: temp_c=31.00
DEBUG:[mqtt-exporter]:Serial: temp_F=87.80
INFO:[mqtt-exporter]:[Topic: temp_c] b'31.0'
INFO:[mqtt-exporter]:[Topic: temp_F] b'87.8'
DEBUG:[mqtt-exporter]:Serial: temp_c=31.00
INFO:[mqtt-exporter]:[Topic: temp_c] b'31.0'
DEBUG:[mqtt-exporter]:Serial: temp_F=87.80
INFO:[mqtt-exporter]:[Topic: temp_F] b'87.8'
DEBUG:[mqtt-exporter]:Serial: temp_c=31.00
INFO:[mqtt-exporter]:[Topic: temp_c] b'31.0'
DEBUG:[mqtt-exporter]:Serial: temp_F=87.80
INFO:[mqtt-exporter]:[Topic: temp_F] b'87.8'
DEBUG:[mqtt-exporter]:Serial: temp_c=31.00
INFO:[mqtt-exporter]:[Topic: temp_c] b'31.0'
DEBUG:[mqtt-exporter]:Serial: temp_F=87.80
INFO:[mqtt-exporter]:[Topic: temp_F] b'87.8'
DEBUG:[mqtt-exporter]:Serial: temp_c=31.00
INFO:[mqtt-exporter]:[Topic: temp_c] b'31.0'
DEBUG:[mqtt-exporter]:Serial: temp_F=87.80
INFO:[mqtt-exporter]:[Topic: temp_F] b'87.8'
DEBUG:[mqtt-exporter]:Serial: temp_c=31.00
INFO:[mqtt-exporter]:[Topic: temp_c] b'31.0'
DEBUG:[mqtt-exporter]:Serial: temp_F=87.80
INFO:[mqtt-exporter]:[Topic: temp_F] b'87.8'
DEBUG:[mqtt-exporter]:Serial: temp_c=31.00
INFO:[mqtt-exporter]:[Topic: temp_c] b'31.0'
DEBUG:[mqtt-exporter]:Serial: temp_F=87.80
INFO:[mqtt-exporter]:[Topic: temp_F] b'87.8'
DEBUG:[mqtt-exporter]:Serial: temp_c=31.00
INFO:[mqtt-exporter]:[Topic: temp_c] b'31.0'
DEBUG:[mqtt-exporter]:Serial: temp_F=87.80
INFO:[mqtt-exporter]:[Topic: temp_F] b'87.8'
DEBUG:[mqtt-exporter]:Serial: temp_c=31.00
INFO:[mqtt-exporter]:[Topic: temp_c] b'31.0'
DEBUG:[mqtt-exporter]:Serial: temp_F=87.80
INFO:[mqtt-exporter]:[Topic: temp_F] b'87.8'
DEBUG:[mqtt-exporter]:Serial: temp_c=31.00
INFO:[mqtt-exporter]:[Topic: temp_c] b'31.0'
DEBUG:[mqtt-exporter]:Serial: temp_F=87.80
INFO:[mqtt-exporter]:[Topic: temp_F] b'87.8'
DEBUG:[mqtt-exporter]:Serial: temp_c=31.00
DEBUG:[mqtt-exporter]:Serial: temp_F=87.80
INFO:[mqtt-exporter]:[Topic: temp_c] b'31.0'
INFO:[mqtt-exporter]:[Topic: temp_F] b'87.8'
DEBUG:[mqtt-exporter]:Serial: temp_c=31.00
INFO:[mqtt-exporter]:[Topic: temp_c] b'31.0'
DEBUG:[mqtt-exporter]:Serial: temp_F=87.80
INFO:[mqtt-exporter]:[Topic: temp_F] b'87.8'
DEBUG:[mqtt-exporter]:Serial: temp_c=31.00
INFO:[mqtt-exporter]:[Topic: temp_c] b'31.0'
DEBUG:[mqtt-exporter]:Serial: temp_F=87.80
INFO:[mqtt-exporter]:[Topic: temp_F] b'87.8'
DEBUG:[mqtt-exporter]:Serial: temp_c=31.25
INFO:[mqtt-exporter]:[Topic: temp_c] b'31.25'
DEBUG:[mqtt-exporter]:Serial: temp_F=88.25
INFO:[mqtt-exporter]:[Topic: temp_F] b'88.25'
DEBUG:[mqtt-exporter]:Serial: temp_c=31.00
DEBUG:[mqtt-exporter]:Serial: temp_F=87.80
INFO:[mqtt-exporter]:[Topic: temp_c] b'31.0'
INFO:[mqtt-exporter]:[Topic: temp_F] b'87.8'
DEBUG:[mqtt-exporter]:Serial: temp_c=31.00
INFO:[mqtt-exporter]:[Topic: temp_c] b'31.0'
DEBUG:[mqtt-exporter]:Serial: temp_F=87.80
INFO:[mqtt-exporter]:[Topic: temp_F] b'87.8'
DEBUG:[mqtt-exporter]:Serial: temp_c=31.00
INFO:[mqtt-exporter]:[Topic: temp_c] b'31.0'
DEBUG:[mqtt-exporter]:Serial: temp_F=87.80
INFO:[mqtt-exporter]:[Topic: temp_F] b'87.8'
DEBUG:[mqtt-exporter]:Serial: temp_c=31.00
INFO:[mqtt-exporter]:[Topic: temp_c] b'31.0'
DEBUG:[mqtt-exporter]:Serial: temp_F=87.80
INFO:[mqtt-exporter]:[Topic: temp_F] b'87.8'
DEBUG:[mqtt-exporter]:Serial: temp_c=31.00
INFO:[mqtt-exporter]:[Topic: temp_c] b'31.0'
DEBUG:[mqtt-exporter]:Serial: temp_F=87.80
INFO:[mqtt-exporter]:[Topic: temp_F] b'87.8'
DEBUG:[mqtt-exporter]:Serial: temp_c=31.00
INFO:[mqtt-exporter]:[Topic: temp_c] b'31.0'
DEBUG:[mqtt-exporter]:Serial: temp_F=87.80
INFO:[mqtt-exporter]:[Topic: temp_F] b'87.8'
DEBUG:[mqtt-exporter]:Serial: temp_c=31.00
DEBUG:[mqtt-exporter]:Serial: temp_F=87.80
INFO:[mqtt-exporter]:[Topic: temp_c] b'31.0'
INFO:[mqtt-exporter]:[Topic: temp_F] b'87.8'
DEBUG:[mqtt-exporter]:Serial: temp_c=31.00
INFO:[mqtt-exporter]:[Topic: temp_c] b'31.0'
DEBUG:[mqtt-exporter]:Serial: temp_F=87.80
INFO:[mqtt-exporter]:[Topic: temp_F] b'87.8'
DEBUG:[mqtt-exporter]:Serial: temp_c=31.00
INFO:[mqtt-exporter]:[Topic: temp_c] b'31.0'
DEBUG:[mqtt-exporter]:Serial: temp_F=87.80
INFO:[mqtt-exporter]:[Topic: temp_F] b'87.8'
DEBUG:[mqtt-exporter]:Serial: temp_c=31.00
INFO:[mqtt-exporter]:[Topic: temp_c] b'31.0'
DEBUG:[mqtt-exporter]:Serial: temp_F=87.80
INFO:[mqtt-exporter]:[Topic: temp_F] b'87.8'
DEBUG:[mqtt-exporter]:Serial: temp_c=31.00
INFO:[mqtt-exporter]:[Topic: temp_c] b'31.0'
DEBUG:[mqtt-exporter]:Serial: temp_F=87.80
INFO:[mqtt-exporter]:[Topic: temp_F] b'87.8'
DEBUG:[mqtt-exporter]:Serial: temp_c=31.00
INFO:[mqtt-exporter]:[Topic: temp_c] b'31.0'
DEBUG:[mqtt-exporter]:Serial: temp_F=87.80
INFO:[mqtt-exporter]:[Topic: temp_F] b'87.8'
DEBUG:[mqtt-exporter]:Serial: temp_c=31.00
INFO:[mqtt-exporter]:[Topic: temp_c] b'31.0'
DEBUG:[mqtt-exporter]:Serial: temp_F=87.80
INFO:[mqtt-exporter]:[Topic: temp_F] b'87.8'
DEBUG:[mqtt-exporter]:Serial: temp_c=31.00
INFO:[mqtt-exporter]:[Topic: temp_c] b'31.0'
DEBUG:[mqtt-exporter]:Serial: temp_F=87.80
INFO:[mqtt-exporter]:[Topic: temp_F] b'87.8'
DEBUG:[mqtt-exporter]:Serial: temp_c=31.00
INFO:[mqtt-exporter]:[Topic: temp_c] b'31.0'
DEBUG:[mqtt-exporter]:Serial: temp_F=87.80
INFO:[mqtt-exporter]:[Topic: temp_F] b'87.8'
DEBUG:[mqtt-exporter]:Serial: temp_c=31.00
INFO:[mqtt-exporter]:[Topic: temp_c] b'31.0'
DEBUG:[mqtt-exporter]:Serial: temp_F=87.80
INFO:[mqtt-exporter]:[Topic: temp_F] b'87.8'
DEBUG:[mqtt-exporter]:Serial: temp_c=31.00
INFO:[mqtt-exporter]:[Topic: temp_c] b'31.0'
DEBUG:[mqtt-exporter]:Serial: temp_F=87.80
INFO:[mqtt-exporter]:[Topic: temp_F] b'87.8'
DEBUG:[mqtt-exporter]:Serial: temp_c=31.00
DEBUG:[mqtt-exporter]:Serial: temp_F=87.80
INFO:[mqtt-exporter]:[Topic: temp_c] b'31.0'
INFO:[mqtt-exporter]:[Topic: temp_F] b'87.8'
DEBUG:[mqtt-exporter]:Serial: temp_c=31.00
DEBUG:[mqtt-exporter]:Serial: temp_F=87.80
INFO:[mqtt-exporter]:[Topic: temp_c] b'31.0'
INFO:[mqtt-exporter]:[Topic: temp_F] b'87.8'
DEBUG:[mqtt-exporter]:Serial: temp_c=31.00
DEBUG:[mqtt-exporter]:Serial: temp_F=87.80
INFO:[mqtt-exporter]:[Topic: temp_c] b'31.0'
INFO:[mqtt-exporter]:[Topic: temp_F] b'87.8'
DEBUG:[mqtt-exporter]:Serial: temp_c=31.00
DEBUG:[mqtt-exporter]:Serial: temp_F=87.80
INFO:[mqtt-exporter]:[Topic: temp_c] b'31.0'
INFO:[mqtt-exporter]:[Topic: temp_F] b'87.8'
DEBUG:[mqtt-exporter]:Serial: temp_c=31.25
INFO:[mqtt-exporter]:[Topic: temp_c] b'31.25'
DEBUG:[mqtt-exporter]:Serial: temp_F=88.25
INFO:[mqtt-exporter]:[Topic: temp_F] b'88.25'
DEBUG:[mqtt-exporter]:Serial: temp_c=31.00
DEBUG:[mqtt-exporter]:Serial: temp_F=87.80
INFO:[mqtt-exporter]:[Topic: temp_c] b'31.0'
INFO:[mqtt-exporter]:[Topic: temp_F] b'87.8'
DEBUG:[mqtt-exporter]:Serial: temp_c=31.25
INFO:[mqtt-exporter]:[Topic: temp_c] b'31.25'
DEBUG:[mqtt-exporter]:Serial: temp_F=88.25
INFO:[mqtt-exporter]:[Topic: temp_F] b'88.25'
DEBUG:[mqtt-exporter]:Serial: temp_c=31.00
DEBUG:[mqtt-exporter]:Serial: temp_F=87.80
INFO:[mqtt-exporter]:[Topic: temp_c] b'31.0'
INFO:[mqtt-exporter]:[Topic: temp_F] b'87.8'
DEBUG:[mqtt-exporter]:Serial: temp_c=31.25
INFO:[mqtt-exporter]:[Topic: temp_c] b'31.25'
DEBUG:[mqtt-exporter]:Serial: temp_F=88.25
INFO:[mqtt-exporter]:[Topic: temp_F] b'88.25'
DEBUG:[mqtt-exporter]:Serial: temp_c=31.25
INFO:[mqtt-exporter]:[Topic: temp_c] b'31.25'
DEBUG:[mqtt-exporter]:Serial: temp_F=88.25
INFO:[mqtt-exporter]:[Topic: temp_F] b'88.25'
DEBUG:[mqtt-exporter]:Serial: temp_c=31.00
INFO:[mqtt-exporter]:[Topic: temp_c] b'31.0'
DEBUG:[mqtt-exporter]:Serial: temp_F=87.80
INFO:[mqtt-exporter]:[Topic: temp_F] b'87.8'
DEBUG:[mqtt-exporter]:Serial: temp_c=31.00
INFO:[mqtt-exporter]:[Topic: temp_c] b'31.0'
DEBUG:[mqtt-exporter]:Serial: temp_F=87.80
INFO:[mqtt-exporter]:[Topic: temp_F] b'87.8'
DEBUG:[mqtt-exporter]:Serial: temp_c=31.25
INFO:[mqtt-exporter]:[Topic: temp_c] b'31.25'
DEBUG:[mqtt-exporter]:Serial: temp_F=88.25
INFO:[mqtt-exporter]:[Topic: temp_F] b'88.25'
DEBUG:[mqtt-exporter]:Serial: temp_c=31.00
INFO:[mqtt-exporter]:[Topic: temp_c] b'31.0'
DEBUG:[mqtt-exporter]:Serial: temp_F=87.80
INFO:[mqtt-exporter]:[Topic: temp_F] b'87.8'
DEBUG:[mqtt-exporter]:Serial: temp_c=31.00
INFO:[mqtt-exporter]:[Topic: temp_c] b'31.0'
DEBUG:[mqtt-exporter]:Serial: temp_F=87.80
INFO:[mqtt-exporter]:[Topic: temp_F] b'87.8'
DEBUG:[mqtt-exporter]:Serial: temp_c=31.00
DEBUG:[mqtt-exporter]:Serial: temp_F=87.80
INFO:[mqtt-exporter]:[Topic: temp_c] b'31.0'
INFO:[mqtt-exporter]:[Topic: temp_F] b'87.8'
DEBUG:[mqtt-exporter]:Serial: temp_c=31.00
DEBUG:[mqtt-exporter]:Serial: temp_F=87.80
INFO:[mqtt-exporter]:[Topic: temp_c] b'31.0'
INFO:[mqtt-exporter]:[Topic: temp_F] b'87.8'
DEBUG:[mqtt-exporter]:Serial: temp_c=31.00
INFO:[mqtt-exporter]:[Topic: temp_c] b'31.0'
DEBUG:[mqtt-exporter]:Serial: temp_F=87.80
INFO:[mqtt-exporter]:[Topic: temp_F] b'87.8'
DEBUG:[mqtt-exporter]:Serial: temp_c=31.00
DEBUG:[mqtt-exporter]:Serial: temp_F=87.80
INFO:[mqtt-exporter]:[Topic: temp_c] b'31.0'
INFO:[mqtt-exporter]:[Topic: temp_F] b'87.8'
DEBUG:[mqtt-exporter]:Serial: temp_c=31.00
DEBUG:[mqtt-exporter]:Serial: temp_F=87.80
INFO:[mqtt-exporter]:[Topic: temp_c] b'31.0'
INFO:[mqtt-exporter]:[Topic: temp_F] b'87.8'
DEBUG:[mqtt-exporter]:Serial: temp_c=31.00
DEBUG:[mqtt-exporter]:Serial: temp_F=87.80
INFO:[mqtt-exporter]:[Topic: temp_c] b'31.0'
INFO:[mqtt-exporter]:[Topic: temp_F] b'87.8'
DEBUG:[mqtt-exporter]:Serial: temp_c=31.00
INFO:[mqtt-exporter]:[Topic: temp_c] b'31.0'
DEBUG:[mqtt-exporter]:Serial: temp_F=87.80
INFO:[mqtt-exporter]:[Topic: temp_F] b'87.8'
DEBUG:[mqtt-exporter]:Serial: temp_c=31.00
INFO:[mqtt-exporter]:[Topic: temp_c] b'31.0'
DEBUG:[mqtt-exporter]:Serial: temp_F=87.80
INFO:[mqtt-exporter]:[Topic: temp_F] b'87.8'
DEBUG:[mqtt-exporter]:Serial: temp_c=31.00
INFO:[mqtt-exporter]:[Topic: temp_c] b'31.0'
DEBUG:[mqtt-exporter]:Serial: temp_F=87.80
INFO:[mqtt-exporter]:[Topic: temp_F] b'87.8'
DEBUG:[mqtt-exporter]:Serial: temp_c=31.00
INFO:[mqtt-exporter]:[Topic: temp_c] b'31.0'
DEBUG:[mqtt-exporter]:Serial: temp_F=87.80
INFO:[mqtt-exporter]:[Topic: temp_F] b'87.8'
DEBUG:[mqtt-exporter]:Serial: temp_c=31.00
INFO:[mqtt-exporter]:[Topic: temp_c] b'31.0'
DEBUG:[mqtt-exporter]:Serial: temp_F=87.80
INFO:[mqtt-exporter]:[Topic: temp_F] b'87.8'
DEBUG:[mqtt-exporter]:Serial: temp_c=31.00
DEBUG:[mqtt-exporter]:Serial: temp_F=87.80
INFO:[mqtt-exporter]:[Topic: temp_c] b'31.0'
INFO:[mqtt-exporter]:[Topic: temp_F] b'87.8'
DEBUG:[mqtt-exporter]:Serial: temp_c=31.00
DEBUG:[mqtt-exporter]:Serial: temp_F=87.80
INFO:[mqtt-exporter]:[Topic: temp_c] b'31.0'
INFO:[mqtt-exporter]:[Topic: temp_F] b'87.8'
DEBUG:[mqtt-exporter]:Serial: temp_c=31.00
INFO:[mqtt-exporter]:[Topic: temp_c] b'31.0'
DEBUG:[mqtt-exporter]:Serial: temp_F=87.80
INFO:[mqtt-exporter]:[Topic: temp_F] b'87.8'
DEBUG:[mqtt-exporter]:Serial: temp_c=31.00
DEBUG:[mqtt-exporter]:Serial: temp_F=87.80
DEBUG:[mqtt-exporter]:Serial: temp_c=31.00
DEBUG:[mqtt-exporter]:Serial: temp_F=87.80
DEBUG:[mqtt-exporter]:Serial: temp_c=31.00
DEBUG:[mqtt-exporter]:Serial: temp_F=87.80
DEBUG:[mqtt-exporter]:Serial: temp_c=31.00
DEBUG:[mqtt-exporter]:Serial: temp_F=87.80
DEBUG:[mqtt-exporter]:Serial: temp_c=31.00
DEBUG:[mqtt-exporter]:Serial: temp_F=87.80
DEBUG:[mqtt-exporter]:Serial: temp_c=31.00
DEBUG:[mqtt-exporter]:Serial: temp_F=87.80
DEBUG:[mqtt-exporter]:Serial: temp_c=31.00
DEBUG:[mqtt-exporter]:Serial: temp_F=87.80
DEBUG:[mqtt-exporter]:Serial: temp_c=31.00
DEBUG:[mqtt-exporter]:Serial: temp_F=87.80
DEBUG:[mqtt-exporter]:Serial: temp_c=31.00
DEBUG:[mqtt-exporter]:Serial: temp_F=87.80
DEBUG:[mqtt-exporter]:Serial: temp_c=31.00
DEBUG:[mqtt-exporter]:Serial: temp_F=87.80
DEBUG:[mqtt-exporter]:Serial: temp_c=31.00
DEBUG:[mqtt-exporter]:Serial: temp_F=87.80
DEBUG:[mqtt-exporter]:Serial: temp_c=31.00
DEBUG:[mqtt-exporter]:Serial: temp_F=87.80
DEBUG:[mqtt-exporter]:Serial: temp_c=31.00
DEBUG:[mqtt-exporter]:Serial: temp_F=87.80
DEBUG:[mqtt-exporter]:Serial: temp_c=31.00
DEBUG:[mqtt-exporter]:Serial: temp_F=87.80
DEBUG:[mqtt-exporter]:Serial: temp_c=31.00
DEBUG:[mqtt-exporter]:Serial: temp_F=87.80
DEBUG:[mqtt-exporter]:Serial: temp_c=31.00
DEBUG:[mqtt-exporter]:Serial: temp_F=87.80
DEBUG:[mqtt-exporter]:Serial: temp_c=31.00
DEBUG:[mqtt-exporter]:Serial: temp_F=87.80
DEBUG:[mqtt-exporter]:Serial: temp_c=31.00
DEBUG:[mqtt-exporter]:Serial: temp_F=87.80
DEBUG:[mqtt-exporter]:Serial: temp_c=31.00
DEBUG:[mqtt-exporter]:Serial: temp_F=87.80
DEBUG:[mqtt-exporter]:Serial: temp_c=31.00
DEBUG:[mqtt-exporter]:Serial: temp_F=87.80
DEBUG:[mqtt-exporter]:Serial: temp_c=31.00
DEBUG:[mqtt-exporter]:Serial: temp_F=87.80
DEBUG:[mqtt-exporter]:Serial: temp_c=30.75
DEBUG:[mqtt-exporter]:Serial: temp_F=87.35
DEBUG:[mqtt-exporter]:Serial: temp_c=30.75
DEBUG:[mqtt-exporter]:Serial: temp_F=87.35
DEBUG:[mqtt-exporter]:Serial: temp_c=30.75
DEBUG:[mqtt-exporter]:Serial: temp_F=87.35
DEBUG:[mqtt-exporter]:Serial: temp_c=31.00
DEBUG:[mqtt-exporter]:Serial: temp_F=87.80
DEBUG:[mqtt-exporter]:Serial: temp_c=30.75
DEBUG:[mqtt-exporter]:Serial: temp_F=87.35
DEBUG:[mqtt-exporter]:Serial: temp_c=30.75
DEBUG:[mqtt-exporter]:Serial: temp_F=87.35
DEBUG:[mqtt-exporter]:Serial: temp_c=30.75
DEBUG:[mqtt-exporter]:Serial: temp_F=87.35
DEBUG:[mqtt-exporter]:Serial: temp_c=30.75
DEBUG:[mqtt-exporter]:Serial: temp_F=87.35
DEBUG:[mqtt-exporter]:Serial: temp_c=30.75
DEBUG:[mqtt-exporter]:Serial: temp_F=87.35
DEBUG:[mqtt-exporter]:Serial: temp_c=30.75
DEBUG:[mqtt-exporter]:Serial: temp_F=87.35
DEBUG:[mqtt-exporter]:Serial: temp_c=30.75
DEBUG:[mqtt-exporter]:Serial: temp_F=87.35
DEBUG:[mqtt-exporter]:Serial: temp_c=30.75
DEBUG:[mqtt-exporter]:Serial: temp_F=87.35
DEBUG:[mqtt-exporter]:Serial: temp_c=30.75
DEBUG:[mqtt-exporter]:Serial: temp_F=87.35
DEBUG:[mqtt-exporter]:Serial: temp_c=30.75
DEBUG:[mqtt-exporter]:Serial: temp_F=87.35
DEBUG:[mqtt-exporter]:Serial: temp_c=30.75
DEBUG:[mqtt-exporter]:Serial: temp_F=87.35
DEBUG:[mqtt-exporter]:Serial: temp_c=30.75
DEBUG:[mqtt-exporter]:Serial: temp_F=87.35
DEBUG:[mqtt-exporter]:Serial: temp_c=30.75
DEBUG:[mqtt-exporter]:Serial: temp_F=87.35
DEBUG:[mqtt-exporter]:Serial: temp_c=30.75
DEBUG:[mqtt-exporter]:Serial: temp_F=87.35
DEBUG:[mqtt-exporter]:Serial: temp_c=30.75
DEBUG:[mqtt-exporter]:Serial: temp_F=87.35
DEBUG:[mqtt-exporter]:Serial: temp_c=30.50
DEBUG:[mqtt-exporter]:Serial: temp_F=86.90
DEBUG:[mqtt-exporter]:Serial: temp_c=30.75
DEBUG:[mqtt-exporter]:Serial: temp_F=87.35
DEBUG:[mqtt-exporter]:Serial: temp_c=30.75
DEBUG:[mqtt-exporter]:Serial: temp_F=87.35
DEBUG:[mqtt-exporter]:Serial: temp_c=30.75
DEBUG:[mqtt-exporter]:Serial: temp_F=87.35
INFO:[mqtt-exporter]:[Topic: temp_c] b'31.0'
INFO:[mqtt-exporter]:[Topic: temp_F] b'87.8'
INFO:[mqtt-exporter]:[Topic: temp_c] b'31.0'
INFO:[mqtt-exporter]:[Topic: temp_F] b'87.8'
INFO:[mqtt-exporter]:[Topic: temp_c] b'31.0'
INFO:[mqtt-exporter]:[Topic: temp_F] b'87.8'
INFO:[mqtt-exporter]:[Topic: temp_c] b'31.0'
INFO:[mqtt-exporter]:[Topic: temp_F] b'87.8'
INFO:[mqtt-exporter]:[Topic: temp_c] b'31.0'
INFO:[mqtt-exporter]:[Topic: temp_F] b'87.8'
INFO:[mqtt-exporter]:[Topic: temp_c] b'31.0'
INFO:[mqtt-exporter]:[Topic: temp_F] b'87.8'
INFO:[mqtt-exporter]:[Topic: temp_c] b'31.0'
INFO:[mqtt-exporter]:[Topic: temp_F] b'87.8'
INFO:[mqtt-exporter]:[Topic: temp_c] b'31.0'
INFO:[mqtt-exporter]:[Topic: temp_F] b'87.8'
INFO:[mqtt-exporter]:[Topic: temp_c] b'31.0'
INFO:[mqtt-exporter]:[Topic: temp_F] b'87.8'
INFO:[mqtt-exporter]:[Topic: temp_c] b'31.0'
INFO:[mqtt-exporter]:[Topic: temp_F] b'87.8'
INFO:[mqtt-exporter]:[Topic: temp_c] b'31.0'
INFO:[mqtt-exporter]:[Topic: temp_F] b'87.8'
INFO:[mqtt-exporter]:[Topic: temp_c] b'31.0'
INFO:[mqtt-exporter]:[Topic: temp_F] b'87.8'
INFO:[mqtt-exporter]:[Topic: temp_c] b'31.0'
INFO:[mqtt-exporter]:[Topic: temp_F] b'87.8'
INFO:[mqtt-exporter]:[Topic: temp_c] b'31.0'
INFO:[mqtt-exporter]:[Topic: temp_F] b'87.8'
INFO:[mqtt-exporter]:[Topic: temp_c] b'31.0'
INFO:[mqtt-exporter]:[Topic: temp_F] b'87.8'
INFO:[mqtt-exporter]:[Topic: temp_c] b'31.0'
INFO:[mqtt-exporter]:[Topic: temp_F] b'87.8'
INFO:[mqtt-exporter]:[Topic: temp_c] b'31.0'
INFO:[mqtt-exporter]:[Topic: temp_F] b'87.8'
INFO:[mqtt-exporter]:[Topic: temp_c] b'31.0'
INFO:[mqtt-exporter]:[Topic: temp_F] b'87.8'
INFO:[mqtt-exporter]:[Topic: temp_c] b'31.0'
INFO:[mqtt-exporter]:[Topic: temp_F] b'87.8'
INFO:[mqtt-exporter]:[Topic: temp_c] b'31.0'
INFO:[mqtt-exporter]:[Topic: temp_F] b'87.8'
INFO:[mqtt-exporter]:[Topic: temp_c] b'31.0'
INFO:[mqtt-exporter]:[Topic: temp_F] b'87.8'
INFO:[mqtt-exporter]:[Topic: temp_c] b'30.75'
INFO:[mqtt-exporter]:[Topic: temp_F] b'87.35'
INFO:[mqtt-exporter]:[Topic: temp_c] b'30.75'
INFO:[mqtt-exporter]:[Topic: temp_F] b'87.35'
INFO:[mqtt-exporter]:[Topic: temp_c] b'30.75'
INFO:[mqtt-exporter]:[Topic: temp_F] b'87.35'
INFO:[mqtt-exporter]:[Topic: temp_c] b'31.0'
INFO:[mqtt-exporter]:[Topic: temp_F] b'87.8'
INFO:[mqtt-exporter]:[Topic: temp_c] b'30.75'
INFO:[mqtt-exporter]:[Topic: temp_F] b'87.35'
INFO:[mqtt-exporter]:[Topic: temp_c] b'30.75'
INFO:[mqtt-exporter]:[Topic: temp_F] b'87.35'
INFO:[mqtt-exporter]:[Topic: temp_c] b'30.75'
INFO:[mqtt-exporter]:[Topic: temp_F] b'87.35'
INFO:[mqtt-exporter]:[Topic: temp_c] b'30.75'
INFO:[mqtt-exporter]:[Topic: temp_F] b'87.35'
INFO:[mqtt-exporter]:[Topic: temp_c] b'30.75'
INFO:[mqtt-exporter]:[Topic: temp_F] b'87.35'
INFO:[mqtt-exporter]:[Topic: temp_c] b'30.75'
INFO:[mqtt-exporter]:[Topic: temp_F] b'87.35'
INFO:[mqtt-exporter]:[Topic: temp_c] b'30.75'
INFO:[mqtt-exporter]:[Topic: temp_F] b'87.35'
INFO:[mqtt-exporter]:[Topic: temp_c] b'30.75'
INFO:[mqtt-exporter]:[Topic: temp_F] b'87.35'
INFO:[mqtt-exporter]:[Topic: temp_c] b'30.75'
INFO:[mqtt-exporter]:[Topic: temp_F] b'87.35'
INFO:[mqtt-exporter]:[Topic: temp_c] b'30.75'
INFO:[mqtt-exporter]:[Topic: temp_F] b'87.35'
INFO:[mqtt-exporter]:[Topic: temp_c] b'30.75'
INFO:[mqtt-exporter]:[Topic: temp_F] b'87.35'
INFO:[mqtt-exporter]:[Topic: temp_c] b'30.75'
INFO:[mqtt-exporter]:[Topic: temp_F] b'87.35'
INFO:[mqtt-exporter]:[Topic: temp_c] b'30.75'
INFO:[mqtt-exporter]:[Topic: temp_F] b'87.35'
INFO:[mqtt-exporter]:[Topic: temp_c] b'30.75'
INFO:[mqtt-exporter]:[Topic: temp_F] b'87.35'
INFO:[mqtt-exporter]:[Topic: temp_c] b'30.75'
INFO:[mqtt-exporter]:[Topic: temp_F] b'87.35'
INFO:[mqtt-exporter]:[Topic: temp_c] b'30.5'
INFO:[mqtt-exporter]:[Topic: temp_F] b'86.9'
INFO:[mqtt-exporter]:[Topic: temp_c] b'30.75'
INFO:[mqtt-exporter]:[Topic: temp_F] b'87.35'
INFO:[mqtt-exporter]:[Topic: temp_c] b'30.75'
INFO:[mqtt-exporter]:[Topic: temp_F] b'87.35'
INFO:[mqtt-exporter]:[Topic: temp_c] b'30.75'
INFO:[mqtt-exporter]:[Topic: temp_F] b'87.35'
DEBUG:[mqtt-exporter]:Serial: temp_c=30.75
DEBUG:[mqtt-exporter]:Serial: temp_F=87.35
INFO:[mqtt-exporter]:[Topic: temp_c] b'30.75'
INFO:[mqtt-exporter]:[Topic: temp_F] b'87.35'
DEBUG:[mqtt-exporter]:Serial: temp_c=30.75
INFO:[mqtt-exporter]:[Topic: temp_c] b'30.75'
DEBUG:[mqtt-exporter]:Serial: temp_F=87.35
INFO:[mqtt-exporter]:[Topic: temp_F] b'87.35'
DEBUG:[mqtt-exporter]:Serial: temp_c=30.75
INFO:[mqtt-exporter]:[Topic: temp_c] b'30.75'
DEBUG:[mqtt-exporter]:Serial: temp_F=87.35
INFO:[mqtt-exporter]:[Topic: temp_F] b'87.35'
DEBUG:[mqtt-exporter]:Serial: temp_c=30.75
INFO:[mqtt-exporter]:[Topic: temp_c] b'30.75'
DEBUG:[mqtt-exporter]:Serial: temp_F=87.35
INFO:[mqtt-exporter]:[Topic: temp_F] b'87.35'
DEBUG:[mqtt-exporter]:Serial: temp_c=30.75
INFO:[mqtt-exporter]:[Topic: temp_c] b'30.75'
DEBUG:[mqtt-exporter]:Serial: temp_F=87.35
INFO:[mqtt-exporter]:[Topic: temp_F] b'87.35'
DEBUG:[mqtt-exporter]:Serial: temp_c=30.75
INFO:[mqtt-exporter]:[Topic: temp_c] b'30.75'
DEBUG:[mqtt-exporter]:Serial: temp_F=87.35
INFO:[mqtt-exporter]:[Topic: temp_F] b'87.35'
DEBUG:[mqtt-exporter]:Serial: temp_c=30.75
DEBUG:[mqtt-exporter]:Serial: temp_F=87.35
INFO:[mqtt-exporter]:[Topic: temp_c] b'30.75'
INFO:[mqtt-exporter]:[Topic: temp_F] b'87.35'
DEBUG:[mqtt-exporter]:Serial: temp_c=30.75
INFO:[mqtt-exporter]:[Topic: temp_c] b'30.75'
DEBUG:[mqtt-exporter]:Serial: temp_F=87.35
INFO:[mqtt-exporter]:[Topic: temp_F] b'87.35'
DEBUG:[mqtt-exporter]:Serial: temp_c=30.50
DEBUG:[mqtt-exporter]:Serial: temp_F=86.90
INFO:[mqtt-exporter]:[Topic: temp_c] b'30.5'
INFO:[mqtt-exporter]:[Topic: temp_F] b'86.9'
DEBUG:[mqtt-exporter]:Serial: temp_c=30.75
DEBUG:[mqtt-exporter]:Serial: temp_F=87.35
INFO:[mqtt-exporter]:[Topic: temp_c] b'30.75'
INFO:[mqtt-exporter]:[Topic: temp_F] b'87.35'
DEBUG:[mqtt-exporter]:Serial: temp_c=30.75
INFO:[mqtt-exporter]:[Topic: temp_c] b'30.75'
DEBUG:[mqtt-exporter]:Serial: temp_F=87.35
INFO:[mqtt-exporter]:[Topic: temp_F] b'87.35'
DEBUG:[mqtt-exporter]:Serial: temp_c=30.75
INFO:[mqtt-exporter]:[Topic: temp_c] b'30.75'
DEBUG:[mqtt-exporter]:Serial: temp_F=87.35
INFO:[mqtt-exporter]:[Topic: temp_F] b'87.35'
DEBUG:[mqtt-exporter]:Serial: temp_c=30.50
DEBUG:[mqtt-exporter]:Serial: temp_F=86.90
INFO:[mqtt-exporter]:[Topic: temp_c] b'30.5'
INFO:[mqtt-exporter]:[Topic: temp_F] b'86.9'
DEBUG:[mqtt-exporter]:Serial: temp_c=30.75
DEBUG:[mqtt-exporter]:Serial: temp_F=87.35
INFO:[mqtt-exporter]:[Topic: temp_c] b'30.75'
INFO:[mqtt-exporter]:[Topic: temp_F] b'87.35'
DEBUG:[mqtt-exporter]:Serial: temp_c=30.75
INFO:[mqtt-exporter]:[Topic: temp_c] b'30.75'
DEBUG:[mqtt-exporter]:Serial: temp_F=87.35
INFO:[mqtt-exporter]:[Topic: temp_F] b'87.35'
DEBUG:[mqtt-exporter]:Serial: temp_c=30.75
INFO:[mqtt-exporter]:[Topic: temp_c] b'30.75'
DEBUG:[mqtt-exporter]:Serial: temp_F=87.35
INFO:[mqtt-exporter]:[Topic: temp_F] b'87.35'
DEBUG:[mqtt-exporter]:Serial: temp_c=30.75
DEBUG:[mqtt-exporter]:Serial: temp_F=87.35
INFO:[mqtt-exporter]:[Topic: temp_c] b'30.75'
INFO:[mqtt-exporter]:[Topic: temp_F] b'87.35'
DEBUG:[mqtt-exporter]:Serial: temp_c=30.75
DEBUG:[mqtt-exporter]:Serial: temp_F=87.35
INFO:[mqtt-exporter]:[Topic: temp_c] b'30.75'
INFO:[mqtt-exporter]:[Topic: temp_F] b'87.35'
DEBUG:[mqtt-exporter]:Serial: temp_c=30.75
INFO:[mqtt-exporter]:[Topic: temp_c] b'30.75'
DEBUG:[mqtt-exporter]:Serial: temp_F=87.35
INFO:[mqtt-exporter]:[Topic: temp_F] b'87.35'
DEBUG:[mqtt-exporter]:Serial: temp_c=30.75
DEBUG:[mqtt-exporter]:Serial: temp_F=87.35
INFO:[mqtt-exporter]:[Topic: temp_c] b'30.75'
INFO:[mqtt-exporter]:[Topic: temp_F] b'87.35'
DEBUG:[mqtt-exporter]:Serial: temp_c=30.75
INFO:[mqtt-exporter]:[Topic: temp_c] b'30.75'
DEBUG:[mqtt-exporter]:Serial: temp_F=87.35
INFO:[mqtt-exporter]:[Topic: temp_F] b'87.35'
DEBUG:[mqtt-exporter]:Serial: temp_c=30.75
DEBUG:[mqtt-exporter]:Serial: temp_F=87.35
INFO:[mqtt-exporter]:[Topic: temp_c] b'30.75'
INFO:[mqtt-exporter]:[Topic: temp_F] b'87.35'
DEBUG:[mqtt-exporter]:Serial: temp_c=30.75
DEBUG:[mqtt-exporter]:Serial: temp_F=87.35
INFO:[mqtt-exporter]:[Topic: temp_c] b'30.75'
INFO:[mqtt-exporter]:[Topic: temp_F] b'87.35'
DEBUG:[mqtt-exporter]:Serial: temp_c=30.75
INFO:[mqtt-exporter]:[Topic: temp_c] b'30.75'
DEBUG:[mqtt-exporter]:Serial: temp_F=87.35
INFO:[mqtt-exporter]:[Topic: temp_F] b'87.35'
DEBUG:[mqtt-exporter]:Serial: temp_c=30.75
INFO:[mqtt-exporter]:[Topic: temp_c] b'30.75'
DEBUG:[mqtt-exporter]:Serial: temp_F=87.35
INFO:[mqtt-exporter]:[Topic: temp_F] b'87.35'
DEBUG:[mqtt-exporter]:Serial: temp_c=30.75
DEBUG:[mqtt-exporter]:Serial: temp_F=87.35
INFO:[mqtt-exporter]:[Topic: temp_c] b'30.75'
INFO:[mqtt-exporter]:[Topic: temp_F] b'87.35'
DEBUG:[mqtt-exporter]:Serial: temp_c=30.75
DEBUG:[mqtt-exporter]:Serial: temp_F=87.35
INFO:[mqtt-exporter]:[Topic: temp_c] b'30.75'
INFO:[mqtt-exporter]:[Topic: temp_F] b'87.35'
DEBUG:[mqtt-exporter]:Serial: temp_c=31.00
INFO:[mqtt-exporter]:[Topic: temp_c] b'31.0'
DEBUG:[mqtt-exporter]:Serial: temp_F=87.80
INFO:[mqtt-exporter]:[Topic: temp_F] b'87.8'
DEBUG:[mqtt-exporter]:Serial: temp_c=30.75
DEBUG:[mqtt-exporter]:Serial: temp_F=87.35
INFO:[mqtt-exporter]:[Topic: temp_c] b'30.75'
INFO:[mqtt-exporter]:[Topic: temp_F] b'87.35'
DEBUG:[mqtt-exporter]:Serial: temp_c=30.75
INFO:[mqtt-exporter]:[Topic: temp_c] b'30.75'
DEBUG:[mqtt-exporter]:Serial: temp_F=87.35
INFO:[mqtt-exporter]:[Topic: temp_F] b'87.35'
DEBUG:[mqtt-exporter]:Serial: temp_c=30.75
DEBUG:[mqtt-exporter]:Serial: temp_F=87.35
INFO:[mqtt-exporter]:[Topic: temp_c] b'30.75'
INFO:[mqtt-exporter]:[Topic: temp_F] b'87.35'
DEBUG:[mqtt-exporter]:Serial: temp_c=30.75
INFO:[mqtt-exporter]:[Topic: temp_c] b'30.75'
DEBUG:[mqtt-exporter]:Serial: temp_F=87.35
INFO:[mqtt-exporter]:[Topic: temp_F] b'87.35'
DEBUG:[mqtt-exporter]:Serial: temp_c=30.75
DEBUG:[mqtt-exporter]:Serial: temp_F=87.35
INFO:[mqtt-exporter]:[Topic: temp_c] b'30.75'
INFO:[mqtt-exporter]:[Topic: temp_F] b'87.35'
DEBUG:[mqtt-exporter]:Serial: temp_c=30.75
INFO:[mqtt-exporter]:[Topic: temp_c] b'30.75'
DEBUG:[mqtt-exporter]:Serial: temp_F=87.35
INFO:[mqtt-exporter]:[Topic: temp_F] b'87.35'
DEBUG:[mqtt-exporter]:Serial: temp_c=30.75
DEBUG:[mqtt-exporter]:Serial: temp_F=87.35
INFO:[mqtt-exporter]:[Topic: temp_c] b'30.75'
INFO:[mqtt-exporter]:[Topic: temp_F] b'87.35'
DEBUG:[mqtt-exporter]:Serial: temp_c=30.75
DEBUG:[mqtt-exporter]:Serial: temp_F=87.35
INFO:[mqtt-exporter]:[Topic: temp_c] b'30.75'
INFO:[mqtt-exporter]:[Topic: temp_F] b'87.35'
DEBUG:[mqtt-exporter]:Serial: temp_c=30.75
INFO:[mqtt-exporter]:[Topic: temp_c] b'30.75'
DEBUG:[mqtt-exporter]:Serial: temp_F=87.35
INFO:[mqtt-exporter]:[Topic: temp_F] b'87.35'
DEBUG:[mqtt-exporter]:Serial: temp_c=30.75
DEBUG:[mqtt-exporter]:Serial: temp_F=87.35
INFO:[mqtt-exporter]:[Topic: temp_c] b'30.75'
INFO:[mqtt-exporter]:[Topic: temp_F] b'87.35'
DEBUG:[mqtt-exporter]:Serial: temp_c=30.75
INFO:[mqtt-exporter]:[Topic: temp_c] b'30.75'
DEBUG:[mqtt-exporter]:Serial: temp_F=87.35
INFO:[mqtt-exporter]:[Topic: temp_F] b'87.35'
DEBUG:[mqtt-exporter]:Serial: temp_c=30.75
INFO:[mqtt-exporter]:[Topic: temp_c] b'30.75'
DEBUG:[mqtt-exporter]:Serial: temp_F=87.35
INFO:[mqtt-exporter]:[Topic: temp_F] b'87.35'
DEBUG:[mqtt-exporter]:Serial: temp_c=30.75
DEBUG:[mqtt-exporter]:Serial: temp_F=87.35
INFO:[mqtt-exporter]:[Topic: temp_c] b'30.75'
INFO:[mqtt-exporter]:[Topic: temp_F] b'87.35'
DEBUG:[mqtt-exporter]:Serial: temp_c=30.75
INFO:[mqtt-exporter]:[Topic: temp_c] b'30.75'
DEBUG:[mqtt-exporter]:Serial: temp_F=87.35
INFO:[mqtt-exporter]:[Topic: temp_F] b'87.35'
DEBUG:[mqtt-exporter]:Serial: temp_c=30.75
INFO:[mqtt-exporter]:[Topic: temp_c] b'30.75'
DEBUG:[mqtt-exporter]:Serial: temp_F=87.35
INFO:[mqtt-exporter]:[Topic: temp_F] b'87.35'
DEBUG:[mqtt-exporter]:Serial: temp_c=30.75
INFO:[mqtt-exporter]:[Topic: temp_c] b'30.75'
DEBUG:[mqtt-exporter]:Serial: temp_F=87.35
INFO:[mqtt-exporter]:[Topic: temp_F] b'87.35'
DEBUG:[mqtt-exporter]:Serial: temp_c=30.75
INFO:[mqtt-exporter]:[Topic: temp_c] b'30.75'
DEBUG:[mqtt-exporter]:Serial: temp_F=87.35
INFO:[mqtt-exporter]:[Topic: temp_F] b'87.35'
DEBUG:[mqtt-exporter]:Serial: temp_c=30.75
INFO:[mqtt-exporter]:[Topic: temp_c] b'30.75'
DEBUG:[mqtt-exporter]:Serial: temp_F=87.35
INFO:[mqtt-exporter]:[Topic: temp_F] b'87.35'
INFO:[mqtt-exporter]:Connected rc=Success
DEBUG:[mqtt-exporter]:Serial: [INFO: App       ] Lectura: 96 (aprox 24 ºC) -> F12.4: 384
DEBUG:[mqtt-exporter]:Serial: [DBG : App       ] TRAMA HEX (8 bytes): [ 55 01 AA 01 80 01 01 01 ]
DEBUG:[mqtt-exporter]:Serial: [INFO: App       ] Enviando trama a fd00::f6ce:367a:c0c7:1d31
DEBUG:[mqtt-exporter]:Serial: [INFO: App       ] Lectura: 96 (aprox 24 ºC) -> F12.4: 384
DEBUG:[mqtt-exporter]:Serial: [DBG : App       ] TRAMA HEX (8 bytes): [ 55 01 AA 01 80 01 01 01 ]
DEBUG:[mqtt-exporter]:Serial: [INFO: App       ] Enviando trama a fd00::f6ce:367a:c0c7:1d31
DEBUG:[mqtt-exporter]:Serial: [INFO: App       ] Lectura: 96 (aprox 24 ºC) -> F12.4: 384
DEBUG:[mqtt-exporter]:Serial: [DBG : App       ] TRAMA HEX (8 bytes): [ 55 01 AA 01 80 01 01 01 ]
DEBUG:[mqtt-exporter]:Serial: [INFO: App       ] Enviando trama a fd00::f6ce:367a:c0c7:1d31
DEBUG:[mqtt-exporter]:Serial: [INFO: App       ] Lectura: 97 (aprox 24 ºC) -> F12.4: 388
DEBUG:[mqtt-exporter]:Serial: [DBG : App       ] TRAMA HEX (8 bytes): [ 55 01 AA 01 84 01 01 01 ]
DEBUG:[mqtt-exporter]:Serial: [INFO: App       ] Enviando trama a fd00::f6ce:367a:c0c7:1d31
DEBUG:[mqtt-exporter]:Serial: [INFO: App       ] Lectura: 96 (aprox 24 ºC) -> F12.4: 384
DEBUG:[mqtt-exporter]:Serial: [DBG : App       ] TRAMA HEX (8 bytes): [ 55 01 AA 01 80 01 01 01 ]
DEBUG:[mqtt-exporter]:Serial: [INFO: App       ] Enviando trama a fd00::f6ce:367a:c0c7:1d31
DEBUG:[mqtt-exporter]:Serial: [INFO: App       ] Lectura: 96 (aprox 24 ºC) -> F12.4: 384
DEBUG:[mqtt-exporter]:Serial: [DBG : App       ] TRAMA HEX (8 bytes): [ 55 01 AA 01 80 01 01 01 ]
DEBUG:[mqtt-exporter]:Serial: [INFO: App       ] Enviando trama a fd00::f6ce:367a:c0c7:1d31
DEBUG:[mqtt-exporter]:Serial: [INFO: App       ] Lectura: 97 (aprox 24 ºC) -> F12.4: 388
DEBUG:[mqtt-exporter]:Serial: [DBG : App       ] TRAMA HEX (8 bytes): [ 55 01 AA 01 84 01 01 01 ]
DEBUG:[mqtt-exporter]:Serial: [INFO: App       ] Enviando trama a fd00::f6ce:367a:c0c7:1d31
DEBUG:[mqtt-exporter]:Serial: [INFO: App       ] Lectura: 96 (aprox 24 ºC) -> F12.4: 384
DEBUG:[mqtt-exporter]:Serial: [DBG : App       ] TRAMA HEX (8 bytes): [ 55 01 AA 01 80 01 01 01 ]
DEBUG:[mqtt-exporter]:Serial: [INFO: App       ] Enviando trama a fd00::f6ce:367a:c0c7:1d31
DEBUG:[mqtt-exporter]:Serial: [INFO: App       ] Lectura: 97 (aprox 24 ºC) -> F12.4: 388
DEBUG:[mqtt-exporter]:Serial: [DBG : App       ] TRAMA HEX (8 bytes): [ 55 01 AA 01 84 01 01 01 ]
DEBUG:[mqtt-exporter]:Serial: [INFO: App       ] Enviando trama a fd00::f6ce:367a:c0c7:1d31
DEBUG:[mqtt-exporter]:Serial: [INFO: App       ] Lectura: 96 (aprox 24 ºC) -> F12.4: 384
DEBUG:[mqtt-exporter]:Serial: [DBG : App       ] TRAMA HEX (8 bytes): [ 55 01 AA 01 80 01 01 01 ]
DEBUG:[mqtt-exporter]:Serial: [INFO: App       ] Enviando trama a fd00::f6ce:367a:c0c7:1d31
DEBUG:[mqtt-exporter]:Serial: [INFO: App       ] Lectura: 96 (aprox 24 ºC) -> F12.4: 384
DEBUG:[mqtt-exporter]:Serial: [DBG : App       ] TRAMA HEX (8 bytes): [ 55 01 AA 01 80 01 01 01 ]
DEBUG:[mqtt-exporter]:Serial: [INFO: App       ] Enviando trama a fd00::f6ce:367a:c0c7:1d31
DEBUG:[mqtt-exporter]:Serial: [INFO: App       ] Lectura: 97 (aprox 24 ºC) -> F12.4: 388
DEBUG:[mqtt-exporter]:Serial: [DBG : App       ] TRAMA HEX (8 bytes): [ 55 01 AA 01 84 01 01 01 ]
DEBUG:[mqtt-exporter]:Serial: [INFO: App       ] Enviando trama a fd00::f6ce:367a:c0c7:1d31
DEBUG:[mqtt-exporter]:Serial: [INFO: App       ] Lectura: 97 (aprox 24 ºC) -> F12.4: 388
DEBUG:[mqtt-exporter]:Serial: [DBG : App       ] TRAMA HEX (8 bytes): [ 55 01 AA 01 84 01 01 01 ]
DEBUG:[mqtt-exporter]:Serial: [INFO: App       ] Enviando trama a fd00::f6ce:367a:c0c7:1d31
DEBUG:[mqtt-exporter]:Serial: [INFO: App       ] Lectura: 97 (aprox 24 ºC) -> F12.4: 388
DEBUG:[mqtt-exporter]:Serial: [DBG : App       ] TRAMA HEX (8 bytes): [ 55 01 AA 01 84 01 01 01 ]
DEBUG:[mqtt-exporter]:Serial: [INFO: App       ] Enviando trama a fd00::f6ce:367a:c0c7:1d31
DEBUG:[mqtt-exporter]:Serial: [INFO: App       ] Lectura: 97 (aprox 24 ºC) -> F12.4: 388
DEBUG:[mqtt-exporter]:Serial: [DBG : App       ] TRAMA HEX (8 bytes): [ 55 01 AA 01 84 01 01 01 ]
DEBUG:[mqtt-exporter]:Serial: [INFO: App       ] Enviando trama a fd00::f6ce:367a:c0c7:1d31
DEBUG:[mqtt-exporter]:Serial: [INFO: App       ] Lectura: 97 (aprox 24 ºC) -> F12.4: 388
DEBUG:[mqtt-exporter]:Serial: [DBG : App       ] TRAMA HEX (8 bytes): [ 55 01 AA 01 84 01 01 01 ]
DEBUG:[mqtt-exporter]:Serial: [INFO: App       ] Enviando trama a fd00::f6ce:367a:c0c7:1d31
DEBUG:[mqtt-exporter]:Serial: [INFO: App       ] Lectura: 97 (aprox 24 ºC) -> F12.4: 388
DEBUG:[mqtt-exporter]:Serial: [DBG : App       ] TRAMA HEX (8 bytes): [ 55 01 AA 01 84 01 01 01 ]
DEBUG:[mqtt-exporter]:Serial: [INFO: App       ] Enviando trama a fd00::f6ce:367a:c0c7:1d31
DEBUG:[mqtt-exporter]:Serial: [INFO: App       ] Lectura: 96 (aprox 24 ºC) -> F12.4: 384
DEBUG:[mqtt-exporter]:Serial: [DBG : App       ] TRAMA HEX (8 bytes): [ 55 01 AA 01 80 01 01 01 ]
DEBUG:[mqtt-exporter]:Serial: [INFO: App       ] Enviando trama a fd00::f6ce:367a:c0c7:1d31
DEBUG:[mqtt-exporter]:Serial: [INFO: App       ] Lectura: 97 (aprox 24 ºC) -> F12.4: 388
DEBUG:[mqtt-exporter]:Serial: [DBG : App       ] TRAMA HEX (8 bytes): [ 55 01 AA 01 84 01 01 01 ]
DEBUG:[mqtt-exporter]:Serial: [INFO: App       ] Enviando trama a fd00::f6ce:367a:c0c7:1d31
DEBUG:[mqtt-exporter]:Serial: [INFO: App       ] Lectura: 96 (aprox 24 ºC) -> F12.4: 384
DEBUG:[mqtt-exporter]:Serial: [DBG : App       ] TRAMA HEX (8 bytes): [ 55 01 AA 01 80 01 01 01 ]
DEBUG:[mqtt-exporter]:Serial: [INFO: App       ] Enviando trama a fd00::f6ce:367a:c0c7:1d31
DEBUG:[mqtt-exporter]:Serial: [INFO: App       ] Lectura: 96 (aprox 24 ºC) -> F12.4: 384
DEBUG:[mqtt-exporter]:Serial: [DBG : App       ] TRAMA HEX (8 bytes): [ 55 01 AA 01 80 01 01 01 ]
DEBUG:[mqtt-exporter]:Serial: [INFO: App       ] Enviando trama a fd00::f6ce:367a:c0c7:1d31
DEBUG:[mqtt-exporter]:Serial: [INFO: App       ] Lectura: 96 (aprox 24 ºC) -> F12.4: 384
DEBUG:[mqtt-exporter]:Serial: [DBG : App       ] TRAMA HEX (8 bytes): [ 55 01 AA 01 80 01 01 01 ]
DEBUG:[mqtt-exporter]:Serial: [INFO: App       ] Enviando trama a fd00::f6ce:367a:c0c7:1d31
DEBUG:[mqtt-exporter]:Serial: [INFO: App       ] Lectura: 97 (aprox 24 ºC) -> F12.4: 388
DEBUG:[mqtt-exporter]:Serial: [DBG : App       ] TRAMA HEX (8 bytes): [ 55 01 AA 01 84 01 01 01 ]
DEBUG:[mqtt-exporter]:Serial: [INFO: App       ] Enviando trama a fd00::f6ce:367a:c0c7:1d31
DEBUG:[mqtt-exporter]:Serial: [INFO: App       ] Lectura: 96 (aprox 24 ºC) -> F12.4: 384
DEBUG:[mqtt-exporter]:Serial: [DBG : App       ] TRAMA HEX (8 bytes): [ 55 01 AA 01 80 01 01 01 ]
DEBUG:[mqtt-exporter]:Serial: [INFO: App       ] Enviando trama a fd00::f6ce:367a:c0c7:1d31
DEBUG:[mqtt-exporter]:Serial: [INFO: App       ] Lectura: 97 (aprox 24 ºC) -> F12.4: 388
DEBUG:[mqtt-exporter]:Serial: [DBG : App       ] TRAMA HEX (8 bytes): [ 55 01 AA 01 84 01 01 01 ]
DEBUG:[mqtt-exporter]:Serial: [INFO: App       ] Enviando trama a fd00::f6ce:367a:c0c7:1d31
DEBUG:[mqtt-exporter]:Serial: [INFO: App       ] Lectura: 97 (aprox 24 ºC) -> F12.4: 388
DEBUG:[mqtt-exporter]:Serial: [DBG : App       ] TRAMA HEX (8 bytes): [ 55 01 AA 01 84 01 01 01 ]
DEBUG:[mqtt-exporter]:Serial: [INFO: App       ] Enviando trama a fd00::f6ce:367a:c0c7:1d31
DEBUG:[mqtt-exporter]:Serial: [INFO: App       ] Lectura: 97 (aprox 24 ºC) -> F12.4: 388
DEBUG:[mqtt-exporter]:Serial: [DBG : App       ] TRAMA HEX (8 bytes): [ 55 01 AA 01 84 01 01 01 ]
DEBUG:[mqtt-exporter]:Serial: [INFO: App       ] Enviando trama a fd00::f6ce:367a:c0c7:1d31
DEBUG:[mqtt-exporter]:Serial: [INFO: App       ] Lectura: 97 (aprox 24 ºC) -> F12.4: 388
DEBUG:[mqtt-exporter]:Serial: [DBG : App       ] TRAMA HEX (8 bytes): [ 55 01 AA 01 84 01 01 01 ]
DEBUG:[mqtt-exporter]:Serial: [INFO: App       ] Enviando trama a fd00::f6ce:367a:c0c7:1d31
DEBUG:[mqtt-exporter]:Serial: [INFO: App       ] Lectura: 97 (aprox 24 ºC) -> F12.4: 388
DEBUG:[mqtt-exporter]:Serial: [DBG : App       ] TRAMA HEX (8 bytes): [ 55 01 AA 01 84 01 01 01 ]
DEBUG:[mqtt-exporter]:Serial: [INFO: App       ] Enviando trama a fd00::f6ce:367a:c0c7:1d31
DEBUG:[mqtt-exporter]:Serial: [INFO: App       ] Lectura: 97 (aprox 24 ºC) -> F12.4: 388
DEBUG:[mqtt-exporter]:Serial: [DBG : App       ] TRAMA HEX (8 bytes): [ 55 01 AA 01 84 01 01 01 ]
DEBUG:[mqtt-exporter]:Serial: [INFO: App       ] Enviando trama a fd00::f6ce:367a:c0c7:1d31
DEBUG:[mqtt-exporter]:Serial: [INFO: App       ] Lectura: 97 (aprox 24 ºC) -> F12.4: 388
DEBUG:[mqtt-exporter]:Serial: [DBG : App       ] TRAMA HEX (8 bytes): [ 55 01 AA 01 84 01 01 01 ]
DEBUG:[mqtt-exporter]:Serial: [INFO: App       ] Enviando trama a fd00::f6ce:367a:c0c7:1d31
DEBUG:[mqtt-exporter]:Serial: [INFO: App       ] Lectura: 97 (aprox 24 ºC) -> F12.4: 388
DEBUG:[mqtt-exporter]:Serial: [DBG : App       ] TRAMA HEX (8 bytes): [ 55 01 AA 01 84 01 01 01 ]
DEBUG:[mqtt-exporter]:Serial: [INFO: App       ] Enviando trama a fd00::f6ce:367a:c0c7:1d31
DEBUG:[mqtt-exporter]:Serial: [INFO: App       ] Botón pulsado, cambio de unidad a: Fahrenheit
DEBUG:[mqtt-exporter]:Serial: [INFO: App       ] Lectura: 100 (aprox 77 ºF) -> F12.4: 1232
DEBUG:[mqtt-exporter]:Serial: [DBG : App       ] TRAMA HEX (8 bytes): [ 55 01 AA 02 D0 04 01 01 ]
DEBUG:[mqtt-exporter]:Serial: [INFO: App       ] Enviando trama a fd00::f6ce:367a:c0c7:1d31
DEBUG:[mqtt-exporter]:Serial: [INFO: App       ] Lectura: 100 (aprox 77 ºF) -> F12.4: 1232
DEBUG:[mqtt-exporter]:Serial: [DBG : App       ] TRAMA HEX (8 bytes): [ 55 01 AA 02 D0 04 01 01 ]
DEBUG:[mqtt-exporter]:Serial: [INFO: App       ] Enviando trama a fd00::f6ce:367a:c0c7:1d31
DEBUG:[mqtt-exporter]:Serial: [INFO: App       ] Lectura: 100 (aprox 77 ºF) -> F12.4: 1232
DEBUG:[mqtt-exporter]:Serial: [DBG : App       ] TRAMA HEX (8 bytes): [ 55 01 AA 02 D0 04 01 01 ]
DEBUG:[mqtt-exporter]:Serial: [INFO: App       ] Enviando trama a fd00::f6ce:367a:c0c7:1d31
DEBUG:[mqtt-exporter]:Serial: [INFO: App       ] Lectura: 100 (aprox 77 ºF) -> F12.4: 1232
DEBUG:[mqtt-exporter]:Serial: [DBG : App       ] TRAMA HEX (8 bytes): [ 55 01 AA 02 D0 04 01 01 ]
DEBUG:[mqtt-exporter]:Serial: [INFO: App       ] Enviando trama a fd00::f6ce:367a:c0c7:1d31
DEBUG:[mqtt-exporter]:Serial: [INFO: App       ] Lectura: 100 (aprox 77 ºF) -> F12.4: 1232
DEBUG:[mqtt-exporter]:Serial: [DBG : App       ] TRAMA HEX (8 bytes): [ 55 01 AA 02 D0 04 01 01 ]
DEBUG:[mqtt-exporter]:Serial: [INFO: App       ] Enviando trama a fd00::f6ce:367a:c0c7:1d31
DEBUG:[mqtt-exporter]:Serial: [INFO: App       ] Lectura: 100 (aprox 77 ºF) -> F12.4: 1232
DEBUG:[mqtt-exporter]:Serial: [DBG : App       ] TRAMA HEX (8 bytes): [ 55 01 AA 02 D0 04 01 01 ]
DEBUG:[mqtt-exporter]:Serial: [INFO: App       ] Enviando trama a fd00::f6ce:367a:c0c7:1d31
DEBUG:[mqtt-exporter]:Serial: [INFO: App       ] Lectura: 100 (aprox 77 ºF) -> F12.4: 1232
DEBUG:[mqtt-exporter]:Serial: [DBG : App       ] TRAMA HEX (8 bytes): [ 55 01 AA 02 D0 04 01 01 ]
DEBUG:[mqtt-exporter]:Serial: [INFO: App       ] Enviando trama a fd00::f6ce:367a:c0c7:1d31
DEBUG:[mqtt-exporter]:Serial: [INFO: App       ] Lectura: 100 (aprox 77 ºF) -> F12.4: 1232
DEBUG:[mqtt-exporter]:Serial: [DBG : App       ] TRAMA HEX (8 bytes): [ 55 01 AA 02 D0 04 01 01 ]
DEBUG:[mqtt-exporter]:Serial: [INFO: App       ] Enviando trama a fd00::f6ce:367a:c0c7:1d31
DEBUG:[mqtt-exporter]:Serial: [INFO: App       ] Lectura: 100 (aprox 77 ºF) -> F12.4: 1232
DEBUG:[mqtt-exporter]:Serial: [DBG : App       ] TRAMA HEX (8 bytes): [ 55 01 AA 02 D0 04 01 01 ]
DEBUG:[mqtt-exporter]:Serial: [INFO: App       ] Enviando trama a fd00::f6ce:367a:c0c7:1d31
DEBUG:[mqtt-exporter]:Serial: [INFO: App       ] Lectura: 100 (aprox 77 ºF) -> F12.4: 1232
DEBUG:[mqtt-exporter]:Serial: [DBG : App       ] TRAMA HEX (8 bytes): [ 55 01 AA 02 D0 04 01 01 ]
DEBUG:[mqtt-exporter]:Serial: [INFO: App       ] Enviando trama a fd00::f6ce:367a:c0c7:1d31
DEBUG:[mqtt-exporter]:Serial: [INFO: App       ] Lectura: 99 (aprox 76 ºF) -> F12.4: 1224
DEBUG:[mqtt-exporter]:Serial: [DBG : App       ] TRAMA HEX (8 bytes): [ 55 01 AA 02 C8 04 01 01 ]
DEBUG:[mqtt-exporter]:Serial: [INFO: App       ] Enviando trama a fd00::f6ce:367a:c0c7:1d31
DEBUG:[mqtt-exporter]:Serial: [INFO: App       ] Lectura: 99 (aprox 76 ºF) -> F12.4: 1224
DEBUG:[mqtt-exporter]:Serial: [DBG : App       ] TRAMA HEX (8 bytes): [ 55 01 AA 02 C8 04 01 01 ]
DEBUG:[mqtt-exporter]:Serial: [INFO: App       ] Enviando trama a fd00::f6ce:367a:c0c7:1d31
DEBUG:[mqtt-exporter]:Serial: [INFO: App       ] Lectura: 99 (aprox 76 ºF) -> F12.4: 1224
DEBUG:[mqtt-exporter]:Serial: [DBG : App       ] TRAMA HEX (8 bytes): [ 55 01 AA 02 C8 04 01 01 ]
DEBUG:[mqtt-exporter]:Serial: [INFO: App       ] Enviando trama a fd00::f6ce:367a:c0c7:1d31
DEBUG:[mqtt-exporter]:Serial: [INFO: App       ] Lectura: 99 (aprox 76 ºF) -> F12.4: 1224
DEBUG:[mqtt-exporter]:Serial: [DBG : App       ] TRAMA HEX (8 bytes): [ 55 01 AA 02 C8 04 01 01 ]
DEBUG:[mqtt-exporter]:Serial: [INFO: App       ] Enviando trama a fd00::f6ce:367a:c0c7:1d31
DEBUG:[mqtt-exporter]:Serial: [INFO: App       ] Lectura: 99 (aprox 76 ºF) -> F12.4: 1224
DEBUG:[mqtt-exporter]:Serial: [DBG : App       ] TRAMA HEX (8 bytes): [ 55 01 AA 02 C8 04 01 01 ]
DEBUG:[mqtt-exporter]:Serial: [INFO: App       ] Enviando trama a fd00::f6ce:367a:c0c7:1d31
DEBUG:[mqtt-exporter]:Serial: [INFO: App       ] Lectura: 99 (aprox 76 ºF) -> F12.4: 1224
DEBUG:[mqtt-exporter]:Serial: [DBG : App       ] TRAMA HEX (8 bytes): [ 55 01 AA 02 C8 04 01 01 ]
DEBUG:[mqtt-exporter]:Serial: [INFO: App       ] Enviando trama a fd00::f6ce:367a:c0c7:1d31
DEBUG:[mqtt-exporter]:Serial: [INFO: App       ] Lectura: 99 (aprox 76 ºF) -> F12.4: 1224
DEBUG:[mqtt-exporter]:Serial: [DBG : App       ] TRAMA HEX (8 bytes): [ 55 01 AA 02 C8 04 01 01 ]
DEBUG:[mqtt-exporter]:Serial: [INFO: App       ] Enviando trama a fd00::f6ce:367a:c0c7:1d31
DEBUG:[mqtt-exporter]:Serial: [INFO: App       ] Lectura: 99 (aprox 76 ºF) -> F12.4: 1224
DEBUG:[mqtt-exporter]:Serial: [DBG : App       ] TRAMA HEX (8 bytes): [ 55 01 AA 02 C8 04 01 01 ]
DEBUG:[mqtt-exporter]:Serial: [INFO: App       ] Enviando trama a fd00::f6ce:367a:c0c7:1d31
DEBUG:[mqtt-exporter]:Serial: [INFO: App       ] Lectura: 99 (aprox 76 ºF) -> F12.4: 1224
DEBUG:[mqtt-exporter]:Serial: [DBG : App       ] TRAMA HEX (8 bytes): [ 55 01 AA 02 C8 04 01 01 ]
DEBUG:[mqtt-exporter]:Serial: [INFO: App       ] Enviando trama a fd00::f6ce:367a:c0c7:1d31
DEBUG:[mqtt-exporter]:Serial: [INFO: App       ] Lectura: 99 (aprox 76 ºF) -> F12.4: 1224
DEBUG:[mqtt-exporter]:Serial: [DBG : App       ] TRAMA HEX (8 bytes): [ 55 01 AA 02 C8 04 01 01 ]
DEBUG:[mqtt-exporter]:Serial: [INFO: App       ] Enviando trama a fd00::f6ce:367a:c0c7:1d31
DEBUG:[mqtt-exporter]:Serial: [INFO: App       ] Lectura: 99 (aprox 76 ºF) -> F12.4: 1224
DEBUG:[mqtt-exporter]:Serial: [DBG : App       ] TRAMA HEX (8 bytes): [ 55 01 AA 02 C8 04 01 01 ]
DEBUG:[mqtt-exporter]:Serial: [INFO: App       ] Enviando trama a fd00::f6ce:367a:c0c7:1d31
DEBUG:[mqtt-exporter]:Serial: [INFO: App       ] Lectura: 99 (aprox 76 ºF) -> F12.4: 1224
DEBUG:[mqtt-exporter]:Serial: [DBG : App       ] TRAMA HEX (8 bytes): [ 55 01 AA 02 C8 04 01 01 ]
DEBUG:[mqtt-exporter]:Serial: [INFO: App       ] Enviando trama a fd00::f6ce:367a:c0c7:1d31
DEBUG:[mqtt-exporter]:Serial: [INFO: App       ] Lectura: 99 (aprox 76 ºF) -> F12.4: 1224
DEBUG:[mqtt-exporter]:Serial: [DBG : App       ] TRAMA HEX (8 bytes): [ 55 01 AA 02 C8 04 01 01 ]
DEBUG:[mqtt-exporter]:Serial: [INFO: App       ] Enviando trama a fd00::f6ce:367a:c0c7:1d31
DEBUG:[mqtt-exporter]:Serial: [INFO: App       ] Lectura: 98 (aprox 76 ºF) -> F12.4: 1217
DEBUG:[mqtt-exporter]:Serial: [DBG : App       ] TRAMA HEX (8 bytes): [ 55 01 AA 02 C1 04 01 01 ]
DEBUG:[mqtt-exporter]:Serial: [INFO: App       ] Enviando trama a fd00::f6ce:367a:c0c7:1d31
DEBUG:[mqtt-exporter]:Serial: [INFO: App       ] Lectura: 98 (aprox 76 ºF) -> F12.4: 1217
DEBUG:[mqtt-exporter]:Serial: [DBG : App       ] TRAMA HEX (8 bytes): [ 55 01 AA 02 C1 04 01 01 ]
DEBUG:[mqtt-exporter]:Serial: [INFO: App       ] Enviando trama a fd00::f6ce:367a:c0c7:1d31
DEBUG:[mqtt-exporter]:Serial: [INFO: App       ] Lectura: 99 (aprox 76 ºF) -> F12.4: 1224
DEBUG:[mqtt-exporter]:Serial: [DBG : App       ] TRAMA HEX (8 bytes): [ 55 01 AA 02 C8 04 01 01 ]
DEBUG:[mqtt-exporter]:Serial: [INFO: App       ] Enviando trama a fd00::f6ce:367a:c0c7:1d31
DEBUG:[mqtt-exporter]:Serial: [INFO: App       ] Lectura: 98 (aprox 76 ºF) -> F12.4: 1217
DEBUG:[mqtt-exporter]:Serial: [DBG : App       ] TRAMA HEX (8 bytes): [ 55 01 AA 02 C1 04 01 01 ]
DEBUG:[mqtt-exporter]:Serial: [INFO: App       ] Enviando trama a fd00::f6ce:367a:c0c7:1d31
DEBUG:[mqtt-exporter]:Serial: [INFO: App       ] Lectura: 98 (aprox 76 ºF) -> F12.4: 1217
DEBUG:[mqtt-exporter]:Serial: [DBG : App       ] TRAMA HEX (8 bytes): [ 55 01 AA 02 C1 04 01 01 ]
DEBUG:[mqtt-exporter]:Serial: [INFO: App       ] Enviando trama a fd00::f6ce:367a:c0c7:1d31
DEBUG:[mqtt-exporter]:Serial: [INFO: App       ] Lectura: 98 (aprox 76 ºF) -> F12.4: 1217
DEBUG:[mqtt-exporter]:Serial: [DBG : App       ] TRAMA HEX (8 bytes): [ 55 01 AA 02 C1 04 01 01 ]
DEBUG:[mqtt-exporter]:Serial: [INFO: App       ] Enviando trama a fd00::f6ce:367a:c0c7:1d31
DEBUG:[mqtt-exporter]:Serial: [INFO: App       ] Lectura: 98 (aprox 76 ºF) -> F12.4: 1217
DEBUG:[mqtt-exporter]:Serial: [DBG : App       ] TRAMA HEX (8 bytes): [ 55 01 AA 02 C1 04 01 01 ]
DEBUG:[mqtt-exporter]:Serial: [INFO: App       ] Enviando trama a fd00::f6ce:367a:c0c7:1d31
DEBUG:[mqtt-exporter]:Serial: [INFO: App       ] Lectura: 98 (aprox 76 ºF) -> F12.4: 1217
DEBUG:[mqtt-exporter]:Serial: [DBG : App       ] TRAMA HEX (8 bytes): [ 55 01 AA 02 C1 04 01 01 ]
DEBUG:[mqtt-exporter]:Serial: [INFO: App       ] Enviando trama a fd00::f6ce:367a:c0c7:1d31
INFO:[mqtt-exporter]:Connected rc=Success
DEBUG:[mqtt-exporter]:Serial: [INFO: App       ] Lectura: 97 (aprox 75 ºF) -> F12.4: 1210
DEBUG:[mqtt-exporter]:Serial: [DBG : App       ] TRAMA HEX (8 bytes): [ 55 01 AA 02 BA 04 01 01 ]
DEBUG:[mqtt-exporter]:Serial: [INFO: App       ] Enviando trama a fd00::f6ce:367a:c0c7:1d31
DEBUG:[mqtt-exporter]:Serial: [INFO: App       ] Lectura: 96 (aprox 75 ºF) -> F12.4: 1203
DEBUG:[mqtt-exporter]:Serial: [DBG : App       ] TRAMA HEX (8 bytes): [ 55 01 AA 02 B3 04 01 01 ]
DEBUG:[mqtt-exporter]:Serial: [INFO: App       ] Enviando trama a fd00::f6ce:367a:c0c7:1d31
DEBUG:[mqtt-exporter]:Serial: [INFO: App       ] Lectura: 97 (aprox 75 ºF) -> F12.4: 1210
DEBUG:[mqtt-exporter]:Serial: [DBG : App       ] TRAMA HEX (8 bytes): [ 55 01 AA 02 BA 04 01 01 ]
DEBUG:[mqtt-exporter]:Serial: [INFO: App       ] Enviando trama a fd00::f6ce:367a:c0c7:1d31
DEBUG:[mqtt-exporter]:Serial: [INFO: App       ] Lectura: 97 (aprox 75 ºF) -> F12.4: 1210
DEBUG:[mqtt-exporter]:Serial: [DBG : App       ] TRAMA HEX (8 bytes): [ 55 01 AA 02 BA 04 01 01 ]
DEBUG:[mqtt-exporter]:Serial: [INFO: App       ] Enviando trama a fd00::f6ce:367a:c0c7:1d31
DEBUG:[mqtt-exporter]:Serial: [INFO: App       ] Lectura: 97 (aprox 75 ºF) -> F12.4: 1210
DEBUG:[mqtt-exporter]:Serial: [DBG : App       ] TRAMA HEX (8 bytes): [ 55 01 AA 02 BA 04 01 01 ]
DEBUG:[mqtt-exporter]:Serial: [INFO: App       ] Enviando trama a fd00::f6ce:367a:c0c7:1d31
DEBUG:[mqtt-exporter]:Serial: [INFO: App       ] Lectura: 96 (aprox 75 ºF) -> F12.4: 1203
DEBUG:[mqtt-exporter]:Serial: [DBG : App       ] TRAMA HEX (8 bytes): [ 55 01 AA 02 B3 04 01 01 ]
DEBUG:[mqtt-exporter]:Serial: [INFO: App       ] Enviando trama a fd00::f6ce:367a:c0c7:1d31
DEBUG:[mqtt-exporter]:Serial: [INFO: App       ] Lectura: 96 (aprox 75 ºF) -> F12.4: 1203
DEBUG:[mqtt-exporter]:Serial: [DBG : App       ] TRAMA HEX (8 bytes): [ 55 01 AA 02 B3 04 01 01 ]
DEBUG:[mqtt-exporter]:Serial: [INFO: App       ] Enviando trama a fd00::f6ce:367a:c0c7:1d31
DEBUG:[mqtt-exporter]:Serial: [INFO: App       ] Lectura: 97 (aprox 75 ºF) -> F12.4: 1210
DEBUG:[mqtt-exporter]:Serial: [DBG : App       ] TRAMA HEX (8 bytes): [ 55 01 AA 02 BA 04 01 01 ]
DEBUG:[mqtt-exporter]:Serial: [INFO: App       ] Enviando trama a fd00::f6ce:367a:c0c7:1d31
DEBUG:[mqtt-exporter]:Serial: [INFO: App       ] Lectura: 97 (aprox 75 ºF) -> F12.4: 1210
DEBUG:[mqtt-exporter]:Serial: [DBG : App       ] TRAMA HEX (8 bytes): [ 55 01 AA 02 BA 04 01 01 ]
DEBUG:[mqtt-exporter]:Serial: [INFO: App       ] Enviando trama a fd00::f6ce:367a:c0c7:1d31
DEBUG:[mqtt-exporter]:Serial: [INFO: App       ] Lectura: 97 (aprox 75 ºF) -> F12.4: 1210
DEBUG:[mqtt-exporter]:Serial: [DBG : App       ] TRAMA HEX (8 bytes): [ 55 01 AA 02 BA 04 01 01 ]
DEBUG:[mqtt-exporter]:Serial: [INFO: App       ] Enviando trama a fd00::f6ce:367a:c0c7:1d31
DEBUG:[mqtt-exporter]:Serial: [INFO: App       ] Lectura: 97 (aprox 75 ºF) -> F12.4: 1210
DEBUG:[mqtt-exporter]:Serial: [DBG : App       ] TRAMA HEX (8 bytes): [ 55 01 AA 02 BA 04 01 01 ]
DEBUG:[mqtt-exporter]:Serial: [INFO: App       ] Enviando trama a fd00::f6ce:367a:c0c7:1d31
DEBUG:[mqtt-exporter]:Serial: [INFO: App       ] Lectura: 96 (aprox 75 ºF) -> F12.4: 1203
DEBUG:[mqtt-exporter]:Serial: [DBG : App       ] TRAMA HEX (8 bytes): [ 55 01 AA 02 B3 04 01 01 ]
DEBUG:[mqtt-exporter]:Serial: [INFO: App       ] Enviando trama a fd00::f6ce:367a:c0c7:1d31
DEBUG:[mqtt-exporter]:Serial: [INFO: App       ] Lectura: 97 (aprox 75 ºF) -> F12.4: 1210
DEBUG:[mqtt-exporter]:Serial: [DBG : App       ] TRAMA HEX (8 bytes): [ 55 01 AA 02 BA 04 01 01 ]
DEBUG:[mqtt-exporter]:Serial: [INFO: App       ] Enviando trama a fd00::f6ce:367a:c0c7:1d31
DEBUG:[mqtt-exporter]:Serial: [INFO: App       ] Lectura: 97 (aprox 75 ºF) -> F12.4: 1210
DEBUG:[mqtt-exporter]:Serial: [DBG : App       ] TRAMA HEX (8 bytes): [ 55 01 AA 02 BA 04 01 01 ]
DEBUG:[mqtt-exporter]:Serial: [INFO: App       ] Enviando trama a fd00::f6ce:367a:c0c7:1d31
DEBUG:[mqtt-exporter]:Serial: [INFO: App       ] Lectura: 97 (aprox 75 ºF) -> F12.4: 1210
DEBUG:[mqtt-exporter]:Serial: [DBG : App       ] TRAMA HEX (8 bytes): [ 55 01 AA 02 BA 04 01 01 ]
DEBUG:[mqtt-exporter]:Serial: [INFO: App       ] Enviando trama a fd00::f6ce:367a:c0c7:1d31
DEBUG:[mqtt-exporter]:Serial: [INFO: App       ] Lectura: 97 (aprox 75 ºF) -> F12.4: 1210
DEBUG:[mqtt-exporter]:Serial: [DBG : App       ] TRAMA HEX (8 bytes): [ 55 01 AA 02 BA 04 01 01 ]
DEBUG:[mqtt-exporter]:Serial: [INFO: App       ] Enviando trama a fd00::f6ce:367a:c0c7:1d31
DEBUG:[mqtt-exporter]:Serial: [INFO: App       ] Lectura: 97 (aprox 75 ºF) -> F12.4: 1210
DEBUG:[mqtt-exporter]:Serial: [DBG : App       ] TRAMA HEX (8 bytes): [ 55 01 AA 02 BA 04 01 01 ]
DEBUG:[mqtt-exporter]:Serial: [INFO: App       ] Enviando trama a fd00::f6ce:367a:c0c7:1d31
DEBUG:[mqtt-exporter]:Serial: [INFO: App       ] Lectura: 97 (aprox 75 ºF) -> F12.4: 1210
DEBUG:[mqtt-exporter]:Serial: [DBG : App       ] TRAMA HEX (8 bytes): [ 55 01 AA 02 BA 04 01 01 ]
DEBUG:[mqtt-exporter]:Serial: [INFO: App       ] Enviando trama a fd00::f6ce:367a:c0c7:1d31
DEBUG:[mqtt-exporter]:Serial: [INFO: App       ] Lectura: 97 (aprox 75 ºF) -> F12.4: 1210
DEBUG:[mqtt-exporter]:Serial: [DBG : App       ] TRAMA HEX (8 bytes): [ 55 01 AA 02 BA 04 01 01 ]
DEBUG:[mqtt-exporter]:Serial: [INFO: App       ] Enviando trama a fd00::f6ce:367a:c0c7:1d31
DEBUG:[mqtt-exporter]:Serial: [INFO: App       ] Lectura: 97 (aprox 75 ºF) -> F12.4: 1210
DEBUG:[mqtt-exporter]:Serial: [DBG : App       ] TRAMA HEX (8 bytes): [ 55 01 AA 02 BA 04 01 01 ]
DEBUG:[mqtt-exporter]:Serial: [INFO: App       ] Enviando trama a fd00::f6ce:367a:c0c7:1d31
DEBUG:[mqtt-exporter]:Serial: [INFO: App       ] Lectura: 97 (aprox 75 ºF) -> F12.4: 1210
DEBUG:[mqtt-exporter]:Serial: [DBG : App       ] TRAMA HEX (8 bytes): [ 55 01 AA 02 BA 04 01 01 ]
DEBUG:[mqtt-exporter]:Serial: [INFO: App       ] Enviando trama a fd00::f6ce:367a:c0c7:1d31
DEBUG:[mqtt-exporter]:Serial: [INFO: App       ] Lectura: 97 (aprox 75 ºF) -> F12.4: 1210
DEBUG:[mqtt-exporter]:Serial: [DBG : App       ] TRAMA HEX (8 bytes): [ 55 01 AA 02 BA 04 01 01 ]
DEBUG:[mqtt-exporter]:Serial: [INFO: App       ] Enviando trama a fd00::f6ce:367a:c0c7:1d31
DEBUG:[mqtt-exporter]:Serial: [INFO: App       ] Lectura: 97 (aprox 75 ºF) -> F12.4: 1210
DEBUG:[mqtt-exporter]:Serial: [DBG : App       ] TRAMA HEX (8 bytes): [ 55 01 AA 02 BA 04 01 01 ]
DEBUG:[mqtt-exporter]:Serial: [INFO: App       ] Enviando trama a fd00::f6ce:367a:c0c7:1d31
DEBUG:[mqtt-exporter]:Serial: [INFO: App       ] Lectura: 97 (aprox 75 ºF) -> F12.4: 1210
DEBUG:[mqtt-exporter]:Serial: [DBG : App       ] TRAMA HEX (8 bytes): [ 55 01 AA 02 BA 04 01 01 ]
DEBUG:[mqtt-exporter]:Serial: [INFO: App       ] Enviando trama a fd00::f6ce:367a:c0c7:1d31
DEBUG:[mqtt-exporter]:Serial: [INFO: App       ] Lectura: 97 (aprox 75 ºF) -> F12.4: 1210
DEBUG:[mqtt-exporter]:Serial: [DBG : App       ] TRAMA HEX (8 bytes): [ 55 01 AA 02 BA 04 01 01 ]
DEBUG:[mqtt-exporter]:Serial: [INFO: App       ] Enviando trama a fd00::f6ce:367a:c0c7:1d31
DEBUG:[mqtt-exporter]:Serial: [INFO: App       ] Lectura: 97 (aprox 75 ºF) -> F12.4: 1210
DEBUG:[mqtt-exporter]:Serial: [DBG : App       ] TRAMA HEX (8 bytes): [ 55 01 AA 02 BA 04 01 01 ]
DEBUG:[mqtt-exporter]:Serial: [INFO: App       ] Enviando trama a fd00::f6ce:367a:c0c7:1d31
DEBUG:[mqtt-exporter]:Serial: [INFO: App       ] Lectura: 97 (aprox 75 ºF) -> F12.4: 1210
DEBUG:[mqtt-exporter]:Serial: [DBG : App       ] TRAMA HEX (8 bytes): [ 55 01 AA 02 BA 04 01 01 ]
DEBUG:[mqtt-exporter]:Serial: [INFO: App       ] Enviando trama a fd00::f6ce:367a:c0c7:1d31
DEBUG:[mqtt-exporter]:Serial: [INFO: App       ] Lectura: 96 (aprox 75 ºF) -> F12.4: 1203
DEBUG:[mqtt-exporter]:Serial: [DBG : App       ] TRAMA HEX (8 bytes): [ 55 01 AA 02 B3 04 01 01 ]
DEBUG:[mqtt-exporter]:Serial: [INFO: App       ] Enviando trama a fd00::f6ce:367a:c0c7:1d31
DEBUG:[mqtt-exporter]:Serial: [INFO: App       ] Lectura: 97 (aprox 75 ºF) -> F12.4: 1210
DEBUG:[mqtt-exporter]:Serial: [DBG : App       ] TRAMA HEX (8 bytes): [ 55 01 AA 02 BA 04 01 01 ]
DEBUG:[mqtt-exporter]:Serial: [INFO: App       ] Enviando trama a fd00::f6ce:367a:c0c7:1d31
DEBUG:[mqtt-exporter]:Serial: [INFO: App       ] Lectura: 96 (aprox 75 ºF) -> F12.4: 1203
DEBUG:[mqtt-exporter]:Serial: [DBG : App       ] TRAMA HEX (8 bytes): [ 55 01 AA 02 B3 04 01 01 ]
DEBUG:[mqtt-exporter]:Serial: [INFO: App       ] Enviando trama a fd00::f6ce:367a:c0c7:1d31
DEBUG:[mqtt-exporter]:Serial: [INFO: App       ] Lectura: 96 (aprox 75 ºF) -> F12.4: 1203
DEBUG:[mqtt-exporter]:Serial: [DBG : App       ] TRAMA HEX (8 bytes): [ 55 01 AA 02 B3 04 01 01 ]
DEBUG:[mqtt-exporter]:Serial: [INFO: App       ] Enviando trama a fd00::f6ce:367a:c0c7:1d31
DEBUG:[mqtt-exporter]:Serial: [INFO: App       ] Lectura: 97 (aprox 75 ºF) -> F12.4: 1210
DEBUG:[mqtt-exporter]:Serial: [DBG : App       ] TRAMA HEX (8 bytes): [ 55 01 AA 02 BA 04 01 01 ]
DEBUG:[mqtt-exporter]:Serial: [INFO: App       ] Enviando trama a fd00::f6ce:367a:c0c7:1d31
DEBUG:[mqtt-exporter]:Serial: [INFO: App       ] Lectura: 97 (aprox 75 ºF) -> F12.4: 1210
DEBUG:[mqtt-exporter]:Serial: [DBG : App       ] TRAMA HEX (8 bytes): [ 55 01 AA 02 BA 04 01 01 ]
DEBUG:[mqtt-exporter]:Serial: [INFO: App       ] Enviando trama a fd00::f6ce:367a:c0c7:1d31
DEBUG:[mqtt-exporter]:Serial: [INFO: App       ] Lectura: 97 (aprox 75 ºF) -> F12.4: 1210
DEBUG:[mqtt-exporter]:Serial: [DBG : App       ] TRAMA HEX (8 bytes): [ 55 01 AA 02 BA 04 01 01 ]
DEBUG:[mqtt-exporter]:Serial: [INFO: App       ] Enviando trama a fd00::f6ce:367a:c0c7:1d31
DEBUG:[mqtt-exporter]:Serial: [INFO: App       ] Lectura: 97 (aprox 75 ºF) -> F12.4: 1210
DEBUG:[mqtt-exporter]:Serial: [DBG : App       ] TRAMA HEX (8 bytes): [ 55 01 AA 02 BA 04 01 01 ]
DEBUG:[mqtt-exporter]:Serial: [INFO: App       ] Enviando trama a fd00::f6ce:367a:c0c7:1d31
DEBUG:[mqtt-exporter]:Serial: [INFO: App       ] Lectura: 97 (aprox 75 ºF) -> F12.4: 1210
DEBUG:[mqtt-exporter]:Serial: [DBG : App       ] TRAMA HEX (8 bytes): [ 55 01 AA 02 BA 04 01 01 ]
DEBUG:[mqtt-exporter]:Serial: [INFO: App       ] Enviando trama a fd00::f6ce:367a:c0c7:1d31
DEBUG:[mqtt-exporter]:Serial: [INFO: App       ] Lectura: 96 (aprox 75 ºF) -> F12.4: 1203
DEBUG:[mqtt-exporter]:Serial: [DBG : App       ] TRAMA HEX (8 bytes): [ 55 01 AA 02 B3 04 01 01 ]
DEBUG:[mqtt-exporter]:Serial: [INFO: App       ] Enviando trama a fd00::f6ce:367a:c0c7:1d31
DEBUG:[mqtt-exporter]:Serial: [INFO: App       ] Lectura: 97 (aprox 75 ºF) -> F12.4: 1210
DEBUG:[mqtt-exporter]:Serial: [DBG : App       ] TRAMA HEX (8 bytes): [ 55 01 AA 02 BA 04 01 01 ]
DEBUG:[mqtt-exporter]:Serial: [INFO: App       ] Enviando trama a fd00::f6ce:367a:c0c7:1d31
DEBUG:[mqtt-exporter]:Serial: [INFO: App       ] Lectura: 97 (aprox 75 ºF) -> F12.4: 1210
DEBUG:[mqtt-exporter]:Serial: [DBG : App       ] TRAMA HEX (8 bytes): [ 55 01 AA 02 BA 04 01 01 ]
DEBUG:[mqtt-exporter]:Serial: [INFO: App       ] Enviando trama a fd00::f6ce:367a:c0c7:1d31
DEBUG:[mqtt-exporter]:Serial: [INFO: App       ] Lectura: 97 (aprox 75 ºF) -> F12.4: 1210
DEBUG:[mqtt-exporter]:Serial: [DBG : App       ] TRAMA HEX (8 bytes): [ 55 01 AA 02 BA 04 01 01 ]
DEBUG:[mqtt-exporter]:Serial: [INFO: App       ] Enviando trama a fd00::f6ce:367a:c0c7:1d31
DEBUG:[mqtt-exporter]:Serial: [INFO: App       ] Lectura: 97 (aprox 75 ºF) -> F12.4: 1210
DEBUG:[mqtt-exporter]:Serial: [DBG : App       ] TRAMA HEX (8 bytes): [ 55 01 AA 02 BA 04 01 01 ]
DEBUG:[mqtt-exporter]:Serial: [INFO: App       ] Enviando trama a fd00::f6ce:367a:c0c7:1d31
DEBUG:[mqtt-exporter]:Serial: [INFO: App       ] Lectura: 97 (aprox 75 ºF) -> F12.4: 1210
DEBUG:[mqtt-exporter]:Serial: [DBG : App       ] TRAMA HEX (8 bytes): [ 55 01 AA 02 BA 04 01 01 ]
DEBUG:[mqtt-exporter]:Serial: [INFO: App       ] Enviando trama a fd00::f6ce:367a:c0c7:1d31
DEBUG:[mqtt-exporter]:Serial: [INFO: App       ] Lectura: 97 (aprox 75 ºF) -> F12.4: 1210
DEBUG:[mqtt-exporter]:Serial: [DBG : App       ] TRAMA HEX (8 bytes): [ 55 01 AA 02 BA 04 01 01 ]
DEBUG:[mqtt-exporter]:Serial: [INFO: App       ] Enviando trama a fd00::f6ce:367a:c0c7:1d31
DEBUG:[mqtt-exporter]:Serial: [INFO: App       ] Lectura: 97 (aprox 75 ºF) -> F12.4: 1210
DEBUG:[mqtt-exporter]:Serial: [DBG : App       ] TRAMA HEX (8 bytes): [ 55 01 AA 02 BA 04 01 01 ]
DEBUG:[mqtt-exporter]:Serial: [INFO: App       ] Enviando trama a fd00::f6ce:367a:c0c7:1d31
DEBUG:[mqtt-exporter]:Serial: [INFO: App       ] Lectura: 97 (aprox 75 ºF) -> F12.4: 1210
DEBUG:[mqtt-exporter]:Serial: [DBG : App       ] TRAMA HEX (8 bytes): [ 55 01 AA 02 BA 04 01 01 ]
DEBUG:[mqtt-exporter]:Serial: [INFO: App       ] Enviando trama a fd00::f6ce:367a:c0c7:1d31
DEBUG:[mqtt-exporter]:Serial: [INFO: App       ] Lectura: 97 (aprox 75 ºF) -> F12.4: 1210
DEBUG:[mqtt-exporter]:Serial: [DBG : App       ] TRAMA HEX (8 bytes): [ 55 01 AA 02 BA 04 01 01 ]
DEBUG:[mqtt-exporter]:Serial: [INFO: App       ] Enviando trama a fd00::f6ce:367a:c0c7:1d31
DEBUG:[mqtt-exporter]:Serial: [INFO: App       ] Lectura: 97 (aprox 75 ºF) -> F12.4: 1210
DEBUG:[mqtt-exporter]:Serial: [DBG : App       ] TRAMA HEX (8 bytes): [ 55 01 AA 02 BA 04 01 01 ]
DEBUG:[mqtt-exporter]:Serial: [INFO: App       ] Enviando trama a fd00::f6ce:367a:c0c7:1d31
DEBUG:[mqtt-exporter]:Serial: [INFO: App       ] Lectura: 97 (aprox 75 ºF) -> F12.4: 1210
DEBUG:[mqtt-exporter]:Serial: [DBG : App       ] TRAMA HEX (8 bytes): [ 55 01 AA 02 BA 04 01 01 ]
DEBUG:[mqtt-exporter]:Serial: [INFO: App       ] Enviando trama a fd00::f6ce:367a:c0c7:1d31
DEBUG:[mqtt-exporter]:Serial: [INFO: App       ] Lectura: 97 (aprox 75 ºF) -> F12.4: 1210
DEBUG:[mqtt-exporter]:Serial: [DBG : App       ] TRAMA HEX (8 bytes): [ 55 01 AA 02 BA 04 01 01 ]
DEBUG:[mqtt-exporter]:Serial: [INFO: App       ] Enviando trama a fd00::f6ce:367a:c0c7:1d31
DEBUG:[mqtt-exporter]:Serial: [INFO: App       ] Lectura: 97 (aprox 75 ºF) -> F12.4: 1210
DEBUG:[mqtt-exporter]:Serial: [DBG : App       ] TRAMA HEX (8 bytes): [ 55 01 AA 02 BA 04 01 01 ]
DEBUG:[mqtt-exporter]:Serial: [INFO: App       ] Enviando trama a fd00::f6ce:367a:c0c7:1d31
DEBUG:[mqtt-exporter]:Serial: [INFO: App       ] Lectura: 97 (aprox 75 ºF) -> F12.4: 1210
DEBUG:[mqtt-exporter]:Serial: [DBG : App       ] TRAMA HEX (8 bytes): [ 55 01 AA 02 BA 04 01 01 ]
DEBUG:[mqtt-exporter]:Serial: [INFO: App       ] Enviando trama a fd00::f6ce:367a:c0c7:1d31
DEBUG:[mqtt-exporter]:Serial: [INFO: App       ] Lectura: 96 (aprox 75 ºF) -> F12.4: 1203
DEBUG:[mqtt-exporter]:Serial: [DBG : App       ] TRAMA HEX (8 bytes): [ 55 01 AA 02 B3 04 01 01 ]
DEBUG:[mqtt-exporter]:Serial: [INFO: App       ] Enviando trama a fd00::f6ce:367a:c0c7:1d31
DEBUG:[mqtt-exporter]:Serial: [INFO: App       ] Lectura: 97 (aprox 75 ºF) -> F12.4: 1210
DEBUG:[mqtt-exporter]:Serial: [DBG : App       ] TRAMA HEX (8 bytes): [ 55 01 AA 02 BA 04 01 01 ]
DEBUG:[mqtt-exporter]:Serial: [INFO: App       ] Enviando trama a fd00::f6ce:367a:c0c7:1d31
DEBUG:[mqtt-exporter]:Serial: [INFO: App       ] Lectura: 97 (aprox 75 ºF) -> F12.4: 1210
DEBUG:[mqtt-exporter]:Serial: [DBG : App       ] TRAMA HEX (8 bytes): [ 55 01 AA 02 BA 04 01 01 ]
DEBUG:[mqtt-exporter]:Serial: [INFO: App       ] Enviando trama a fd00::f6ce:367a:c0c7:1d31
DEBUG:[mqtt-exporter]:Serial: [INFO: App       ] Lectura: 97 (aprox 75 ºF) -> F12.4: 1210
DEBUG:[mqtt-exporter]:Serial: [DBG : App       ] TRAMA HEX (8 bytes): [ 55 01 AA 02 BA 04 01 01 ]
DEBUG:[mqtt-exporter]:Serial: [INFO: App       ] Enviando trama a fd00::f6ce:367a:c0c7:1d31
DEBUG:[mqtt-exporter]:Serial: [INFO: App       ] Lectura: 97 (aprox 75 ºF) -> F12.4: 1210
DEBUG:[mqtt-exporter]:Serial: [DBG : App       ] TRAMA HEX (8 bytes): [ 55 01 AA 02 BA 04 01 01 ]
DEBUG:[mqtt-exporter]:Serial: [INFO: App       ] Enviando trama a fd00::f6ce:367a:c0c7:1d31
DEBUG:[mqtt-exporter]:Serial: [INFO: App       ] Lectura: 97 (aprox 75 ºF) -> F12.4: 1210
DEBUG:[mqtt-exporter]:Serial: [DBG : App       ] TRAMA HEX (8 bytes): [ 55 01 AA 02 BA 04 01 01 ]
DEBUG:[mqtt-exporter]:Serial: [INFO: App       ] Enviando trama a fd00::f6ce:367a:c0c7:1d31
DEBUG:[mqtt-exporter]:Serial: [INFO: App       ] Lectura: 97 (aprox 75 ºF) -> F12.4: 1210
DEBUG:[mqtt-exporter]:Serial: [DBG : App       ] TRAMA HEX (8 bytes): [ 55 01 AA 02 BA 04 01 01 ]
DEBUG:[mqtt-exporter]:Serial: [INFO: App       ] Enviando trama a fd00::f6ce:367a:c0c7:1d31
DEBUG:[mqtt-exporter]:Serial: [INFO: App       ] Lectura: 97 (aprox 75 ºF) -> F12.4: 1210
DEBUG:[mqtt-exporter]:Serial: [DBG : App       ] TRAMA HEX (8 bytes): [ 55 01 AA 02 BA 04 01 01 ]
DEBUG:[mqtt-exporter]:Serial: [INFO: App       ] Enviando trama a fd00::f6ce:367a:c0c7:1d31
DEBUG:[mqtt-exporter]:Serial: [INFO: App       ] Lectura: 97 (aprox 75 ºF) -> F12.4: 1210
DEBUG:[mqtt-exporter]:Serial: [DBG : App       ] TRAMA HEX (8 bytes): [ 55 01 AA 02 BA 04 01 01 ]
DEBUG:[mqtt-exporter]:Serial: [INFO: App       ] Enviando trama a fd00::f6ce:367a:c0c7:1d31
DEBUG:[mqtt-exporter]:Serial: [INFO: App       ] Lectura: 97 (aprox 75 ºF) -> F12.4: 1210
DEBUG:[mqtt-exporter]:Serial: [DBG : App       ] TRAMA HEX (8 bytes): [ 55 01 AA 02 BA 04 01 01 ]
DEBUG:[mqtt-exporter]:Serial: [INFO: App       ] Enviando trama a fd00::f6ce:367a:c0c7:1d31
DEBUG:[mqtt-exporter]:Serial: [INFO: App       ] Lectura: 96 (aprox 75 ºF) -> F12.4: 1203
DEBUG:[mqtt-exporter]:Serial: [DBG : App       ] TRAMA HEX (8 bytes): [ 55 01 AA 02 B3 04 01 01 ]
DEBUG:[mqtt-exporter]:Serial: [INFO: App       ] Enviando trama a fd00::f6ce:367a:c0c7:1d31
DEBUG:[mqtt-exporter]:Serial: [INFO: App       ] Lectura: 97 (aprox 75 ºF) -> F12.4: 1210
DEBUG:[mqtt-exporter]:Serial: [DBG : App       ] TRAMA HEX (8 bytes): [ 55 01 AA 02 BA 04 01 01 ]
DEBUG:[mqtt-exporter]:Serial: [INFO: App       ] Enviando trama a fd00::f6ce:367a:c0c7:1d31
DEBUG:[mqtt-exporter]:Serial: [INFO: App       ] Lectura: 97 (aprox 75 ºF) -> F12.4: 1210
DEBUG:[mqtt-exporter]:Serial: [DBG : App       ] TRAMA HEX (8 bytes): [ 55 01 AA 02 BA 04 01 01 ]
DEBUG:[mqtt-exporter]:Serial: [INFO: App       ] Enviando trama a fd00::f6ce:367a:c0c7:1d31
DEBUG:[mqtt-exporter]:Serial: [INFO: App       ] Lectura: 97 (aprox 75 ºF) -> F12.4: 1210
DEBUG:[mqtt-exporter]:Serial: [DBG : App       ] TRAMA HEX (8 bytes): [ 55 01 AA 02 BA 04 01 01 ]
DEBUG:[mqtt-exporter]:Serial: [INFO: App       ] Enviando trama a fd00::f6ce:367a:c0c7:1d31
DEBUG:[mqtt-exporter]:Serial: [INFO: App       ] Lectura: 97 (aprox 75 ºF) -> F12.4: 1210
DEBUG:[mqtt-exporter]:Serial: [DBG : App       ] TRAMA HEX (8 bytes): [ 55 01 AA 02 BA 04 01 01 ]
DEBUG:[mqtt-exporter]:Serial: [INFO: App       ] Enviando trama a fd00::f6ce:367a:c0c7:1d31
DEBUG:[mqtt-exporter]:Serial: [INFO: App       ] Lectura: 97 (aprox 75 ºF) -> F12.4: 1210
DEBUG:[mqtt-exporter]:Serial: [DBG : App       ] TRAMA HEX (8 bytes): [ 55 01 AA 02 BA 04 01 01 ]
DEBUG:[mqtt-exporter]:Serial: [INFO: App       ] Enviando trama a fd00::f6ce:367a:c0c7:1d31
INFO:[mqtt-exporter]:Connected rc=Success
DEBUG:[mqtt-exporter]:Serial: 98 (aprox 76 ºF) -> F12.4: 1217
DEBUG:[mqtt-exporter]:Serial: [DBG : App       ] TRAMA HEX (8 bytes): [ 55 01 AA 02 C1 04 01 01 ]
DEBUG:[mqtt-exporter]:Serial: [INFO: App       ] Enviando trama a fd00::f6ce:367a:c0c7:1d31
DEBUG:[mqtt-exporter]:Serial: [INFO: App       ] Lectura: 102 (aprox 77 ºF) -> F12.4: 1246
DEBUG:[mqtt-exporter]:Serial: [DBG : App       ] TRAMA HEX (8 bytes): [ 55 01 AA 02 DE 04 01 01 ]
DEBUG:[mqtt-exporter]:Serial: [INFO: App       ] Enviando trama a fd00::f6ce:367a:c0c7:1d31
DEBUG:[mqtt-exporter]:Serial: [INFO: App       ] Lectura: 101 (aprox 77 ºF) -> F12.4: 1239
DEBUG:[mqtt-exporter]:Serial: [DBG : App       ] TRAMA HEX (8 bytes): [ 55 01 AA 02 D7 04 01 01 ]
DEBUG:[mqtt-exporter]:Serial: [INFO: App       ] Enviando trama a fd00::f6ce:367a:c0c7:1d31
DEBUG:[mqtt-exporter]:Serial: [INFO: App       ] Lectura: 100 (aprox 77 ºF) -> F12.4: 1232
DEBUG:[mqtt-exporter]:Serial: [DBG : App       ] TRAMA HEX (8 bytes): [ 55 01 AA 02 D0 04 01 01 ]
DEBUG:[mqtt-exporter]:Serial: [INFO: App       ] Enviando trama a fd00::f6ce:367a:c0c7:1d31
DEBUG:[mqtt-exporter]:Serial: [INFO: App       ] Lectura: 101 (aprox 77 ºF) -> F12.4: 1239
DEBUG:[mqtt-exporter]:Serial: [DBG : App       ] TRAMA HEX (8 bytes): [ 55 01 AA 02 D7 04 01 01 ]
DEBUG:[mqtt-exporter]:Serial: [INFO: App       ] Enviando trama a fd00::f6ce:367a:c0c7:1d31
DEBUG:[mqtt-exporter]:Serial: [INFO: App       ] Lectura: 100 (aprox 77 ºF) -> F12.4: 1232
DEBUG:[mqtt-exporter]:Serial: [DBG : App       ] TRAMA HEX (8 bytes): [ 55 01 AA 02 D0 04 01 01 ]
DEBUG:[mqtt-exporter]:Serial: [INFO: App       ] Enviando trama a fd00::f6ce:367a:c0c7:1d31
DEBUG:[mqtt-exporter]:Serial: [INFO: App       ] Lectura: 100 (aprox 77 ºF) -> F12.4: 1232
DEBUG:[mqtt-exporter]:Serial: [DBG : App       ] TRAMA HEX (8 bytes): [ 55 01 AA 02 D0 04 01 01 ]
DEBUG:[mqtt-exporter]:Serial: [INFO: App       ] Enviando trama a fd00::f6ce:367a:c0c7:1d31
DEBUG:[mqtt-exporter]:Serial: [INFO: App       ] Lectura: 100 (aprox 77 ºF) -> F12.4: 1232
DEBUG:[mqtt-exporter]:Serial: [DBG : App       ] TRAMA HEX (8 bytes): [ 55 01 AA 02 D0 04 01 01 ]
DEBUG:[mqtt-exporter]:Serial: [INFO: App       ] Enviando trama a fd00::f6ce:367a:c0c7:1d31
INFO:[mqtt-exporter]:Connected rc=Success
DEBUG:[mqtt-exporter]:Serial: 101 (aprox 77 ºF) -> F12.4: 1239
DEBUG:[mqtt-exporter]:Serial: [DBG : App       ] TRAMA HEX (8 bytes): [ 55 01 AA 02 D7 04 01 01 ]
DEBUG:[mqtt-exporter]:Serial: [INFO: App       ] Enviando trama a fd00::f6ce:367a:c0c7:1d31
DEBUG:[mqtt-exporter]:Serial: [INFO: App       ] Lectura: 104 (aprox 78 ºF) -> F12.4: 1260
DEBUG:[mqtt-exporter]:Serial: [DBG : App       ] TRAMA HEX (8 bytes): [ 55 01 AA 02 EC 04 01 01 ]
DEBUG:[mqtt-exporter]:Serial: [INFO: App       ] Enviando trama a fd00::f6ce:367a:c0c7:1d31
DEBUG:[mqtt-exporter]:Serial: [INFO: App       ] Lectura: 105 (aprox 79 ºF) -> F12.4: 1268
DEBUG:[mqtt-exporter]:Serial: [DBG : App       ] TRAMA HEX (8 bytes): [ 55 01 AA 02 F4 04 01 01 ]
DEBUG:[mqtt-exporter]:Serial: [INFO: App       ] Enviando trama a fd00::f6ce:367a:c0c7:1d31
DEBUG:[mqtt-exporter]:Serial: [INFO: App       ] Botón pulsado, cambio de unidad a: Celsius
DEBUG:[mqtt-exporter]:Serial: [INFO: App       ] Lectura: 105 (aprox 26 ºC) -> F12.4: 420
DEBUG:[mqtt-exporter]:Serial: [DBG : App       ] TRAMA HEX (8 bytes): [ 55 01 AA 01 A4 01 01 01 ]
DEBUG:[mqtt-exporter]:Serial: [INFO: App       ] Enviando trama a fd00::f6ce:367a:c0c7:1d31
DEBUG:[mqtt-exporter]:Serial: [INFO: App       ] Lectura: 104 (aprox 26 ºC) -> F12.4: 416
DEBUG:[mqtt-exporter]:Serial: [DBG : App       ] TRAMA HEX (8 bytes): [ 55 01 AA 01 A0 01 01 01 ]
DEBUG:[mqtt-exporter]:Serial: [INFO: App       ] Enviando trama a fd00::f6ce:367a:c0c7:1d31
DEBUG:[mqtt-exporter]:Serial: [INFO: App       ] Lectura: 105 (aprox 26 ºC) -> F12.4: 420
DEBUG:[mqtt-exporter]:Serial: [DBG : App       ] TRAMA HEX (8 bytes): [ 55 01 AA 01 A4 01 01 01 ]
DEBUG:[mqtt-exporter]:Serial: [INFO: App       ] Enviando trama a fd00::f6ce:367a:c0c7:1d31
DEBUG:[mqtt-exporter]:Serial: [INFO: App       ] Lectura: 104 (aprox 26 ºC) -> F12.4: 416
DEBUG:[mqtt-exporter]:Serial: [DBG : App       ] TRAMA HEX (8 bytes): [ 55 01 AA 01 A0 01 01 01 ]
DEBUG:[mqtt-exporter]:Serial: [INFO: App       ] Enviando trama a fd00::f6ce:367a:c0c7:1d31
DEBUG:[mqtt-exporter]:Serial: [INFO: App       ] Lectura: 103 (aprox 25 ºC) -> F12.4: 412
DEBUG:[mqtt-exporter]:Serial: [DBG : App       ] TRAMA HEX (8 bytes): [ 55 01 AA 01 9C 01 01 01 ]
DEBUG:[mqtt-exporter]:Serial: [INFO: App       ] Enviando trama a fd00::f6ce:367a:c0c7:1d31
DEBUG:[mqtt-exporter]:Serial: [INFO: App       ] Lectura: 103 (aprox 25 ºC) -> F12.4: 412
DEBUG:[mqtt-exporter]:Serial: [DBG : App       ] TRAMA HEX (8 bytes): [ 55 01 AA 01 9C 01 01 01 ]
DEBUG:[mqtt-exporter]:Serial: [INFO: App       ] Enviando trama a fd00::f6ce:367a:c0c7:1d31
DEBUG:[mqtt-exporter]:Serial: [INFO: App       ] Lectura: 103 (aprox 25 ºC) -> F12.4: 412
DEBUG:[mqtt-exporter]:Serial: [DBG : App       ] TRAMA HEX (8 bytes): [ 55 01 AA 01 9C 01 01 01 ]
DEBUG:[mqtt-exporter]:Serial: [INFO: App       ] Enviando trama a fd00::f6ce:367a:c0c7:1d31
DEBUG:[mqtt-exporter]:Serial: [INFO: App       ] Lectura: 103 (aprox 25 ºC) -> F12.4: 412
DEBUG:[mqtt-exporter]:Serial: [DBG : App       ] TRAMA HEX (8 bytes): [ 55 01 AA 01 9C 01 01 01 ]
DEBUG:[mqtt-exporter]:Serial: [INFO: App       ] Enviando trama a fd00::f6ce:367a:c0c7:1d31
DEBUG:[mqtt-exporter]:Serial: [INFO: App       ] Lectura: 103 (aprox 25 ºC) -> F12.4: 412
DEBUG:[mqtt-exporter]:Serial: [DBG : App       ] TRAMA HEX (8 bytes): [ 55 01 AA 01 9C 01 01 01 ]
DEBUG:[mqtt-exporter]:Serial: [INFO: App       ] Enviando trama a fd00::f6ce:367a:c0c7:1d31
DEBUG:[mqtt-exporter]:Serial: [INFO: App       ] Lectura: 102 (aprox 25 ºC) -> F12.4: 408
DEBUG:[mqtt-exporter]:Serial: [DBG : App       ] TRAMA HEX (8 bytes): [ 55 01 AA 01 98 01 01 01 ]
DEBUG:[mqtt-exporter]:Serial: [INFO: App       ] Enviando trama a fd00::f6ce:367a:c0c7:1d31
DEBUG:[mqtt-exporter]:Serial: [INFO: App       ] Lectura: 102 (aprox 25 ºC) -> F12.4: 408
DEBUG:[mqtt-exporter]:Serial: [DBG : App       ] TRAMA HEX (8 bytes): [ 55 01 AA 01 98 01 01 01 ]
DEBUG:[mqtt-exporter]:Serial: [INFO: App       ] Enviando trama a fd00::f6ce:367a:c0c7:1d31
DEBUG:[mqtt-exporter]:Serial: [INFO: App       ] Lectura: 102 (aprox 25 ºC) -> F12.4: 408
DEBUG:[mqtt-exporter]:Serial: [DBG : App       ] TRAMA HEX (8 bytes): [ 55 01 AA 01 98 01 01 01 ]
DEBUG:[mqtt-exporter]:Serial: [INFO: App       ] Enviando trama a fd00::f6ce:367a:c0c7:1d31
DEBUG:[mqtt-exporter]:Serial: [INFO: App       ] Lectura: 101 (aprox 25 ºC) -> F12.4: 404
DEBUG:[mqtt-exporter]:Serial: [DBG : App       ] TRAMA HEX (8 bytes): [ 55 01 AA 01 94 01 01 01 ]
DEBUG:[mqtt-exporter]:Serial: [INFO: App       ] Enviando trama a fd00::f6ce:367a:c0c7:1d31
DEBUG:[mqtt-exporter]:Serial: [INFO: App       ] Lectura: 101 (aprox 25 ºC) -> F12.4: 404
DEBUG:[mqtt-exporter]:Serial: [DBG : App       ] TRAMA HEX (8 bytes): [ 55 01 AA 01 94 01 01 01 ]
DEBUG:[mqtt-exporter]:Serial: [INFO: App       ] Enviando trama a fd00::f6ce:367a:c0c7:1d31
DEBUG:[mqtt-exporter]:Serial: [INFO: App       ] Lectura: 101 (aprox 25 ºC) -> F12.4: 404
DEBUG:[mqtt-exporter]:Serial: [DBG : App       ] TRAMA HEX (8 bytes): [ 55 01 AA 01 94 01 01 01 ]
DEBUG:[mqtt-exporter]:Serial: [INFO: App       ] Enviando trama a fd00::f6ce:367a:c0c7:1d31
DEBUG:[mqtt-exporter]:Serial: [INFO: App       ] Lectura: 101 (aprox 25 ºC) -> F12.4: 404
DEBUG:[mqtt-exporter]:Serial: [DBG : App       ] TRAMA HEX (8 bytes): [ 55 01 AA 01 94 01 01 01 ]
DEBUG:[mqtt-exporter]:Serial: [INFO: App       ] Enviando trama a fd00::f6ce:367a:c0c7:1d31
DEBUG:[mqtt-exporter]:Serial: [INFO: App       ] Lectura: 101 (aprox 25 ºC) -> F12.4: 404
DEBUG:[mqtt-exporter]:Serial: [DBG : App       ] TRAMA HEX (8 bytes): [ 55 01 AA 01 94 01 01 01 ]
DEBUG:[mqtt-exporter]:Serial: [INFO: App       ] Enviando trama a fd00::f6ce:367a:c0c7:1d31
DEBUG:[mqtt-exporter]:Serial: [INFO: App       ] Lectura: 100 (aprox 25 ºC) -> F12.4: 400
DEBUG:[mqtt-exporter]:Serial: [DBG : App       ] TRAMA HEX (8 bytes): [ 55 01 AA 01 90 01 01 01 ]
DEBUG:[mqtt-exporter]:Serial: [INFO: App       ] Enviando trama a fd00::f6ce:367a:c0c7:1d31
DEBUG:[mqtt-exporter]:Serial: [INFO: App       ] Lectura: 100 (aprox 25 ºC) -> F12.4: 400
DEBUG:[mqtt-exporter]:Serial: [DBG : App       ] TRAMA HEX (8 bytes): [ 55 01 AA 01 90 01 01 01 ]
DEBUG:[mqtt-exporter]:Serial: [INFO: App       ] Enviando trama a fd00::f6ce:367a:c0c7:1d31
DEBUG:[mqtt-exporter]:Serial: [INFO: App       ] Lectura: 100 (aprox 25 ºC) -> F12.4: 400
DEBUG:[mqtt-exporter]:Serial: [DBG : App       ] TRAMA HEX (8 bytes): [ 55 01 AA 01 90 01 01 01 ]
DEBUG:[mqtt-exporter]:Serial: [INFO: App       ] Enviando trama a fd00::f6ce:367a:c0c7:1d31
DEBUG:[mqtt-exporter]:Serial: [INFO: App       ] Lectura: 101 (aprox 25 ºC) -> F12.4: 404
DEBUG:[mqtt-exporter]:Serial: [DBG : App       ] TRAMA HEX (8 bytes): [ 55 01 AA 01 94 01 01 01 ]
DEBUG:[mqtt-exporter]:Serial: [INFO: App       ] Enviando trama a fd00::f6ce:367a:c0c7:1d31
DEBUG:[mqtt-exporter]:Serial: [INFO: App       ] Lectura: 100 (aprox 25 ºC) -> F12.4: 400
DEBUG:[mqtt-exporter]:Serial: [DBG : App       ] TRAMA HEX (8 bytes): [ 55 01 AA 01 90 01 01 01 ]
DEBUG:[mqtt-exporter]:Serial: [INFO: App       ] Enviando trama a fd00::f6ce:367a:c0c7:1d31
DEBUG:[mqtt-exporter]:Serial: [INFO: App       ] Lectura: 100 (aprox 25 ºC) -> F12.4: 400
DEBUG:[mqtt-exporter]:Serial: [DBG : App       ] TRAMA HEX (8 bytes): [ 55 01 AA 01 90 01 01 01 ]
DEBUG:[mqtt-exporter]:Serial: [INFO: App       ] Enviando trama a fd00::f6ce:367a:c0c7:1d31
DEBUG:[mqtt-exporter]:Serial: [INFO: App       ] Lectura: 100 (aprox 25 ºC) -> F12.4: 400
DEBUG:[mqtt-exporter]:Serial: [DBG : App       ] TRAMA HEX (8 bytes): [ 55 01 AA 01 90 01 01 01 ]
DEBUG:[mqtt-exporter]:Serial: [INFO: App       ] Enviando trama a fd00::f6ce:367a:c0c7:1d31
DEBUG:[mqtt-exporter]:Serial: [INFO: App       ] Lectura: 100 (aprox 25 ºC) -> F12.4: 400
DEBUG:[mqtt-exporter]:Serial: [DBG : App       ] TRAMA HEX (8 bytes): [ 55 01 AA 01 90 01 01 01 ]
DEBUG:[mqtt-exporter]:Serial: [INFO: App       ] Enviando trama a fd00::f6ce:367a:c0c7:1d31
DEBUG:[mqtt-exporter]:Serial: [INFO: App       ] Lectura: 100 (aprox 25 ºC) -> F12.4: 400
DEBUG:[mqtt-exporter]:Serial: [DBG : App       ] TRAMA HEX (8 bytes): [ 55 01 AA 01 90 01 01 01 ]
DEBUG:[mqtt-exporter]:Serial: [INFO: App       ] Enviando trama a fd00::f6ce:367a:c0c7:1d31
DEBUG:[mqtt-exporter]:Serial: [INFO: App       ] Lectura: 100 (aprox 25 ºC) -> F12.4: 400
DEBUG:[mqtt-exporter]:Serial: [DBG : App       ] TRAMA HEX (8 bytes): [ 55 01 AA 01 90 01 01 01 ]
DEBUG:[mqtt-exporter]:Serial: [INFO: App       ] Enviando trama a fd00::f6ce:367a:c0c7:1d31
DEBUG:[mqtt-exporter]:Serial: [INFO: App       ] Lectura: 100 (aprox 25 ºC) -> F12.4: 400
DEBUG:[mqtt-exporter]:Serial: [DBG : App       ] TRAMA HEX (8 bytes): [ 55 01 AA 01 90 01 01 01 ]
DEBUG:[mqtt-exporter]:Serial: [INFO: App       ] Enviando trama a fd00::f6ce:367a:c0c7:1d31
DEBUG:[mqtt-exporter]:Serial: [INFO: App       ] Lectura: 100 (aprox 25 ºC) -> F12.4: 400
DEBUG:[mqtt-exporter]:Serial: [DBG : App       ] TRAMA HEX (8 bytes): [ 55 01 AA 01 90 01 01 01 ]
DEBUG:[mqtt-exporter]:Serial: [INFO: App       ] Enviando trama a fd00::f6ce:367a:c0c7:1d31
DEBUG:[mqtt-exporter]:Serial: [INFO: App       ] Lectura: 100 (aprox 25 ºC) -> F12.4: 400
DEBUG:[mqtt-exporter]:Serial: [DBG : App       ] TRAMA HEX (8 bytes): [ 55 01 AA 01 90 01 01 01 ]
DEBUG:[mqtt-exporter]:Serial: [INFO: App       ] Enviando trama a fd00::f6ce:367a:c0c7:1d31
DEBUG:[mqtt-exporter]:Serial: [INFO: App       ] Lectura: 100 (aprox 25 ºC) -> F12.4: 400
DEBUG:[mqtt-exporter]:Serial: [DBG : App       ] TRAMA HEX (8 bytes): [ 55 01 AA 01 90 01 01 01 ]
DEBUG:[mqtt-exporter]:Serial: [INFO: App       ] Enviando trama a fd00::f6ce:367a:c0c7:1d31
DEBUG:[mqtt-exporter]:Serial: [INFO: App       ] Lectura: 99 (aprox 24 ºC) -> F12.4: 396
DEBUG:[mqtt-exporter]:Serial: [DBG : App       ] TRAMA HEX (8 bytes): [ 55 01 AA 01 8C 01 01 01 ]
DEBUG:[mqtt-exporter]:Serial: [INFO: App       ] Enviando trama a fd00::f6ce:367a:c0c7:1d31
DEBUG:[mqtt-exporter]:Serial: [INFO: App       ] Lectura: 99 (aprox 24 ºC) -> F12.4: 396
DEBUG:[mqtt-exporter]:Serial: [DBG : App       ] TRAMA HEX (8 bytes): [ 55 01 AA 01 8C 01 01 01 ]
DEBUG:[mqtt-exporter]:Serial: [INFO: App       ] Enviando trama a fd00::f6ce:367a:c0c7:1d31
INFO:[mqtt-exporter]:Connected rc=Success
DEBUG:[mqtt-exporter]:Serial: [INFO: App       ] Recibido paquete UDP de fd00::f6ce:36a7:f312:9b3
DEBUG:[mqtt-exporter]:Serial: 170;C;24.2500;1;1
INFO:[mqtt-exporter]:Publish temp in ºC = 24.25
INFO:[mqtt-exporter]:Published alarm status = 1
INFO:[mqtt-exporter]:[Topic: temp_C] b'24.25'
INFO:[mqtt-exporter]:[Topic: alarm] b'1'
DEBUG:[mqtt-exporter]:Serial: [INFO: App       ] Recibido paquete UDP de fd00::f6ce:36a7:f312:9b3
DEBUG:[mqtt-exporter]:Serial: 170;C;24.2500;1;1
INFO:[mqtt-exporter]:Publish temp in ºC = 24.25
INFO:[mqtt-exporter]:Published alarm status = 1
INFO:[mqtt-exporter]:[Topic: temp_C] b'24.25'
INFO:[mqtt-exporter]:[Topic: alarm] b'1'
DEBUG:[mqtt-exporter]:Serial: [INFO: App       ] Recibido paquete UDP de fd00::f6ce:36a7:f312:9b3
DEBUG:[mqtt-exporter]:Serial: 170;C;24.2500;1;1
INFO:[mqtt-exporter]:Publish temp in ºC = 24.25
INFO:[mqtt-exporter]:Published alarm status = 1
INFO:[mqtt-exporter]:[Topic: temp_C] b'24.25'
INFO:[mqtt-exporter]:[Topic: alarm] b'1'
DEBUG:[mqtt-exporter]:Serial: [INFO: App       ] Recibido paquete UDP de fd00::f6ce:36a7:f312:9b3
DEBUG:[mqtt-exporter]:Serial: 170;C;24.2500;1;1
INFO:[mqtt-exporter]:Publish temp in ºC = 24.25
INFO:[mqtt-exporter]:Published alarm status = 1
INFO:[mqtt-exporter]:[Topic: temp_C] b'24.25'
INFO:[mqtt-exporter]:[Topic: alarm] b'1'
DEBUG:[mqtt-exporter]:Serial: [INFO: App       ] Recibido paquete UDP de fd00::f6ce:36a7:f312:9b3
DEBUG:[mqtt-exporter]:Serial: 170;C;24.2500;1;1
INFO:[mqtt-exporter]:Publish temp in ºC = 24.25
INFO:[mqtt-exporter]:Published alarm status = 1
INFO:[mqtt-exporter]:[Topic: temp_C] b'24.25'
INFO:[mqtt-exporter]:[Topic: alarm] b'1'
DEBUG:[mqtt-exporter]:Serial: [INFO: App       ] Recibido paquete UDP de fd00::f6ce:36a7:f312:9b3
DEBUG:[mqtt-exporter]:Serial: 170;C;24.2500;1;1
INFO:[mqtt-exporter]:Publish temp in ºC = 24.25
INFO:[mqtt-exporter]:Published alarm status = 1
INFO:[mqtt-exporter]:[Topic: temp_C] b'24.25'
INFO:[mqtt-exporter]:[Topic: alarm] b'1'
DEBUG:[mqtt-exporter]:Serial: [INFO: App       ] Recibido paquete UDP de fd00::f6ce:36a7:f312:9b3
DEBUG:[mqtt-exporter]:Serial: 170;C;24.2500;1;1
INFO:[mqtt-exporter]:Publish temp in ºC = 24.25
INFO:[mqtt-exporter]:Published alarm status = 1
INFO:[mqtt-exporter]:[Topic: temp_C] b'24.25'
INFO:[mqtt-exporter]:[Topic: alarm] b'1'
DEBUG:[mqtt-exporter]:Serial: [INFO: App       ] Recibido paquete UDP de fd00::f6ce:36a7:f312:9b3
DEBUG:[mqtt-exporter]:Serial: 170;C;24.2500;1;1
INFO:[mqtt-exporter]:Publish temp in ºC = 24.25
INFO:[mqtt-exporter]:Published alarm status = 1
INFO:[mqtt-exporter]:[Topic: temp_C] b'24.25'
INFO:[mqtt-exporter]:[Topic: alarm] b'1'
DEBUG:[mqtt-exporter]:Serial: [INFO: App       ] Recibido paquete UDP de fd00::f6ce:36a7:f312:9b3
DEBUG:[mqtt-exporter]:Serial: 170;C;24.2500;1;1
INFO:[mqtt-exporter]:Publish temp in ºC = 24.25
INFO:[mqtt-exporter]:Published alarm status = 1
INFO:[mqtt-exporter]:[Topic: temp_C] b'24.25'
INFO:[mqtt-exporter]:[Topic: alarm] b'1'
DEBUG:[mqtt-exporter]:Serial: [INFO: App       ] Recibido paquete UDP de fd00::f6ce:36a7:f312:9b3
DEBUG:[mqtt-exporter]:Serial: 170;C;24.2500;1;1
INFO:[mqtt-exporter]:Publish temp in ºC = 24.25
INFO:[mqtt-exporter]:Published alarm status = 1
INFO:[mqtt-exporter]:[Topic: temp_C] b'24.25'
INFO:[mqtt-exporter]:[Topic: alarm] b'1'
DEBUG:[mqtt-exporter]:Serial: [INFO: App       ] Recibido paquete UDP de fd00::f6ce:36a7:f312:9b3
DEBUG:[mqtt-exporter]:Serial: 170;C;24.2500;1;1
INFO:[mqtt-exporter]:Publish temp in ºC = 24.25
INFO:[mqtt-exporter]:Published alarm status = 1
INFO:[mqtt-exporter]:[Topic: temp_C] b'24.25'
INFO:[mqtt-exporter]:[Topic: alarm] b'1'
DEBUG:[mqtt-exporter]:Serial: [INFO: App       ] Recibido paquete UDP de fd00::f6ce:36a7:f312:9b3
DEBUG:[mqtt-exporter]:Serial: 170;C;24.2500;1;1
INFO:[mqtt-exporter]:Publish temp in ºC = 24.25
INFO:[mqtt-exporter]:Published alarm status = 1
INFO:[mqtt-exporter]:[Topic: temp_C] b'24.25'
INFO:[mqtt-exporter]:[Topic: alarm] b'1'
DEBUG:[mqtt-exporter]:Serial: [INFO: App       ] Recibido paquete UDP de fd00::f6ce:36a7:f312:9b3
DEBUG:[mqtt-exporter]:Serial: 170;C;24.2500;1;1
INFO:[mqtt-exporter]:Publish temp in ºC = 24.25
INFO:[mqtt-exporter]:Published alarm status = 1
INFO:[mqtt-exporter]:[Topic: temp_C] b'24.25'
INFO:[mqtt-exporter]:[Topic: alarm] b'1'
DEBUG:[mqtt-exporter]:Serial: [INFO: App       ] Recibido paquete UDP de fd00::f6ce:36a7:f312:9b3
DEBUG:[mqtt-exporter]:Serial: 170;C;24.2500;1;1
INFO:[mqtt-exporter]:Publish temp in ºC = 24.25
INFO:[mqtt-exporter]:Published alarm status = 1
INFO:[mqtt-exporter]:[Topic: temp_C] b'24.25'
INFO:[mqtt-exporter]:[Topic: alarm] b'1'
DEBUG:[mqtt-exporter]:Serial: [INFO: App       ] Recibido paquete UDP de fd00::f6ce:36a7:f312:9b3
DEBUG:[mqtt-exporter]:Serial: 170;C;28.7500;1;1
INFO:[mqtt-exporter]:Publish temp in ºC = 28.75
INFO:[mqtt-exporter]:Published alarm status = 1
INFO:[mqtt-exporter]:[Topic: temp_C] b'28.75'
INFO:[mqtt-exporter]:[Topic: alarm] b'1'
DEBUG:[mqtt-exporter]:Serial: [INFO: App       ] Recibido paquete UDP de fd00::f6ce:36a7:f312:9b3
DEBUG:[mqtt-exporter]:Serial: 170;C;30.5000;1;1
INFO:[mqtt-exporter]:Publish temp in ºC = 30.5
INFO:[mqtt-exporter]:Published alarm status = 1
INFO:[mqtt-exporter]:[Topic: temp_C] b'30.5'
INFO:[mqtt-exporter]:[Topic: alarm] b'1'
DEBUG:[mqtt-exporter]:Serial: [INFO: App       ] Recibido paquete UDP de fd00::f6ce:36a7:f312:9b3
DEBUG:[mqtt-exporter]:Serial: 170;C;33.2500;1;1
INFO:[mqtt-exporter]:Publish temp in ºC = 33.25
INFO:[mqtt-exporter]:Published alarm status = 1
INFO:[mqtt-exporter]:[Topic: temp_C] b'33.25'
INFO:[mqtt-exporter]:[Topic: alarm] b'1'
DEBUG:[mqtt-exporter]:Serial: [INFO: App       ] Recibido paquete UDP de fd00::f6ce:36a7:f312:9b3
DEBUG:[mqtt-exporter]:Serial: 170;F;90.9375;1;1
INFO:[mqtt-exporter]:Publish temp in ºF = 90.9375
INFO:[mqtt-exporter]:Published alarm status = 1
INFO:[mqtt-exporter]:[Topic: temp_F] b'90.9375'
INFO:[mqtt-exporter]:[Topic: alarm] b'1'
DEBUG:[mqtt-exporter]:Serial: [INFO: App       ] Recibido paquete UDP de fd00::f6ce:36a7:f312:9b3
DEBUG:[mqtt-exporter]:Serial: 170;F;90.0000;1;1
INFO:[mqtt-exporter]:Publish temp in ºF = 90.0
INFO:[mqtt-exporter]:Published alarm status = 1
INFO:[mqtt-exporter]:[Topic: temp_F] b'90.0'
INFO:[mqtt-exporter]:[Topic: alarm] b'1'
DEBUG:[mqtt-exporter]:Serial: [INFO: App       ] Recibido paquete UDP de fd00::f6ce:36a7:f312:9b3
DEBUG:[mqtt-exporter]:Serial: 170;F;90.0000;1;1
INFO:[mqtt-exporter]:Publish temp in ºF = 90.0
INFO:[mqtt-exporter]:Published alarm status = 1
INFO:[mqtt-exporter]:[Topic: temp_F] b'90.0'
INFO:[mqtt-exporter]:[Topic: alarm] b'1'
DEBUG:[mqtt-exporter]:Serial: [INFO: App       ] Recibido paquete UDP de fd00::f6ce:36a7:f312:9b3
DEBUG:[mqtt-exporter]:Serial: 170;F;88.6875;1;1
INFO:[mqtt-exporter]:Publish temp in ºF = 88.6875
INFO:[mqtt-exporter]:Published alarm status = 1
INFO:[mqtt-exporter]:[Topic: temp_F] b'88.6875'
INFO:[mqtt-exporter]:[Topic: alarm] b'1'
DEBUG:[mqtt-exporter]:Serial: [INFO: App       ] Recibido paquete UDP de fd00::f6ce:36a7:f312:9b3
DEBUG:[mqtt-exporter]:Serial: 170;F;88.2500;1;1
INFO:[mqtt-exporter]:Publish temp in ºF = 88.25
INFO:[mqtt-exporter]:Published alarm status = 1
INFO:[mqtt-exporter]:[Topic: temp_F] b'88.25'
INFO:[mqtt-exporter]:[Topic: alarm] b'1'
DEBUG:[mqtt-exporter]:Serial: [INFO: App       ] Recibido paquete UDP de fd00::f6ce:36a7:f312:9b3
DEBUG:[mqtt-exporter]:Serial: 170;F;87.7500;1;1
INFO:[mqtt-exporter]:Publish temp in ºF = 87.75
INFO:[mqtt-exporter]:Published alarm status = 1
INFO:[mqtt-exporter]:[Topic: temp_F] b'87.75'
INFO:[mqtt-exporter]:[Topic: alarm] b'1'
DEBUG:[mqtt-exporter]:Serial: [INFO: App       ] Recibido paquete UDP de fd00::f6ce:36a7:f312:9b3
DEBUG:[mqtt-exporter]:Serial: 170;F;87.3125;1;1
INFO:[mqtt-exporter]:Publish temp in ºF = 87.3125
INFO:[mqtt-exporter]:Published alarm status = 1
INFO:[mqtt-exporter]:[Topic: temp_F] b'87.3125'
INFO:[mqtt-exporter]:[Topic: alarm] b'1'
DEBUG:[mqtt-exporter]:Serial: [INFO: App       ] Recibido paquete UDP de fd00::f6ce:36a7:f312:9b3
DEBUG:[mqtt-exporter]:Serial: 170;F;86.4375;1;1
INFO:[mqtt-exporter]:Publish temp in ºF = 86.4375
INFO:[mqtt-exporter]:Published alarm status = 1
INFO:[mqtt-exporter]:[Topic: temp_F] b'86.4375'
INFO:[mqtt-exporter]:[Topic: alarm] b'1'
DEBUG:[mqtt-exporter]:Serial: [INFO: App       ] Recibido paquete UDP de fd00::f6ce:36a7:f312:9b3
DEBUG:[mqtt-exporter]:Serial: 170;F;86.4375;1;1
INFO:[mqtt-exporter]:Publish temp in ºF = 86.4375
INFO:[mqtt-exporter]:Published alarm status = 1
INFO:[mqtt-exporter]:[Topic: temp_F] b'86.4375'
INFO:[mqtt-exporter]:[Topic: alarm] b'1'
DEBUG:[mqtt-exporter]:Serial: [INFO: App       ] Recibido paquete UDP de fd00::f6ce:36a7:f312:9b3
DEBUG:[mqtt-exporter]:Serial: 170;F;85.5000;1;1
INFO:[mqtt-exporter]:Publish temp in ºF = 85.5
INFO:[mqtt-exporter]:Published alarm status = 1
INFO:[mqtt-exporter]:[Topic: temp_F] b'85.5'
INFO:[mqtt-exporter]:[Topic: alarm] b'1'
DEBUG:[mqtt-exporter]:Serial: [INFO: App       ] Recibido paquete UDP de fd00::f6ce:36a7:f312:9b3
DEBUG:[mqtt-exporter]:Serial: 170;F;85.0625;1;1
INFO:[mqtt-exporter]:Publish temp in ºF = 85.0625
INFO:[mqtt-exporter]:Published alarm status = 1
INFO:[mqtt-exporter]:[Topic: temp_F] b'85.0625'
INFO:[mqtt-exporter]:[Topic: alarm] b'1'
DEBUG:[mqtt-exporter]:Serial: [INFO: App       ] Recibido paquete UDP de fd00::f6ce:36a7:f312:9b3
DEBUG:[mqtt-exporter]:Serial: 170;F;84.6250;1;1
INFO:[mqtt-exporter]:Publish temp in ºF = 84.625
INFO:[mqtt-exporter]:Published alarm status = 1
INFO:[mqtt-exporter]:[Topic: temp_F] b'84.625'
INFO:[mqtt-exporter]:[Topic: alarm] b'1'
DEBUG:[mqtt-exporter]:Serial: [INFO: App       ] Recibido paquete UDP de fd00::f6ce:36a7:f312:9b3
DEBUG:[mqtt-exporter]:Serial: 170;F;84.1875;1;1
INFO:[mqtt-exporter]:Publish temp in ºF = 84.1875
INFO:[mqtt-exporter]:Published alarm status = 1
INFO:[mqtt-exporter]:[Topic: temp_F] b'84.1875'
INFO:[mqtt-exporter]:[Topic: alarm] b'1'
DEBUG:[mqtt-exporter]:Serial: [INFO: App       ] Recibido paquete UDP de fd00::f6ce:36a7:f312:9b3
DEBUG:[mqtt-exporter]:Serial: 170;F;83.7500;1;1
INFO:[mqtt-exporter]:Publish temp in ºF = 83.75
INFO:[mqtt-exporter]:[Topic: temp_F] b'83.75'
INFO:[mqtt-exporter]:[Topic: alarm] b'1'
INFO:[mqtt-exporter]:Published alarm status = 1
DEBUG:[mqtt-exporter]:Serial: [INFO: App       ] Recibido paquete UDP de fd00::f6ce:36a7:f312:9b3
DEBUG:[mqtt-exporter]:Serial: 170;F;83.7500;1;1
INFO:[mqtt-exporter]:Publish temp in ºF = 83.75
INFO:[mqtt-exporter]:Published alarm status = 1
INFO:[mqtt-exporter]:[Topic: temp_F] b'83.75'
INFO:[mqtt-exporter]:[Topic: alarm] b'1'
DEBUG:[mqtt-exporter]:Serial: [INFO: App       ] Recibido paquete UDP de fd00::f6ce:36a7:f312:9b3
DEBUG:[mqtt-exporter]:Serial: 170;F;83.2500;1;1
INFO:[mqtt-exporter]:Publish temp in ºF = 83.25
INFO:[mqtt-exporter]:Published alarm status = 1
INFO:[mqtt-exporter]:[Topic: temp_F] b'83.25'
INFO:[mqtt-exporter]:[Topic: alarm] b'1'
DEBUG:[mqtt-exporter]:Serial: [INFO: App       ] Recibido paquete UDP de fd00::f6ce:36a7:f312:9b3
DEBUG:[mqtt-exporter]:Serial: 170;F;82.8125;1;1
INFO:[mqtt-exporter]:Publish temp in ºF = 82.8125
INFO:[mqtt-exporter]:Published alarm status = 1
INFO:[mqtt-exporter]:[Topic: temp_F] b'82.8125'
INFO:[mqtt-exporter]:[Topic: alarm] b'1'
DEBUG:[mqtt-exporter]:Serial: [INFO: App       ] Recibido paquete UDP de fd00::f6ce:36a7:f312:9b3
DEBUG:[mqtt-exporter]:Serial: 170;F;82.3750;1;1
INFO:[mqtt-exporter]:Publish temp in ºF = 82.375
INFO:[mqtt-exporter]:Published alarm status = 1
INFO:[mqtt-exporter]:[Topic: temp_F] b'82.375'
INFO:[mqtt-exporter]:[Topic: alarm] b'1'
DEBUG:[mqtt-exporter]:Serial: [INFO: App       ] Recibido paquete UDP de fd00::f6ce:36a7:f312:9b3
DEBUG:[mqtt-exporter]:Serial: 170;F;82.3750;1;1
INFO:[mqtt-exporter]:Publish temp in ºF = 82.375
INFO:[mqtt-exporter]:Published alarm status = 1
INFO:[mqtt-exporter]:[Topic: temp_F] b'82.375'
INFO:[mqtt-exporter]:[Topic: alarm] b'1'
DEBUG:[mqtt-exporter]:Serial: [INFO: App       ] Recibido paquete UDP de fd00::f6ce:36a7:f312:9b3
DEBUG:[mqtt-exporter]:Serial: 170;F;81.9375;1;1
INFO:[mqtt-exporter]:Publish temp in ºF = 81.9375
INFO:[mqtt-exporter]:Published alarm status = 1
INFO:[mqtt-exporter]:[Topic: temp_F] b'81.9375'
INFO:[mqtt-exporter]:[Topic: alarm] b'1'
DEBUG:[mqtt-exporter]:Serial: [INFO: App       ] Recibido paquete UDP de fd00::f6ce:36a7:f312:9b3
DEBUG:[mqtt-exporter]:Serial: 170;F;81.9375;1;1
INFO:[mqtt-exporter]:Publish temp in ºF = 81.9375
INFO:[mqtt-exporter]:Published alarm status = 1
INFO:[mqtt-exporter]:[Topic: temp_F] b'81.9375'
INFO:[mqtt-exporter]:[Topic: alarm] b'1'
DEBUG:[mqtt-exporter]:Serial: [INFO: App       ] Recibido paquete UDP de fd00::f6ce:36a7:f312:9b3
DEBUG:[mqtt-exporter]:Serial: 170;F;81.0000;1;1
INFO:[mqtt-exporter]:[Topic: temp_F] b'81.0'
INFO:[mqtt-exporter]:Publish temp in ºF = 81.0
INFO:[mqtt-exporter]:Published alarm status = 1
INFO:[mqtt-exporter]:[Topic: alarm] b'1'
DEBUG:[mqtt-exporter]:Serial: [INFO: App       ] Recibido paquete UDP de fd00::f6ce:36a7:f312:9b3
DEBUG:[mqtt-exporter]:Serial: 170;F;81.0000;1;1
INFO:[mqtt-exporter]:Publish temp in ºF = 81.0
INFO:[mqtt-exporter]:Published alarm status = 1
INFO:[mqtt-exporter]:[Topic: temp_F] b'81.0'
INFO:[mqtt-exporter]:[Topic: alarm] b'1'
DEBUG:[mqtt-exporter]:Serial: [INFO: App       ] Recibido paquete UDP de fd00::f6ce:36a7:f312:9b3
DEBUG:[mqtt-exporter]:Serial: 170;F;80.5625;1;1
INFO:[mqtt-exporter]:Publish temp in ºF = 80.5625
INFO:[mqtt-exporter]:Published alarm status = 1
INFO:[mqtt-exporter]:[Topic: temp_F] b'80.5625'
INFO:[mqtt-exporter]:[Topic: alarm] b'1'
DEBUG:[mqtt-exporter]:Serial: [INFO: App       ] Recibido paquete UDP de fd00::f6ce:36a7:f312:9b3
DEBUG:[mqtt-exporter]:Serial: 170;F;80.5625;1;1
INFO:[mqtt-exporter]:Publish temp in ºF = 80.5625
INFO:[mqtt-exporter]:Published alarm status = 1
INFO:[mqtt-exporter]:[Topic: temp_F] b'80.5625'
INFO:[mqtt-exporter]:[Topic: alarm] b'1'
DEBUG:[mqtt-exporter]:Serial: [INFO: App       ] Recibido paquete UDP de fd00::f6ce:36a7:f312:9b3
DEBUG:[mqtt-exporter]:Serial: 170;F;80.1250;1;1
INFO:[mqtt-exporter]:Publish temp in ºF = 80.125
INFO:[mqtt-exporter]:Published alarm status = 1
INFO:[mqtt-exporter]:[Topic: temp_F] b'80.125'
INFO:[mqtt-exporter]:[Topic: alarm] b'1'
DEBUG:[mqtt-exporter]:Serial: [INFO: App       ] Recibido paquete UDP de fd00::f6ce:36a7:f312:9b3
DEBUG:[mqtt-exporter]:Serial: 170;F;80.1250;1;1
INFO:[mqtt-exporter]:Publish temp in ºF = 80.125
INFO:[mqtt-exporter]:Published alarm status = 1
INFO:[mqtt-exporter]:[Topic: temp_F] b'80.125'
INFO:[mqtt-exporter]:[Topic: alarm] b'1'
DEBUG:[mqtt-exporter]:Serial: [INFO: App       ] Recibido paquete UDP de fd00::f6ce:36a7:f312:9b3
DEBUG:[mqtt-exporter]:Serial: 170;F;80.1250;1;1
INFO:[mqtt-exporter]:Publish temp in ºF = 80.125
INFO:[mqtt-exporter]:Published alarm status = 1
INFO:[mqtt-exporter]:[Topic: temp_F] b'80.125'
INFO:[mqtt-exporter]:[Topic: alarm] b'1'
DEBUG:[mqtt-exporter]:Serial: [INFO: App       ] Recibido paquete UDP de fd00::f6ce:36a7:f312:9b3
DEBUG:[mqtt-exporter]:Serial: 170;F;79.6875;1;1
INFO:[mqtt-exporter]:Publish temp in ºF = 79.6875
INFO:[mqtt-exporter]:Published alarm status = 1
INFO:[mqtt-exporter]:[Topic: temp_F] b'79.6875'
INFO:[mqtt-exporter]:[Topic: alarm] b'1'
DEBUG:[mqtt-exporter]:Serial: [INFO: App       ] Recibido paquete UDP de fd00::f6ce:36a7:f312:9b3
DEBUG:[mqtt-exporter]:Serial: 170;F;79.6875;1;1
INFO:[mqtt-exporter]:Publish temp in ºF = 79.6875
INFO:[mqtt-exporter]:Published alarm status = 1
INFO:[mqtt-exporter]:[Topic: temp_F] b'79.6875'
INFO:[mqtt-exporter]:[Topic: alarm] b'1'
DEBUG:[mqtt-exporter]:Serial: [INFO: App       ] Recibido paquete UDP de fd00::f6ce:36a7:f312:9b3
DEBUG:[mqtt-exporter]:Serial: 170;F;79.2500;1;1
INFO:[mqtt-exporter]:Publish temp in ºF = 79.25
INFO:[mqtt-exporter]:Published alarm status = 1
INFO:[mqtt-exporter]:[Topic: temp_F] b'79.25'
INFO:[mqtt-exporter]:[Topic: alarm] b'1'
DEBUG:[mqtt-exporter]:Serial: [INFO: App       ] Recibido paquete UDP de fd00::f6ce:36a7:f312:9b3
DEBUG:[mqtt-exporter]:Serial: 170;F;79.2500;1;1
INFO:[mqtt-exporter]:Publish temp in ºF = 79.25
INFO:[mqtt-exporter]:Published alarm status = 1
INFO:[mqtt-exporter]:[Topic: temp_F] b'79.25'
INFO:[mqtt-exporter]:[Topic: alarm] b'1'
DEBUG:[mqtt-exporter]:Serial: [INFO: App       ] Recibido paquete UDP de fd00::f6ce:36a7:f312:9b3
DEBUG:[mqtt-exporter]:Serial: 170;F;79.2500;1;1
INFO:[mqtt-exporter]:Publish temp in ºF = 79.25
INFO:[mqtt-exporter]:Published alarm status = 1
INFO:[mqtt-exporter]:[Topic: temp_F] b'79.25'
INFO:[mqtt-exporter]:[Topic: alarm] b'1'
DEBUG:[mqtt-exporter]:Serial: [INFO: App       ] Recibido paquete UDP de fd00::f6ce:36a7:f312:9b3
DEBUG:[mqtt-exporter]:Serial: 170;F;78.7500;1;1
INFO:[mqtt-exporter]:Publish temp in ºF = 78.75
INFO:[mqtt-exporter]:Published alarm status = 1
INFO:[mqtt-exporter]:[Topic: temp_F] b'78.75'
INFO:[mqtt-exporter]:[Topic: alarm] b'1'
DEBUG:[mqtt-exporter]:Serial: [INFO: App       ] Recibido paquete UDP de fd00::f6ce:36a7:f312:9b3
DEBUG:[mqtt-exporter]:Serial: 170;F;78.7500;1;1
INFO:[mqtt-exporter]:Publish temp in ºF = 78.75
INFO:[mqtt-exporter]:Published alarm status = 1
INFO:[mqtt-exporter]:[Topic: temp_F] b'78.75'
INFO:[mqtt-exporter]:[Topic: alarm] b'1'
DEBUG:[mqtt-exporter]:Serial: [INFO: App       ] Recibido paquete UDP de fd00::f6ce:36a7:f312:9b3
DEBUG:[mqtt-exporter]:Serial: 170;F;78.3125;1;1
INFO:[mqtt-exporter]:Publish temp in ºF = 78.3125
INFO:[mqtt-exporter]:Published alarm status = 1
INFO:[mqtt-exporter]:[Topic: temp_F] b'78.3125'
INFO:[mqtt-exporter]:[Topic: alarm] b'1'
DEBUG:[mqtt-exporter]:Serial: [INFO: App       ] Recibido paquete UDP de fd00::f6ce:36a7:f312:9b3
DEBUG:[mqtt-exporter]:Serial: 170;F;78.3125;1;1
INFO:[mqtt-exporter]:Publish temp in ºF = 78.3125
INFO:[mqtt-exporter]:Published alarm status = 1
INFO:[mqtt-exporter]:[Topic: temp_F] b'78.3125'
INFO:[mqtt-exporter]:[Topic: alarm] b'1'
DEBUG:[mqtt-exporter]:Serial: [INFO: App       ] Recibido paquete UDP de fd00::f6ce:36a7:f312:9b3
DEBUG:[mqtt-exporter]:Serial: 170;F;78.3125;1;1
INFO:[mqtt-exporter]:Publish temp in ºF = 78.3125
INFO:[mqtt-exporter]:Published alarm status = 1
INFO:[mqtt-exporter]:[Topic: temp_F] b'78.3125'
INFO:[mqtt-exporter]:[Topic: alarm] b'1'
DEBUG:[mqtt-exporter]:Serial: [INFO: App       ] Recibido paquete UDP de fd00::f6ce:36a7:f312:9b3
DEBUG:[mqtt-exporter]:Serial: 170;F;77.8750;1;1
INFO:[mqtt-exporter]:Publish temp in ºF = 77.875
INFO:[mqtt-exporter]:Published alarm status = 1
INFO:[mqtt-exporter]:[Topic: temp_F] b'77.875'
INFO:[mqtt-exporter]:[Topic: alarm] b'1'
DEBUG:[mqtt-exporter]:Serial: [INFO: App       ] Recibido paquete UDP de fd00::f6ce:36a7:f312:9b3
DEBUG:[mqtt-exporter]:Serial: 170;F;77.8750;1;1
INFO:[mqtt-exporter]:Publish temp in ºF = 77.875
INFO:[mqtt-exporter]:Published alarm status = 1
INFO:[mqtt-exporter]:[Topic: temp_F] b'77.875'
INFO:[mqtt-exporter]:[Topic: alarm] b'1'
DEBUG:[mqtt-exporter]:Serial: [INFO: App       ] Recibido paquete UDP de fd00::f6ce:36a7:f312:9b3
DEBUG:[mqtt-exporter]:Serial: 170;F;77.8750;1;1
INFO:[mqtt-exporter]:Publish temp in ºF = 77.875
INFO:[mqtt-exporter]:Published alarm status = 1
INFO:[mqtt-exporter]:[Topic: temp_F] b'77.875'
INFO:[mqtt-exporter]:[Topic: alarm] b'1'
DEBUG:[mqtt-exporter]:Serial: [INFO: App       ] Recibido paquete UDP de fd00::f6ce:36a7:f312:9b3
DEBUG:[mqtt-exporter]:Serial: 170;F;77.8750;1;1
INFO:[mqtt-exporter]:Publish temp in ºF = 77.875
INFO:[mqtt-exporter]:Published alarm status = 1
INFO:[mqtt-exporter]:[Topic: temp_F] b'77.875'
INFO:[mqtt-exporter]:[Topic: alarm] b'1'
DEBUG:[mqtt-exporter]:Serial: [INFO: App       ] Recibido paquete UDP de fd00::f6ce:36a7:f312:9b3
DEBUG:[mqtt-exporter]:Serial: 170;F;77.8750;1;1
INFO:[mqtt-exporter]:Publish temp in ºF = 77.875
INFO:[mqtt-exporter]:Published alarm status = 1
INFO:[mqtt-exporter]:[Topic: temp_F] b'77.875'
INFO:[mqtt-exporter]:[Topic: alarm] b'1'
DEBUG:[mqtt-exporter]:Serial: [INFO: App       ] Recibido paquete UDP de fd00::f6ce:36a7:f312:9b3
DEBUG:[mqtt-exporter]:Serial: 170;F;77.4375;1;1
INFO:[mqtt-exporter]:Publish temp in ºF = 77.4375
INFO:[mqtt-exporter]:Published alarm status = 1
INFO:[mqtt-exporter]:[Topic: temp_F] b'77.4375'
INFO:[mqtt-exporter]:[Topic: alarm] b'1'
DEBUG:[mqtt-exporter]:Serial: [INFO: App       ] Recibido paquete UDP de fd00::f6ce:36a7:f312:9b3
DEBUG:[mqtt-exporter]:Serial: 170;F;77.4375;1;1
INFO:[mqtt-exporter]:Publish temp in ºF = 77.4375
INFO:[mqtt-exporter]:Published alarm status = 1
INFO:[mqtt-exporter]:[Topic: temp_F] b'77.4375'
INFO:[mqtt-exporter]:[Topic: alarm] b'1'
DEBUG:[mqtt-exporter]:Serial: [INFO: App       ] Recibido paquete UDP de fd00::f6ce:36a7:f312:9b3
DEBUG:[mqtt-exporter]:Serial: 170;F;77.4375;1;1
INFO:[mqtt-exporter]:Publish temp in ºF = 77.4375
INFO:[mqtt-exporter]:Published alarm status = 1
INFO:[mqtt-exporter]:[Topic: temp_F] b'77.4375'
INFO:[mqtt-exporter]:[Topic: alarm] b'1'
DEBUG:[mqtt-exporter]:Serial: [INFO: App       ] Recibido paquete UDP de fd00::f6ce:36a7:f312:9b3
DEBUG:[mqtt-exporter]:Serial: 170;F;77.4375;1;1
INFO:[mqtt-exporter]:Publish temp in ºF = 77.4375
INFO:[mqtt-exporter]:Published alarm status = 1
INFO:[mqtt-exporter]:[Topic: temp_F] b'77.4375'
INFO:[mqtt-exporter]:[Topic: alarm] b'1'
DEBUG:[mqtt-exporter]:Serial: [INFO: App       ] Recibido paquete UDP de fd00::f6ce:36a7:f312:9b3
DEBUG:[mqtt-exporter]:Serial: 170;F;77.4375;1;1
INFO:[mqtt-exporter]:Publish temp in ºF = 77.4375
INFO:[mqtt-exporter]:Published alarm status = 1
INFO:[mqtt-exporter]:[Topic: temp_F] b'77.4375'
INFO:[mqtt-exporter]:[Topic: alarm] b'1'
DEBUG:[mqtt-exporter]:Serial: [INFO: App       ] Recibido paquete UDP de fd00::f6ce:36a7:f312:9b3
DEBUG:[mqtt-exporter]:Serial: 170;F;77.4375;1;1
INFO:[mqtt-exporter]:Publish temp in ºF = 77.4375
INFO:[mqtt-exporter]:Published alarm status = 1
INFO:[mqtt-exporter]:[Topic: temp_F] b'77.4375'
INFO:[mqtt-exporter]:[Topic: alarm] b'1'
DEBUG:[mqtt-exporter]:Serial: [INFO: App       ] Recibido paquete UDP de fd00::f6ce:36a7:f312:9b3
DEBUG:[mqtt-exporter]:Serial: 170;F;77.0000;1;1
INFO:[mqtt-exporter]:Publish temp in ºF = 77.0
INFO:[mqtt-exporter]:Published alarm status = 1
INFO:[mqtt-exporter]:[Topic: temp_F] b'77.0'
INFO:[mqtt-exporter]:[Topic: alarm] b'1'
DEBUG:[mqtt-exporter]:Serial: [INFO: App       ] Recibido paquete UDP de fd00::f6ce:36a7:f312:9b3
DEBUG:[mqtt-exporter]:Serial: 170;F;77.0000;1;1
INFO:[mqtt-exporter]:Publish temp in ºF = 77.0
INFO:[mqtt-exporter]:Published alarm status = 1
INFO:[mqtt-exporter]:[Topic: temp_F] b'77.0'
INFO:[mqtt-exporter]:[Topic: alarm] b'1'
DEBUG:[mqtt-exporter]:Serial: [INFO: App       ] Recibido paquete UDP de fd00::f6ce:36a7:f312:9b3
DEBUG:[mqtt-exporter]:Serial: 170;F;77.4375;1;1
INFO:[mqtt-exporter]:Publish temp in ºF = 77.4375
INFO:[mqtt-exporter]:Published alarm status = 1
INFO:[mqtt-exporter]:[Topic: temp_F] b'77.4375'
INFO:[mqtt-exporter]:[Topic: alarm] b'1'
DEBUG:[mqtt-exporter]:Serial: [INFO: App       ] Recibido paquete UDP de fd00::f6ce:36a7:f312:9b3
DEBUG:[mqtt-exporter]:Serial: 170;F;77.4375;1;1
INFO:[mqtt-exporter]:Publish temp in ºF = 77.4375
INFO:[mqtt-exporter]:Published alarm status = 1
INFO:[mqtt-exporter]:[Topic: temp_F] b'77.4375'
INFO:[mqtt-exporter]:[Topic: alarm] b'1'
DEBUG:[mqtt-exporter]:Serial: [INFO: App       ] Recibido paquete UDP de fd00::f6ce:36a7:f312:9b3
DEBUG:[mqtt-exporter]:Serial: 170;F;77.0000;1;1
INFO:[mqtt-exporter]:Publish temp in ºF = 77.0
INFO:[mqtt-exporter]:Published alarm status = 1
INFO:[mqtt-exporter]:[Topic: temp_F] b'77.0'
INFO:[mqtt-exporter]:[Topic: alarm] b'1'
DEBUG:[mqtt-exporter]:Serial: [INFO: App       ] Recibido paquete UDP de fd00::f6ce:36a7:f312:9b3
DEBUG:[mqtt-exporter]:Serial: 170;F;77.0000;1;1
INFO:[mqtt-exporter]:Publish temp in ºF = 77.0
INFO:[mqtt-exporter]:Published alarm status = 1
INFO:[mqtt-exporter]:[Topic: temp_F] b'77.0'
INFO:[mqtt-exporter]:[Topic: alarm] b'1'
DEBUG:[mqtt-exporter]:Serial: [INFO: App       ] Recibido paquete UDP de fd00::f6ce:36a7:f312:9b3
DEBUG:[mqtt-exporter]:Serial: 170;F;77.0000;1;1
INFO:[mqtt-exporter]:Publish temp in ºF = 77.0
INFO:[mqtt-exporter]:Published alarm status = 1
INFO:[mqtt-exporter]:[Topic: temp_F] b'77.0'
INFO:[mqtt-exporter]:[Topic: alarm] b'1'
DEBUG:[mqtt-exporter]:Serial: [INFO: App       ] Recibido paquete UDP de fd00::f6ce:36a7:f312:9b3
DEBUG:[mqtt-exporter]:Serial: 170;F;77.0000;1;1
INFO:[mqtt-exporter]:Publish temp in ºF = 77.0
INFO:[mqtt-exporter]:Published alarm status = 1
INFO:[mqtt-exporter]:[Topic: temp_F] b'77.0'
INFO:[mqtt-exporter]:[Topic: alarm] b'1'
DEBUG:[mqtt-exporter]:Serial: [INFO: App       ] Recibido paquete UDP de fd00::f6ce:36a7:f312:9b3
DEBUG:[mqtt-exporter]:Serial: 170;F;77.0000;1;1
INFO:[mqtt-exporter]:Publish temp in ºF = 77.0
INFO:[mqtt-exporter]:Published alarm status = 1
INFO:[mqtt-exporter]:[Topic: temp_F] b'77.0'
INFO:[mqtt-exporter]:[Topic: alarm] b'1'
DEBUG:[mqtt-exporter]:Serial: [INFO: App       ] Recibido paquete UDP de fd00::f6ce:36a7:f312:9b3
DEBUG:[mqtt-exporter]:Serial: 170;F;77.0000;1;1
INFO:[mqtt-exporter]:Publish temp in ºF = 77.0
INFO:[mqtt-exporter]:Published alarm status = 1
INFO:[mqtt-exporter]:[Topic: temp_F] b'77.0'
INFO:[mqtt-exporter]:[Topic: alarm] b'1'
DEBUG:[mqtt-exporter]:Serial: [INFO: App       ] Recibido paquete UDP de fd00::f6ce:36a7:f312:9b3
DEBUG:[mqtt-exporter]:Serial: 170;F;77.0000;1;1
INFO:[mqtt-exporter]:Publish temp in ºF = 77.0
INFO:[mqtt-exporter]:Published alarm status = 1
INFO:[mqtt-exporter]:[Topic: temp_F] b'77.0'
INFO:[mqtt-exporter]:[Topic: alarm] b'1'
DEBUG:[mqtt-exporter]:Serial: [INFO: App       ] Recibido paquete UDP de fd00::f6ce:36a7:f312:9b3
DEBUG:[mqtt-exporter]:Serial: 170;F;77.0000;1;1
INFO:[mqtt-exporter]:Publish temp in ºF = 77.0
INFO:[mqtt-exporter]:Published alarm status = 1
INFO:[mqtt-exporter]:[Topic: temp_F] b'77.0'
INFO:[mqtt-exporter]:[Topic: alarm] b'1'
DEBUG:[mqtt-exporter]:Serial: [INFO: App       ] Recibido paquete UDP de fd00::f6ce:36a7:f312:9b3
DEBUG:[mqtt-exporter]:Serial: 170;F;76.5000;1;1
INFO:[mqtt-exporter]:Publish temp in ºF = 76.5
INFO:[mqtt-exporter]:Published alarm status = 1
INFO:[mqtt-exporter]:[Topic: temp_F] b'76.5'
INFO:[mqtt-exporter]:[Topic: alarm] b'1'
DEBUG:[mqtt-exporter]:Serial: [INFO: App       ] Recibido paquete UDP de fd00::f6ce:36a7:f312:9b3
DEBUG:[mqtt-exporter]:Serial: 170;F;76.5000;1;1
INFO:[mqtt-exporter]:Publish temp in ºF = 76.5
INFO:[mqtt-exporter]:Published alarm status = 1
INFO:[mqtt-exporter]:[Topic: temp_F] b'76.5'
INFO:[mqtt-exporter]:[Topic: alarm] b'1'
DEBUG:[mqtt-exporter]:Serial: [INFO: App       ] Recibido paquete UDP de fd00::f6ce:36a7:f312:9b3
DEBUG:[mqtt-exporter]:Serial: 170;F;76.5000;1;1
INFO:[mqtt-exporter]:Publish temp in ºF = 76.5
INFO:[mqtt-exporter]:[Topic: temp_F] b'76.5'
INFO:[mqtt-exporter]:Published alarm status = 1
INFO:[mqtt-exporter]:[Topic: alarm] b'1'
DEBUG:[mqtt-exporter]:Serial: [INFO: App       ] Recibido paquete UDP de fd00::f6ce:36a7:f312:9b3
DEBUG:[mqtt-exporter]:Serial: 170;F;76.5000;1;1
INFO:[mqtt-exporter]:Publish temp in ºF = 76.5
INFO:[mqtt-exporter]:Published alarm status = 1
INFO:[mqtt-exporter]:[Topic: temp_F] b'76.5'
INFO:[mqtt-exporter]:[Topic: alarm] b'1'
DEBUG:[mqtt-exporter]:Serial: [INFO: App       ] Recibido paquete UDP de fd00::f6ce:36a7:f312:9b3
DEBUG:[mqtt-exporter]:Serial: 170;F;76.5000;1;1
INFO:[mqtt-exporter]:Publish temp in ºF = 76.5
INFO:[mqtt-exporter]:Published alarm status = 1
INFO:[mqtt-exporter]:[Topic: temp_F] b'76.5'
INFO:[mqtt-exporter]:[Topic: alarm] b'1'
DEBUG:[mqtt-exporter]:Serial: [INFO: App       ] Recibido paquete UDP de fd00::f6ce:36a7:f312:9b3
DEBUG:[mqtt-exporter]:Serial: 170;F;76.5000;1;1
INFO:[mqtt-exporter]:Publish temp in ºF = 76.5
INFO:[mqtt-exporter]:Published alarm status = 1
INFO:[mqtt-exporter]:[Topic: temp_F] b'76.5'
INFO:[mqtt-exporter]:[Topic: alarm] b'1'
DEBUG:[mqtt-exporter]:Serial: [INFO: App       ] Recibido paquete UDP de fd00::f6ce:36a7:f312:9b3
DEBUG:[mqtt-exporter]:Serial: 170;F;76.5000;1;1
INFO:[mqtt-exporter]:Publish temp in ºF = 76.5
INFO:[mqtt-exporter]:Published alarm status = 1
INFO:[mqtt-exporter]:[Topic: temp_F] b'76.5'
INFO:[mqtt-exporter]:[Topic: alarm] b'1'
DEBUG:[mqtt-exporter]:Serial: [INFO: App       ] Recibido paquete UDP de fd00::f6ce:36a7:f312:9b3
DEBUG:[mqtt-exporter]:Serial: 170;F;76.5000;1;1
INFO:[mqtt-exporter]:Publish temp in ºF = 76.5
INFO:[mqtt-exporter]:Published alarm status = 1
INFO:[mqtt-exporter]:[Topic: temp_F] b'76.5'
INFO:[mqtt-exporter]:[Topic: alarm] b'1'
DEBUG:[mqtt-exporter]:Serial: [INFO: App       ] Recibido paquete UDP de fd00::f6ce:36a7:f312:9b3
DEBUG:[mqtt-exporter]:Serial: 170;F;76.5000;1;1
INFO:[mqtt-exporter]:Publish temp in ºF = 76.5
INFO:[mqtt-exporter]:Published alarm status = 1
INFO:[mqtt-exporter]:[Topic: temp_F] b'76.5'
INFO:[mqtt-exporter]:[Topic: alarm] b'1'
DEBUG:[mqtt-exporter]:Serial: [INFO: App       ] Recibido paquete UDP de fd00::f6ce:36a7:f312:9b3
DEBUG:[mqtt-exporter]:Serial: 170;F;76.5000;1;1
INFO:[mqtt-exporter]:Publish temp in ºF = 76.5
INFO:[mqtt-exporter]:Published alarm status = 1
INFO:[mqtt-exporter]:[Topic: temp_F] b'76.5'
INFO:[mqtt-exporter]:[Topic: alarm] b'1'
DEBUG:[mqtt-exporter]:Serial: [INFO: App       ] Recibido paquete UDP de fd00::f6ce:36a7:f312:9b3
DEBUG:[mqtt-exporter]:Serial: 170;F;76.5000;1;1
INFO:[mqtt-exporter]:Publish temp in ºF = 76.5
INFO:[mqtt-exporter]:Published alarm status = 1
INFO:[mqtt-exporter]:[Topic: temp_F] b'76.5'
INFO:[mqtt-exporter]:[Topic: alarm] b'1'
DEBUG:[mqtt-exporter]:Serial: [INFO: App       ] Recibido paquete UDP de fd00::f6ce:36a7:f312:9b3
DEBUG:[mqtt-exporter]:Serial: 170;F;76.0625;1;1
INFO:[mqtt-exporter]:Publish temp in ºF = 76.0625
INFO:[mqtt-exporter]:Published alarm status = 1
INFO:[mqtt-exporter]:[Topic: temp_F] b'76.0625'
INFO:[mqtt-exporter]:[Topic: alarm] b'1'
DEBUG:[mqtt-exporter]:Serial: [INFO: App       ] Recibido paquete UDP de fd00::f6ce:36a7:f312:9b3
DEBUG:[mqtt-exporter]:Serial: 170;F;76.5000;1;1
INFO:[mqtt-exporter]:Publish temp in ºF = 76.5
INFO:[mqtt-exporter]:Published alarm status = 1
INFO:[mqtt-exporter]:[Topic: temp_F] b'76.5'
INFO:[mqtt-exporter]:[Topic: alarm] b'1'
DEBUG:[mqtt-exporter]:Serial: [INFO: App       ] Recibido paquete UDP de fd00::f6ce:36a7:f312:9b3
DEBUG:[mqtt-exporter]:Serial: 170;F;76.0625;1;1
INFO:[mqtt-exporter]:Publish temp in ºF = 76.0625
INFO:[mqtt-exporter]:Published alarm status = 1
INFO:[mqtt-exporter]:[Topic: temp_F] b'76.0625'
INFO:[mqtt-exporter]:[Topic: alarm] b'1'
DEBUG:[mqtt-exporter]:Serial: [INFO: App       ] Recibido paquete UDP de fd00::f6ce:36a7:f312:9b3
DEBUG:[mqtt-exporter]:Serial: 170;F;76.0625;1;1
INFO:[mqtt-exporter]:Publish temp in ºF = 76.0625
INFO:[mqtt-exporter]:Published alarm status = 1
INFO:[mqtt-exporter]:[Topic: temp_F] b'76.0625'
INFO:[mqtt-exporter]:[Topic: alarm] b'1'
DEBUG:[mqtt-exporter]:Serial: [INFO: App       ] Recibido paquete UDP de fd00::f6ce:36a7:f312:9b3
DEBUG:[mqtt-exporter]:Serial: 170;F;76.0625;1;1
INFO:[mqtt-exporter]:Publish temp in ºF = 76.0625
INFO:[mqtt-exporter]:Published alarm status = 1
INFO:[mqtt-exporter]:[Topic: temp_F] b'76.0625'
INFO:[mqtt-exporter]:[Topic: alarm] b'1'
DEBUG:[mqtt-exporter]:Serial: [INFO: App       ] Recibido paquete UDP de fd00::f6ce:36a7:f312:9b3
DEBUG:[mqtt-exporter]:Serial: 170;F;76.0625;1;1
INFO:[mqtt-exporter]:Publish temp in ºF = 76.0625
INFO:[mqtt-exporter]:Published alarm status = 1
INFO:[mqtt-exporter]:[Topic: temp_F] b'76.0625'
INFO:[mqtt-exporter]:[Topic: alarm] b'1'
DEBUG:[mqtt-exporter]:Serial: [INFO: App       ] Recibido paquete UDP de fd00::f6ce:36a7:f312:9b3
DEBUG:[mqtt-exporter]:Serial: 170;F;76.0625;1;1
INFO:[mqtt-exporter]:Publish temp in ºF = 76.0625
INFO:[mqtt-exporter]:Published alarm status = 1
INFO:[mqtt-exporter]:[Topic: temp_F] b'76.0625'
INFO:[mqtt-exporter]:[Topic: alarm] b'1'
DEBUG:[mqtt-exporter]:Serial: [INFO: App       ] Recibido paquete UDP de fd00::f6ce:36a7:f312:9b3
DEBUG:[mqtt-exporter]:Serial: 170;F;76.0625;1;1
INFO:[mqtt-exporter]:Publish temp in ºF = 76.0625
INFO:[mqtt-exporter]:Published alarm status = 1
INFO:[mqtt-exporter]:[Topic: temp_F] b'76.0625'
INFO:[mqtt-exporter]:[Topic: alarm] b'1'
DEBUG:[mqtt-exporter]:Serial: [INFO: App       ] Recibido paquete UDP de fd00::f6ce:36a7:f312:9b3
DEBUG:[mqtt-exporter]:Serial: 170;F;76.0625;1;1
INFO:[mqtt-exporter]:Publish temp in ºF = 76.0625
INFO:[mqtt-exporter]:Published alarm status = 1
INFO:[mqtt-exporter]:[Topic: temp_F] b'76.0625'
INFO:[mqtt-exporter]:[Topic: alarm] b'1'
DEBUG:[mqtt-exporter]:Serial: [INFO: App       ] Recibido paquete UDP de fd00::f6ce:36a7:f312:9b3
DEBUG:[mqtt-exporter]:Serial: 170;F;76.0625;1;1
INFO:[mqtt-exporter]:Publish temp in ºF = 76.0625
INFO:[mqtt-exporter]:Published alarm status = 1
INFO:[mqtt-exporter]:[Topic: temp_F] b'76.0625'
INFO:[mqtt-exporter]:[Topic: alarm] b'1'
DEBUG:[mqtt-exporter]:Serial: [INFO: App       ] Recibido paquete UDP de fd00::f6ce:36a7:f312:9b3
DEBUG:[mqtt-exporter]:Serial: 170;F;76.0625;1;1
INFO:[mqtt-exporter]:Publish temp in ºF = 76.0625
INFO:[mqtt-exporter]:Published alarm status = 1
INFO:[mqtt-exporter]:[Topic: temp_F] b'76.0625'
INFO:[mqtt-exporter]:[Topic: alarm] b'1'
DEBUG:[mqtt-exporter]:Serial: [INFO: App       ] Recibido paquete UDP de fd00::f6ce:36a7:f312:9b3
DEBUG:[mqtt-exporter]:Serial: 170;F;76.0625;1;1
INFO:[mqtt-exporter]:Publish temp in ºF = 76.0625
INFO:[mqtt-exporter]:Published alarm status = 1
INFO:[mqtt-exporter]:[Topic: temp_F] b'76.0625'
INFO:[mqtt-exporter]:[Topic: alarm] b'1'
DEBUG:[mqtt-exporter]:Serial: [INFO: App       ] Recibido paquete UDP de fd00::f6ce:36a7:f312:9b3
DEBUG:[mqtt-exporter]:Serial: 170;F;76.0625;1;1
INFO:[mqtt-exporter]:Publish temp in ºF = 76.0625
INFO:[mqtt-exporter]:Published alarm status = 1
INFO:[mqtt-exporter]:[Topic: temp_F] b'76.0625'
INFO:[mqtt-exporter]:[Topic: alarm] b'1'
DEBUG:[mqtt-exporter]:Serial: [INFO: App       ] Recibido paquete UDP de fd00::f6ce:36a7:f312:9b3
DEBUG:[mqtt-exporter]:Serial: 170;F;76.0625;1;1
INFO:[mqtt-exporter]:Publish temp in ºF = 76.0625
INFO:[mqtt-exporter]:Published alarm status = 1
INFO:[mqtt-exporter]:[Topic: temp_F] b'76.0625'
INFO:[mqtt-exporter]:[Topic: alarm] b'1'
DEBUG:[mqtt-exporter]:Serial: [INFO: App       ] Recibido paquete UDP de fd00::f6ce:36a7:f312:9b3
DEBUG:[mqtt-exporter]:Serial: 170;F;76.0625;1;1
INFO:[mqtt-exporter]:Publish temp in ºF = 76.0625
INFO:[mqtt-exporter]:Published alarm status = 1
INFO:[mqtt-exporter]:[Topic: temp_F] b'76.0625'
INFO:[mqtt-exporter]:[Topic: alarm] b'1'
DEBUG:[mqtt-exporter]:Serial: [INFO: App       ] Recibido paquete UDP de fd00::f6ce:36a7:f312:9b3
DEBUG:[mqtt-exporter]:Serial: 170;F;76.0625;1;1
INFO:[mqtt-exporter]:Publish temp in ºF = 76.0625
INFO:[mqtt-exporter]:Published alarm status = 1
INFO:[mqtt-exporter]:[Topic: temp_F] b'76.0625'
INFO:[mqtt-exporter]:[Topic: alarm] b'1'
DEBUG:[mqtt-exporter]:Serial: [INFO: App       ] Recibido paquete UDP de fd00::f6ce:36a7:f312:9b3
DEBUG:[mqtt-exporter]:Serial: 170;F;76.0625;1;1
INFO:[mqtt-exporter]:Publish temp in ºF = 76.0625
INFO:[mqtt-exporter]:Published alarm status = 1
INFO:[mqtt-exporter]:[Topic: temp_F] b'76.0625'
INFO:[mqtt-exporter]:[Topic: alarm] b'1'
DEBUG:[mqtt-exporter]:Serial: [INFO: App       ] Recibido paquete UDP de fd00::f6ce:36a7:f312:9b3
DEBUG:[mqtt-exporter]:Serial: 170;F;76.0625;1;1
INFO:[mqtt-exporter]:Publish temp in ºF = 76.0625
INFO:[mqtt-exporter]:Published alarm status = 1
INFO:[mqtt-exporter]:[Topic: temp_F] b'76.0625'
INFO:[mqtt-exporter]:[Topic: alarm] b'1'
DEBUG:[mqtt-exporter]:Serial: [INFO: App       ] Recibido paquete UDP de fd00::f6ce:36a7:f312:9b3
DEBUG:[mqtt-exporter]:Serial: 170;F;81.0000;1;1
INFO:[mqtt-exporter]:Publish temp in ºF = 81.0
INFO:[mqtt-exporter]:Published alarm status = 1
INFO:[mqtt-exporter]:[Topic: temp_F] b'81.0'
INFO:[mqtt-exporter]:[Topic: alarm] b'1'
DEBUG:[mqtt-exporter]:Serial: [INFO: App       ] Recibido paquete UDP de fd00::f6ce:36a7:f312:9b3
DEBUG:[mqtt-exporter]:Serial: 170;F;87.3125;1;1
INFO:[mqtt-exporter]:Publish temp in ºF = 87.3125
INFO:[mqtt-exporter]:Published alarm status = 1
INFO:[mqtt-exporter]:[Topic: temp_F] b'87.3125'
INFO:[mqtt-exporter]:[Topic: alarm] b'1'
DEBUG:[mqtt-exporter]:Serial: [INFO: App       ] Recibido paquete UDP de fd00::f6ce:36a7:f312:9b3
DEBUG:[mqtt-exporter]:Serial: 170;F;89.5625;1;1
INFO:[mqtt-exporter]:Publish temp in ºF = 89.5625
INFO:[mqtt-exporter]:Published alarm status = 1
INFO:[mqtt-exporter]:[Topic: temp_F] b'89.5625'
INFO:[mqtt-exporter]:[Topic: alarm] b'1'
DEBUG:[mqtt-exporter]:Serial: [INFO: App       ] Recibido paquete UDP de fd00::f6ce:36a7:f312:9b3
DEBUG:[mqtt-exporter]:Serial: 170;F;90.9375;1;1
INFO:[mqtt-exporter]:Publish temp in ºF = 90.9375
INFO:[mqtt-exporter]:Published alarm status = 1
INFO:[mqtt-exporter]:[Topic: temp_F] b'90.9375'
INFO:[mqtt-exporter]:[Topic: alarm] b'1'
DEBUG:[mqtt-exporter]:Serial: [INFO: App       ] Recibido paquete UDP de fd00::f6ce:36a7:f312:9b3
DEBUG:[mqtt-exporter]:Serial: 170;F;91.8125;1;1
INFO:[mqtt-exporter]:Publish temp in ºF = 91.8125
INFO:[mqtt-exporter]:Published alarm status = 1
INFO:[mqtt-exporter]:[Topic: temp_F] b'91.8125'
INFO:[mqtt-exporter]:[Topic: alarm] b'1'
DEBUG:[mqtt-exporter]:Serial: [INFO: App       ] Recibido paquete UDP de fd00::f6ce:36a7:f312:9b3
DEBUG:[mqtt-exporter]:Serial: 170;F;91.3750;1;1
INFO:[mqtt-exporter]:Publish temp in ºF = 91.375
INFO:[mqtt-exporter]:Published alarm status = 1
INFO:[mqtt-exporter]:[Topic: temp_F] b'91.375'
INFO:[mqtt-exporter]:[Topic: alarm] b'1'
DEBUG:[mqtt-exporter]:Serial: [INFO: App       ] Recibido paquete UDP de fd00::f6ce:36a7:f312:9b3
DEBUG:[mqtt-exporter]:Serial: 170;F;90.5000;1;1
INFO:[mqtt-exporter]:Publish temp in ºF = 90.5
INFO:[mqtt-exporter]:Published alarm status = 1
INFO:[mqtt-exporter]:[Topic: temp_F] b'90.5'
INFO:[mqtt-exporter]:[Topic: alarm] b'1'
DEBUG:[mqtt-exporter]:Serial: [INFO: App       ] Recibido paquete UDP de fd00::f6ce:36a7:f312:9b3
DEBUG:[mqtt-exporter]:Serial: 170;F;89.5625;1;1
INFO:[mqtt-exporter]:Publish temp in ºF = 89.5625
INFO:[mqtt-exporter]:Published alarm status = 1
INFO:[mqtt-exporter]:[Topic: temp_F] b'89.5625'
INFO:[mqtt-exporter]:[Topic: alarm] b'1'
DEBUG:[mqtt-exporter]:Serial: [INFO: App       ] Recibido paquete UDP de fd00::f6ce:36a7:f312:9b3
DEBUG:[mqtt-exporter]:Serial: 170;F;88.6875;1;1
INFO:[mqtt-exporter]:Publish temp in ºF = 88.6875
INFO:[mqtt-exporter]:Published alarm status = 1
INFO:[mqtt-exporter]:[Topic: temp_F] b'88.6875'
INFO:[mqtt-exporter]:[Topic: alarm] b'1'
DEBUG:[mqtt-exporter]:Serial: [INFO: App       ] Recibido paquete UDP de fd00::f6ce:36a7:f312:9b3
DEBUG:[mqtt-exporter]:Serial: 170;F;87.7500;1;1
INFO:[mqtt-exporter]:Publish temp in ºF = 87.75
INFO:[mqtt-exporter]:Published alarm status = 1
INFO:[mqtt-exporter]:[Topic: temp_F] b'87.75'
INFO:[mqtt-exporter]:[Topic: alarm] b'1'
DEBUG:[mqtt-exporter]:Serial: [INFO: App       ] Recibido paquete UDP de fd00::f6ce:36a7:f312:9b3
DEBUG:[mqtt-exporter]:Serial: 170;F;86.8750;1;1
INFO:[mqtt-exporter]:Publish temp in ºF = 86.875
INFO:[mqtt-exporter]:Published alarm status = 1
INFO:[mqtt-exporter]:[Topic: temp_F] b'86.875'
INFO:[mqtt-exporter]:[Topic: alarm] b'1'
DEBUG:[mqtt-exporter]:Serial: [INFO: App       ] Recibido paquete UDP de fd00::f6ce:36a7:f312:9b3
DEBUG:[mqtt-exporter]:Serial: 170;F;86.4375;1;1
INFO:[mqtt-exporter]:Publish temp in ºF = 86.4375
INFO:[mqtt-exporter]:Published alarm status = 1
INFO:[mqtt-exporter]:[Topic: temp_F] b'86.4375'
INFO:[mqtt-exporter]:[Topic: alarm] b'1'
DEBUG:[mqtt-exporter]:Serial: [INFO: App       ] Recibido paquete UDP de fd00::f6ce:36a7:f312:9b3
DEBUG:[mqtt-exporter]:Serial: 170;F;86.0000;1;1
INFO:[mqtt-exporter]:Publish temp in ºF = 86.0
INFO:[mqtt-exporter]:Published alarm status = 1
INFO:[mqtt-exporter]:[Topic: temp_F] b'86.0'
INFO:[mqtt-exporter]:[Topic: alarm] b'1'
DEBUG:[mqtt-exporter]:Serial: [INFO: App       ] Recibido paquete UDP de fd00::f6ce:36a7:f312:9b3
DEBUG:[mqtt-exporter]:Serial: 170;F;85.5000;1;1
INFO:[mqtt-exporter]:Publish temp in ºF = 85.5
INFO:[mqtt-exporter]:Published alarm status = 1
INFO:[mqtt-exporter]:[Topic: temp_F] b'85.5'
INFO:[mqtt-exporter]:[Topic: alarm] b'1'
DEBUG:[mqtt-exporter]:Serial: [INFO: App       ] Recibido paquete UDP de fd00::f6ce:36a7:f312:9b3
DEBUG:[mqtt-exporter]:Serial: 170;F;85.0625;1;1
INFO:[mqtt-exporter]:Publish temp in ºF = 85.0625
INFO:[mqtt-exporter]:Published alarm status = 1
INFO:[mqtt-exporter]:[Topic: temp_F] b'85.0625'
INFO:[mqtt-exporter]:[Topic: alarm] b'1'
DEBUG:[mqtt-exporter]:Serial: [INFO: App       ] Recibido paquete UDP de fd00::f6ce:36a7:f312:9b3
DEBUG:[mqtt-exporter]:Serial: 170;F;84.6250;1;1
INFO:[mqtt-exporter]:Publish temp in ºF = 84.625
INFO:[mqtt-exporter]:Published alarm status = 1
INFO:[mqtt-exporter]:[Topic: temp_F] b'84.625'
INFO:[mqtt-exporter]:[Topic: alarm] b'1'
DEBUG:[mqtt-exporter]:Serial: [INFO: App       ] Recibido paquete UDP de fd00::f6ce:36a7:f312:9b3
DEBUG:[mqtt-exporter]:Serial: 170;F;84.1875;1;1
INFO:[mqtt-exporter]:Publish temp in ºF = 84.1875
INFO:[mqtt-exporter]:Published alarm status = 1
INFO:[mqtt-exporter]:[Topic: temp_F] b'84.1875'
INFO:[mqtt-exporter]:[Topic: alarm] b'1'
DEBUG:[mqtt-exporter]:Serial: [INFO: App       ] Recibido paquete UDP de fd00::f6ce:36a7:f312:9b3
DEBUG:[mqtt-exporter]:Serial: 170;F;84.1875;1;1
INFO:[mqtt-exporter]:Publish temp in ºF = 84.1875
INFO:[mqtt-exporter]:Published alarm status = 1
INFO:[mqtt-exporter]:[Topic: temp_F] b'84.1875'
INFO:[mqtt-exporter]:[Topic: alarm] b'1'
DEBUG:[mqtt-exporter]:Serial: [INFO: App       ] Recibido paquete UDP de fd00::f6ce:36a7:f312:9b3
DEBUG:[mqtt-exporter]:Serial: 170;F;83.7500;1;1
INFO:[mqtt-exporter]:Publish temp in ºF = 83.75
INFO:[mqtt-exporter]:Published alarm status = 1
INFO:[mqtt-exporter]:[Topic: temp_F] b'83.75'
INFO:[mqtt-exporter]:[Topic: alarm] b'1'
DEBUG:[mqtt-exporter]:Serial: [INFO: App       ] Recibido paquete UDP de fd00::f6ce:36a7:f312:9b3
DEBUG:[mqtt-exporter]:Serial: 170;F;83.2500;1;1
INFO:[mqtt-exporter]:Publish temp in ºF = 83.25
INFO:[mqtt-exporter]:Published alarm status = 1
INFO:[mqtt-exporter]:[Topic: temp_F] b'83.25'
INFO:[mqtt-exporter]:[Topic: alarm] b'1'
DEBUG:[mqtt-exporter]:Serial: [INFO: App       ] Recibido paquete UDP de fd00::f6ce:36a7:f312:9b3
DEBUG:[mqtt-exporter]:Serial: 170;F;82.8125;1;1
INFO:[mqtt-exporter]:Publish temp in ºF = 82.8125
INFO:[mqtt-exporter]:Published alarm status = 1
INFO:[mqtt-exporter]:[Topic: temp_F] b'82.8125'
INFO:[mqtt-exporter]:[Topic: alarm] b'1'
DEBUG:[mqtt-exporter]:Serial: [INFO: App       ] Recibido paquete UDP de fd00::f6ce:36a7:f312:9b3
DEBUG:[mqtt-exporter]:Serial: 170;F;82.3750;1;1
INFO:[mqtt-exporter]:Publish temp in ºF = 82.375
INFO:[mqtt-exporter]:Published alarm status = 1
INFO:[mqtt-exporter]:[Topic: temp_F] b'82.375'
INFO:[mqtt-exporter]:[Topic: alarm] b'1'
DEBUG:[mqtt-exporter]:Serial: [INFO: App       ] Recibido paquete UDP de fd00::f6ce:36a7:f312:9b3
DEBUG:[mqtt-exporter]:Serial: 170;F;81.9375;1;1
INFO:[mqtt-exporter]:Publish temp in ºF = 81.9375
INFO:[mqtt-exporter]:Published alarm status = 1
INFO:[mqtt-exporter]:[Topic: temp_F] b'81.9375'
INFO:[mqtt-exporter]:[Topic: alarm] b'1'
DEBUG:[mqtt-exporter]:Serial: [INFO: App       ] Recibido paquete UDP de fd00::f6ce:36a7:f312:9b3
DEBUG:[mqtt-exporter]:Serial: 170;F;81.9375;1;1
INFO:[mqtt-exporter]:Publish temp in ºF = 81.9375
INFO:[mqtt-exporter]:Published alarm status = 1
INFO:[mqtt-exporter]:[Topic: temp_F] b'81.9375'
INFO:[mqtt-exporter]:[Topic: alarm] b'1'
DEBUG:[mqtt-exporter]:Serial: [INFO: App       ] Recibido paquete UDP de fd00::f6ce:36a7:f312:9b3
DEBUG:[mqtt-exporter]:Serial: 170;F;81.0000;1;1
INFO:[mqtt-exporter]:Publish temp in ºF = 81.0
INFO:[mqtt-exporter]:Published alarm status = 1
INFO:[mqtt-exporter]:[Topic: temp_F] b'81.0'
INFO:[mqtt-exporter]:[Topic: alarm] b'1'
DEBUG:[mqtt-exporter]:Serial: [INFO: App       ] Recibido paquete UDP de fd00::f6ce:36a7:f312:9b3
DEBUG:[mqtt-exporter]:Serial: 170;F;81.0000;1;1
INFO:[mqtt-exporter]:Publish temp in ºF = 81.0
INFO:[mqtt-exporter]:Published alarm status = 1
INFO:[mqtt-exporter]:[Topic: temp_F] b'81.0'
INFO:[mqtt-exporter]:[Topic: alarm] b'1'
DEBUG:[mqtt-exporter]:Serial: [INFO: App       ] Recibido paquete UDP de fd00::f6ce:36a7:f312:9b3
DEBUG:[mqtt-exporter]:Serial: 170;F;80.5625;1;1
INFO:[mqtt-exporter]:Publish temp in ºF = 80.5625
INFO:[mqtt-exporter]:Published alarm status = 1
INFO:[mqtt-exporter]:[Topic: temp_F] b'80.5625'
INFO:[mqtt-exporter]:[Topic: alarm] b'1'
DEBUG:[mqtt-exporter]:Serial: [INFO: App       ] Recibido paquete UDP de fd00::f6ce:36a7:f312:9b3
DEBUG:[mqtt-exporter]:Serial: 170;F;80.1250;1;1
INFO:[mqtt-exporter]:Publish temp in ºF = 80.125
INFO:[mqtt-exporter]:Published alarm status = 1
INFO:[mqtt-exporter]:[Topic: temp_F] b'80.125'
INFO:[mqtt-exporter]:[Topic: alarm] b'1'
DEBUG:[mqtt-exporter]:Serial: [INFO: App       ] Recibido paquete UDP de fd00::f6ce:36a7:f312:9b3
DEBUG:[mqtt-exporter]:Serial: 170;F;80.1250;1;1
INFO:[mqtt-exporter]:[Topic: temp_F] b'80.125'
INFO:[mqtt-exporter]:Publish temp in ºF = 80.125
INFO:[mqtt-exporter]:Published alarm status = 1
INFO:[mqtt-exporter]:[Topic: alarm] b'1'
DEBUG:[mqtt-exporter]:Serial: [INFO: App       ] Recibido paquete UDP de fd00::f6ce:36a7:f312:9b3
DEBUG:[mqtt-exporter]:Serial: 170;F;80.1250;1;1
INFO:[mqtt-exporter]:Publish temp in ºF = 80.125
INFO:[mqtt-exporter]:Published alarm status = 1
INFO:[mqtt-exporter]:[Topic: temp_F] b'80.125'
INFO:[mqtt-exporter]:[Topic: alarm] b'1'
DEBUG:[mqtt-exporter]:Serial: [INFO: App       ] Recibido paquete UDP de fd00::f6ce:36a7:f312:9b3
DEBUG:[mqtt-exporter]:Serial: 170;F;80.1250;1;1
INFO:[mqtt-exporter]:Publish temp in ºF = 80.125
INFO:[mqtt-exporter]:Published alarm status = 1
INFO:[mqtt-exporter]:[Topic: temp_F] b'80.125'
INFO:[mqtt-exporter]:[Topic: alarm] b'1'
DEBUG:[mqtt-exporter]:Serial: [INFO: App       ] Recibido paquete UDP de fd00::f6ce:36a7:f312:9b3
DEBUG:[mqtt-exporter]:Serial: 170;F;80.1250;1;1
INFO:[mqtt-exporter]:Publish temp in ºF = 80.125
INFO:[mqtt-exporter]:Published alarm status = 1
INFO:[mqtt-exporter]:[Topic: temp_F] b'80.125'
INFO:[mqtt-exporter]:[Topic: alarm] b'1'
DEBUG:[mqtt-exporter]:Serial: [INFO: App       ] Recibido paquete UDP de fd00::f6ce:36a7:f312:9b3
DEBUG:[mqtt-exporter]:Serial: 170;F;79.6875;1;1
INFO:[mqtt-exporter]:Publish temp in ºF = 79.6875
INFO:[mqtt-exporter]:Published alarm status = 1
INFO:[mqtt-exporter]:[Topic: temp_F] b'79.6875'
INFO:[mqtt-exporter]:[Topic: alarm] b'1'
DEBUG:[mqtt-exporter]:Serial: [INFO: App       ] Recibido paquete UDP de fd00::f6ce:36a7:f312:9b3
DEBUG:[mqtt-exporter]:Serial: 170;F;79.6875;1;1
INFO:[mqtt-exporter]:Publish temp in ºF = 79.6875
INFO:[mqtt-exporter]:Published alarm status = 1
INFO:[mqtt-exporter]:[Topic: temp_F] b'79.6875'
INFO:[mqtt-exporter]:[Topic: alarm] b'1'
DEBUG:[mqtt-exporter]:Serial: [INFO: App       ] Recibido paquete UDP de fd00::f6ce:36a7:f312:9b3
DEBUG:[mqtt-exporter]:Serial: 170;F;79.6875;1;1
INFO:[mqtt-exporter]:Publish temp in ºF = 79.6875
INFO:[mqtt-exporter]:Published alarm status = 1
INFO:[mqtt-exporter]:[Topic: temp_F] b'79.6875'
INFO:[mqtt-exporter]:[Topic: alarm] b'1'
DEBUG:[mqtt-exporter]:Serial: [INFO: App       ] Recibido paquete UDP de fd00::f6ce:36a7:f312:9b3
DEBUG:[mqtt-exporter]:Serial: 170;F;79.2500;1;1
INFO:[mqtt-exporter]:Publish temp in ºF = 79.25
INFO:[mqtt-exporter]:Published alarm status = 1
INFO:[mqtt-exporter]:[Topic: temp_F] b'79.25'
INFO:[mqtt-exporter]:[Topic: alarm] b'1'
DEBUG:[mqtt-exporter]:Serial: [INFO: App       ] Recibido paquete UDP de fd00::f6ce:36a7:f312:9b3
DEBUG:[mqtt-exporter]:Serial: 170;F;79.2500;1;1
INFO:[mqtt-exporter]:Publish temp in ºF = 79.25
INFO:[mqtt-exporter]:Published alarm status = 1
INFO:[mqtt-exporter]:[Topic: temp_F] b'79.25'
INFO:[mqtt-exporter]:[Topic: alarm] b'1'
DEBUG:[mqtt-exporter]:Serial: [INFO: App       ] Recibido paquete UDP de fd00::f6ce:36a7:f312:9b3
DEBUG:[mqtt-exporter]:Serial: 170;F;78.7500;1;1
INFO:[mqtt-exporter]:Publish temp in ºF = 78.75
INFO:[mqtt-exporter]:Published alarm status = 1
INFO:[mqtt-exporter]:[Topic: temp_F] b'78.75'
INFO:[mqtt-exporter]:[Topic: alarm] b'1'
DEBUG:[mqtt-exporter]:Serial: [INFO: App       ] Recibido paquete UDP de fd00::f6ce:36a7:f312:9b3
DEBUG:[mqtt-exporter]:Serial: 170;F;78.7500;1;1
INFO:[mqtt-exporter]:Publish temp in ºF = 78.75
INFO:[mqtt-exporter]:Published alarm status = 1
INFO:[mqtt-exporter]:[Topic: temp_F] b'78.75'
INFO:[mqtt-exporter]:[Topic: alarm] b'1'
DEBUG:[mqtt-exporter]:Serial: [INFO: App       ] Recibido paquete UDP de fd00::f6ce:36a7:f312:9b3
DEBUG:[mqtt-exporter]:Serial: 170;F;78.3125;1;1
INFO:[mqtt-exporter]:Publish temp in ºF = 78.3125
INFO:[mqtt-exporter]:Published alarm status = 1
INFO:[mqtt-exporter]:[Topic: temp_F] b'78.3125'
INFO:[mqtt-exporter]:[Topic: alarm] b'1'
DEBUG:[mqtt-exporter]:Serial: [INFO: App       ] Recibido paquete UDP de fd00::f6ce:36a7:f312:9b3
DEBUG:[mqtt-exporter]:Serial: 170;F;78.3125;1;1
INFO:[mqtt-exporter]:Publish temp in ºF = 78.3125
INFO:[mqtt-exporter]:Published alarm status = 1
INFO:[mqtt-exporter]:[Topic: temp_F] b'78.3125'
INFO:[mqtt-exporter]:[Topic: alarm] b'1'
DEBUG:[mqtt-exporter]:Serial: [INFO: App       ] Recibido paquete UDP de fd00::f6ce:36a7:f312:9b3
DEBUG:[mqtt-exporter]:Serial: 170;F;78.3125;1;1
INFO:[mqtt-exporter]:Publish temp in ºF = 78.3125
INFO:[mqtt-exporter]:Published alarm status = 1
INFO:[mqtt-exporter]:[Topic: temp_F] b'78.3125'
INFO:[mqtt-exporter]:[Topic: alarm] b'1'
DEBUG:[mqtt-exporter]:Serial: [INFO: App       ] Recibido paquete UDP de fd00::f6ce:36a7:f312:9b3
DEBUG:[mqtt-exporter]:Serial: 170;F;77.8750;1;1
INFO:[mqtt-exporter]:Publish temp in ºF = 77.875
INFO:[mqtt-exporter]:Published alarm status = 1
INFO:[mqtt-exporter]:[Topic: temp_F] b'77.875'
INFO:[mqtt-exporter]:[Topic: alarm] b'1'
DEBUG:[mqtt-exporter]:Serial: [INFO: App       ] Recibido paquete UDP de fd00::f6ce:36a7:f312:9b3
DEBUG:[mqtt-exporter]:Serial: 170;F;77.8750;1;1
INFO:[mqtt-exporter]:Publish temp in ºF = 77.875
INFO:[mqtt-exporter]:Published alarm status = 1
INFO:[mqtt-exporter]:[Topic: temp_F] b'77.875'
INFO:[mqtt-exporter]:[Topic: alarm] b'1'
DEBUG:[mqtt-exporter]:Serial: [INFO: App       ] Recibido paquete UDP de fd00::f6ce:36a7:f312:9b3
DEBUG:[mqtt-exporter]:Serial: 170;F;77.8750;1;1
INFO:[mqtt-exporter]:Publish temp in ºF = 77.875
INFO:[mqtt-exporter]:Published alarm status = 1
INFO:[mqtt-exporter]:[Topic: temp_F] b'77.875'
INFO:[mqtt-exporter]:[Topic: alarm] b'1'
DEBUG:[mqtt-exporter]:Serial: [INFO: App       ] Recibido paquete UDP de fd00::f6ce:36a7:f312:9b3
DEBUG:[mqtt-exporter]:Serial: 170;F;77.8750;1;1
INFO:[mqtt-exporter]:Publish temp in ºF = 77.875
INFO:[mqtt-exporter]:Published alarm status = 1
INFO:[mqtt-exporter]:[Topic: temp_F] b'77.875'
INFO:[mqtt-exporter]:[Topic: alarm] b'1'
DEBUG:[mqtt-exporter]:Serial: [INFO: App       ] Recibido paquete UDP de fd00::f6ce:36a7:f312:9b3
DEBUG:[mqtt-exporter]:Serial: 170;F;77.4375;1;1
INFO:[mqtt-exporter]:Publish temp in ºF = 77.4375
INFO:[mqtt-exporter]:Published alarm status = 1
INFO:[mqtt-exporter]:[Topic: temp_F] b'77.4375'
INFO:[mqtt-exporter]:[Topic: alarm] b'1'
DEBUG:[mqtt-exporter]:Serial: [INFO: App       ] Recibido paquete UDP de fd00::f6ce:36a7:f312:9b3
DEBUG:[mqtt-exporter]:Serial: 170;F;77.4375;1;1
INFO:[mqtt-exporter]:Publish temp in ºF = 77.4375
INFO:[mqtt-exporter]:Published alarm status = 1
INFO:[mqtt-exporter]:[Topic: temp_F] b'77.4375'
INFO:[mqtt-exporter]:[Topic: alarm] b'1'
DEBUG:[mqtt-exporter]:Serial: [INFO: App       ] Recibido paquete UDP de fd00::f6ce:36a7:f312:9b3
DEBUG:[mqtt-exporter]:Serial: 170;F;77.4375;1;1
INFO:[mqtt-exporter]:Publish temp in ºF = 77.4375
INFO:[mqtt-exporter]:Published alarm status = 1
INFO:[mqtt-exporter]:[Topic: temp_F] b'77.4375'
INFO:[mqtt-exporter]:[Topic: alarm] b'1'
DEBUG:[mqtt-exporter]:Serial: [INFO: App       ] Recibido paquete UDP de fd00::f6ce:36a7:f312:9b3
DEBUG:[mqtt-exporter]:Serial: 170;F;77.4375;1;1
INFO:[mqtt-exporter]:Publish temp in ºF = 77.4375
INFO:[mqtt-exporter]:Published alarm status = 1
INFO:[mqtt-exporter]:[Topic: temp_F] b'77.4375'
INFO:[mqtt-exporter]:[Topic: alarm] b'1'
DEBUG:[mqtt-exporter]:Serial: [INFO: App       ] Recibido paquete UDP de fd00::f6ce:36a7:f312:9b3
DEBUG:[mqtt-exporter]:Serial: 170;F;77.4375;1;1
INFO:[mqtt-exporter]:Publish temp in ºF = 77.4375
INFO:[mqtt-exporter]:Published alarm status = 1
INFO:[mqtt-exporter]:[Topic: temp_F] b'77.4375'
INFO:[mqtt-exporter]:[Topic: alarm] b'1'
DEBUG:[mqtt-exporter]:Serial: [INFO: App       ] Recibido paquete UDP de fd00::f6ce:36a7:f312:9b3
DEBUG:[mqtt-exporter]:Serial: 170;F;77.4375;1;1
INFO:[mqtt-exporter]:Publish temp in ºF = 77.4375
INFO:[mqtt-exporter]:Published alarm status = 1
INFO:[mqtt-exporter]:[Topic: temp_F] b'77.4375'
INFO:[mqtt-exporter]:[Topic: alarm] b'1'
DEBUG:[mqtt-exporter]:Serial: [INFO: App       ] Recibido paquete UDP de fd00::f6ce:36a7:f312:9b3
DEBUG:[mqtt-exporter]:Serial: 170;F;77.0000;1;1
INFO:[mqtt-exporter]:Publish temp in ºF = 77.0
INFO:[mqtt-exporter]:Published alarm status = 1
INFO:[mqtt-exporter]:[Topic: temp_F] b'77.0'
INFO:[mqtt-exporter]:[Topic: alarm] b'1'
DEBUG:[mqtt-exporter]:Serial: [INFO: App       ] Recibido paquete UDP de fd00::f6ce:36a7:f312:9b3
DEBUG:[mqtt-exporter]:Serial: 170;F;77.0000;1;1
INFO:[mqtt-exporter]:[Topic: temp_F] b'77.0'
INFO:[mqtt-exporter]:Publish temp in ºF = 77.0
INFO:[mqtt-exporter]:Published alarm status = 1
INFO:[mqtt-exporter]:[Topic: alarm] b'1'
DEBUG:[mqtt-exporter]:Serial: [INFO: App       ] Recibido paquete UDP de fd00::f6ce:36a7:f312:9b3
DEBUG:[mqtt-exporter]:Serial: 170;F;77.0000;1;1
INFO:[mqtt-exporter]:Publish temp in ºF = 77.0
INFO:[mqtt-exporter]:Published alarm status = 1
INFO:[mqtt-exporter]:[Topic: temp_F] b'77.0'
INFO:[mqtt-exporter]:[Topic: alarm] b'1'
DEBUG:[mqtt-exporter]:Serial: [INFO: App       ] Recibido paquete UDP de fd00::f6ce:36a7:f312:9b3
DEBUG:[mqtt-exporter]:Serial: 170;F;77.0000;1;1
INFO:[mqtt-exporter]:Publish temp in ºF = 77.0
INFO:[mqtt-exporter]:Published alarm status = 1
INFO:[mqtt-exporter]:[Topic: temp_F] b'77.0'
INFO:[mqtt-exporter]:[Topic: alarm] b'1'
DEBUG:[mqtt-exporter]:Serial: [INFO: App       ] Recibido paquete UDP de fd00::f6ce:36a7:f312:9b3
DEBUG:[mqtt-exporter]:Serial: 170;F;77.0000;1;1
INFO:[mqtt-exporter]:Publish temp in ºF = 77.0
INFO:[mqtt-exporter]:Published alarm status = 1
INFO:[mqtt-exporter]:[Topic: temp_F] b'77.0'
INFO:[mqtt-exporter]:[Topic: alarm] b'1'
DEBUG:[mqtt-exporter]:Serial: [INFO: App       ] Recibido paquete UDP de fd00::f6ce:36a7:f312:9b3
DEBUG:[mqtt-exporter]:Serial: 170;F;77.0000;1;1
INFO:[mqtt-exporter]:Publish temp in ºF = 77.0
INFO:[mqtt-exporter]:Published alarm status = 1
INFO:[mqtt-exporter]:[Topic: temp_F] b'77.0'
INFO:[mqtt-exporter]:[Topic: alarm] b'1'
DEBUG:[mqtt-exporter]:Serial: [INFO: App       ] Recibido paquete UDP de fd00::f6ce:36a7:f312:9b3
DEBUG:[mqtt-exporter]:Serial: 170;F;77.0000;1;1
INFO:[mqtt-exporter]:Publish temp in ºF = 77.0
INFO:[mqtt-exporter]:Published alarm status = 1
INFO:[mqtt-exporter]:[Topic: temp_F] b'77.0'
INFO:[mqtt-exporter]:[Topic: alarm] b'1'
DEBUG:[mqtt-exporter]:Serial: [INFO: App       ] Recibido paquete UDP de fd00::f6ce:36a7:f312:9b3
DEBUG:[mqtt-exporter]:Serial: 170;F;76.5000;1;1
INFO:[mqtt-exporter]:Publish temp in ºF = 76.5
INFO:[mqtt-exporter]:Published alarm status = 1
INFO:[mqtt-exporter]:[Topic: temp_F] b'76.5'
INFO:[mqtt-exporter]:[Topic: alarm] b'1'
DEBUG:[mqtt-exporter]:Serial: [INFO: App       ] Recibido paquete UDP de fd00::f6ce:36a7:f312:9b3
DEBUG:[mqtt-exporter]:Serial: 170;F;76.5000;1;1
INFO:[mqtt-exporter]:Publish temp in ºF = 76.5
INFO:[mqtt-exporter]:Published alarm status = 1
INFO:[mqtt-exporter]:[Topic: temp_F] b'76.5'
INFO:[mqtt-exporter]:[Topic: alarm] b'1'
DEBUG:[mqtt-exporter]:Serial: [INFO: App       ] Recibido paquete UDP de fd00::f6ce:36a7:f312:9b3
DEBUG:[mqtt-exporter]:Serial: 170;F;76.5000;1;1
INFO:[mqtt-exporter]:Publish temp in ºF = 76.5
INFO:[mqtt-exporter]:Published alarm status = 1
INFO:[mqtt-exporter]:[Topic: temp_F] b'76.5'
INFO:[mqtt-exporter]:[Topic: alarm] b'1'
DEBUG:[mqtt-exporter]:Serial: [INFO: App       ] Recibido paquete UDP de fd00::f6ce:36a7:f312:9b3
DEBUG:[mqtt-exporter]:Serial: 170;F;76.5000;1;1
INFO:[mqtt-exporter]:Publish temp in ºF = 76.5
INFO:[mqtt-exporter]:Published alarm status = 1
INFO:[mqtt-exporter]:[Topic: temp_F] b'76.5'
INFO:[mqtt-exporter]:[Topic: alarm] b'1'
DEBUG:[mqtt-exporter]:Serial: [INFO: App       ] Recibido paquete UDP de fd00::f6ce:36a7:f312:9b3
DEBUG:[mqtt-exporter]:Serial: 170;F;76.5000;1;1
INFO:[mqtt-exporter]:Publish temp in ºF = 76.5
INFO:[mqtt-exporter]:Published alarm status = 1
INFO:[mqtt-exporter]:[Topic: temp_F] b'76.5'
INFO:[mqtt-exporter]:[Topic: alarm] b'1'
DEBUG:[mqtt-exporter]:Serial: [INFO: App       ] Recibido paquete UDP de fd00::f6ce:36a7:f312:9b3
DEBUG:[mqtt-exporter]:Serial: 170;F;76.5000;1;1
INFO:[mqtt-exporter]:Publish temp in ºF = 76.5
INFO:[mqtt-exporter]:Published alarm status = 1
INFO:[mqtt-exporter]:[Topic: temp_F] b'76.5'
INFO:[mqtt-exporter]:[Topic: alarm] b'1'
DEBUG:[mqtt-exporter]:Serial: [INFO: App       ] Recibido paquete UDP de fd00::f6ce:36a7:f312:9b3
DEBUG:[mqtt-exporter]:Serial: 170;F;76.5000;1;1
INFO:[mqtt-exporter]:Publish temp in ºF = 76.5
INFO:[mqtt-exporter]:Published alarm status = 1
INFO:[mqtt-exporter]:[Topic: temp_F] b'76.5'
INFO:[mqtt-exporter]:[Topic: alarm] b'1'
DEBUG:[mqtt-exporter]:Serial: [INFO: App       ] Recibido paquete UDP de fd00::f6ce:36a7:f312:9b3
DEBUG:[mqtt-exporter]:Serial: 170;F;76.5000;1;1
INFO:[mqtt-exporter]:Publish temp in ºF = 76.5
INFO:[mqtt-exporter]:Published alarm status = 1
INFO:[mqtt-exporter]:[Topic: temp_F] b'76.5'
INFO:[mqtt-exporter]:[Topic: alarm] b'1'
DEBUG:[mqtt-exporter]:Serial: [INFO: App       ] Recibido paquete UDP de fd00::f6ce:36a7:f312:9b3
DEBUG:[mqtt-exporter]:Serial: 170;F;76.5000;1;1
INFO:[mqtt-exporter]:Publish temp in ºF = 76.5
INFO:[mqtt-exporter]:Published alarm status = 1
INFO:[mqtt-exporter]:[Topic: temp_F] b'76.5'
INFO:[mqtt-exporter]:[Topic: alarm] b'1'
DEBUG:[mqtt-exporter]:Serial: [INFO: App       ] Recibido paquete UDP de fd00::f6ce:36a7:f312:9b3
DEBUG:[mqtt-exporter]:Serial: 170;F;76.5000;1;1
INFO:[mqtt-exporter]:Publish temp in ºF = 76.5
INFO:[mqtt-exporter]:Published alarm status = 1
INFO:[mqtt-exporter]:[Topic: temp_F] b'76.5'
INFO:[mqtt-exporter]:[Topic: alarm] b'1'
DEBUG:[mqtt-exporter]:Serial: [INFO: App       ] Recibido paquete UDP de fd00::f6ce:36a7:f312:9b3
DEBUG:[mqtt-exporter]:Serial: 170;F;76.5000;1;1
INFO:[mqtt-exporter]:Publish temp in ºF = 76.5
INFO:[mqtt-exporter]:Published alarm status = 1
INFO:[mqtt-exporter]:[Topic: temp_F] b'76.5'
INFO:[mqtt-exporter]:[Topic: alarm] b'1'
DEBUG:[mqtt-exporter]:Serial: [INFO: App       ] Recibido paquete UDP de fd00::f6ce:36a7:f312:9b3
DEBUG:[mqtt-exporter]:Serial: 170;F;76.5000;1;1
INFO:[mqtt-exporter]:Publish temp in ºF = 76.5
INFO:[mqtt-exporter]:Published alarm status = 1
INFO:[mqtt-exporter]:[Topic: temp_F] b'76.5'
INFO:[mqtt-exporter]:[Topic: alarm] b'1'
DEBUG:[mqtt-exporter]:Serial: [INFO: App       ] Recibido paquete UDP de fd00::f6ce:36a7:f312:9b3
DEBUG:[mqtt-exporter]:Serial: 170;F;76.5000;1;1
INFO:[mqtt-exporter]:Publish temp in ºF = 76.5
INFO:[mqtt-exporter]:Published alarm status = 1
INFO:[mqtt-exporter]:[Topic: temp_F] b'76.5'
INFO:[mqtt-exporter]:[Topic: alarm] b'1'
DEBUG:[mqtt-exporter]:Serial: [INFO: App       ] Recibido paquete UDP de fd00::f6ce:36a7:f312:9b3
DEBUG:[mqtt-exporter]:Serial: 170;F;76.5000;1;1
INFO:[mqtt-exporter]:Publish temp in ºF = 76.5
INFO:[mqtt-exporter]:Published alarm status = 1
INFO:[mqtt-exporter]:[Topic: temp_F] b'76.5'
INFO:[mqtt-exporter]:[Topic: alarm] b'1'
DEBUG:[mqtt-exporter]:Serial: [INFO: App       ] Recibido paquete UDP de fd00::f6ce:36a7:f312:9b3
DEBUG:[mqtt-exporter]:Serial: 170;F;76.0625;1;1
INFO:[mqtt-exporter]:Publish temp in ºF = 76.0625
INFO:[mqtt-exporter]:Published alarm status = 1
INFO:[mqtt-exporter]:[Topic: temp_F] b'76.0625'
INFO:[mqtt-exporter]:[Topic: alarm] b'1'
DEBUG:[mqtt-exporter]:Serial: [INFO: App       ] Recibido paquete UDP de fd00::f6ce:36a7:f312:9b3
DEBUG:[mqtt-exporter]:Serial: 170;F;76.0625;1;1
INFO:[mqtt-exporter]:Publish temp in ºF = 76.0625
INFO:[mqtt-exporter]:Published alarm status = 1
INFO:[mqtt-exporter]:[Topic: temp_F] b'76.0625'
INFO:[mqtt-exporter]:[Topic: alarm] b'1'
DEBUG:[mqtt-exporter]:Serial: [INFO: App       ] Recibido paquete UDP de fd00::f6ce:36a7:f312:9b3
DEBUG:[mqtt-exporter]:Serial: 170;F;76.0625;1;1
INFO:[mqtt-exporter]:Publish temp in ºF = 76.0625
INFO:[mqtt-exporter]:Published alarm status = 1
INFO:[mqtt-exporter]:[Topic: temp_F] b'76.0625'
INFO:[mqtt-exporter]:[Topic: alarm] b'1'
DEBUG:[mqtt-exporter]:Serial: [INFO: App       ] Recibido paquete UDP de fd00::f6ce:36a7:f312:9b3
DEBUG:[mqtt-exporter]:Serial: 170;F;76.0625;1;1
INFO:[mqtt-exporter]:Publish temp in ºF = 76.0625
INFO:[mqtt-exporter]:Published alarm status = 1
INFO:[mqtt-exporter]:[Topic: temp_F] b'76.0625'
INFO:[mqtt-exporter]:[Topic: alarm] b'1'
DEBUG:[mqtt-exporter]:Serial: [INFO: App       ] Recibido paquete UDP de fd00::f6ce:36a7:f312:9b3
DEBUG:[mqtt-exporter]:Serial: 170;F;76.0625;1;1
INFO:[mqtt-exporter]:Publish temp in ºF = 76.0625
INFO:[mqtt-exporter]:Published alarm status = 1
INFO:[mqtt-exporter]:[Topic: temp_F] b'76.0625'
INFO:[mqtt-exporter]:[Topic: alarm] b'1'
DEBUG:[mqtt-exporter]:Serial: [INFO: App       ] Recibido paquete UDP de fd00::f6ce:36a7:f312:9b3
DEBUG:[mqtt-exporter]:Serial: 170;F;76.0625;1;1
INFO:[mqtt-exporter]:Publish temp in ºF = 76.0625
INFO:[mqtt-exporter]:Published alarm status = 1
INFO:[mqtt-exporter]:[Topic: temp_F] b'76.0625'
INFO:[mqtt-exporter]:[Topic: alarm] b'1'
DEBUG:[mqtt-exporter]:Serial: [INFO: App       ] Recibido paquete UDP de fd00::f6ce:36a7:f312:9b3
DEBUG:[mqtt-exporter]:Serial: 170;F;76.0625;1;1
INFO:[mqtt-exporter]:Publish temp in ºF = 76.0625
INFO:[mqtt-exporter]:Published alarm status = 1
INFO:[mqtt-exporter]:[Topic: temp_F] b'76.0625'
INFO:[mqtt-exporter]:[Topic: alarm] b'1'
DEBUG:[mqtt-exporter]:Serial: [INFO: App       ] Recibido paquete UDP de fd00::f6ce:36a7:f312:9b3
DEBUG:[mqtt-exporter]:Serial: 170;F;76.0625;1;1
INFO:[mqtt-exporter]:Publish temp in ºF = 76.0625
INFO:[mqtt-exporter]:Published alarm status = 1
INFO:[mqtt-exporter]:[Topic: temp_F] b'76.0625'
INFO:[mqtt-exporter]:[Topic: alarm] b'1'
DEBUG:[mqtt-exporter]:Serial: [INFO: App       ] Recibido paquete UDP de fd00::f6ce:36a7:f312:9b3
DEBUG:[mqtt-exporter]:Serial: 170;F;76.0625;1;1
INFO:[mqtt-exporter]:Publish temp in ºF = 76.0625
INFO:[mqtt-exporter]:Published alarm status = 1
INFO:[mqtt-exporter]:[Topic: temp_F] b'76.0625'
INFO:[mqtt-exporter]:[Topic: alarm] b'1'
DEBUG:[mqtt-exporter]:Serial: [INFO: App       ] Recibido paquete UDP de fd00::f6ce:36a7:f312:9b3
DEBUG:[mqtt-exporter]:Serial: 170;F;76.0625;1;1
INFO:[mqtt-exporter]:Publish temp in ºF = 76.0625
INFO:[mqtt-exporter]:Published alarm status = 1
INFO:[mqtt-exporter]:[Topic: temp_F] b'76.0625'
INFO:[mqtt-exporter]:[Topic: alarm] b'1'
DEBUG:[mqtt-exporter]:Serial: [INFO: App       ] Recibido paquete UDP de fd00::f6ce:36a7:f312:9b3
DEBUG:[mqtt-exporter]:Serial: 170;F;76.0625;1;1
INFO:[mqtt-exporter]:[Topic: temp_F] b'76.0625'
INFO:[mqtt-exporter]:Publish temp in ºF = 76.0625
INFO:[mqtt-exporter]:Published alarm status = 1
INFO:[mqtt-exporter]:[Topic: alarm] b'1'
DEBUG:[mqtt-exporter]:Serial: [INFO: App       ] Recibido paquete UDP de fd00::f6ce:36a7:f312:9b3
DEBUG:[mqtt-exporter]:Serial: 170;F;76.0625;1;1
INFO:[mqtt-exporter]:Publish temp in ºF = 76.0625
INFO:[mqtt-exporter]:Published alarm status = 1
INFO:[mqtt-exporter]:[Topic: temp_F] b'76.0625'
INFO:[mqtt-exporter]:[Topic: alarm] b'1'
DEBUG:[mqtt-exporter]:Serial: [INFO: App       ] Recibido paquete UDP de fd00::f6ce:36a7:f312:9b3
DEBUG:[mqtt-exporter]:Serial: 170;F;76.0625;1;1
INFO:[mqtt-exporter]:Publish temp in ºF = 76.0625
INFO:[mqtt-exporter]:Published alarm status = 1
INFO:[mqtt-exporter]:[Topic: temp_F] b'76.0625'
INFO:[mqtt-exporter]:[Topic: alarm] b'1'
DEBUG:[mqtt-exporter]:Serial: [INFO: App       ] Recibido paquete UDP de fd00::f6ce:36a7:f312:9b3
DEBUG:[mqtt-exporter]:Serial: 170;F;76.0625;1;1
INFO:[mqtt-exporter]:[Topic: temp_F] b'76.0625'
INFO:[mqtt-exporter]:Publish temp in ºF = 76.0625
INFO:[mqtt-exporter]:Published alarm status = 1
INFO:[mqtt-exporter]:[Topic: alarm] b'1'
DEBUG:[mqtt-exporter]:Serial: [INFO: App       ] Recibido paquete UDP de fd00::f6ce:36a7:f312:9b3
DEBUG:[mqtt-exporter]:Serial: 170;F;76.0625;1;1
INFO:[mqtt-exporter]:[Topic: temp_F] b'76.0625'
INFO:[mqtt-exporter]:Publish temp in ºF = 76.0625
INFO:[mqtt-exporter]:Published alarm status = 1
INFO:[mqtt-exporter]:[Topic: alarm] b'1'
DEBUG:[mqtt-exporter]:Serial: [INFO: App       ] Recibido paquete UDP de fd00::f6ce:36a7:f312:9b3
DEBUG:[mqtt-exporter]:Serial: 170;F;76.0625;1;1
INFO:[mqtt-exporter]:[Topic: temp_F] b'76.0625'
INFO:[mqtt-exporter]:Publish temp in ºF = 76.0625
INFO:[mqtt-exporter]:Published alarm status = 1
INFO:[mqtt-exporter]:[Topic: alarm] b'1'
DEBUG:[mqtt-exporter]:Serial: [INFO: App       ] Recibido paquete UDP de fd00::f6ce:36a7:f312:9b3
DEBUG:[mqtt-exporter]:Serial: 170;F;76.0625;1;1
INFO:[mqtt-exporter]:Publish temp in ºF = 76.0625
INFO:[mqtt-exporter]:Published alarm status = 1
INFO:[mqtt-exporter]:[Topic: temp_F] b'76.0625'
INFO:[mqtt-exporter]:[Topic: alarm] b'1'
DEBUG:[mqtt-exporter]:Serial: [INFO: App       ] Recibido paquete UDP de fd00::f6ce:36a7:f312:9b3
DEBUG:[mqtt-exporter]:Serial: 170;F;76.0625;1;1
INFO:[mqtt-exporter]:Publish temp in ºF = 76.0625
INFO:[mqtt-exporter]:Published alarm status = 1
INFO:[mqtt-exporter]:[Topic: temp_F] b'76.0625'
INFO:[mqtt-exporter]:[Topic: alarm] b'1'
DEBUG:[mqtt-exporter]:Serial: [INFO: App       ] Recibido paquete UDP de fd00::f6ce:36a7:f312:9b3
DEBUG:[mqtt-exporter]:Serial: 170;F;76.0625;1;1
INFO:[mqtt-exporter]:Publish temp in ºF = 76.0625
INFO:[mqtt-exporter]:Published alarm status = 1
INFO:[mqtt-exporter]:[Topic: temp_F] b'76.0625'
INFO:[mqtt-exporter]:[Topic: alarm] b'1'
DEBUG:[mqtt-exporter]:Serial: [INFO: App       ] Recibido paquete UDP de fd00::f6ce:36a7:f312:9b3
DEBUG:[mqtt-exporter]:Serial: 170;F;76.0625;1;1
INFO:[mqtt-exporter]:[Topic: temp_F] b'76.0625'
INFO:[mqtt-exporter]:Publish temp in ºF = 76.0625
INFO:[mqtt-exporter]:Published alarm status = 1
INFO:[mqtt-exporter]:[Topic: alarm] b'1'
DEBUG:[mqtt-exporter]:Serial: [INFO: App       ] Recibido paquete UDP de fd00::f6ce:36a7:f312:9b3
DEBUG:[mqtt-exporter]:Serial: 170;F;76.0625;1;1
INFO:[mqtt-exporter]:Publish temp in ºF = 76.0625
INFO:[mqtt-exporter]:Published alarm status = 1
INFO:[mqtt-exporter]:[Topic: temp_F] b'76.0625'
INFO:[mqtt-exporter]:[Topic: alarm] b'1'
DEBUG:[mqtt-exporter]:Serial: [INFO: App       ] Recibido paquete UDP de fd00::f6ce:36a7:f312:9b3
DEBUG:[mqtt-exporter]:Serial: 170;F;76.0625;1;1
INFO:[mqtt-exporter]:Publish temp in ºF = 76.0625
INFO:[mqtt-exporter]:Published alarm status = 1
INFO:[mqtt-exporter]:[Topic: temp_F] b'76.0625'
INFO:[mqtt-exporter]:[Topic: alarm] b'1'
DEBUG:[mqtt-exporter]:Serial: [INFO: App       ] Recibido paquete UDP de fd00::f6ce:36a7:f312:9b3
DEBUG:[mqtt-exporter]:Serial: 170;F;76.0625;1;1
INFO:[mqtt-exporter]:Publish temp in ºF = 76.0625
INFO:[mqtt-exporter]:Published alarm status = 1
INFO:[mqtt-exporter]:[Topic: temp_F] b'76.0625'
INFO:[mqtt-exporter]:[Topic: alarm] b'1'
DEBUG:[mqtt-exporter]:Serial: [INFO: App       ] Recibido paquete UDP de fd00::f6ce:36a7:f312:9b3
DEBUG:[mqtt-exporter]:Serial: 170;F;76.0625;1;1
INFO:[mqtt-exporter]:Publish temp in ºF = 76.0625
INFO:[mqtt-exporter]:Published alarm status = 1
INFO:[mqtt-exporter]:[Topic: temp_F] b'76.0625'
INFO:[mqtt-exporter]:[Topic: alarm] b'1'
DEBUG:[mqtt-exporter]:Serial: [INFO: App       ] Recibido paquete UDP de fd00::f6ce:36a7:f312:9b3
DEBUG:[mqtt-exporter]:Serial: 170;F;75.6250;1;1
INFO:[mqtt-exporter]:Publish temp in ºF = 75.625
INFO:[mqtt-exporter]:Published alarm status = 1
INFO:[mqtt-exporter]:[Topic: temp_F] b'75.625'
INFO:[mqtt-exporter]:[Topic: alarm] b'1'
DEBUG:[mqtt-exporter]:Serial: [INFO: App       ] Recibido paquete UDP de fd00::f6ce:36a7:f312:9b3
DEBUG:[mqtt-exporter]:Serial: 170;F;76.0625;1;1
INFO:[mqtt-exporter]:Publish temp in ºF = 76.0625
INFO:[mqtt-exporter]:Published alarm status = 1
INFO:[mqtt-exporter]:[Topic: temp_F] b'76.0625'
INFO:[mqtt-exporter]:[Topic: alarm] b'1'
DEBUG:[mqtt-exporter]:Serial: [INFO: App       ] Recibido paquete UDP de fd00::f6ce:36a7:f312:9b3
DEBUG:[mqtt-exporter]:Serial: 170;F;76.0625;1;1
INFO:[mqtt-exporter]:Publish temp in ºF = 76.0625
INFO:[mqtt-exporter]:Published alarm status = 1
INFO:[mqtt-exporter]:[Topic: temp_F] b'76.0625'
INFO:[mqtt-exporter]:[Topic: alarm] b'1'
DEBUG:[mqtt-exporter]:Serial: [INFO: App       ] Recibido paquete UDP de fd00::f6ce:36a7:f312:9b3
DEBUG:[mqtt-exporter]:Serial: 170;F;75.6250;1;1
INFO:[mqtt-exporter]:Publish temp in ºF = 75.625
INFO:[mqtt-exporter]:Published alarm status = 1
INFO:[mqtt-exporter]:[Topic: temp_F] b'75.625'
INFO:[mqtt-exporter]:[Topic: alarm] b'1'
DEBUG:[mqtt-exporter]:Serial: [INFO: App       ] Recibido paquete UDP de fd00::f6ce:36a7:f312:9b3
DEBUG:[mqtt-exporter]:Serial: 170;F;75.6250;1;1
INFO:[mqtt-exporter]:Publish temp in ºF = 75.625
INFO:[mqtt-exporter]:Published alarm status = 1
INFO:[mqtt-exporter]:[Topic: temp_F] b'75.625'
INFO:[mqtt-exporter]:[Topic: alarm] b'1'
DEBUG:[mqtt-exporter]:Serial: [INFO: App       ] Recibido paquete UDP de fd00::f6ce:36a7:f312:9b3
DEBUG:[mqtt-exporter]:Serial: 170;F;76.0625;1;1
INFO:[mqtt-exporter]:Publish temp in ºF = 76.0625
INFO:[mqtt-exporter]:Published alarm status = 1
INFO:[mqtt-exporter]:[Topic: temp_F] b'76.0625'
INFO:[mqtt-exporter]:[Topic: alarm] b'1'
DEBUG:[mqtt-exporter]:Serial: [INFO: App       ] Recibido paquete UDP de fd00::f6ce:36a7:f312:9b3
DEBUG:[mqtt-exporter]:Serial: 170;F;75.6250;1;1
INFO:[mqtt-exporter]:[Topic: temp_F] b'75.625'
INFO:[mqtt-exporter]:Publish temp in ºF = 75.625
INFO:[mqtt-exporter]:Published alarm status = 1
INFO:[mqtt-exporter]:[Topic: alarm] b'1'
DEBUG:[mqtt-exporter]:Serial: [INFO: App       ] Recibido paquete UDP de fd00::f6ce:36a7:f312:9b3
DEBUG:[mqtt-exporter]:Serial: 170;F;75.6250;1;1
INFO:[mqtt-exporter]:Publish temp in ºF = 75.625
INFO:[mqtt-exporter]:Published alarm status = 1
INFO:[mqtt-exporter]:[Topic: temp_F] b'75.625'
INFO:[mqtt-exporter]:[Topic: alarm] b'1'
DEBUG:[mqtt-exporter]:Serial: [INFO: App       ] Recibido paquete UDP de fd00::f6ce:36a7:f312:9b3
DEBUG:[mqtt-exporter]:Serial: 170;F;75.6250;1;1
INFO:[mqtt-exporter]:Publish temp in ºF = 75.625
INFO:[mqtt-exporter]:Published alarm status = 1
INFO:[mqtt-exporter]:[Topic: temp_F] b'75.625'
INFO:[mqtt-exporter]:[Topic: alarm] b'1'
DEBUG:[mqtt-exporter]:Serial: [INFO: App       ] Recibido paquete UDP de fd00::f6ce:36a7:f312:9b3
DEBUG:[mqtt-exporter]:Serial: 170;F;75.6250;1;1
INFO:[mqtt-exporter]:Publish temp in ºF = 75.625
INFO:[mqtt-exporter]:Published alarm status = 1
INFO:[mqtt-exporter]:[Topic: temp_F] b'75.625'
INFO:[mqtt-exporter]:[Topic: alarm] b'1'
DEBUG:[mqtt-exporter]:Serial: [INFO: App       ] Recibido paquete UDP de fd00::f6ce:36a7:f312:9b3
DEBUG:[mqtt-exporter]:Serial: 170;F;75.6250;1;1
INFO:[mqtt-exporter]:[Topic: temp_F] b'75.625'
INFO:[mqtt-exporter]:Publish temp in ºF = 75.625
INFO:[mqtt-exporter]:Published alarm status = 1
INFO:[mqtt-exporter]:[Topic: alarm] b'1'
DEBUG:[mqtt-exporter]:Serial: [INFO: App       ] Recibido paquete UDP de fd00::f6ce:36a7:f312:9b3
DEBUG:[mqtt-exporter]:Serial: 170;F;75.6250;1;1
INFO:[mqtt-exporter]:Publish temp in ºF = 75.625
INFO:[mqtt-exporter]:Published alarm status = 1
INFO:[mqtt-exporter]:[Topic: temp_F] b'75.625'
INFO:[mqtt-exporter]:[Topic: alarm] b'1'
DEBUG:[mqtt-exporter]:Serial: [INFO: App       ] Recibido paquete UDP de fd00::f6ce:36a7:f312:9b3
DEBUG:[mqtt-exporter]:Serial: 170;F;75.6250;1;1
INFO:[mqtt-exporter]:Publish temp in ºF = 75.625
INFO:[mqtt-exporter]:Published alarm status = 1
INFO:[mqtt-exporter]:[Topic: temp_F] b'75.625'
INFO:[mqtt-exporter]:[Topic: alarm] b'1'
DEBUG:[mqtt-exporter]:Serial: [INFO: App       ] Recibido paquete UDP de fd00::f6ce:36a7:f312:9b3
DEBUG:[mqtt-exporter]:Serial: 170;F;75.6250;1;1
INFO:[mqtt-exporter]:Publish temp in ºF = 75.625
INFO:[mqtt-exporter]:Published alarm status = 1
INFO:[mqtt-exporter]:[Topic: temp_F] b'75.625'
INFO:[mqtt-exporter]:[Topic: alarm] b'1'
DEBUG:[mqtt-exporter]:Serial: [INFO: App       ] Recibido paquete UDP de fd00::f6ce:36a7:f312:9b3
DEBUG:[mqtt-exporter]:Serial: 170;F;75.6250;1;1
INFO:[mqtt-exporter]:Publish temp in ºF = 75.625
INFO:[mqtt-exporter]:Published alarm status = 1
INFO:[mqtt-exporter]:[Topic: temp_F] b'75.625'
INFO:[mqtt-exporter]:[Topic: alarm] b'1'
DEBUG:[mqtt-exporter]:Serial: [INFO: App       ] Recibido paquete UDP de fd00::f6ce:36a7:f312:9b3
DEBUG:[mqtt-exporter]:Serial: 170;F;75.6250;1;1
INFO:[mqtt-exporter]:Publish temp in ºF = 75.625
INFO:[mqtt-exporter]:Published alarm status = 1
INFO:[mqtt-exporter]:[Topic: temp_F] b'75.625'
INFO:[mqtt-exporter]:[Topic: alarm] b'1'
DEBUG:[mqtt-exporter]:Serial: [INFO: App       ] Recibido paquete UDP de fd00::f6ce:36a7:f312:9b3
DEBUG:[mqtt-exporter]:Serial: 170;F;75.6250;1;1
INFO:[mqtt-exporter]:Publish temp in ºF = 75.625
INFO:[mqtt-exporter]:Published alarm status = 1
INFO:[mqtt-exporter]:[Topic: temp_F] b'75.625'
INFO:[mqtt-exporter]:[Topic: alarm] b'1'
DEBUG:[mqtt-exporter]:Serial: [INFO: App       ] Recibido paquete UDP de fd00::f6ce:36a7:f312:9b3
DEBUG:[mqtt-exporter]:Serial: 170;F;75.6250;1;1
INFO:[mqtt-exporter]:Publish temp in ºF = 75.625
INFO:[mqtt-exporter]:Published alarm status = 1
INFO:[mqtt-exporter]:[Topic: temp_F] b'75.625'
INFO:[mqtt-exporter]:[Topic: alarm] b'1'
DEBUG:[mqtt-exporter]:Serial: [INFO: App       ] Recibido paquete UDP de fd00::f6ce:36a7:f312:9b3
DEBUG:[mqtt-exporter]:Serial: 170;F;75.6250;1;1
INFO:[mqtt-exporter]:Publish temp in ºF = 75.625
INFO:[mqtt-exporter]:Published alarm status = 1
INFO:[mqtt-exporter]:[Topic: temp_F] b'75.625'
INFO:[mqtt-exporter]:[Topic: alarm] b'1'
DEBUG:[mqtt-exporter]:Serial: [INFO: App       ] Recibido paquete UDP de fd00::f6ce:36a7:f312:9b3
DEBUG:[mqtt-exporter]:Serial: 170;F;75.6250;1;1
INFO:[mqtt-exporter]:Publish temp in ºF = 75.625
INFO:[mqtt-exporter]:[Topic: temp_F] b'75.625'
INFO:[mqtt-exporter]:[Topic: alarm] b'1'
INFO:[mqtt-exporter]:Published alarm status = 1
DEBUG:[mqtt-exporter]:Serial: [INFO: App       ] Recibido paquete UDP de fd00::f6ce:36a7:f312:9b3
DEBUG:[mqtt-exporter]:Serial: 170;F;75.6250;1;1
INFO:[mqtt-exporter]:Publish temp in ºF = 75.625
INFO:[mqtt-exporter]:Published alarm status = 1
INFO:[mqtt-exporter]:[Topic: temp_F] b'75.625'
INFO:[mqtt-exporter]:[Topic: alarm] b'1'
DEBUG:[mqtt-exporter]:Serial: [INFO: App       ] Recibido paquete UDP de fd00::f6ce:36a7:f312:9b3
DEBUG:[mqtt-exporter]:Serial: 170;F;75.6250;1;1
INFO:[mqtt-exporter]:Publish temp in ºF = 75.625
INFO:[mqtt-exporter]:Published alarm status = 1
INFO:[mqtt-exporter]:[Topic: temp_F] b'75.625'
INFO:[mqtt-exporter]:[Topic: alarm] b'1'
DEBUG:[mqtt-exporter]:Serial: [INFO: App       ] Recibido paquete UDP de fd00::f6ce:36a7:f312:9b3
DEBUG:[mqtt-exporter]:Serial: 170;F;75.6250;1;1
INFO:[mqtt-exporter]:Publish temp in ºF = 75.625
INFO:[mqtt-exporter]:Published alarm status = 1
INFO:[mqtt-exporter]:[Topic: temp_F] b'75.625'
INFO:[mqtt-exporter]:[Topic: alarm] b'1'
DEBUG:[mqtt-exporter]:Serial: [INFO: App       ] Recibido paquete UDP de fd00::f6ce:36a7:f312:9b3
DEBUG:[mqtt-exporter]:Serial: 170;F;75.6250;1;1
INFO:[mqtt-exporter]:Publish temp in ºF = 75.625
INFO:[mqtt-exporter]:Published alarm status = 1
INFO:[mqtt-exporter]:[Topic: temp_F] b'75.625'
INFO:[mqtt-exporter]:[Topic: alarm] b'1'
DEBUG:[mqtt-exporter]:Serial: [INFO: App       ] Recibido paquete UDP de fd00::f6ce:36a7:f312:9b3
DEBUG:[mqtt-exporter]:Serial: 170;F;75.6250;1;1
INFO:[mqtt-exporter]:Publish temp in ºF = 75.625
INFO:[mqtt-exporter]:Published alarm status = 1
INFO:[mqtt-exporter]:[Topic: temp_F] b'75.625'
INFO:[mqtt-exporter]:[Topic: alarm] b'1'
DEBUG:[mqtt-exporter]:Serial: [INFO: App       ] Recibido paquete UDP de fd00::f6ce:36a7:f312:9b3
DEBUG:[mqtt-exporter]:Serial: 170;F;75.6250;1;1
INFO:[mqtt-exporter]:Publish temp in ºF = 75.625
INFO:[mqtt-exporter]:Published alarm status = 1
INFO:[mqtt-exporter]:[Topic: temp_F] b'75.625'
INFO:[mqtt-exporter]:[Topic: alarm] b'1'
DEBUG:[mqtt-exporter]:Serial: [INFO: App       ] Recibido paquete UDP de fd00::f6ce:36a7:f312:9b3
DEBUG:[mqtt-exporter]:Serial: 170;F;75.1875;1;1
INFO:[mqtt-exporter]:Publish temp in ºF = 75.1875
INFO:[mqtt-exporter]:Published alarm status = 1
INFO:[mqtt-exporter]:[Topic: temp_F] b'75.1875'
INFO:[mqtt-exporter]:[Topic: alarm] b'1'
DEBUG:[mqtt-exporter]:Serial: [INFO: App       ] Recibido paquete UDP de fd00::f6ce:36a7:f312:9b3
DEBUG:[mqtt-exporter]:Serial: 170;F;75.6250;1;1
INFO:[mqtt-exporter]:Publish temp in ºF = 75.625
INFO:[mqtt-exporter]:Published alarm status = 1
INFO:[mqtt-exporter]:[Topic: temp_F] b'75.625'
INFO:[mqtt-exporter]:[Topic: alarm] b'1'
DEBUG:[mqtt-exporter]:Serial: [INFO: App       ] Recibido paquete UDP de fd00::f6ce:36a7:f312:9b3
DEBUG:[mqtt-exporter]:Serial: 170;F;75.6250;1;1
INFO:[mqtt-exporter]:Publish temp in ºF = 75.625
INFO:[mqtt-exporter]:Published alarm status = 1
INFO:[mqtt-exporter]:[Topic: temp_F] b'75.625'
INFO:[mqtt-exporter]:[Topic: alarm] b'1'
DEBUG:[mqtt-exporter]:Serial: [INFO: App       ] Recibido paquete UDP de fd00::f6ce:36a7:f312:9b3
DEBUG:[mqtt-exporter]:Serial: 170;F;75.6250;1;1
INFO:[mqtt-exporter]:Publish temp in ºF = 75.625
INFO:[mqtt-exporter]:Published alarm status = 1
INFO:[mqtt-exporter]:[Topic: temp_F] b'75.625'
INFO:[mqtt-exporter]:[Topic: alarm] b'1'
DEBUG:[mqtt-exporter]:Serial: [INFO: App       ] Recibido paquete UDP de fd00::f6ce:36a7:f312:9b3
DEBUG:[mqtt-exporter]:Serial: 170;F;75.6250;1;1
INFO:[mqtt-exporter]:Publish temp in ºF = 75.625
INFO:[mqtt-exporter]:Published alarm status = 1
INFO:[mqtt-exporter]:[Topic: temp_F] b'75.625'
INFO:[mqtt-exporter]:[Topic: alarm] b'1'
DEBUG:[mqtt-exporter]:Serial: [INFO: App       ] Recibido paquete UDP de fd00::f6ce:36a7:f312:9b3
DEBUG:[mqtt-exporter]:Serial: 170;F;75.6250;1;1
INFO:[mqtt-exporter]:Publish temp in ºF = 75.625
INFO:[mqtt-exporter]:Published alarm status = 1
INFO:[mqtt-exporter]:[Topic: temp_F] b'75.625'
INFO:[mqtt-exporter]:[Topic: alarm] b'1'
DEBUG:[mqtt-exporter]:Serial: [INFO: App       ] Recibido paquete UDP de fd00::f6ce:36a7:f312:9b3
DEBUG:[mqtt-exporter]:Serial: 170;F;75.6250;1;1
INFO:[mqtt-exporter]:Publish temp in ºF = 75.625
INFO:[mqtt-exporter]:Published alarm status = 1
INFO:[mqtt-exporter]:[Topic: temp_F] b'75.625'
INFO:[mqtt-exporter]:[Topic: alarm] b'1'
DEBUG:[mqtt-exporter]:Serial: [INFO: App       ] Recibido paquete UDP de fd00::f6ce:36a7:f312:9b3
DEBUG:[mqtt-exporter]:Serial: 170;F;75.6250;1;1
INFO:[mqtt-exporter]:Publish temp in ºF = 75.625
INFO:[mqtt-exporter]:Published alarm status = 1
INFO:[mqtt-exporter]:[Topic: temp_F] b'75.625'
INFO:[mqtt-exporter]:[Topic: alarm] b'1'
DEBUG:[mqtt-exporter]:Serial: [INFO: App       ] Recibido paquete UDP de fd00::f6ce:36a7:f312:9b3
DEBUG:[mqtt-exporter]:Serial: 170;F;75.6250;1;1
INFO:[mqtt-exporter]:Publish temp in ºF = 75.625
INFO:[mqtt-exporter]:Published alarm status = 1
INFO:[mqtt-exporter]:[Topic: temp_F] b'75.625'
INFO:[mqtt-exporter]:[Topic: alarm] b'1'
DEBUG:[mqtt-exporter]:Serial: [INFO: App       ] Recibido paquete UDP de fd00::f6ce:36a7:f312:9b3
DEBUG:[mqtt-exporter]:Serial: 170;F;75.6250;1;1
INFO:[mqtt-exporter]:Publish temp in ºF = 75.625
INFO:[mqtt-exporter]:Published alarm status = 1
INFO:[mqtt-exporter]:[Topic: temp_F] b'75.625'
INFO:[mqtt-exporter]:[Topic: alarm] b'1'
DEBUG:[mqtt-exporter]:Serial: [INFO: App       ] Recibido paquete UDP de fd00::f6ce:36a7:f312:9b3
DEBUG:[mqtt-exporter]:Serial: 170;F;75.6250;1;1
INFO:[mqtt-exporter]:Publish temp in ºF = 75.625
INFO:[mqtt-exporter]:Published alarm status = 1
INFO:[mqtt-exporter]:[Topic: temp_F] b'75.625'
INFO:[mqtt-exporter]:[Topic: alarm] b'1'
DEBUG:[mqtt-exporter]:Serial: [INFO: App       ] Recibido paquete UDP de fd00::f6ce:36a7:f312:9b3
DEBUG:[mqtt-exporter]:Serial: 170;F;75.6250;1;1
INFO:[mqtt-exporter]:Publish temp in ºF = 75.625
INFO:[mqtt-exporter]:Published alarm status = 1
INFO:[mqtt-exporter]:[Topic: temp_F] b'75.625'
INFO:[mqtt-exporter]:[Topic: alarm] b'1'
DEBUG:[mqtt-exporter]:Serial: [INFO: App       ] Recibido paquete UDP de fd00::f6ce:36a7:f312:9b3
DEBUG:[mqtt-exporter]:Serial: 170;F;75.6250;1;1
INFO:[mqtt-exporter]:Publish temp in ºF = 75.625
INFO:[mqtt-exporter]:Published alarm status = 1
INFO:[mqtt-exporter]:[Topic: temp_F] b'75.625'
INFO:[mqtt-exporter]:[Topic: alarm] b'1'
DEBUG:[mqtt-exporter]:Serial: [INFO: App       ] Recibido paquete UDP de fd00::f6ce:36a7:f312:9b3
DEBUG:[mqtt-exporter]:Serial: 170;F;75.6250;1;1
INFO:[mqtt-exporter]:Publish temp in ºF = 75.625
INFO:[mqtt-exporter]:Published alarm status = 1
INFO:[mqtt-exporter]:[Topic: temp_F] b'75.625'
INFO:[mqtt-exporter]:[Topic: alarm] b'1'
DEBUG:[mqtt-exporter]:Serial: [INFO: App       ] Recibido paquete UDP de fd00::f6ce:36a7:f312:9b3
DEBUG:[mqtt-exporter]:Serial: 170;F;75.6250;1;1
INFO:[mqtt-exporter]:Publish temp in ºF = 75.625
INFO:[mqtt-exporter]:Published alarm status = 1
INFO:[mqtt-exporter]:[Topic: temp_F] b'75.625'
INFO:[mqtt-exporter]:[Topic: alarm] b'1'
DEBUG:[mqtt-exporter]:Serial: [INFO: App       ] Recibido paquete UDP de fd00::f6ce:36a7:f312:9b3
DEBUG:[mqtt-exporter]:Serial: 170;F;75.6250;1;1
INFO:[mqtt-exporter]:Publish temp in ºF = 75.625
INFO:[mqtt-exporter]:Published alarm status = 1
INFO:[mqtt-exporter]:[Topic: temp_F] b'75.625'
INFO:[mqtt-exporter]:[Topic: alarm] b'1'
DEBUG:[mqtt-exporter]:Serial: [INFO: App       ] Recibido paquete UDP de fd00::f6ce:36a7:f312:9b3
DEBUG:[mqtt-exporter]:Serial: 170;F;75.6250;1;1
INFO:[mqtt-exporter]:Publish temp in ºF = 75.625
INFO:[mqtt-exporter]:Published alarm status = 1
INFO:[mqtt-exporter]:[Topic: temp_F] b'75.625'
INFO:[mqtt-exporter]:[Topic: alarm] b'1'
DEBUG:[mqtt-exporter]:Serial: [INFO: App       ] Recibido paquete UDP de fd00::f6ce:36a7:f312:9b3
DEBUG:[mqtt-exporter]:Serial: 170;F;75.6250;1;1
INFO:[mqtt-exporter]:Publish temp in ºF = 75.625
INFO:[mqtt-exporter]:Published alarm status = 1
INFO:[mqtt-exporter]:[Topic: temp_F] b'75.625'
INFO:[mqtt-exporter]:[Topic: alarm] b'1'
DEBUG:[mqtt-exporter]:Serial: [INFO: App       ] Recibido paquete UDP de fd00::f6ce:36a7:f312:9b3
DEBUG:[mqtt-exporter]:Serial: 170;F;75.6250;1;1
INFO:[mqtt-exporter]:Publish temp in ºF = 75.625
INFO:[mqtt-exporter]:Published alarm status = 1
INFO:[mqtt-exporter]:[Topic: temp_F] b'75.625'
INFO:[mqtt-exporter]:[Topic: alarm] b'1'
DEBUG:[mqtt-exporter]:Serial: [INFO: App       ] Recibido paquete UDP de fd00::f6ce:36a7:f312:9b3
DEBUG:[mqtt-exporter]:Serial: 170;F;75.6250;1;1
INFO:[mqtt-exporter]:Publish temp in ºF = 75.625
INFO:[mqtt-exporter]:Published alarm status = 1
INFO:[mqtt-exporter]:[Topic: temp_F] b'75.625'
INFO:[mqtt-exporter]:[Topic: alarm] b'1'
DEBUG:[mqtt-exporter]:Serial: [INFO: App       ] Recibido paquete UDP de fd00::f6ce:36a7:f312:9b3
DEBUG:[mqtt-exporter]:Serial: 170;F;75.6250;1;1
INFO:[mqtt-exporter]:Publish temp in ºF = 75.625
INFO:[mqtt-exporter]:Published alarm status = 1
INFO:[mqtt-exporter]:[Topic: temp_F] b'75.625'
INFO:[mqtt-exporter]:[Topic: alarm] b'1'
DEBUG:[mqtt-exporter]:Serial: [INFO: App       ] Recibido paquete UDP de fd00::f6ce:36a7:f312:9b3
DEBUG:[mqtt-exporter]:Serial: 170;F;75.6250;1;1
INFO:[mqtt-exporter]:Publish temp in ºF = 75.625
INFO:[mqtt-exporter]:Published alarm status = 1
INFO:[mqtt-exporter]:[Topic: temp_F] b'75.625'
INFO:[mqtt-exporter]:[Topic: alarm] b'1'
DEBUG:[mqtt-exporter]:Serial: [INFO: App       ] Recibido paquete UDP de fd00::f6ce:36a7:f312:9b3
DEBUG:[mqtt-exporter]:Serial: 170;F;75.6250;1;1
INFO:[mqtt-exporter]:Publish temp in ºF = 75.625
INFO:[mqtt-exporter]:Published alarm status = 1
INFO:[mqtt-exporter]:[Topic: temp_F] b'75.625'
INFO:[mqtt-exporter]:[Topic: alarm] b'1'
DEBUG:[mqtt-exporter]:Serial: [INFO: App       ] Recibido paquete UDP de fd00::f6ce:36a7:f312:9b3
DEBUG:[mqtt-exporter]:Serial: 170;F;75.6250;1;1
INFO:[mqtt-exporter]:Publish temp in ºF = 75.625
INFO:[mqtt-exporter]:Published alarm status = 1
INFO:[mqtt-exporter]:[Topic: temp_F] b'75.625'
INFO:[mqtt-exporter]:[Topic: alarm] b'1'
DEBUG:[mqtt-exporter]:Serial: [INFO: App       ] Recibido paquete UDP de fd00::f6ce:36a7:f312:9b3
DEBUG:[mqtt-exporter]:Serial: 170;F;75.1875;1;1
INFO:[mqtt-exporter]:Publish temp in ºF = 75.1875
INFO:[mqtt-exporter]:Published alarm status = 1
INFO:[mqtt-exporter]:[Topic: temp_F] b'75.1875'
INFO:[mqtt-exporter]:[Topic: alarm] b'1'
DEBUG:[mqtt-exporter]:Serial: [INFO: App       ] Recibido paquete UDP de fd00::f6ce:36a7:f312:9b3
DEBUG:[mqtt-exporter]:Serial: 170;F;75.6250;1;1
INFO:[mqtt-exporter]:Publish temp in ºF = 75.625
INFO:[mqtt-exporter]:Published alarm status = 1
INFO:[mqtt-exporter]:[Topic: temp_F] b'75.625'
INFO:[mqtt-exporter]:[Topic: alarm] b'1'
DEBUG:[mqtt-exporter]:Serial: [INFO: App       ] Recibido paquete UDP de fd00::f6ce:36a7:f312:9b3
DEBUG:[mqtt-exporter]:Serial: 170;F;75.1875;1;1
INFO:[mqtt-exporter]:Publish temp in ºF = 75.1875
INFO:[mqtt-exporter]:Published alarm status = 1
INFO:[mqtt-exporter]:[Topic: temp_F] b'75.1875'
INFO:[mqtt-exporter]:[Topic: alarm] b'1'
DEBUG:[mqtt-exporter]:Serial: [INFO: App       ] Recibido paquete UDP de fd00::f6ce:36a7:f312:9b3
DEBUG:[mqtt-exporter]:Serial: 170;F;75.1875;1;1
INFO:[mqtt-exporter]:Publish temp in ºF = 75.1875
INFO:[mqtt-exporter]:Published alarm status = 1
INFO:[mqtt-exporter]:[Topic: temp_F] b'75.1875'
INFO:[mqtt-exporter]:[Topic: alarm] b'1'
DEBUG:[mqtt-exporter]:Serial: [INFO: App       ] Recibido paquete UDP de fd00::f6ce:36a7:f312:9b3
DEBUG:[mqtt-exporter]:Serial: 170;F;75.6250;1;1
INFO:[mqtt-exporter]:Publish temp in ºF = 75.625
INFO:[mqtt-exporter]:Published alarm status = 1
INFO:[mqtt-exporter]:[Topic: temp_F] b'75.625'
INFO:[mqtt-exporter]:[Topic: alarm] b'1'
DEBUG:[mqtt-exporter]:Serial: [INFO: App       ] Recibido paquete UDP de fd00::f6ce:36a7:f312:9b3
DEBUG:[mqtt-exporter]:Serial: 170;F;75.6250;1;1
INFO:[mqtt-exporter]:Publish temp in ºF = 75.625
INFO:[mqtt-exporter]:Published alarm status = 1
INFO:[mqtt-exporter]:[Topic: temp_F] b'75.625'
INFO:[mqtt-exporter]:[Topic: alarm] b'1'
DEBUG:[mqtt-exporter]:Serial: [INFO: App       ] Recibido paquete UDP de fd00::f6ce:36a7:f312:9b3
DEBUG:[mqtt-exporter]:Serial: 170;F;75.1875;1;1
INFO:[mqtt-exporter]:Publish temp in ºF = 75.1875
INFO:[mqtt-exporter]:Published alarm status = 1
INFO:[mqtt-exporter]:[Topic: temp_F] b'75.1875'
INFO:[mqtt-exporter]:[Topic: alarm] b'1'
DEBUG:[mqtt-exporter]:Serial: [INFO: App       ] Recibido paquete UDP de fd00::f6ce:36a7:f312:9b3
DEBUG:[mqtt-exporter]:Serial: 170;F;75.1875;1;1
INFO:[mqtt-exporter]:Publish temp in ºF = 75.1875
INFO:[mqtt-exporter]:Published alarm status = 1
INFO:[mqtt-exporter]:[Topic: temp_F] b'75.1875'
INFO:[mqtt-exporter]:[Topic: alarm] b'1'
DEBUG:[mqtt-exporter]:Serial: [INFO: App       ] Recibido paquete UDP de fd00::f6ce:36a7:f312:9b3
DEBUG:[mqtt-exporter]:Serial: 170;F;75.1875;1;1
INFO:[mqtt-exporter]:Publish temp in ºF = 75.1875
INFO:[mqtt-exporter]:Published alarm status = 1
INFO:[mqtt-exporter]:[Topic: temp_F] b'75.1875'
INFO:[mqtt-exporter]:[Topic: alarm] b'1'
DEBUG:[mqtt-exporter]:Serial: [INFO: App       ] Recibido paquete UDP de fd00::f6ce:36a7:f312:9b3
DEBUG:[mqtt-exporter]:Serial: 170;F;75.1875;1;1
INFO:[mqtt-exporter]:Publish temp in ºF = 75.1875
INFO:[mqtt-exporter]:Published alarm status = 1
INFO:[mqtt-exporter]:[Topic: temp_F] b'75.1875'
INFO:[mqtt-exporter]:[Topic: alarm] b'1'
DEBUG:[mqtt-exporter]:Serial: [INFO: App       ] Recibido paquete UDP de fd00::f6ce:36a7:f312:9b3
DEBUG:[mqtt-exporter]:Serial: 170;F;75.6250;1;1
INFO:[mqtt-exporter]:Publish temp in ºF = 75.625
INFO:[mqtt-exporter]:Published alarm status = 1
INFO:[mqtt-exporter]:[Topic: temp_F] b'75.625'
INFO:[mqtt-exporter]:[Topic: alarm] b'1'
DEBUG:[mqtt-exporter]:Serial: [INFO: App       ] Recibido paquete UDP de fd00::f6ce:36a7:f312:9b3
DEBUG:[mqtt-exporter]:Serial: 170;F;75.6250;1;1
INFO:[mqtt-exporter]:Publish temp in ºF = 75.625
INFO:[mqtt-exporter]:Published alarm status = 1
INFO:[mqtt-exporter]:[Topic: temp_F] b'75.625'
INFO:[mqtt-exporter]:[Topic: alarm] b'1'
DEBUG:[mqtt-exporter]:Serial: [INFO: App       ] Recibido paquete UDP de fd00::f6ce:36a7:f312:9b3
DEBUG:[mqtt-exporter]:Serial: 170;F;75.6250;1;1
INFO:[mqtt-exporter]:Publish temp in ºF = 75.625
INFO:[mqtt-exporter]:[Topic: temp_F] b'75.625'
INFO:[mqtt-exporter]:Published alarm status = 1
INFO:[mqtt-exporter]:[Topic: alarm] b'1'
DEBUG:[mqtt-exporter]:Serial: [INFO: App       ] Recibido paquete UDP de fd00::f6ce:36a7:f312:9b3
DEBUG:[mqtt-exporter]:Serial: 170;F;75.1875;1;1
INFO:[mqtt-exporter]:Publish temp in ºF = 75.1875
INFO:[mqtt-exporter]:Published alarm status = 1
INFO:[mqtt-exporter]:[Topic: temp_F] b'75.1875'
INFO:[mqtt-exporter]:[Topic: alarm] b'1'
DEBUG:[mqtt-exporter]:Serial: [INFO: App       ] Recibido paquete UDP de fd00::f6ce:36a7:f312:9b3
DEBUG:[mqtt-exporter]:Serial: 170;F;75.1875;1;1
INFO:[mqtt-exporter]:Publish temp in ºF = 75.1875
INFO:[mqtt-exporter]:Published alarm status = 1
INFO:[mqtt-exporter]:[Topic: temp_F] b'75.1875'
INFO:[mqtt-exporter]:[Topic: alarm] b'1'
DEBUG:[mqtt-exporter]:Serial: [INFO: App       ] Recibido paquete UDP de fd00::f6ce:36a7:f312:9b3
DEBUG:[mqtt-exporter]:Serial: 170;F;75.6250;1;1
INFO:[mqtt-exporter]:Publish temp in ºF = 75.625
INFO:[mqtt-exporter]:Published alarm status = 1
INFO:[mqtt-exporter]:[Topic: temp_F] b'75.625'
INFO:[mqtt-exporter]:[Topic: alarm] b'1'
DEBUG:[mqtt-exporter]:Serial: [INFO: App       ] Recibido paquete UDP de fd00::f6ce:36a7:f312:9b3
DEBUG:[mqtt-exporter]:Serial: 170;F;75.1875;1;1
INFO:[mqtt-exporter]:Publish temp in ºF = 75.1875
INFO:[mqtt-exporter]:Published alarm status = 1
INFO:[mqtt-exporter]:[Topic: temp_F] b'75.1875'
INFO:[mqtt-exporter]:[Topic: alarm] b'1'
DEBUG:[mqtt-exporter]:Serial: [INFO: App       ] Recibido paquete UDP de fd00::f6ce:36a7:f312:9b3
DEBUG:[mqtt-exporter]:Serial: 170;F;75.1875;1;1
INFO:[mqtt-exporter]:Publish temp in ºF = 75.1875
INFO:[mqtt-exporter]:Published alarm status = 1
INFO:[mqtt-exporter]:[Topic: temp_F] b'75.1875'
INFO:[mqtt-exporter]:[Topic: alarm] b'1'
DEBUG:[mqtt-exporter]:Serial: [INFO: App       ] Recibido paquete UDP de fd00::f6ce:36a7:f312:9b3
DEBUG:[mqtt-exporter]:Serial: 170;F;75.1875;1;1
INFO:[mqtt-exporter]:Publish temp in ºF = 75.1875
INFO:[mqtt-exporter]:Published alarm status = 1
INFO:[mqtt-exporter]:[Topic: temp_F] b'75.1875'
INFO:[mqtt-exporter]:[Topic: alarm] b'1'
DEBUG:[mqtt-exporter]:Serial: [INFO: App       ] Recibido paquete UDP de fd00::f6ce:36a7:f312:9b3
DEBUG:[mqtt-exporter]:Serial: 170;F;75.1875;1;1
INFO:[mqtt-exporter]:Publish temp in ºF = 75.1875
INFO:[mqtt-exporter]:Published alarm status = 1
INFO:[mqtt-exporter]:[Topic: temp_F] b'75.1875'
INFO:[mqtt-exporter]:[Topic: alarm] b'1'
DEBUG:[mqtt-exporter]:Serial: [INFO: App       ] Recibido paquete UDP de fd00::f6ce:36a7:f312:9b3
DEBUG:[mqtt-exporter]:Serial: 170;F;75.1875;1;1
INFO:[mqtt-exporter]:Publish temp in ºF = 75.1875
INFO:[mqtt-exporter]:Published alarm status = 1
INFO:[mqtt-exporter]:[Topic: temp_F] b'75.1875'
INFO:[mqtt-exporter]:[Topic: alarm] b'1'
                                                                                                  INFO:[mqtt-exporter]:Connected rc=Success
DEBUG:[mqtt-exporter]:Serial: [INFO: App       ] Recibido paquete UDP de fd00::f6ce:36a7:f312:9b3
DEBUG:[mqtt-exporter]:Serial: 170;C;24.2500;1;1
INFO:[mqtt-exporter]:Publish temp in ºC = 24.25
INFO:[mqtt-exporter]:Published alarm status = 1
INFO:[mqtt-exporter]:[Topic: temp_C] b'24.25'
INFO:[mqtt-exporter]:[Topic: alarm] b'1'
DEBUG:[mqtt-exporter]:Serial: [INFO: App       ] Recibido paquete UDP de fd00::f6ce:36a7:f312:9b3
DEBUG:[mqtt-exporter]:Serial: 170;C;24.2500;1;1
INFO:[mqtt-exporter]:Publish temp in ºC = 24.25
INFO:[mqtt-exporter]:Published alarm status = 1
INFO:[mqtt-exporter]:[Topic: temp_C] b'24.25'
INFO:[mqtt-exporter]:[Topic: alarm] b'1'
DEBUG:[mqtt-exporter]:Serial: [INFO: App       ] Recibido paquete UDP de fd00::f6ce:36a7:f312:9b3
DEBUG:[mqtt-exporter]:Serial: 170;C;24.2500;1;1
INFO:[mqtt-exporter]:Publish temp in ºC = 24.25
INFO:[mqtt-exporter]:Published alarm status = 1
INFO:[mqtt-exporter]:[Topic: temp_C] b'24.25'
INFO:[mqtt-exporter]:[Topic: alarm] b'1'
DEBUG:[mqtt-exporter]:Serial: [INFO: App       ] Recibido paquete UDP de fd00::f6ce:36a7:f312:9b3
DEBUG:[mqtt-exporter]:Serial: 170;C;24.2500;1;1
INFO:[mqtt-exporter]:Publish temp in ºC = 24.25
INFO:[mqtt-exporter]:Published alarm status = 1
INFO:[mqtt-exporter]:[Topic: temp_C] b'24.25'
INFO:[mqtt-exporter]:[Topic: alarm] b'1'
DEBUG:[mqtt-exporter]:Serial: [INFO: App       ] Recibido paquete UDP de fd00::f6ce:36a7:f312:9b3
DEBUG:[mqtt-exporter]:Serial: 170;C;24.2500;1;1
INFO:[mqtt-exporter]:Publish temp in ºC = 24.25
INFO:[mqtt-exporter]:Published alarm status = 1
INFO:[mqtt-exporter]:[Topic: temp_C] b'24.25'
INFO:[mqtt-exporter]:[Topic: alarm] b'1'
DEBUG:[mqtt-exporter]:Serial: [INFO: App       ] Recibido paquete UDP de fd00::f6ce:36a7:f312:9b3
DEBUG:[mqtt-exporter]:Serial: 170;C;24.2500;1;1
INFO:[mqtt-exporter]:Publish temp in ºC = 24.25
INFO:[mqtt-exporter]:Published alarm status = 1
INFO:[mqtt-exporter]:[Topic: temp_C] b'24.25'
INFO:[mqtt-exporter]:[Topic: alarm] b'1'
DEBUG:[mqtt-exporter]:Serial: [INFO: App       ] Recibido paquete UDP de fd00::f6ce:36a7:f312:9b3
DEBUG:[mqtt-exporter]:Serial: 170;C;24.2500;1;1
INFO:[mqtt-exporter]:Publish temp in ºC = 24.25
INFO:[mqtt-exporter]:Published alarm status = 1
INFO:[mqtt-exporter]:[Topic: temp_C] b'24.25'
INFO:[mqtt-exporter]:[Topic: alarm] b'1'
DEBUG:[mqtt-exporter]:Serial: [INFO: App       ] Recibido paquete UDP de fd00::f6ce:36a7:f312:9b3
DEBUG:[mqtt-exporter]:Serial: 170;C;24.5000;1;1
INFO:[mqtt-exporter]:Publish temp in ºC = 24.5
INFO:[mqtt-exporter]:Published alarm status = 1
INFO:[mqtt-exporter]:[Topic: temp_C] b'24.5'
INFO:[mqtt-exporter]:[Topic: alarm] b'1'
DEBUG:[mqtt-exporter]:Serial: [INFO: App       ] Recibido paquete UDP de fd00::f6ce:36a7:f312:9b3
DEBUG:[mqtt-exporter]:Serial: 170;C;24.2500;1;1
INFO:[mqtt-exporter]:[Topic: temp_C] b'24.25'
INFO:[mqtt-exporter]:Publish temp in ºC = 24.25
INFO:[mqtt-exporter]:Published alarm status = 1
INFO:[mqtt-exporter]:[Topic: alarm] b'1'
DEBUG:[mqtt-exporter]:Serial: [INFO: App       ] Recibido paquete UDP de fd00::f6ce:36a7:f312:9b3
DEBUG:[mqtt-exporter]:Serial: 170;C;24.2500;1;1
INFO:[mqtt-exporter]:Publish temp in ºC = 24.25
INFO:[mqtt-exporter]:Published alarm status = 1
INFO:[mqtt-exporter]:[Topic: temp_C] b'24.25'
INFO:[mqtt-exporter]:[Topic: alarm] b'1'
DEBUG:[mqtt-exporter]:Serial: [INFO: App       ] Recibido paquete UDP de fd00::f6ce:36a7:f312:9b3
DEBUG:[mqtt-exporter]:Serial: 170;C;24.2500;1;1
INFO:[mqtt-exporter]:Publish temp in ºC = 24.25
INFO:[mqtt-exporter]:Published alarm status = 1
INFO:[mqtt-exporter]:[Topic: temp_C] b'24.25'
INFO:[mqtt-exporter]:[Topic: alarm] b'1'
DEBUG:[mqtt-exporter]:Serial: [INFO: App       ] Recibido paquete UDP de fd00::f6ce:36a7:f312:9b3
DEBUG:[mqtt-exporter]:Serial: 170;C;24.2500;1;1
INFO:[mqtt-exporter]:Publish temp in ºC = 24.25
INFO:[mqtt-exporter]:Published alarm status = 1
INFO:[mqtt-exporter]:[Topic: temp_C] b'24.25'
INFO:[mqtt-exporter]:[Topic: alarm] b'1'
DEBUG:[mqtt-exporter]:Serial: [INFO: App       ] Recibido paquete UDP de fd00::f6ce:36a7:f312:9b3
DEBUG:[mqtt-exporter]:Serial: 170;C;24.2500;1;1
INFO:[mqtt-exporter]:Publish temp in ºC = 24.25
INFO:[mqtt-exporter]:Published alarm status = 1
INFO:[mqtt-exporter]:[Topic: temp_C] b'24.25'
INFO:[mqtt-exporter]:[Topic: alarm] b'1'
DEBUG:[mqtt-exporter]:Serial: [INFO: App       ] Recibido paquete UDP de fd00::f6ce:36a7:f312:9b3
DEBUG:[mqtt-exporter]:Serial: 170;C;24.2500;1;1
INFO:[mqtt-exporter]:Publish temp in ºC = 24.25
INFO:[mqtt-exporter]:Published alarm status = 1
INFO:[mqtt-exporter]:[Topic: temp_C] b'24.25'
INFO:[mqtt-exporter]:[Topic: alarm] b'1'
DEBUG:[mqtt-exporter]:Serial: [INFO: App       ] Recibido paquete UDP de fd00::f6ce:36a7:f312:9b3
DEBUG:[mqtt-exporter]:Serial: 170;C;24.2500;1;1
INFO:[mqtt-exporter]:Publish temp in ºC = 24.25
INFO:[mqtt-exporter]:Published alarm status = 1
INFO:[mqtt-exporter]:[Topic: temp_C] b'24.25'
INFO:[mqtt-exporter]:[Topic: alarm] b'1'
DEBUG:[mqtt-exporter]:Serial: [INFO: App       ] Recibido paquete UDP de fd00::f6ce:36a7:f312:9b3
DEBUG:[mqtt-exporter]:Serial: 170;C;24.2500;1;1
INFO:[mqtt-exporter]:Publish temp in ºC = 24.25
INFO:[mqtt-exporter]:Published alarm status = 1
INFO:[mqtt-exporter]:[Topic: temp_C] b'24.25'
INFO:[mqtt-exporter]:[Topic: alarm] b'1'
DEBUG:[mqtt-exporter]:Serial: [INFO: App       ] Recibido paquete UDP de fd00::f6ce:36a7:f312:9b3
DEBUG:[mqtt-exporter]:Serial: 170;C;24.2500;1;1
INFO:[mqtt-exporter]:Publish temp in ºC = 24.25
INFO:[mqtt-exporter]:Published alarm status = 1
INFO:[mqtt-exporter]:[Topic: temp_C] b'24.25'
INFO:[mqtt-exporter]:[Topic: alarm] b'1'
DEBUG:[mqtt-exporter]:Serial: [INFO: App       ] Recibido paquete UDP de fd00::f6ce:36a7:f312:9b3
DEBUG:[mqtt-exporter]:Serial: 170;C;24.2500;1;1
INFO:[mqtt-exporter]:Publish temp in ºC = 24.25
INFO:[mqtt-exporter]:Published alarm status = 1
INFO:[mqtt-exporter]:[Topic: temp_C] b'24.25'
INFO:[mqtt-exporter]:[Topic: alarm] b'1'
DEBUG:[mqtt-exporter]:Serial: [INFO: App       ] Recibido paquete UDP de fd00::f6ce:36a7:f312:9b3
DEBUG:[mqtt-exporter]:Serial: 170;C;24.2500;1;1
INFO:[mqtt-exporter]:Publish temp in ºC = 24.25
INFO:[mqtt-exporter]:Published alarm status = 1
INFO:[mqtt-exporter]:[Topic: temp_C] b'24.25'
INFO:[mqtt-exporter]:[Topic: alarm] b'1'
DEBUG:[mqtt-exporter]:Serial: [INFO: App       ] Recibido paquete UDP de fd00::f6ce:36a7:f312:9b3
DEBUG:[mqtt-exporter]:Serial: 170;C;24.2500;1;1
INFO:[mqtt-exporter]:Publish temp in ºC = 24.25
INFO:[mqtt-exporter]:Published alarm status = 1
INFO:[mqtt-exporter]:[Topic: temp_C] b'24.25'
INFO:[mqtt-exporter]:[Topic: alarm] b'1'
DEBUG:[mqtt-exporter]:Serial: [INFO: App       ] Recibido paquete UDP de fd00::f6ce:36a7:f312:9b3
DEBUG:[mqtt-exporter]:Serial: 170;C;24.2500;1;1
INFO:[mqtt-exporter]:Publish temp in ºC = 24.25
INFO:[mqtt-exporter]:Published alarm status = 1
INFO:[mqtt-exporter]:[Topic: temp_C] b'24.25'
INFO:[mqtt-exporter]:[Topic: alarm] b'1'
DEBUG:[mqtt-exporter]:Serial: [INFO: App       ] Recibido paquete UDP de fd00::f6ce:36a7:f312:9b3
DEBUG:[mqtt-exporter]:Serial: 170;C;24.2500;1;1
INFO:[mqtt-exporter]:Publish temp in ºC = 24.25
INFO:[mqtt-exporter]:Published alarm status = 1
INFO:[mqtt-exporter]:[Topic: temp_C] b'24.25'
INFO:[mqtt-exporter]:[Topic: alarm] b'1'
DEBUG:[mqtt-exporter]:Serial: [INFO: App       ] Recibido paquete UDP de fd00::f6ce:36a7:f312:9b3
DEBUG:[mqtt-exporter]:Serial: 170;C;24.2500;1;1
INFO:[mqtt-exporter]:Publish temp in ºC = 24.25
INFO:[mqtt-exporter]:Published alarm status = 1
INFO:[mqtt-exporter]:[Topic: temp_C] b'24.25'
INFO:[mqtt-exporter]:[Topic: alarm] b'1'
DEBUG:[mqtt-exporter]:Serial: [INFO: App       ] Recibido paquete UDP de fd00::f6ce:36a7:f312:9b3
DEBUG:[mqtt-exporter]:Serial: 170;C;24.2500;1;1
INFO:[mqtt-exporter]:Publish temp in ºC = 24.25
INFO:[mqtt-exporter]:Published alarm status = 1
INFO:[mqtt-exporter]:[Topic: temp_C] b'24.25'
INFO:[mqtt-exporter]:[Topic: alarm] b'1'
DEBUG:[mqtt-exporter]:Serial: [INFO: App       ] Recibido paquete UDP de fd00::f6ce:36a7:f312:9b3
DEBUG:[mqtt-exporter]:Serial: 170;C;24.0000;1;1
INFO:[mqtt-exporter]:Publish temp in ºC = 24.0
INFO:[mqtt-exporter]:Published alarm status = 1
INFO:[mqtt-exporter]:[Topic: temp_C] b'24.0'
INFO:[mqtt-exporter]:[Topic: alarm] b'1'
DEBUG:[mqtt-exporter]:Serial: [INFO: App       ] Recibido paquete UDP de fd00::f6ce:36a7:f312:9b3
DEBUG:[mqtt-exporter]:Serial: 170;C;24.2500;1;1
INFO:[mqtt-exporter]:Publish temp in ºC = 24.25
INFO:[mqtt-exporter]:Published alarm status = 1
INFO:[mqtt-exporter]:[Topic: temp_C] b'24.25'
INFO:[mqtt-exporter]:[Topic: alarm] b'1'
DEBUG:[mqtt-exporter]:Serial: [INFO: App       ] Recibido paquete UDP de fd00::f6ce:36a7:f312:9b3
DEBUG:[mqtt-exporter]:Serial: 170;C;24.2500;1;1
INFO:[mqtt-exporter]:Publish temp in ºC = 24.25
INFO:[mqtt-exporter]:Published alarm status = 1
INFO:[mqtt-exporter]:[Topic: temp_C] b'24.25'
INFO:[mqtt-exporter]:[Topic: alarm] b'1'
DEBUG:[mqtt-exporter]:Serial: [INFO: App       ] Recibido paquete UDP de fd00::f6ce:36a7:f312:9b3
DEBUG:[mqtt-exporter]:Serial: 170;C;24.2500;1;1
INFO:[mqtt-exporter]:Publish temp in ºC = 24.25
INFO:[mqtt-exporter]:Published alarm status = 1
INFO:[mqtt-exporter]:[Topic: temp_C] b'24.25'
INFO:[mqtt-exporter]:[Topic: alarm] b'1'
DEBUG:[mqtt-exporter]:Serial: [INFO: App       ] Recibido paquete UDP de fd00::f6ce:36a7:f312:9b3
DEBUG:[mqtt-exporter]:Serial: 170;C;24.2500;1;1
INFO:[mqtt-exporter]:Publish temp in ºC = 24.25
INFO:[mqtt-exporter]:Published alarm status = 1
INFO:[mqtt-exporter]:[Topic: temp_C] b'24.25'
INFO:[mqtt-exporter]:[Topic: alarm] b'1'
DEBUG:[mqtt-exporter]:Serial: [INFO: App       ] Recibido paquete UDP de fd00::f6ce:36a7:f312:9b3
DEBUG:[mqtt-exporter]:Serial: 170;C;24.2500;1;1
INFO:[mqtt-exporter]:Publish temp in ºC = 24.25
INFO:[mqtt-exporter]:Published alarm status = 1
INFO:[mqtt-exporter]:[Topic: temp_C] b'24.25'
INFO:[mqtt-exporter]:[Topic: alarm] b'1'
DEBUG:[mqtt-exporter]:Serial: [INFO: App       ] Recibido paquete UDP de fd00::f6ce:36a7:f312:9b3
DEBUG:[mqtt-exporter]:Serial: 170;C;24.2500;1;1
INFO:[mqtt-exporter]:Publish temp in ºC = 24.25
INFO:[mqtt-exporter]:Published alarm status = 1
INFO:[mqtt-exporter]:[Topic: temp_C] b'24.25'
INFO:[mqtt-exporter]:[Topic: alarm] b'1'
DEBUG:[mqtt-exporter]:Serial: [INFO: App       ] Recibido paquete UDP de fd00::f6ce:36a7:f312:9b3
DEBUG:[mqtt-exporter]:Serial: 170;C;24.2500;1;1
INFO:[mqtt-exporter]:Publish temp in ºC = 24.25
INFO:[mqtt-exporter]:Published alarm status = 1
INFO:[mqtt-exporter]:[Topic: temp_C] b'24.25'
INFO:[mqtt-exporter]:[Topic: alarm] b'1'
DEBUG:[mqtt-exporter]:Serial: [INFO: App       ] Recibido paquete UDP de fd00::f6ce:36a7:f312:9b3
DEBUG:[mqtt-exporter]:Serial: 170;C;24.2500;1;1
INFO:[mqtt-exporter]:Publish temp in ºC = 24.25
INFO:[mqtt-exporter]:Published alarm status = 1
INFO:[mqtt-exporter]:[Topic: temp_C] b'24.25'
INFO:[mqtt-exporter]:[Topic: alarm] b'1'
DEBUG:[mqtt-exporter]:Serial: [INFO: App       ] Recibido paquete UDP de fd00::f6ce:36a7:f312:9b3
DEBUG:[mqtt-exporter]:Serial: 170;C;24.2500;1;1
INFO:[mqtt-exporter]:Publish temp in ºC = 24.25
INFO:[mqtt-exporter]:Published alarm status = 1
INFO:[mqtt-exporter]:[Topic: temp_C] b'24.25'
INFO:[mqtt-exporter]:[Topic: alarm] b'1'
DEBUG:[mqtt-exporter]:Serial: [INFO: App       ] Recibido paquete UDP de fd00::f6ce:36a7:f312:9b3
DEBUG:[mqtt-exporter]:Serial: 170;C;24.2500;1;1
INFO:[mqtt-exporter]:Publish temp in ºC = 24.25
INFO:[mqtt-exporter]:Published alarm status = 1
INFO:[mqtt-exporter]:[Topic: temp_C] b'24.25'
INFO:[mqtt-exporter]:[Topic: alarm] b'1'
DEBUG:[mqtt-exporter]:Serial: [INFO: App       ] Recibido paquete UDP de fd00::f6ce:36a7:f312:9b3
DEBUG:[mqtt-exporter]:Serial: 170;C;24.2500;1;1
INFO:[mqtt-exporter]:Publish temp in ºC = 24.25
INFO:[mqtt-exporter]:Published alarm status = 1
INFO:[mqtt-exporter]:[Topic: temp_C] b'24.25'
INFO:[mqtt-exporter]:[Topic: alarm] b'1'
DEBUG:[mqtt-exporter]:Serial: [INFO: App       ] Recibido paquete UDP de fd00::f6ce:36a7:f312:9b3
DEBUG:[mqtt-exporter]:Serial: 170;C;24.2500;1;1
INFO:[mqtt-exporter]:Publish temp in ºC = 24.25
INFO:[mqtt-exporter]:Published alarm status = 1
INFO:[mqtt-exporter]:[Topic: temp_C] b'24.25'
INFO:[mqtt-exporter]:[Topic: alarm] b'1'
DEBUG:[mqtt-exporter]:Serial: [INFO: App       ] Recibido paquete UDP de fd00::f6ce:36a7:f312:9b3
DEBUG:[mqtt-exporter]:Serial: 170;C;24.0000;1;1
INFO:[mqtt-exporter]:Publish temp in ºC = 24.0
INFO:[mqtt-exporter]:Published alarm status = 1
INFO:[mqtt-exporter]:[Topic: temp_C] b'24.0'
INFO:[mqtt-exporter]:[Topic: alarm] b'1'
DEBUG:[mqtt-exporter]:Serial: [INFO: App       ] Recibido paquete UDP de fd00::f6ce:36a7:f312:9b3
DEBUG:[mqtt-exporter]:Serial: 170;C;24.2500;1;1
INFO:[mqtt-exporter]:Publish temp in ºC = 24.25
INFO:[mqtt-exporter]:Published alarm status = 1
INFO:[mqtt-exporter]:[Topic: temp_C] b'24.25'
INFO:[mqtt-exporter]:[Topic: alarm] b'1'
DEBUG:[mqtt-exporter]:Serial: [INFO: App       ] Recibido paquete UDP de fd00::f6ce:36a7:f312:9b3
DEBUG:[mqtt-exporter]:Serial: 170;C;24.2500;1;1
INFO:[mqtt-exporter]:Publish temp in ºC = 24.25
INFO:[mqtt-exporter]:Published alarm status = 1
INFO:[mqtt-exporter]:[Topic: temp_C] b'24.25'
INFO:[mqtt-exporter]:[Topic: alarm] b'1'
DEBUG:[mqtt-exporter]:Serial: [INFO: App       ] Recibido paquete UDP de fd00::f6ce:36a7:f312:9b3
DEBUG:[mqtt-exporter]:Serial: 170;C;24.2500;1;1
INFO:[mqtt-exporter]:Publish temp in ºC = 24.25
INFO:[mqtt-exporter]:Published alarm status = 1
INFO:[mqtt-exporter]:[Topic: temp_C] b'24.25'
INFO:[mqtt-exporter]:[Topic: alarm] b'1'
DEBUG:[mqtt-exporter]:Serial: [INFO: App       ] Recibido paquete UDP de fd00::f6ce:36a7:f312:9b3
DEBUG:[mqtt-exporter]:Serial: 170;C;24.2500;1;1
INFO:[mqtt-exporter]:Publish temp in ºC = 24.25
INFO:[mqtt-exporter]:Published alarm status = 1
INFO:[mqtt-exporter]:[Topic: temp_C] b'24.25'
INFO:[mqtt-exporter]:[Topic: alarm] b'1'
DEBUG:[mqtt-exporter]:Serial: [INFO: App       ] Recibido paquete UDP de fd00::f6ce:36a7:f312:9b3
DEBUG:[mqtt-exporter]:Serial: 170;C;24.2500;1;1
INFO:[mqtt-exporter]:Publish temp in ºC = 24.25
INFO:[mqtt-exporter]:Published alarm status = 1
INFO:[mqtt-exporter]:[Topic: temp_C] b'24.25'
INFO:[mqtt-exporter]:[Topic: alarm] b'1'
DEBUG:[mqtt-exporter]:Serial: [INFO: App       ] Recibido paquete UDP de fd00::f6ce:36a7:f312:9b3
DEBUG:[mqtt-exporter]:Serial: 170;C;24.2500;1;1
INFO:[mqtt-exporter]:[Topic: temp_C] b'24.25'
INFO:[mqtt-exporter]:Publish temp in ºC = 24.25
INFO:[mqtt-exporter]:Published alarm status = 1
INFO:[mqtt-exporter]:[Topic: alarm] b'1'
DEBUG:[mqtt-exporter]:Serial: [INFO: App       ] Recibido paquete UDP de fd00::f6ce:36a7:f312:9b3
DEBUG:[mqtt-exporter]:Serial: 170;C;24.2500;1;1
INFO:[mqtt-exporter]:Publish temp in ºC = 24.25
INFO:[mqtt-exporter]:Published alarm status = 1
INFO:[mqtt-exporter]:[Topic: temp_C] b'24.25'
INFO:[mqtt-exporter]:[Topic: alarm] b'1'
DEBUG:[mqtt-exporter]:Serial: [INFO: App       ] Recibido paquete UDP de fd00::f6ce:36a7:f312:9b3
DEBUG:[mqtt-exporter]:Serial: 170;C;24.2500;1;1
INFO:[mqtt-exporter]:Publish temp in ºC = 24.25
INFO:[mqtt-exporter]:Published alarm status = 1
INFO:[mqtt-exporter]:[Topic: temp_C] b'24.25'
INFO:[mqtt-exporter]:[Topic: alarm] b'1'
DEBUG:[mqtt-exporter]:Serial: [INFO: App       ] Recibido paquete UDP de fd00::f6ce:36a7:f312:9b3
DEBUG:[mqtt-exporter]:Serial: 170;C;24.2500;1;1
INFO:[mqtt-exporter]:Publish temp in ºC = 24.25
INFO:[mqtt-exporter]:Published alarm status = 1
INFO:[mqtt-exporter]:[Topic: temp_C] b'24.25'
INFO:[mqtt-exporter]:[Topic: alarm] b'1'
DEBUG:[mqtt-exporter]:Serial: [INFO: App       ] Recibido paquete UDP de fd00::f6ce:36a7:f312:9b3
DEBUG:[mqtt-exporter]:Serial: 170;C;24.2500;1;1
INFO:[mqtt-exporter]:Publish temp in ºC = 24.25
INFO:[mqtt-exporter]:Published alarm status = 1
INFO:[mqtt-exporter]:[Topic: temp_C] b'24.25'
INFO:[mqtt-exporter]:[Topic: alarm] b'1'
DEBUG:[mqtt-exporter]:Serial: [INFO: App       ] Recibido paquete UDP de fd00::f6ce:36a7:f312:9b3
DEBUG:[mqtt-exporter]:Serial: 170;C;24.0000;1;1
INFO:[mqtt-exporter]:Publish temp in ºC = 24.0
INFO:[mqtt-exporter]:Published alarm status = 1
INFO:[mqtt-exporter]:[Topic: temp_C] b'24.0'
INFO:[mqtt-exporter]:[Topic: alarm] b'1'
DEBUG:[mqtt-exporter]:Serial: [INFO: App       ] Recibido paquete UDP de fd00::f6ce:36a7:f312:9b3
DEBUG:[mqtt-exporter]:Serial: 170;C;24.2500;1;1
INFO:[mqtt-exporter]:Publish temp in ºC = 24.25
INFO:[mqtt-exporter]:Published alarm status = 1
INFO:[mqtt-exporter]:[Topic: temp_C] b'24.25'
INFO:[mqtt-exporter]:[Topic: alarm] b'1'
DEBUG:[mqtt-exporter]:Serial: [INFO: App       ] Recibido paquete UDP de fd00::f6ce:36a7:f312:9b3
DEBUG:[mqtt-exporter]:Serial: 170;C;24.2500;1;1
INFO:[mqtt-exporter]:Publish temp in ºC = 24.25
INFO:[mqtt-exporter]:Published alarm status = 1
INFO:[mqtt-exporter]:[Topic: temp_C] b'24.25'
INFO:[mqtt-exporter]:[Topic: alarm] b'1'
DEBUG:[mqtt-exporter]:Serial: [INFO: App       ] Recibido paquete UDP de fd00::f6ce:36a7:f312:9b3
DEBUG:[mqtt-exporter]:Serial: 170;C;24.2500;1;1
INFO:[mqtt-exporter]:Publish temp in ºC = 24.25
INFO:[mqtt-exporter]:Published alarm status = 1
INFO:[mqtt-exporter]:[Topic: temp_C] b'24.25'
INFO:[mqtt-exporter]:[Topic: alarm] b'1'
DEBUG:[mqtt-exporter]:Serial: [INFO: App       ] Recibido paquete UDP de fd00::f6ce:36a7:f312:9b3
DEBUG:[mqtt-exporter]:Serial: 170;C;24.2500;1;1
INFO:[mqtt-exporter]:Publish temp in ºC = 24.25
INFO:[mqtt-exporter]:Published alarm status = 1
INFO:[mqtt-exporter]:[Topic: temp_C] b'24.25'
INFO:[mqtt-exporter]:[Topic: alarm] b'1'
DEBUG:[mqtt-exporter]:Serial: [INFO: App       ] Recibido paquete UDP de fd00::f6ce:36a7:f312:9b3
DEBUG:[mqtt-exporter]:Serial: 170;C;24.2500;1;1
INFO:[mqtt-exporter]:Publish temp in ºC = 24.25
INFO:[mqtt-exporter]:Published alarm status = 1
INFO:[mqtt-exporter]:[Topic: temp_C] b'24.25'
INFO:[mqtt-exporter]:[Topic: alarm] b'1'
DEBUG:[mqtt-exporter]:Serial: [INFO: App       ] Recibido paquete UDP de fd00::f6ce:36a7:f312:9b3
DEBUG:[mqtt-exporter]:Serial: 170;C;24.2500;1;1
INFO:[mqtt-exporter]:Publish temp in ºC = 24.25
INFO:[mqtt-exporter]:Published alarm status = 1
INFO:[mqtt-exporter]:[Topic: temp_C] b'24.25'
INFO:[mqtt-exporter]:[Topic: alarm] b'1'
DEBUG:[mqtt-exporter]:Serial: [INFO: App       ] Recibido paquete UDP de fd00::f6ce:36a7:f312:9b3
DEBUG:[mqtt-exporter]:Serial: 170;C;24.2500;1;1
INFO:[mqtt-exporter]:Publish temp in ºC = 24.25
INFO:[mqtt-exporter]:Published alarm status = 1
INFO:[mqtt-exporter]:[Topic: temp_C] b'24.25'
INFO:[mqtt-exporter]:[Topic: alarm] b'1'
DEBUG:[mqtt-exporter]:Serial: [INFO: App       ] Recibido paquete UDP de fd00::f6ce:36a7:f312:9b3
DEBUG:[mqtt-exporter]:Serial: 170;C;24.2500;1;1
INFO:[mqtt-exporter]:Publish temp in ºC = 24.25
INFO:[mqtt-exporter]:Published alarm status = 1
INFO:[mqtt-exporter]:[Topic: temp_C] b'24.25'
INFO:[mqtt-exporter]:[Topic: alarm] b'1'
DEBUG:[mqtt-exporter]:Serial: [INFO: App       ] Recibido paquete UDP de fd00::f6ce:36a7:f312:9b3
DEBUG:[mqtt-exporter]:Serial: 170;C;24.2500;1;1
INFO:[mqtt-exporter]:Publish temp in ºC = 24.25
INFO:[mqtt-exporter]:Published alarm status = 1
INFO:[mqtt-exporter]:[Topic: temp_C] b'24.25'
INFO:[mqtt-exporter]:[Topic: alarm] b'1'
DEBUG:[mqtt-exporter]:Serial: [INFO: App       ] Recibido paquete UDP de fd00::f6ce:36a7:f312:9b3
DEBUG:[mqtt-exporter]:Serial: 170;C;24.2500;1;1
INFO:[mqtt-exporter]:Publish temp in ºC = 24.25
INFO:[mqtt-exporter]:Published alarm status = 1
INFO:[mqtt-exporter]:[Topic: temp_C] b'24.25'
INFO:[mqtt-exporter]:[Topic: alarm] b'1'
DEBUG:[mqtt-exporter]:Serial: [INFO: App       ] Recibido paquete UDP de fd00::f6ce:36a7:f312:9b3
DEBUG:[mqtt-exporter]:Serial: 170;C;24.2500;1;1
INFO:[mqtt-exporter]:Publish temp in ºC = 24.25
INFO:[mqtt-exporter]:Published alarm status = 1
INFO:[mqtt-exporter]:[Topic: temp_C] b'24.25'
INFO:[mqtt-exporter]:[Topic: alarm] b'1'
DEBUG:[mqtt-exporter]:Serial: [INFO: App       ] Recibido paquete UDP de fd00::f6ce:36a7:f312:9b3
DEBUG:[mqtt-exporter]:Serial: 170;C;24.2500;1;1
INFO:[mqtt-exporter]:Publish temp in ºC = 24.25
INFO:[mqtt-exporter]:Published alarm status = 1
INFO:[mqtt-exporter]:[Topic: temp_C] b'24.25'
INFO:[mqtt-exporter]:[Topic: alarm] b'1'
DEBUG:[mqtt-exporter]:Serial: [INFO: App       ] Recibido paquete UDP de fd00::f6ce:36a7:f312:9b3
DEBUG:[mqtt-exporter]:Serial: 170;C;24.2500;1;1
INFO:[mqtt-exporter]:Publish temp in ºC = 24.25
INFO:[mqtt-exporter]:Published alarm status = 1
INFO:[mqtt-exporter]:[Topic: temp_C] b'24.25'
INFO:[mqtt-exporter]:[Topic: alarm] b'1'
DEBUG:[mqtt-exporter]:Serial: [INFO: App       ] Recibido paquete UDP de fd00::f6ce:36a7:f312:9b3
DEBUG:[mqtt-exporter]:Serial: 170;C;24.2500;1;1
INFO:[mqtt-exporter]:Publish temp in ºC = 24.25
INFO:[mqtt-exporter]:Published alarm status = 1
INFO:[mqtt-exporter]:[Topic: temp_C] b'24.25'
INFO:[mqtt-exporter]:[Topic: alarm] b'1'
DEBUG:[mqtt-exporter]:Serial: [INFO: App       ] Recibido paquete UDP de fd00::f6ce:36a7:f312:9b3
DEBUG:[mqtt-exporter]:Serial: 170;C;24.2500;1;1
INFO:[mqtt-exporter]:Publish temp in ºC = 24.25
INFO:[mqtt-exporter]:Published alarm status = 1
INFO:[mqtt-exporter]:[Topic: temp_C] b'24.25'
INFO:[mqtt-exporter]:[Topic: alarm] b'1'
DEBUG:[mqtt-exporter]:Serial: [INFO: App       ] Recibido paquete UDP de fd00::f6ce:36a7:f312:9b3
DEBUG:[mqtt-exporter]:Serial: 170;C;24.2500;1;1
INFO:[mqtt-exporter]:Publish temp in ºC = 24.25
INFO:[mqtt-exporter]:[Topic: temp_C] b'24.25'
INFO:[mqtt-exporter]:Published alarm status = 1
INFO:[mqtt-exporter]:[Topic: alarm] b'1'
DEBUG:[mqtt-exporter]:Serial: [INFO: App       ] Recibido paquete UDP de fd00::f6ce:36a7:f312:9b3
DEBUG:[mqtt-exporter]:Serial: 170;C;24.2500;1;1
INFO:[mqtt-exporter]:Publish temp in ºC = 24.25
INFO:[mqtt-exporter]:Published alarm status = 1
INFO:[mqtt-exporter]:[Topic: temp_C] b'24.25'
INFO:[mqtt-exporter]:[Topic: alarm] b'1'
DEBUG:[mqtt-exporter]:Serial: [INFO: App       ] Recibido paquete UDP de fd00::f6ce:36a7:f312:9b3
DEBUG:[mqtt-exporter]:Serial: 170;C;24.2500;1;1
INFO:[mqtt-exporter]:Publish temp in ºC = 24.25
INFO:[mqtt-exporter]:Published alarm status = 1
INFO:[mqtt-exporter]:[Topic: temp_C] b'24.25'
INFO:[mqtt-exporter]:[Topic: alarm] b'1'
DEBUG:[mqtt-exporter]:Serial: [INFO: App       ] Recibido paquete UDP de fd00::f6ce:36a7:f312:9b3
DEBUG:[mqtt-exporter]:Serial: 170;C;24.2500;1;1
INFO:[mqtt-exporter]:Publish temp in ºC = 24.25
INFO:[mqtt-exporter]:Published alarm status = 1
INFO:[mqtt-exporter]:[Topic: temp_C] b'24.25'
INFO:[mqtt-exporter]:[Topic: alarm] b'1'
DEBUG:[mqtt-exporter]:Serial: [INFO: App       ] Recibido paquete UDP de fd00::f6ce:36a7:f312:9b3
DEBUG:[mqtt-exporter]:Serial: 170;C;24.0000;1;1
INFO:[mqtt-exporter]:Publish temp in ºC = 24.0
INFO:[mqtt-exporter]:Published alarm status = 1
INFO:[mqtt-exporter]:[Topic: temp_C] b'24.0'
INFO:[mqtt-exporter]:[Topic: alarm] b'1'
DEBUG:[mqtt-exporter]:Serial: [INFO: App       ] Recibido paquete UDP de fd00::f6ce:36a7:f312:9b3
DEBUG:[mqtt-exporter]:Serial: 170;C;24.2500;1;1
INFO:[mqtt-exporter]:Publish temp in ºC = 24.25
INFO:[mqtt-exporter]:Published alarm status = 1
INFO:[mqtt-exporter]:[Topic: temp_C] b'24.25'
INFO:[mqtt-exporter]:[Topic: alarm] b'1'
DEBUG:[mqtt-exporter]:Serial: [INFO: App       ] Recibido paquete UDP de fd00::f6ce:36a7:f312:9b3
DEBUG:[mqtt-exporter]:Serial: 170;C;24.2500;1;1
INFO:[mqtt-exporter]:Publish temp in ºC = 24.25
INFO:[mqtt-exporter]:Published alarm status = 1
INFO:[mqtt-exporter]:[Topic: temp_C] b'24.25'
INFO:[mqtt-exporter]:[Topic: alarm] b'1'
DEBUG:[mqtt-exporter]:Serial: [INFO: App       ] Recibido paquete UDP de fd00::f6ce:36a7:f312:9b3
DEBUG:[mqtt-exporter]:Serial: 170;C;24.2500;1;1
INFO:[mqtt-exporter]:Publish temp in ºC = 24.25
INFO:[mqtt-exporter]:Published alarm status = 1
INFO:[mqtt-exporter]:[Topic: temp_C] b'24.25'
INFO:[mqtt-exporter]:[Topic: alarm] b'1'
DEBUG:[mqtt-exporter]:Serial: [INFO: App       ] Recibido paquete UDP de fd00::f6ce:36a7:f312:9b3
DEBUG:[mqtt-exporter]:Serial: 170;C;24.2500;1;1
INFO:[mqtt-exporter]:Publish temp in ºC = 24.25
INFO:[mqtt-exporter]:Published alarm status = 1
INFO:[mqtt-exporter]:[Topic: temp_C] b'24.25'
INFO:[mqtt-exporter]:[Topic: alarm] b'1'
DEBUG:[mqtt-exporter]:Serial: [INFO: App       ] Recibido paquete UDP de fd00::f6ce:36a7:f312:9b3
DEBUG:[mqtt-exporter]:Serial: 170;C;24.2500;1;1
INFO:[mqtt-exporter]:Publish temp in ºC = 24.25
INFO:[mqtt-exporter]:Published alarm status = 1
INFO:[mqtt-exporter]:[Topic: temp_C] b'24.25'
INFO:[mqtt-exporter]:[Topic: alarm] b'1'
DEBUG:[mqtt-exporter]:Serial: [INFO: App       ] Recibido paquete UDP de fd00::f6ce:36a7:f312:9b3
DEBUG:[mqtt-exporter]:Serial: 170;C;24.2500;1;1
INFO:[mqtt-exporter]:Publish temp in ºC = 24.25
INFO:[mqtt-exporter]:Published alarm status = 1
INFO:[mqtt-exporter]:[Topic: temp_C] b'24.25'
INFO:[mqtt-exporter]:[Topic: alarm] b'1'
DEBUG:[mqtt-exporter]:Serial: [INFO: App       ] Recibido paquete UDP de fd00::f6ce:36a7:f312:9b3
DEBUG:[mqtt-exporter]:Serial: 170;C;24.2500;1;1
INFO:[mqtt-exporter]:Publish temp in ºC = 24.25
INFO:[mqtt-exporter]:Published alarm status = 1
INFO:[mqtt-exporter]:[Topic: temp_C] b'24.25'
INFO:[mqtt-exporter]:[Topic: alarm] b'1'
DEBUG:[mqtt-exporter]:Serial: [INFO: App       ] Recibido paquete UDP de fd00::f6ce:36a7:f312:9b3
DEBUG:[mqtt-exporter]:Serial: 170;C;24.2500;1;1
INFO:[mqtt-exporter]:Publish temp in ºC = 24.25
INFO:[mqtt-exporter]:Published alarm status = 1
INFO:[mqtt-exporter]:[Topic: temp_C] b'24.25'
INFO:[mqtt-exporter]:[Topic: alarm] b'1'
DEBUG:[mqtt-exporter]:Serial: [INFO: App       ] Recibido paquete UDP de fd00::f6ce:36a7:f312:9b3
DEBUG:[mqtt-exporter]:Serial: 170;C;24.2500;1;1
INFO:[mqtt-exporter]:Publish temp in ºC = 24.25
INFO:[mqtt-exporter]:Published alarm status = 1
INFO:[mqtt-exporter]:[Topic: temp_C] b'24.25'
INFO:[mqtt-exporter]:[Topic: alarm] b'1'
DEBUG:[mqtt-exporter]:Serial: [INFO: App       ] Recibido paquete UDP de fd00::f6ce:36a7:f312:9b3
DEBUG:[mqtt-exporter]:Serial: 170;C;24.2500;1;1
INFO:[mqtt-exporter]:Publish temp in ºC = 24.25
INFO:[mqtt-exporter]:Published alarm status = 1
INFO:[mqtt-exporter]:[Topic: temp_C] b'24.25'
INFO:[mqtt-exporter]:[Topic: alarm] b'1'
DEBUG:[mqtt-exporter]:Serial: [INFO: App       ] Recibido paquete UDP de fd00::f6ce:36a7:f312:9b3
DEBUG:[mqtt-exporter]:Serial: 170;C;24.2500;1;1
INFO:[mqtt-exporter]:Publish temp in ºC = 24.25
INFO:[mqtt-exporter]:Published alarm status = 1
INFO:[mqtt-exporter]:[Topic: temp_C] b'24.25'
INFO:[mqtt-exporter]:[Topic: alarm] b'1'
DEBUG:[mqtt-exporter]:Serial: [INFO: App       ] Recibido paquete UDP de fd00::f6ce:36a7:f312:9b3
DEBUG:[mqtt-exporter]:Serial: 170;C;24.2500;1;1
INFO:[mqtt-exporter]:Publish temp in ºC = 24.25
INFO:[mqtt-exporter]:Published alarm status = 1
INFO:[mqtt-exporter]:[Topic: temp_C] b'24.25'
INFO:[mqtt-exporter]:[Topic: alarm] b'1'
DEBUG:[mqtt-exporter]:Serial: [INFO: App       ] Recibido paquete UDP de fd00::f6ce:36a7:f312:9b3
DEBUG:[mqtt-exporter]:Serial: 170;C;24.2500;1;1
INFO:[mqtt-exporter]:Publish temp in ºC = 24.25
INFO:[mqtt-exporter]:Published alarm status = 1
INFO:[mqtt-exporter]:[Topic: temp_C] b'24.25'
INFO:[mqtt-exporter]:[Topic: alarm] b'1'
DEBUG:[mqtt-exporter]:Serial: [INFO: App       ] Recibido paquete UDP de fd00::f6ce:36a7:f312:9b3
DEBUG:[mqtt-exporter]:Serial: 170;C;24.2500;1;1
INFO:[mqtt-exporter]:Publish temp in ºC = 24.25
INFO:[mqtt-exporter]:Published alarm status = 1
INFO:[mqtt-exporter]:[Topic: temp_C] b'24.25'
INFO:[mqtt-exporter]:[Topic: alarm] b'1'
DEBUG:[mqtt-exporter]:Serial: [INFO: App       ] Recibido paquete UDP de fd00::f6ce:36a7:f312:9b3
DEBUG:[mqtt-exporter]:Serial: 170;C;24.2500;1;1
INFO:[mqtt-exporter]:Publish temp in ºC = 24.25
INFO:[mqtt-exporter]:Published alarm status = 1
INFO:[mqtt-exporter]:[Topic: temp_C] b'24.25'
INFO:[mqtt-exporter]:[Topic: alarm] b'1'
DEBUG:[mqtt-exporter]:Serial: [INFO: App       ] Recibido paquete UDP de fd00::f6ce:36a7:f312:9b3
DEBUG:[mqtt-exporter]:Serial: 170;C;24.2500;1;1
INFO:[mqtt-exporter]:Publish temp in ºC = 24.25
INFO:[mqtt-exporter]:Published alarm status = 1
INFO:[mqtt-exporter]:[Topic: temp_C] b'24.25'
INFO:[mqtt-exporter]:[Topic: alarm] b'1'
DEBUG:[mqtt-exporter]:Serial: [INFO: App       ] Recibido paquete UDP de fd00::f6ce:36a7:f312:9b3
DEBUG:[mqtt-exporter]:Serial: 170;C;24.5000;1;1
INFO:[mqtt-exporter]:Publish temp in ºC = 24.5
INFO:[mqtt-exporter]:Published alarm status = 1
INFO:[mqtt-exporter]:[Topic: temp_C] b'24.5'
INFO:[mqtt-exporter]:[Topic: alarm] b'1'
DEBUG:[mqtt-exporter]:Serial: [INFO: App       ] Recibido paquete UDP de fd00::f6ce:36a7:f312:9b3
DEBUG:[mqtt-exporter]:Serial: 170;C;24.2500;1;1
INFO:[mqtt-exporter]:Publish temp in ºC = 24.25
INFO:[mqtt-exporter]:Published alarm status = 1
INFO:[mqtt-exporter]:[Topic: temp_C] b'24.25'
INFO:[mqtt-exporter]:[Topic: alarm] b'1'
INFO:[mqtt-exporter]:Connected rc=Success
DEBUG:[mqtt-exporter]:Serial: [INFO: App       ] Recibido paquete UDP de fd00::f6ce:36a7:f312:9b3
DEBUG:[mqtt-exporter]:Serial: 170;C;24.2500;1;1
INFO:[mqtt-exporter]:Publish temp in ºC = 24.25
INFO:[mqtt-exporter]:Published alarm status = 1
INFO:[mqtt-exporter]:[Topic: temp_C] b'24.25'
INFO:[mqtt-exporter]:[Topic: alarm] b'1'
DEBUG:[mqtt-exporter]:Serial: [INFO: App       ] Recibido paquete UDP de fd00::f6ce:36a7:f312:9b3
DEBUG:[mqtt-exporter]:Serial: 170;C;24.2500;1;1
INFO:[mqtt-exporter]:Publish temp in ºC = 24.25
INFO:[mqtt-exporter]:Published alarm status = 1
INFO:[mqtt-exporter]:[Topic: temp_C] b'24.25'
INFO:[mqtt-exporter]:[Topic: alarm] b'1'
DEBUG:[mqtt-exporter]:Serial: [INFO: App       ] Recibido paquete UDP de fd00::f6ce:36a7:f312:9b3
DEBUG:[mqtt-exporter]:Serial: 170;C;24.2500;1;1
INFO:[mqtt-exporter]:Publish temp in ºC = 24.25
INFO:[mqtt-exporter]:Published alarm status = 1
INFO:[mqtt-exporter]:[Topic: temp_C] b'24.25'
INFO:[mqtt-exporter]:[Topic: alarm] b'1'
DEBUG:[mqtt-exporter]:Serial: [INFO: App       ] Recibido paquete UDP de fd00::f6ce:36a7:f312:9b3
DEBUG:[mqtt-exporter]:Serial: 170;C;24.2500;1;1
INFO:[mqtt-exporter]:Publish temp in ºC = 24.25
INFO:[mqtt-exporter]:Published alarm status = 1
INFO:[mqtt-exporter]:[Topic: temp_C] b'24.25'
INFO:[mqtt-exporter]:[Topic: alarm] b'1'
DEBUG:[mqtt-exporter]:Serial: [INFO: App       ] Recibido paquete UDP de fd00::f6ce:36a7:f312:9b3
DEBUG:[mqtt-exporter]:Serial: 170;C;24.2500;1;1
INFO:[mqtt-exporter]:Publish temp in ºC = 24.25
INFO:[mqtt-exporter]:Published alarm status = 1
INFO:[mqtt-exporter]:[Topic: temp_C] b'24.25'
INFO:[mqtt-exporter]:[Topic: alarm] b'1'
DEBUG:[mqtt-exporter]:Serial: [INFO: App       ] Recibido paquete UDP de fd00::f6ce:36a7:f312:9b3
DEBUG:[mqtt-exporter]:Serial: 170;C;24.2500;1;1
INFO:[mqtt-exporter]:Publish temp in ºC = 24.25
INFO:[mqtt-exporter]:Published alarm status = 1
INFO:[mqtt-exporter]:[Topic: temp_C] b'24.25'
INFO:[mqtt-exporter]:[Topic: alarm] b'1'
DEBUG:[mqtt-exporter]:Serial: [INFO: App       ] Recibido paquete UDP de fd00::f6ce:36a7:f312:9b3
DEBUG:[mqtt-exporter]:Serial: 170;C;24.2500;1;1
INFO:[mqtt-exporter]:Publish temp in ºC = 24.25
INFO:[mqtt-exporter]:Published alarm status = 1
INFO:[mqtt-exporter]:[Topic: temp_C] b'24.25'
INFO:[mqtt-exporter]:[Topic: alarm] b'1'
DEBUG:[mqtt-exporter]:Serial: [INFO: App       ] Recibido paquete UDP de fd00::f6ce:36a7:f312:9b3
DEBUG:[mqtt-exporter]:Serial: 170;C;24.2500;1;1
INFO:[mqtt-exporter]:Publish temp in ºC = 24.25
INFO:[mqtt-exporter]:Published alarm status = 1
INFO:[mqtt-exporter]:[Topic: temp_C] b'24.25'
INFO:[mqtt-exporter]:[Topic: alarm] b'1'
DEBUG:[mqtt-exporter]:Serial: [INFO: App       ] Recibido paquete UDP de fd00::f6ce:36a7:f312:9b3
DEBUG:[mqtt-exporter]:Serial: 170;C;24.2500;1;1
INFO:[mqtt-exporter]:Publish temp in ºC = 24.25
INFO:[mqtt-exporter]:Published alarm status = 1
INFO:[mqtt-exporter]:[Topic: temp_C] b'24.25'
INFO:[mqtt-exporter]:[Topic: alarm] b'1'
DEBUG:[mqtt-exporter]:Serial: [INFO: App       ] Recibido paquete UDP de fd00::f6ce:36a7:f312:9b3
DEBUG:[mqtt-exporter]:Serial: 170;C;24.2500;1;1
INFO:[mqtt-exporter]:Publish temp in ºC = 24.25
INFO:[mqtt-exporter]:Published alarm status = 1
INFO:[mqtt-exporter]:[Topic: temp_C] b'24.25'
INFO:[mqtt-exporter]:[Topic: alarm] b'1'
DEBUG:[mqtt-exporter]:Serial: [INFO: App       ] Recibido paquete UDP de fd00::f6ce:36a7:f312:9b3
DEBUG:[mqtt-exporter]:Serial: 170;C;24.2500;1;1
INFO:[mqtt-exporter]:Publish temp in ºC = 24.25
INFO:[mqtt-exporter]:Published alarm status = 1
INFO:[mqtt-exporter]:[Topic: temp_C] b'24.25'
INFO:[mqtt-exporter]:[Topic: alarm] b'1'
DEBUG:[mqtt-exporter]:Serial: [INFO: App       ] Recibido paquete UDP de fd00::f6ce:36a7:f312:9b3
DEBUG:[mqtt-exporter]:Serial: 170;C;24.2500;1;1
INFO:[mqtt-exporter]:Publish temp in ºC = 24.25
INFO:[mqtt-exporter]:Published alarm status = 1
INFO:[mqtt-exporter]:[Topic: temp_C] b'24.25'
INFO:[mqtt-exporter]:[Topic: alarm] b'1'
DEBUG:[mqtt-exporter]:Serial: [INFO: App       ] Recibido paquete UDP de fd00::f6ce:36a7:f312:9b3
DEBUG:[mqtt-exporter]:Serial: 170;C;24.2500;1;1
INFO:[mqtt-exporter]:Publish temp in ºC = 24.25
INFO:[mqtt-exporter]:Published alarm status = 1
INFO:[mqtt-exporter]:[Topic: temp_C] b'24.25'
INFO:[mqtt-exporter]:[Topic: alarm] b'1'
DEBUG:[mqtt-exporter]:Serial: [INFO: App       ] Recibido paquete UDP de fd00::f6ce:36a7:f312:9b3
DEBUG:[mqtt-exporter]:Serial: 170;C;24.2500;1;1
INFO:[mqtt-exporter]:Publish temp in ºC = 24.25
INFO:[mqtt-exporter]:Published alarm status = 1
INFO:[mqtt-exporter]:[Topic: temp_C] b'24.25'
INFO:[mqtt-exporter]:[Topic: alarm] b'1'
DEBUG:[mqtt-exporter]:Serial: [INFO: App       ] Recibido paquete UDP de fd00::f6ce:36a7:f312:9b3
DEBUG:[mqtt-exporter]:Serial: 170;C;24.0000;1;1
INFO:[mqtt-exporter]:Publish temp in ºC = 24.0
INFO:[mqtt-exporter]:Published alarm status = 1
INFO:[mqtt-exporter]:[Topic: temp_C] b'24.0'
INFO:[mqtt-exporter]:[Topic: alarm] b'1'
DEBUG:[mqtt-exporter]:Serial: [INFO: App       ] Recibido paquete UDP de fd00::f6ce:36a7:f312:9b3
DEBUG:[mqtt-exporter]:Serial: 170;C;24.2500;1;1
INFO:[mqtt-exporter]:Publish temp in ºC = 24.25
INFO:[mqtt-exporter]:Published alarm status = 1
INFO:[mqtt-exporter]:[Topic: temp_C] b'24.25'
INFO:[mqtt-exporter]:[Topic: alarm] b'1'
DEBUG:[mqtt-exporter]:Serial: [INFO: App       ] Recibido paquete UDP de fd00::f6ce:36a7:f312:9b3
DEBUG:[mqtt-exporter]:Serial: 170;C;24.2500;1;1
INFO:[mqtt-exporter]:Publish temp in ºC = 24.25
INFO:[mqtt-exporter]:Published alarm status = 1
INFO:[mqtt-exporter]:[Topic: temp_C] b'24.25'
INFO:[mqtt-exporter]:[Topic: alarm] b'1'
DEBUG:[mqtt-exporter]:Serial: [INFO: App       ] Recibido paquete UDP de fd00::f6ce:36a7:f312:9b3
DEBUG:[mqtt-exporter]:Serial: 170;C;24.2500;1;1
INFO:[mqtt-exporter]:Publish temp in ºC = 24.25
INFO:[mqtt-exporter]:Published alarm status = 1
INFO:[mqtt-exporter]:[Topic: temp_C] b'24.25'
INFO:[mqtt-exporter]:[Topic: alarm] b'1'
DEBUG:[mqtt-exporter]:Serial: [INFO: App       ] Recibido paquete UDP de fd00::f6ce:36a7:f312:9b3
DEBUG:[mqtt-exporter]:Serial: 170;C;24.2500;1;1
INFO:[mqtt-exporter]:Publish temp in ºC = 24.25
INFO:[mqtt-exporter]:Published alarm status = 1
INFO:[mqtt-exporter]:[Topic: temp_C] b'24.25'
INFO:[mqtt-exporter]:[Topic: alarm] b'1'
DEBUG:[mqtt-exporter]:Serial: [INFO: App       ] Recibido paquete UDP de fd00::f6ce:36a7:f312:9b3
DEBUG:[mqtt-exporter]:Serial: 170;C;24.2500;1;1
INFO:[mqtt-exporter]:Publish temp in ºC = 24.25
INFO:[mqtt-exporter]:Published alarm status = 1
INFO:[mqtt-exporter]:[Topic: temp_C] b'24.25'
INFO:[mqtt-exporter]:[Topic: alarm] b'1'
DEBUG:[mqtt-exporter]:Serial: [INFO: App       ] Recibido paquete UDP de fd00::f6ce:36a7:f312:9b3
DEBUG:[mqtt-exporter]:Serial: 170;C;24.2500;1;1
INFO:[mqtt-exporter]:Publish temp in ºC = 24.25
INFO:[mqtt-exporter]:Published alarm status = 1
INFO:[mqtt-exporter]:[Topic: temp_C] b'24.25'
INFO:[mqtt-exporter]:[Topic: alarm] b'1'
DEBUG:[mqtt-exporter]:Serial: [INFO: App       ] Recibido paquete UDP de fd00::f6ce:36a7:f312:9b3
DEBUG:[mqtt-exporter]:Serial: 170;C;24.2500;1;1
INFO:[mqtt-exporter]:Publish temp in ºC = 24.25
INFO:[mqtt-exporter]:Published alarm status = 1
INFO:[mqtt-exporter]:[Topic: temp_C] b'24.25'
INFO:[mqtt-exporter]:[Topic: alarm] b'1'
DEBUG:[mqtt-exporter]:Serial: [INFO: App       ] Recibido paquete UDP de fd00::f6ce:36a7:f312:9b3
DEBUG:[mqtt-exporter]:Serial: 170;C;24.2500;1;1
INFO:[mqtt-exporter]:Publish temp in ºC = 24.25
INFO:[mqtt-exporter]:Published alarm status = 1
INFO:[mqtt-exporter]:[Topic: temp_C] b'24.25'
INFO:[mqtt-exporter]:[Topic: alarm] b'1'
DEBUG:[mqtt-exporter]:Serial: [INFO: App       ] Recibido paquete UDP de fd00::f6ce:36a7:f312:9b3
DEBUG:[mqtt-exporter]:Serial: 170;C;24.2500;1;1
INFO:[mqtt-exporter]:Publish temp in ºC = 24.25
INFO:[mqtt-exporter]:Published alarm status = 1
INFO:[mqtt-exporter]:[Topic: temp_C] b'24.25'
INFO:[mqtt-exporter]:[Topic: alarm] b'1'
DEBUG:[mqtt-exporter]:Serial: [INFO: App       ] Recibido paquete UDP de fd00::f6ce:36a7:f312:9b3
DEBUG:[mqtt-exporter]:Serial: 170;C;24.2500;1;1
INFO:[mqtt-exporter]:Publish temp in ºC = 24.25
INFO:[mqtt-exporter]:Published alarm status = 1
INFO:[mqtt-exporter]:[Topic: temp_C] b'24.25'
INFO:[mqtt-exporter]:[Topic: alarm] b'1'
DEBUG:[mqtt-exporter]:Serial: [INFO: App       ] Recibido paquete UDP de fd00::f6ce:36a7:f312:9b3
DEBUG:[mqtt-exporter]:Serial: 170;C;24.2500;1;1
INFO:[mqtt-exporter]:Publish temp in ºC = 24.25
INFO:[mqtt-exporter]:Published alarm status = 1
INFO:[mqtt-exporter]:[Topic: temp_C] b'24.25'
INFO:[mqtt-exporter]:[Topic: alarm] b'1'
DEBUG:[mqtt-exporter]:Serial: [INFO: App       ] Recibido paquete UDP de fd00::f6ce:36a7:f312:9b3
DEBUG:[mqtt-exporter]:Serial: 170;C;24.2500;1;1
INFO:[mqtt-exporter]:Publish temp in ºC = 24.25
INFO:[mqtt-exporter]:Published alarm status = 1
INFO:[mqtt-exporter]:[Topic: temp_C] b'24.25'
INFO:[mqtt-exporter]:[Topic: alarm] b'1'
DEBUG:[mqtt-exporter]:Serial: [INFO: App       ] Recibido paquete UDP de fd00::f6ce:36a7:f312:9b3
DEBUG:[mqtt-exporter]:Serial: 170;C;24.2500;1;1
INFO:[mqtt-exporter]:Publish temp in ºC = 24.25
INFO:[mqtt-exporter]:Published alarm status = 1
INFO:[mqtt-exporter]:[Topic: temp_C] b'24.25'
INFO:[mqtt-exporter]:[Topic: alarm] b'1'
DEBUG:[mqtt-exporter]:Serial: [INFO: App       ] Recibido paquete UDP de fd00::f6ce:36a7:f312:9b3
DEBUG:[mqtt-exporter]:Serial: 170;C;24.2500;1;1
INFO:[mqtt-exporter]:Publish temp in ºC = 24.25
INFO:[mqtt-exporter]:Published alarm status = 1
INFO:[mqtt-exporter]:[Topic: temp_C] b'24.25'
INFO:[mqtt-exporter]:[Topic: alarm] b'1'
DEBUG:[mqtt-exporter]:Serial: [INFO: App       ] Recibido paquete UDP de fd00::f6ce:36a7:f312:9b3
DEBUG:[mqtt-exporter]:Serial: 170;C;24.2500;1;1
INFO:[mqtt-exporter]:Publish temp in ºC = 24.25
INFO:[mqtt-exporter]:Published alarm status = 1
INFO:[mqtt-exporter]:[Topic: temp_C] b'24.25'
INFO:[mqtt-exporter]:[Topic: alarm] b'1'
DEBUG:[mqtt-exporter]:Serial: [INFO: App       ] Recibido paquete UDP de fd00::f6ce:36a7:f312:9b3
DEBUG:[mqtt-exporter]:Serial: 170;C;24.2500;1;1
INFO:[mqtt-exporter]:Publish temp in ºC = 24.25
INFO:[mqtt-exporter]:Published alarm status = 1
INFO:[mqtt-exporter]:[Topic: temp_C] b'24.25'
INFO:[mqtt-exporter]:[Topic: alarm] b'1'
DEBUG:[mqtt-exporter]:Serial: [INFO: App       ] Recibido paquete UDP de fd00::f6ce:36a7:f312:9b3
DEBUG:[mqtt-exporter]:Serial: 170;C;24.2500;1;1
INFO:[mqtt-exporter]:Publish temp in ºC = 24.25
INFO:[mqtt-exporter]:Published alarm status = 1
INFO:[mqtt-exporter]:[Topic: temp_C] b'24.25'
INFO:[mqtt-exporter]:[Topic: alarm] b'1'
DEBUG:[mqtt-exporter]:Serial: [INFO: App       ] Recibido paquete UDP de fd00::f6ce:36a7:f312:9b3
DEBUG:[mqtt-exporter]:Serial: 170;C;24.2500;1;1
INFO:[mqtt-exporter]:Publish temp in ºC = 24.25
INFO:[mqtt-exporter]:Published alarm status = 1
INFO:[mqtt-exporter]:[Topic: temp_C] b'24.25'
INFO:[mqtt-exporter]:[Topic: alarm] b'1'
DEBUG:[mqtt-exporter]:Serial: [INFO: App       ] Recibido paquete UDP de fd00::f6ce:36a7:f312:9b3
DEBUG:[mqtt-exporter]:Serial: 170;C;24.2500;1;1
INFO:[mqtt-exporter]:Publish temp in ºC = 24.25
INFO:[mqtt-exporter]:Published alarm status = 1
INFO:[mqtt-exporter]:[Topic: temp_C] b'24.25'
INFO:[mqtt-exporter]:[Topic: alarm] b'1'
DEBUG:[mqtt-exporter]:Serial: [INFO: App       ] Recibido paquete UDP de fd00::f6ce:36a7:f312:9b3
DEBUG:[mqtt-exporter]:Serial: 170;C;24.2500;1;1
INFO:[mqtt-exporter]:Publish temp in ºC = 24.25
INFO:[mqtt-exporter]:Published alarm status = 1
INFO:[mqtt-exporter]:[Topic: temp_C] b'24.25'
INFO:[mqtt-exporter]:[Topic: alarm] b'1'
DEBUG:[mqtt-exporter]:Serial: [INFO: App       ] Recibido paquete UDP de fd00::f6ce:36a7:f312:9b3
DEBUG:[mqtt-exporter]:Serial: 170;C;24.2500;1;1
INFO:[mqtt-exporter]:Publish temp in ºC = 24.25
INFO:[mqtt-exporter]:Published alarm status = 1
INFO:[mqtt-exporter]:[Topic: temp_C] b'24.25'
INFO:[mqtt-exporter]:[Topic: alarm] b'1'
DEBUG:[mqtt-exporter]:Serial: [INFO: App       ] Recibido paquete UDP de fd00::f6ce:36a7:f312:9b3
DEBUG:[mqtt-exporter]:Serial: 170;C;24.0000;1;1
INFO:[mqtt-exporter]:Publish temp in ºC = 24.0
INFO:[mqtt-exporter]:Published alarm status = 1
INFO:[mqtt-exporter]:[Topic: temp_C] b'24.0'
INFO:[mqtt-exporter]:[Topic: alarm] b'1'
DEBUG:[mqtt-exporter]:Serial: [INFO: App       ] Recibido paquete UDP de fd00::f6ce:36a7:f312:9b3
DEBUG:[mqtt-exporter]:Serial: 170;C;24.2500;1;1
INFO:[mqtt-exporter]:Publish temp in ºC = 24.25
INFO:[mqtt-exporter]:Published alarm status = 1
INFO:[mqtt-exporter]:[Topic: temp_C] b'24.25'
INFO:[mqtt-exporter]:[Topic: alarm] b'1'
DEBUG:[mqtt-exporter]:Serial: [INFO: App       ] Recibido paquete UDP de fd00::f6ce:36a7:f312:9b3
DEBUG:[mqtt-exporter]:Serial: 170;C;24.0000;1;1
INFO:[mqtt-exporter]:Publish temp in ºC = 24.0
INFO:[mqtt-exporter]:Published alarm status = 1
INFO:[mqtt-exporter]:[Topic: temp_C] b'24.0'
INFO:[mqtt-exporter]:[Topic: alarm] b'1'
DEBUG:[mqtt-exporter]:Serial: [INFO: App       ] Recibido paquete UDP de fd00::f6ce:36a7:f312:9b3
DEBUG:[mqtt-exporter]:Serial: 170;C;24.2500;1;1
INFO:[mqtt-exporter]:Publish temp in ºC = 24.25
INFO:[mqtt-exporter]:Published alarm status = 1
INFO:[mqtt-exporter]:[Topic: temp_C] b'24.25'
INFO:[mqtt-exporter]:[Topic: alarm] b'1'
DEBUG:[mqtt-exporter]:Serial: [INFO: App       ] Recibido paquete UDP de fd00::f6ce:36a7:f312:9b3
DEBUG:[mqtt-exporter]:Serial: 170;C;24.0000;1;1
INFO:[mqtt-exporter]:Publish temp in ºC = 24.0
INFO:[mqtt-exporter]:Published alarm status = 1
INFO:[mqtt-exporter]:[Topic: temp_C] b'24.0'
INFO:[mqtt-exporter]:[Topic: alarm] b'1'
DEBUG:[mqtt-exporter]:Serial: [INFO: App       ] Recibido paquete UDP de fd00::f6ce:36a7:f312:9b3
DEBUG:[mqtt-exporter]:Serial: 170;C;24.2500;1;1
INFO:[mqtt-exporter]:Publish temp in ºC = 24.25
INFO:[mqtt-exporter]:[Topic: temp_C] b'24.25'
INFO:[mqtt-exporter]:Published alarm status = 1
INFO:[mqtt-exporter]:[Topic: alarm] b'1'
DEBUG:[mqtt-exporter]:Serial: [INFO: App       ] Recibido paquete UDP de fd00::f6ce:36a7:f312:9b3
DEBUG:[mqtt-exporter]:Serial: 170;C;24.2500;1;1
INFO:[mqtt-exporter]:Publish temp in ºC = 24.25
INFO:[mqtt-exporter]:Published alarm status = 1
INFO:[mqtt-exporter]:[Topic: temp_C] b'24.25'
INFO:[mqtt-exporter]:[Topic: alarm] b'1'
DEBUG:[mqtt-exporter]:Serial: [INFO: App       ] Recibido paquete UDP de fd00::f6ce:36a7:f312:9b3
DEBUG:[mqtt-exporter]:Serial: 170;C;24.2500;1;1
INFO:[mqtt-exporter]:Publish temp in ºC = 24.25
INFO:[mqtt-exporter]:Published alarm status = 1
INFO:[mqtt-exporter]:[Topic: temp_C] b'24.25'
INFO:[mqtt-exporter]:[Topic: alarm] b'1'
DEBUG:[mqtt-exporter]:Serial: [INFO: App       ] Recibido paquete UDP de fd00::f6ce:36a7:f312:9b3
DEBUG:[mqtt-exporter]:Serial: 170;C;24.2500;1;1
INFO:[mqtt-exporter]:Publish temp in ºC = 24.25
INFO:[mqtt-exporter]:Published alarm status = 1
INFO:[mqtt-exporter]:[Topic: temp_C] b'24.25'
INFO:[mqtt-exporter]:[Topic: alarm] b'1'
DEBUG:[mqtt-exporter]:Serial: [INFO: App       ] Recibido paquete UDP de fd00::f6ce:36a7:f312:9b3
DEBUG:[mqtt-exporter]:Serial: 170;C;24.2500;1;1
INFO:[mqtt-exporter]:Publish temp in ºC = 24.25
INFO:[mqtt-exporter]:Published alarm status = 1
INFO:[mqtt-exporter]:[Topic: temp_C] b'24.25'
INFO:[mqtt-exporter]:[Topic: alarm] b'1'
DEBUG:[mqtt-exporter]:Serial: [INFO: App       ] Recibido paquete UDP de fd00::f6ce:36a7:f312:9b3
DEBUG:[mqtt-exporter]:Serial: 170;C;24.2500;1;1
INFO:[mqtt-exporter]:Publish temp in ºC = 24.25
INFO:[mqtt-exporter]:[Topic: temp_C] b'24.25'
INFO:[mqtt-exporter]:[Topic: alarm] b'1'
INFO:[mqtt-exporter]:Published alarm status = 1
DEBUG:[mqtt-exporter]:Serial: [INFO: App       ] Recibido paquete UDP de fd00::f6ce:36a7:f312:9b3
DEBUG:[mqtt-exporter]:Serial: 170;C;24.2500;1;1
INFO:[mqtt-exporter]:Publish temp in ºC = 24.25
INFO:[mqtt-exporter]:Published alarm status = 1
INFO:[mqtt-exporter]:[Topic: temp_C] b'24.25'
INFO:[mqtt-exporter]:[Topic: alarm] b'1'
DEBUG:[mqtt-exporter]:Serial: [INFO: App       ] Recibido paquete UDP de fd00::f6ce:36a7:f312:9b3
DEBUG:[mqtt-exporter]:Serial: 170;C;24.2500;1;1
INFO:[mqtt-exporter]:Publish temp in ºC = 24.25
INFO:[mqtt-exporter]:Published alarm status = 1
INFO:[mqtt-exporter]:[Topic: temp_C] b'24.25'
INFO:[mqtt-exporter]:[Topic: alarm] b'1'
DEBUG:[mqtt-exporter]:Serial: [INFO: App       ] Recibido paquete UDP de fd00::f6ce:36a7:f312:9b3
DEBUG:[mqtt-exporter]:Serial: 170;C;24.2500;1;1
INFO:[mqtt-exporter]:Publish temp in ºC = 24.25
INFO:[mqtt-exporter]:Published alarm status = 1
INFO:[mqtt-exporter]:[Topic: temp_C] b'24.25'
INFO:[mqtt-exporter]:[Topic: alarm] b'1'
DEBUG:[mqtt-exporter]:Serial: [INFO: App       ] Recibido paquete UDP de fd00::f6ce:36a7:f312:9b3
DEBUG:[mqtt-exporter]:Serial: 170;C;24.2500;1;1
INFO:[mqtt-exporter]:Publish temp in ºC = 24.25
INFO:[mqtt-exporter]:Published alarm status = 1
INFO:[mqtt-exporter]:[Topic: temp_C] b'24.25'
INFO:[mqtt-exporter]:[Topic: alarm] b'1'
DEBUG:[mqtt-exporter]:Serial: [INFO: App       ] Recibido paquete UDP de fd00::f6ce:36a7:f312:9b3
DEBUG:[mqtt-exporter]:Serial: 170;C;24.2500;1;1
INFO:[mqtt-exporter]:Publish temp in ºC = 24.25
INFO:[mqtt-exporter]:Published alarm status = 1
INFO:[mqtt-exporter]:[Topic: temp_C] b'24.25'
INFO:[mqtt-exporter]:[Topic: alarm] b'1'
DEBUG:[mqtt-exporter]:Serial: [INFO: App       ] Recibido paquete UDP de fd00::f6ce:36a7:f312:9b3
DEBUG:[mqtt-exporter]:Serial: 170;C;24.2500;1;1
INFO:[mqtt-exporter]:Publish temp in ºC = 24.25
INFO:[mqtt-exporter]:Published alarm status = 1
INFO:[mqtt-exporter]:[Topic: temp_C] b'24.25'
INFO:[mqtt-exporter]:[Topic: alarm] b'1'
DEBUG:[mqtt-exporter]:Serial: [INFO: App       ] Recibido paquete UDP de fd00::f6ce:36a7:f312:9b3
DEBUG:[mqtt-exporter]:Serial: 170;C;24.2500;1;1
INFO:[mqtt-exporter]:Publish temp in ºC = 24.25
INFO:[mqtt-exporter]:Published alarm status = 1
INFO:[mqtt-exporter]:[Topic: temp_C] b'24.25'
INFO:[mqtt-exporter]:[Topic: alarm] b'1'
DEBUG:[mqtt-exporter]:Serial: [INFO: App       ] Recibido paquete UDP de fd00::f6ce:36a7:f312:9b3
DEBUG:[mqtt-exporter]:Serial: 170;C;24.2500;1;1
INFO:[mqtt-exporter]:Publish temp in ºC = 24.25
INFO:[mqtt-exporter]:Published alarm status = 1
INFO:[mqtt-exporter]:[Topic: temp_C] b'24.25'
INFO:[mqtt-exporter]:[Topic: alarm] b'1'
DEBUG:[mqtt-exporter]:Serial: [INFO: App       ] Recibido paquete UDP de fd00::f6ce:36a7:f312:9b3
DEBUG:[mqtt-exporter]:Serial: 170;C;24.2500;1;1
INFO:[mqtt-exporter]:Publish temp in ºC = 24.25
INFO:[mqtt-exporter]:Published alarm status = 1
INFO:[mqtt-exporter]:[Topic: temp_C] b'24.25'
INFO:[mqtt-exporter]:[Topic: alarm] b'1'
DEBUG:[mqtt-exporter]:Serial: [INFO: App       ] Recibido paquete UDP de fd00::f6ce:36a7:f312:9b3
DEBUG:[mqtt-exporter]:Serial: 170;C;24.2500;1;1
INFO:[mqtt-exporter]:Publish temp in ºC = 24.25
INFO:[mqtt-exporter]:Published alarm status = 1
INFO:[mqtt-exporter]:[Topic: temp_C] b'24.25'
INFO:[mqtt-exporter]:[Topic: alarm] b'1'
DEBUG:[mqtt-exporter]:Serial: [INFO: App       ] Recibido paquete UDP de fd00::f6ce:36a7:f312:9b3
DEBUG:[mqtt-exporter]:Serial: 170;C;24.2500;1;1
INFO:[mqtt-exporter]:Publish temp in ºC = 24.25
INFO:[mqtt-exporter]:Published alarm status = 1
INFO:[mqtt-exporter]:[Topic: temp_C] b'24.25'
INFO:[mqtt-exporter]:[Topic: alarm] b'1'
DEBUG:[mqtt-exporter]:Serial: [INFO: App       ] Recibido paquete UDP de fd00::f6ce:36a7:f312:9b3
DEBUG:[mqtt-exporter]:Serial: 170;C;24.2500;1;1
INFO:[mqtt-exporter]:Publish temp in ºC = 24.25
INFO:[mqtt-exporter]:Published alarm status = 1
INFO:[mqtt-exporter]:[Topic: temp_C] b'24.25'
INFO:[mqtt-exporter]:[Topic: alarm] b'1'
DEBUG:[mqtt-exporter]:Serial: [INFO: App       ] Recibido paquete UDP de fd00::f6ce:36a7:f312:9b3
DEBUG:[mqtt-exporter]:Serial: 170;C;24.2500;1;1
INFO:[mqtt-exporter]:Publish temp in ºC = 24.25
INFO:[mqtt-exporter]:Published alarm status = 1
INFO:[mqtt-exporter]:[Topic: temp_C] b'24.25'
INFO:[mqtt-exporter]:[Topic: alarm] b'1'
DEBUG:[mqtt-exporter]:Serial: [INFO: App       ] Recibido paquete UDP de fd00::f6ce:36a7:f312:9b3
DEBUG:[mqtt-exporter]:Serial: 170;C;24.2500;1;1
INFO:[mqtt-exporter]:Publish temp in ºC = 24.25
INFO:[mqtt-exporter]:Published alarm status = 1
INFO:[mqtt-exporter]:[Topic: temp_C] b'24.25'
INFO:[mqtt-exporter]:[Topic: alarm] b'1'
DEBUG:[mqtt-exporter]:Serial: [INFO: App       ] Recibido paquete UDP de fd00::f6ce:36a7:f312:9b3
DEBUG:[mqtt-exporter]:Serial: 170;C;24.2500;1;1
INFO:[mqtt-exporter]:Publish temp in ºC = 24.25
INFO:[mqtt-exporter]:Published alarm status = 1
INFO:[mqtt-exporter]:[Topic: temp_C] b'24.25'
INFO:[mqtt-exporter]:[Topic: alarm] b'1'
DEBUG:[mqtt-exporter]:Serial: [INFO: App       ] Recibido paquete UDP de fd00::f6ce:36a7:f312:9b3
DEBUG:[mqtt-exporter]:Serial: 170;C;24.2500;1;1
INFO:[mqtt-exporter]:Publish temp in ºC = 24.25
INFO:[mqtt-exporter]:Published alarm status = 1
INFO:[mqtt-exporter]:[Topic: temp_C] b'24.25'
INFO:[mqtt-exporter]:[Topic: alarm] b'1'
DEBUG:[mqtt-exporter]:Serial: [INFO: App       ] Recibido paquete UDP de fd00::f6ce:36a7:f312:9b3
DEBUG:[mqtt-exporter]:Serial: 170;C;24.2500;1;1
INFO:[mqtt-exporter]:Publish temp in ºC = 24.25
INFO:[mqtt-exporter]:Published alarm status = 1
INFO:[mqtt-exporter]:[Topic: temp_C] b'24.25'
INFO:[mqtt-exporter]:[Topic: alarm] b'1'
DEBUG:[mqtt-exporter]:Serial: [INFO: App       ] Recibido paquete UDP de fd00::f6ce:36a7:f312:9b3
DEBUG:[mqtt-exporter]:Serial: 170;C;24.2500;1;1
INFO:[mqtt-exporter]:Publish temp in ºC = 24.25
INFO:[mqtt-exporter]:Published alarm status = 1
INFO:[mqtt-exporter]:[Topic: temp_C] b'24.25'
INFO:[mqtt-exporter]:[Topic: alarm] b'1'
DEBUG:[mqtt-exporter]:Serial: [INFO: App       ] Recibido paquete UDP de fd00::f6ce:36a7:f312:9b3
DEBUG:[mqtt-exporter]:Serial: 170;C;24.2500;1;1
INFO:[mqtt-exporter]:Publish temp in ºC = 24.25
INFO:[mqtt-exporter]:Published alarm status = 1
INFO:[mqtt-exporter]:[Topic: temp_C] b'24.25'
INFO:[mqtt-exporter]:[Topic: alarm] b'1'
DEBUG:[mqtt-exporter]:Serial: [INFO: App       ] Recibido paquete UDP de fd00::f6ce:36a7:f312:9b3
DEBUG:[mqtt-exporter]:Serial: 170;C;24.2500;1;1
INFO:[mqtt-exporter]:Publish temp in ºC = 24.25
INFO:[mqtt-exporter]:Published alarm status = 1
INFO:[mqtt-exporter]:[Topic: temp_C] b'24.25'
INFO:[mqtt-exporter]:[Topic: alarm] b'1'
DEBUG:[mqtt-exporter]:Serial: [INFO: App       ] Recibido paquete UDP de fd00::f6ce:36a7:f312:9b3
DEBUG:[mqtt-exporter]:Serial: 170;C;24.2500;1;1
INFO:[mqtt-exporter]:Publish temp in ºC = 24.25
INFO:[mqtt-exporter]:Published alarm status = 1
INFO:[mqtt-exporter]:[Topic: temp_C] b'24.25'
INFO:[mqtt-exporter]:[Topic: alarm] b'1'
DEBUG:[mqtt-exporter]:Serial: [INFO: App       ] Recibido paquete UDP de fd00::f6ce:36a7:f312:9b3
DEBUG:[mqtt-exporter]:Serial: 170;C;24.2500;1;1
INFO:[mqtt-exporter]:Publish temp in ºC = 24.25
INFO:[mqtt-exporter]:Published alarm status = 1
INFO:[mqtt-exporter]:[Topic: temp_C] b'24.25'
INFO:[mqtt-exporter]:[Topic: alarm] b'1'
DEBUG:[mqtt-exporter]:Serial: [INFO: App       ] Recibido paquete UDP de fd00::f6ce:36a7:f312:9b3
DEBUG:[mqtt-exporter]:Serial: 170;C;24.5000;1;1
INFO:[mqtt-exporter]:Publish temp in ºC = 24.5
INFO:[mqtt-exporter]:Published alarm status = 1
INFO:[mqtt-exporter]:[Topic: temp_C] b'24.5'
INFO:[mqtt-exporter]:[Topic: alarm] b'1'
DEBUG:[mqtt-exporter]:Serial: [INFO: App       ] Recibido paquete UDP de fd00::f6ce:36a7:f312:9b3
DEBUG:[mqtt-exporter]:Serial: 170;C;24.2500;1;1
INFO:[mqtt-exporter]:Publish temp in ºC = 24.25
INFO:[mqtt-exporter]:Published alarm status = 1
INFO:[mqtt-exporter]:[Topic: temp_C] b'24.25'
INFO:[mqtt-exporter]:[Topic: alarm] b'1'
DEBUG:[mqtt-exporter]:Serial: [INFO: App       ] Recibido paquete UDP de fd00::f6ce:36a7:f312:9b3
DEBUG:[mqtt-exporter]:Serial: 170;C;24.2500;1;1
INFO:[mqtt-exporter]:Publish temp in ºC = 24.25
INFO:[mqtt-exporter]:Published alarm status = 1
INFO:[mqtt-exporter]:[Topic: temp_C] b'24.25'
INFO:[mqtt-exporter]:[Topic: alarm] b'1'
DEBUG:[mqtt-exporter]:Serial: [INFO: App       ] Recibido paquete UDP de fd00::f6ce:36a7:f312:9b3
DEBUG:[mqtt-exporter]:Serial: 170;C;24.5000;1;1
INFO:[mqtt-exporter]:Publish temp in ºC = 24.5
INFO:[mqtt-exporter]:Published alarm status = 1
INFO:[mqtt-exporter]:[Topic: temp_C] b'24.5'
INFO:[mqtt-exporter]:[Topic: alarm] b'1'
DEBUG:[mqtt-exporter]:Serial: [INFO: App       ] Recibido paquete UDP de fd00::f6ce:36a7:f312:9b3
DEBUG:[mqtt-exporter]:Serial: 170;C;24.2500;1;1
INFO:[mqtt-exporter]:Publish temp in ºC = 24.25
INFO:[mqtt-exporter]:Published alarm status = 1
INFO:[mqtt-exporter]:[Topic: temp_C] b'24.25'
INFO:[mqtt-exporter]:[Topic: alarm] b'1'
DEBUG:[mqtt-exporter]:Serial: [INFO: App       ] Recibido paquete UDP de fd00::f6ce:36a7:f312:9b3
DEBUG:[mqtt-exporter]:Serial: 170;C;24.2500;1;1
INFO:[mqtt-exporter]:Publish temp in ºC = 24.25
INFO:[mqtt-exporter]:Published alarm status = 1
INFO:[mqtt-exporter]:[Topic: temp_C] b'24.25'
INFO:[mqtt-exporter]:[Topic: alarm] b'1'
DEBUG:[mqtt-exporter]:Serial: [INFO: App       ] Recibido paquete UDP de fd00::f6ce:36a7:f312:9b3
DEBUG:[mqtt-exporter]:Serial: 170;C;24.2500;1;1
INFO:[mqtt-exporter]:Publish temp in ºC = 24.25
INFO:[mqtt-exporter]:Published alarm status = 1
INFO:[mqtt-exporter]:[Topic: temp_C] b'24.25'
INFO:[mqtt-exporter]:[Topic: alarm] b'1'
DEBUG:[mqtt-exporter]:Serial: [INFO: App       ] Recibido paquete UDP de fd00::f6ce:36a7:f312:9b3
DEBUG:[mqtt-exporter]:Serial: 170;C;24.2500;1;1
INFO:[mqtt-exporter]:Publish temp in ºC = 24.25
INFO:[mqtt-exporter]:Published alarm status = 1
INFO:[mqtt-exporter]:[Topic: temp_C] b'24.25'
INFO:[mqtt-exporter]:[Topic: alarm] b'1'
DEBUG:[mqtt-exporter]:Serial: [INFO: App       ] Recibido paquete UDP de fd00::f6ce:36a7:f312:9b3
DEBUG:[mqtt-exporter]:Serial: 170;C;24.2500;1;1
INFO:[mqtt-exporter]:Publish temp in ºC = 24.25
INFO:[mqtt-exporter]:Published alarm status = 1
INFO:[mqtt-exporter]:[Topic: temp_C] b'24.25'
INFO:[mqtt-exporter]:[Topic: alarm] b'1'
DEBUG:[mqtt-exporter]:Serial: [INFO: App       ] Recibido paquete UDP de fd00::f6ce:36a7:f312:9b3
DEBUG:[mqtt-exporter]:Serial: 170;C;24.2500;1;1
INFO:[mqtt-exporter]:Publish temp in ºC = 24.25
INFO:[mqtt-exporter]:Published alarm status = 1
INFO:[mqtt-exporter]:[Topic: temp_C] b'24.25'
INFO:[mqtt-exporter]:[Topic: alarm] b'1'
DEBUG:[mqtt-exporter]:Serial: [INFO: App       ] Recibido paquete UDP de fd00::f6ce:36a7:f312:9b3
DEBUG:[mqtt-exporter]:Serial: 170;C;24.5000;1;1
INFO:[mqtt-exporter]:Publish temp in ºC = 24.5
INFO:[mqtt-exporter]:Published alarm status = 1
INFO:[mqtt-exporter]:[Topic: temp_C] b'24.5'
INFO:[mqtt-exporter]:[Topic: alarm] b'1'
DEBUG:[mqtt-exporter]:Serial: [INFO: App       ] Recibido paquete UDP de fd00::f6ce:36a7:f312:9b3
DEBUG:[mqtt-exporter]:Serial: 170;C;24.2500;1;1
INFO:[mqtt-exporter]:Publish temp in ºC = 24.25
INFO:[mqtt-exporter]:Published alarm status = 1
INFO:[mqtt-exporter]:[Topic: temp_C] b'24.25'
INFO:[mqtt-exporter]:[Topic: alarm] b'1'
DEBUG:[mqtt-exporter]:Serial: [INFO: App       ] Recibido paquete UDP de fd00::f6ce:36a7:f312:9b3
DEBUG:[mqtt-exporter]:Serial: 170;C;24.2500;1;1
INFO:[mqtt-exporter]:Publish temp in ºC = 24.25
INFO:[mqtt-exporter]:Published alarm status = 1
INFO:[mqtt-exporter]:[Topic: temp_C] b'24.25'
INFO:[mqtt-exporter]:[Topic: alarm] b'1'
DEBUG:[mqtt-exporter]:Serial: [INFO: App       ] Recibido paquete UDP de fd00::f6ce:36a7:f312:9b3
DEBUG:[mqtt-exporter]:Serial: 170;C;24.2500;1;1
INFO:[mqtt-exporter]:Publish temp in ºC = 24.25
INFO:[mqtt-exporter]:Published alarm status = 1
INFO:[mqtt-exporter]:[Topic: temp_C] b'24.25'
INFO:[mqtt-exporter]:[Topic: alarm] b'1'
DEBUG:[mqtt-exporter]:Serial: [INFO: App       ] Recibido paquete UDP de fd00::f6ce:36a7:f312:9b3
DEBUG:[mqtt-exporter]:Serial: 170;C;24.5000;1;1
INFO:[mqtt-exporter]:Publish temp in ºC = 24.5
INFO:[mqtt-exporter]:Published alarm status = 1
INFO:[mqtt-exporter]:[Topic: temp_C] b'24.5'
INFO:[mqtt-exporter]:[Topic: alarm] b'1'
DEBUG:[mqtt-exporter]:Serial: [INFO: App       ] Recibido paquete UDP de fd00::f6ce:36a7:f312:9b3
DEBUG:[mqtt-exporter]:Serial: 170;C;24.5000;1;1
INFO:[mqtt-exporter]:Publish temp in ºC = 24.5
INFO:[mqtt-exporter]:Published alarm status = 1
INFO:[mqtt-exporter]:[Topic: temp_C] b'24.5'
INFO:[mqtt-exporter]:[Topic: alarm] b'1'
DEBUG:[mqtt-exporter]:Serial: [INFO: App       ] Recibido paquete UDP de fd00::f6ce:36a7:f312:9b3
DEBUG:[mqtt-exporter]:Serial: 170;C;24.5000;1;1
INFO:[mqtt-exporter]:Publish temp in ºC = 24.5
INFO:[mqtt-exporter]:Published alarm status = 1
INFO:[mqtt-exporter]:[Topic: temp_C] b'24.5'
INFO:[mqtt-exporter]:[Topic: alarm] b'1'
DEBUG:[mqtt-exporter]:Serial: [INFO: App       ] Recibido paquete UDP de fd00::f6ce:36a7:f312:9b3
DEBUG:[mqtt-exporter]:Serial: 170;C;24.5000;1;1
INFO:[mqtt-exporter]:Publish temp in ºC = 24.5
INFO:[mqtt-exporter]:Published alarm status = 1
INFO:[mqtt-exporter]:[Topic: temp_C] b'24.5'
INFO:[mqtt-exporter]:[Topic: alarm] b'1'
DEBUG:[mqtt-exporter]:Serial: [INFO: App       ] Recibido paquete UDP de fd00::f6ce:36a7:f312:9b3
DEBUG:[mqtt-exporter]:Serial: 170;C;24.2500;1;1
INFO:[mqtt-exporter]:Publish temp in ºC = 24.25
INFO:[mqtt-exporter]:Published alarm status = 1
INFO:[mqtt-exporter]:[Topic: temp_C] b'24.25'
INFO:[mqtt-exporter]:[Topic: alarm] b'1'
DEBUG:[mqtt-exporter]:Serial: [INFO: App       ] Recibido paquete UDP de fd00::f6ce:36a7:f312:9b3
DEBUG:[mqtt-exporter]:Serial: 170;C;24.2500;1;1
INFO:[mqtt-exporter]:Publish temp in ºC = 24.25
INFO:[mqtt-exporter]:Published alarm status = 1
INFO:[mqtt-exporter]:[Topic: temp_C] b'24.25'
INFO:[mqtt-exporter]:[Topic: alarm] b'1'
DEBUG:[mqtt-exporter]:Serial: [INFO: App       ] Recibido paquete UDP de fd00::f6ce:36a7:f312:9b3
DEBUG:[mqtt-exporter]:Serial: 170;C;24.2500;1;1
INFO:[mqtt-exporter]:Publish temp in ºC = 24.25
INFO:[mqtt-exporter]:Published alarm status = 1
INFO:[mqtt-exporter]:[Topic: temp_C] b'24.25'
INFO:[mqtt-exporter]:[Topic: alarm] b'1'
DEBUG:[mqtt-exporter]:Serial: [INFO: App       ] Recibido paquete UDP de fd00::f6ce:36a7:f312:9b3
DEBUG:[mqtt-exporter]:Serial: 170;C;24.2500;1;1
INFO:[mqtt-exporter]:Publish temp in ºC = 24.25
INFO:[mqtt-exporter]:Published alarm status = 1
INFO:[mqtt-exporter]:[Topic: temp_C] b'24.25'
INFO:[mqtt-exporter]:[Topic: alarm] b'1'
DEBUG:[mqtt-exporter]:Serial: [INFO: App       ] Recibido paquete UDP de fd00::f6ce:36a7:f312:9b3
DEBUG:[mqtt-exporter]:Serial: 170;C;24.2500;1;1
INFO:[mqtt-exporter]:Publish temp in ºC = 24.25
INFO:[mqtt-exporter]:Published alarm status = 1
INFO:[mqtt-exporter]:[Topic: temp_C] b'24.25'
INFO:[mqtt-exporter]:[Topic: alarm] b'1'
DEBUG:[mqtt-exporter]:Serial: [INFO: App       ] Recibido paquete UDP de fd00::f6ce:36a7:f312:9b3
DEBUG:[mqtt-exporter]:Serial: 170;C;24.2500;1;1
INFO:[mqtt-exporter]:Publish temp in ºC = 24.25
INFO:[mqtt-exporter]:Published alarm status = 1
INFO:[mqtt-exporter]:[Topic: temp_C] b'24.25'
INFO:[mqtt-exporter]:[Topic: alarm] b'1'
DEBUG:[mqtt-exporter]:Serial: [INFO: App       ] Recibido paquete UDP de fd00::f6ce:36a7:f312:9b3
DEBUG:[mqtt-exporter]:Serial: 170;C;24.2500;1;1
INFO:[mqtt-exporter]:Publish temp in ºC = 24.25
INFO:[mqtt-exporter]:Published alarm status = 1
INFO:[mqtt-exporter]:[Topic: temp_C] b'24.25'
INFO:[mqtt-exporter]:[Topic: alarm] b'1'
DEBUG:[mqtt-exporter]:Serial: [INFO: App       ] Recibido paquete UDP de fd00::f6ce:36a7:f312:9b3
DEBUG:[mqtt-exporter]:Serial: 170;C;24.2500;1;1
INFO:[mqtt-exporter]:Publish temp in ºC = 24.25
INFO:[mqtt-exporter]:Published alarm status = 1
INFO:[mqtt-exporter]:[Topic: temp_C] b'24.25'
INFO:[mqtt-exporter]:[Topic: alarm] b'1'
DEBUG:[mqtt-exporter]:Serial: [INFO: App       ] Recibido paquete UDP de fd00::f6ce:36a7:f312:9b3
DEBUG:[mqtt-exporter]:Serial: 170;C;24.2500;1;1
INFO:[mqtt-exporter]:Publish temp in ºC = 24.25
INFO:[mqtt-exporter]:Published alarm status = 1
INFO:[mqtt-exporter]:[Topic: temp_C] b'24.25'
INFO:[mqtt-exporter]:[Topic: alarm] b'1'
DEBUG:[mqtt-exporter]:Serial: [INFO: App       ] Recibido paquete UDP de fd00::f6ce:36a7:f312:9b3
DEBUG:[mqtt-exporter]:Serial: 170;C;24.2500;1;1
INFO:[mqtt-exporter]:Publish temp in ºC = 24.25
INFO:[mqtt-exporter]:Published alarm status = 1
INFO:[mqtt-exporter]:[Topic: temp_C] b'24.25'
INFO:[mqtt-exporter]:[Topic: alarm] b'1'
DEBUG:[mqtt-exporter]:Serial: [INFO: App       ] Recibido paquete UDP de fd00::f6ce:36a7:f312:9b3
DEBUG:[mqtt-exporter]:Serial: 170;C;24.2500;1;1
INFO:[mqtt-exporter]:Publish temp in ºC = 24.25
INFO:[mqtt-exporter]:Published alarm status = 1
INFO:[mqtt-exporter]:[Topic: temp_C] b'24.25'
INFO:[mqtt-exporter]:[Topic: alarm] b'1'
DEBUG:[mqtt-exporter]:Serial: [INFO: App       ] Recibido paquete UDP de fd00::f6ce:36a7:f312:9b3
DEBUG:[mqtt-exporter]:Serial: 170;C;24.2500;1;1
INFO:[mqtt-exporter]:Publish temp in ºC = 24.25
INFO:[mqtt-exporter]:Published alarm status = 1
INFO:[mqtt-exporter]:[Topic: temp_C] b'24.25'
INFO:[mqtt-exporter]:[Topic: alarm] b'1'
DEBUG:[mqtt-exporter]:Serial: [INFO: App       ] Recibido paquete UDP de fd00::f6ce:36a7:f312:9b3
DEBUG:[mqtt-exporter]:Serial: 170;C;24.2500;1;1
INFO:[mqtt-exporter]:Publish temp in ºC = 24.25
INFO:[mqtt-exporter]:Published alarm status = 1
INFO:[mqtt-exporter]:[Topic: temp_C] b'24.25'
INFO:[mqtt-exporter]:[Topic: alarm] b'1'
DEBUG:[mqtt-exporter]:Serial: [INFO: App       ] Recibido paquete UDP de fd00::f6ce:36a7:f312:9b3
DEBUG:[mqtt-exporter]:Serial: 170;C;24.5000;1;1
INFO:[mqtt-exporter]:Publish temp in ºC = 24.5
INFO:[mqtt-exporter]:Published alarm status = 1
INFO:[mqtt-exporter]:[Topic: temp_C] b'24.5'
INFO:[mqtt-exporter]:[Topic: alarm] b'1'
DEBUG:[mqtt-exporter]:Serial: [INFO: App       ] Recibido paquete UDP de fd00::f6ce:36a7:f312:9b3
DEBUG:[mqtt-exporter]:Serial: 170;C;24.2500;1;1
INFO:[mqtt-exporter]:Publish temp in ºC = 24.25
INFO:[mqtt-exporter]:Published alarm status = 1
INFO:[mqtt-exporter]:[Topic: temp_C] b'24.25'
INFO:[mqtt-exporter]:[Topic: alarm] b'1'
DEBUG:[mqtt-exporter]:Serial: [INFO: App       ] Recibido paquete UDP de fd00::f6ce:36a7:f312:9b3
DEBUG:[mqtt-exporter]:Serial: 170;C;24.2500;1;1
INFO:[mqtt-exporter]:Publish temp in ºC = 24.25
INFO:[mqtt-exporter]:Published alarm status = 1
INFO:[mqtt-exporter]:[Topic: temp_C] b'24.25'
INFO:[mqtt-exporter]:[Topic: alarm] b'1'
DEBUG:[mqtt-exporter]:Serial: [INFO: App       ] Recibido paquete UDP de fd00::f6ce:36a7:f312:9b3
DEBUG:[mqtt-exporter]:Serial: 170;C;24.2500;1;1
INFO:[mqtt-exporter]:Publish temp in ºC = 24.25
INFO:[mqtt-exporter]:Published alarm status = 1
INFO:[mqtt-exporter]:[Topic: temp_C] b'24.25'
INFO:[mqtt-exporter]:[Topic: alarm] b'1'
DEBUG:[mqtt-exporter]:Serial: [INFO: App       ] Recibido paquete UDP de fd00::f6ce:36a7:f312:9b3
DEBUG:[mqtt-exporter]:Serial: 170;C;24.2500;1;1
INFO:[mqtt-exporter]:Publish temp in ºC = 24.25
INFO:[mqtt-exporter]:Published alarm status = 1
INFO:[mqtt-exporter]:[Topic: temp_C] b'24.25'
INFO:[mqtt-exporter]:[Topic: alarm] b'1'
DEBUG:[mqtt-exporter]:Serial: [INFO: App       ] Recibido paquete UDP de fd00::f6ce:36a7:f312:9b3
DEBUG:[mqtt-exporter]:Serial: 170;C;24.2500;1;1
INFO:[mqtt-exporter]:Publish temp in ºC = 24.25
INFO:[mqtt-exporter]:Published alarm status = 1
INFO:[mqtt-exporter]:[Topic: temp_C] b'24.25'
INFO:[mqtt-exporter]:[Topic: alarm] b'1'
DEBUG:[mqtt-exporter]:Serial: [INFO: App       ] Recibido paquete UDP de fd00::f6ce:36a7:f312:9b3
DEBUG:[mqtt-exporter]:Serial: 170;C;24.2500;1;1
INFO:[mqtt-exporter]:Publish temp in ºC = 24.25
INFO:[mqtt-exporter]:Published alarm status = 1
INFO:[mqtt-exporter]:[Topic: temp_C] b'24.25'
INFO:[mqtt-exporter]:[Topic: alarm] b'1'
DEBUG:[mqtt-exporter]:Serial: [INFO: App       ] Recibido paquete UDP de fd00::f6ce:36a7:f312:9b3
DEBUG:[mqtt-exporter]:Serial: 170;C;24.5000;1;1
INFO:[mqtt-exporter]:Publish temp in ºC = 24.5
INFO:[mqtt-exporter]:Published alarm status = 1
INFO:[mqtt-exporter]:[Topic: temp_C] b'24.5'
INFO:[mqtt-exporter]:[Topic: alarm] b'1'
DEBUG:[mqtt-exporter]:Serial: [INFO: App       ] Recibido paquete UDP de fd00::f6ce:36a7:f312:9b3
DEBUG:[mqtt-exporter]:Serial: 170;C;24.2500;1;1
INFO:[mqtt-exporter]:Publish temp in ºC = 24.25
INFO:[mqtt-exporter]:Published alarm status = 1
INFO:[mqtt-exporter]:[Topic: temp_C] b'24.25'
INFO:[mqtt-exporter]:[Topic: alarm] b'1'
DEBUG:[mqtt-exporter]:Serial: [INFO: App       ] Recibido paquete UDP de fd00::f6ce:36a7:f312:9b3
DEBUG:[mqtt-exporter]:Serial: 170;C;24.2500;1;1
INFO:[mqtt-exporter]:Publish temp in ºC = 24.25
INFO:[mqtt-exporter]:Published alarm status = 1
INFO:[mqtt-exporter]:[Topic: temp_C] b'24.25'
INFO:[mqtt-exporter]:[Topic: alarm] b'1'
DEBUG:[mqtt-exporter]:Serial: [INFO: App       ] Recibido paquete UDP de fd00::f6ce:36a7:f312:9b3
DEBUG:[mqtt-exporter]:Serial: 170;C;24.5000;1;1
INFO:[mqtt-exporter]:Publish temp in ºC = 24.5
INFO:[mqtt-exporter]:Published alarm status = 1
INFO:[mqtt-exporter]:[Topic: temp_C] b'24.5'
INFO:[mqtt-exporter]:[Topic: alarm] b'1'
DEBUG:[mqtt-exporter]:Serial: [INFO: App       ] Recibido paquete UDP de fd00::f6ce:36a7:f312:9b3
DEBUG:[mqtt-exporter]:Serial: 170;C;24.5000;1;1
INFO:[mqtt-exporter]:Publish temp in ºC = 24.5
INFO:[mqtt-exporter]:Published alarm status = 1
INFO:[mqtt-exporter]:[Topic: temp_C] b'24.5'
INFO:[mqtt-exporter]:[Topic: alarm] b'1'
DEBUG:[mqtt-exporter]:Serial: [INFO: App       ] Recibido paquete UDP de fd00::f6ce:36a7:f312:9b3
DEBUG:[mqtt-exporter]:Serial: 170;C;24.5000;1;1
INFO:[mqtt-exporter]:Publish temp in ºC = 24.5
INFO:[mqtt-exporter]:Published alarm status = 1
INFO:[mqtt-exporter]:[Topic: temp_C] b'24.5'
INFO:[mqtt-exporter]:[Topic: alarm] b'1'
DEBUG:[mqtt-exporter]:Serial: [INFO: App       ] Recibido paquete UDP de fd00::f6ce:36a7:f312:9b3
DEBUG:[mqtt-exporter]:Serial: 170;C;24.2500;1;1
INFO:[mqtt-exporter]:Publish temp in ºC = 24.25
INFO:[mqtt-exporter]:Published alarm status = 1
INFO:[mqtt-exporter]:[Topic: temp_C] b'24.25'
INFO:[mqtt-exporter]:[Topic: alarm] b'1'
DEBUG:[mqtt-exporter]:Serial: [INFO: App       ] Recibido paquete UDP de fd00::f6ce:36a7:f312:9b3
DEBUG:[mqtt-exporter]:Serial: 170;C;24.5000;1;1
INFO:[mqtt-exporter]:Publish temp in ºC = 24.5
INFO:[mqtt-exporter]:Published alarm status = 1
INFO:[mqtt-exporter]:[Topic: temp_C] b'24.5'
INFO:[mqtt-exporter]:[Topic: alarm] b'1'
DEBUG:[mqtt-exporter]:Serial: [INFO: App       ] Recibido paquete UDP de fd00::f6ce:36a7:f312:9b3
DEBUG:[mqtt-exporter]:Serial: 170;C;24.5000;1;1
INFO:[mqtt-exporter]:Publish temp in ºC = 24.5
INFO:[mqtt-exporter]:Published alarm status = 1
INFO:[mqtt-exporter]:[Topic: temp_C] b'24.5'
INFO:[mqtt-exporter]:[Topic: alarm] b'1'
DEBUG:[mqtt-exporter]:Serial: [INFO: App       ] Recibido paquete UDP de fd00::f6ce:36a7:f312:9b3
DEBUG:[mqtt-exporter]:Serial: 170;C;24.2500;1;1
INFO:[mqtt-exporter]:Publish temp in ºC = 24.25
INFO:[mqtt-exporter]:Published alarm status = 1
INFO:[mqtt-exporter]:[Topic: temp_C] b'24.25'
INFO:[mqtt-exporter]:[Topic: alarm] b'1'
DEBUG:[mqtt-exporter]:Serial: [INFO: App       ] Recibido paquete UDP de fd00::f6ce:36a7:f312:9b3
DEBUG:[mqtt-exporter]:Serial: 170;C;24.2500;1;1
INFO:[mqtt-exporter]:Publish temp in ºC = 24.25
INFO:[mqtt-exporter]:Published alarm status = 1
INFO:[mqtt-exporter]:[Topic: temp_C] b'24.25'
INFO:[mqtt-exporter]:[Topic: alarm] b'1'
DEBUG:[mqtt-exporter]:Serial: [INFO: App       ] Recibido paquete UDP de fd00::f6ce:36a7:f312:9b3
DEBUG:[mqtt-exporter]:Serial: 170;C;24.2500;1;1
INFO:[mqtt-exporter]:Publish temp in ºC = 24.25
INFO:[mqtt-exporter]:Published alarm status = 1
INFO:[mqtt-exporter]:[Topic: temp_C] b'24.25'
INFO:[mqtt-exporter]:[Topic: alarm] b'1'
DEBUG:[mqtt-exporter]:Serial: [INFO: App       ] Recibido paquete UDP de fd00::f6ce:36a7:f312:9b3
DEBUG:[mqtt-exporter]:Serial: 170;C;24.2500;1;1
INFO:[mqtt-exporter]:Publish temp in ºC = 24.25
INFO:[mqtt-exporter]:Published alarm status = 1
INFO:[mqtt-exporter]:[Topic: temp_C] b'24.25'
INFO:[mqtt-exporter]:[Topic: alarm] b'1'
DEBUG:[mqtt-exporter]:Serial: [INFO: App       ] Recibido paquete UDP de fd00::f6ce:36a7:f312:9b3
DEBUG:[mqtt-exporter]:Serial: 170;C;24.2500;1;1
INFO:[mqtt-exporter]:Publish temp in ºC = 24.25
INFO:[mqtt-exporter]:Published alarm status = 1
INFO:[mqtt-exporter]:[Topic: temp_C] b'24.25'
INFO:[mqtt-exporter]:[Topic: alarm] b'1'
DEBUG:[mqtt-exporter]:Serial: [INFO: App       ] Recibido paquete UDP de fd00::f6ce:36a7:f312:9b3
DEBUG:[mqtt-exporter]:Serial: 170;C;24.2500;1;1
INFO:[mqtt-exporter]:Publish temp in ºC = 24.25
INFO:[mqtt-exporter]:Published alarm status = 1
INFO:[mqtt-exporter]:[Topic: temp_C] b'24.25'
INFO:[mqtt-exporter]:[Topic: alarm] b'1'
DEBUG:[mqtt-exporter]:Serial: [INFO: App       ] Recibido paquete UDP de fd00::f6ce:36a7:f312:9b3
DEBUG:[mqtt-exporter]:Serial: 170;C;24.2500;1;1
INFO:[mqtt-exporter]:Publish temp in ºC = 24.25
INFO:[mqtt-exporter]:Published alarm status = 1
INFO:[mqtt-exporter]:[Topic: temp_C] b'24.25'
INFO:[mqtt-exporter]:[Topic: alarm] b'1'
DEBUG:[mqtt-exporter]:Serial: [INFO: App       ] Recibido paquete UDP de fd00::f6ce:36a7:f312:9b3
DEBUG:[mqtt-exporter]:Serial: 170;C;24.2500;1;1
INFO:[mqtt-exporter]:Publish temp in ºC = 24.25
INFO:[mqtt-exporter]:Published alarm status = 1
INFO:[mqtt-exporter]:[Topic: temp_C] b'24.25'
INFO:[mqtt-exporter]:[Topic: alarm] b'1'
DEBUG:[mqtt-exporter]:Serial: [INFO: App       ] Recibido paquete UDP de fd00::f6ce:36a7:f312:9b3
DEBUG:[mqtt-exporter]:Serial: 170;C;24.2500;1;1
INFO:[mqtt-exporter]:Publish temp in ºC = 24.25
INFO:[mqtt-exporter]:Published alarm status = 1
INFO:[mqtt-exporter]:[Topic: temp_C] b'24.25'
INFO:[mqtt-exporter]:[Topic: alarm] b'1'
DEBUG:[mqtt-exporter]:Serial: [INFO: App       ] Recibido paquete UDP de fd00::f6ce:36a7:f312:9b3
DEBUG:[mqtt-exporter]:Serial: 170;C;24.2500;1;1
INFO:[mqtt-exporter]:Publish temp in ºC = 24.25
INFO:[mqtt-exporter]:Published alarm status = 1
INFO:[mqtt-exporter]:[Topic: temp_C] b'24.25'
INFO:[mqtt-exporter]:[Topic: alarm] b'1'
DEBUG:[mqtt-exporter]:Serial: [INFO: App       ] Recibido paquete UDP de fd00::f6ce:36a7:f312:9b3
DEBUG:[mqtt-exporter]:Serial: 170;C;24.2500;1;1
INFO:[mqtt-exporter]:Publish temp in ºC = 24.25
INFO:[mqtt-exporter]:Published alarm status = 1
INFO:[mqtt-exporter]:[Topic: temp_C] b'24.25'
INFO:[mqtt-exporter]:[Topic: alarm] b'1'
DEBUG:[mqtt-exporter]:Serial: [INFO: App       ] Recibido paquete UDP de fd00::f6ce:36a7:f312:9b3
DEBUG:[mqtt-exporter]:Serial: 170;C;24.2500;1;1
INFO:[mqtt-exporter]:Publish temp in ºC = 24.25
INFO:[mqtt-exporter]:Published alarm status = 1
INFO:[mqtt-exporter]:[Topic: temp_C] b'24.25'
INFO:[mqtt-exporter]:[Topic: alarm] b'1'
DEBUG:[mqtt-exporter]:Serial: [INFO: App       ] Recibido paquete UDP de fd00::f6ce:36a7:f312:9b3
DEBUG:[mqtt-exporter]:Serial: 170;C;24.2500;1;1
INFO:[mqtt-exporter]:Publish temp in ºC = 24.25
INFO:[mqtt-exporter]:Published alarm status = 1
INFO:[mqtt-exporter]:[Topic: temp_C] b'24.25'
INFO:[mqtt-exporter]:[Topic: alarm] b'1'
DEBUG:[mqtt-exporter]:Serial: [INFO: App       ] Recibido paquete UDP de fd00::f6ce:36a7:f312:9b3
DEBUG:[mqtt-exporter]:Serial: 170;C;24.2500;1;1
INFO:[mqtt-exporter]:Publish temp in ºC = 24.25
INFO:[mqtt-exporter]:Published alarm status = 1
INFO:[mqtt-exporter]:[Topic: temp_C] b'24.25'
INFO:[mqtt-exporter]:[Topic: alarm] b'1'
DEBUG:[mqtt-exporter]:Serial: [INFO: App       ] Recibido paquete UDP de fd00::f6ce:36a7:f312:9b3
DEBUG:[mqtt-exporter]:Serial: 170;C;24.2500;1;1
INFO:[mqtt-exporter]:Publish temp in ºC = 24.25
INFO:[mqtt-exporter]:Published alarm status = 1
INFO:[mqtt-exporter]:[Topic: temp_C] b'24.25'
INFO:[mqtt-exporter]:[Topic: alarm] b'1'
DEBUG:[mqtt-exporter]:Serial: [INFO: App       ] Recibido paquete UDP de fd00::f6ce:36a7:f312:9b3
DEBUG:[mqtt-exporter]:Serial: 170;C;24.2500;1;1
INFO:[mqtt-exporter]:Publish temp in ºC = 24.25
INFO:[mqtt-exporter]:Published alarm status = 1
INFO:[mqtt-exporter]:[Topic: temp_C] b'24.25'
INFO:[mqtt-exporter]:[Topic: alarm] b'1'
INFO:[mqtt-exporter]:Connected rc=Success
DEBUG:[mqtt-exporter]:Serial: [INFO: App       ] Recibido paquete UDP de fd00::f6ce:36a7:f312:9b3
DEBUG:[mqtt-exporter]:Serial: 170;F;72.9375;1;0
INFO:[mqtt-exporter]:Publish temp in ºF = 72.9375
INFO:[mqtt-exporter]:Published alarm status = 0
INFO:[mqtt-exporter]:[Topic: temp_F] b'72.9375'
INFO:[mqtt-exporter]:[Topic: alarm] b'0'
DEBUG:[mqtt-exporter]:Serial: [INFO: App       ] Recibido paquete UDP de fd00::f6ce:36a7:f312:9b3
DEBUG:[mqtt-exporter]:Serial: 170;F;72.9375;1;0
INFO:[mqtt-exporter]:Publish temp in ºF = 72.9375
INFO:[mqtt-exporter]:Published alarm status = 0
INFO:[mqtt-exporter]:[Topic: temp_F] b'72.9375'
INFO:[mqtt-exporter]:[Topic: alarm] b'0'
DEBUG:[mqtt-exporter]:Serial: [INFO: App       ] Recibido paquete UDP de fd00::f6ce:36a7:f312:9b3
DEBUG:[mqtt-exporter]:Serial: 170;F;72.9375;1;0
INFO:[mqtt-exporter]:Publish temp in ºF = 72.9375
INFO:[mqtt-exporter]:Published alarm status = 0
INFO:[mqtt-exporter]:[Topic: temp_F] b'72.9375'
INFO:[mqtt-exporter]:[Topic: alarm] b'0'
DEBUG:[mqtt-exporter]:Serial: [INFO: App       ] Recibido paquete UDP de fd00::f6ce:36a7:f312:9b3
DEBUG:[mqtt-exporter]:Serial: 170;F;72.9375;1;0
INFO:[mqtt-exporter]:Publish temp in ºF = 72.9375
INFO:[mqtt-exporter]:Published alarm status = 0
INFO:[mqtt-exporter]:[Topic: temp_F] b'72.9375'
INFO:[mqtt-exporter]:[Topic: alarm] b'0'
DEBUG:[mqtt-exporter]:Serial: [INFO: App       ] Recibido paquete UDP de fd00::f6ce:36a7:f312:9b3
DEBUG:[mqtt-exporter]:Serial: 170;F;72.9375;1;0
INFO:[mqtt-exporter]:Publish temp in ºF = 72.9375
INFO:[mqtt-exporter]:[Topic: temp_F] b'72.9375'
INFO:[mqtt-exporter]:Published alarm status = 0
INFO:[mqtt-exporter]:[Topic: alarm] b'0'
DEBUG:[mqtt-exporter]:Serial: [INFO: App       ] Recibido paquete UDP de fd00::f6ce:36a7:f312:9b3
DEBUG:[mqtt-exporter]:Serial: 170;F;72.9375;1;0
INFO:[mqtt-exporter]:Publish temp in ºF = 72.9375
INFO:[mqtt-exporter]:Published alarm status = 0
INFO:[mqtt-exporter]:[Topic: temp_F] b'72.9375'
INFO:[mqtt-exporter]:[Topic: alarm] b'0'
DEBUG:[mqtt-exporter]:Serial: [INFO: App       ] Recibido paquete UDP de fd00::f6ce:36a7:f312:9b3
DEBUG:[mqtt-exporter]:Serial: 170;F;72.9375;1;0
INFO:[mqtt-exporter]:Publish temp in ºF = 72.9375
INFO:[mqtt-exporter]:Published alarm status = 0
INFO:[mqtt-exporter]:[Topic: temp_F] b'72.9375'
INFO:[mqtt-exporter]:[Topic: alarm] b'0'
DEBUG:[mqtt-exporter]:Serial: [INFO: App       ] Recibido paquete UDP de fd00::f6ce:36a7:f312:9b3
DEBUG:[mqtt-exporter]:Serial: 170;F;72.9375;1;0
INFO:[mqtt-exporter]:Publish temp in ºF = 72.9375
INFO:[mqtt-exporter]:Published alarm status = 0
INFO:[mqtt-exporter]:[Topic: temp_F] b'72.9375'
INFO:[mqtt-exporter]:[Topic: alarm] b'0'
DEBUG:[mqtt-exporter]:Serial: [INFO: App       ] Recibido paquete UDP de fd00::f6ce:36a7:f312:9b3
DEBUG:[mqtt-exporter]:Serial: 170;F;72.9375;1;0
INFO:[mqtt-exporter]:Publish temp in ºF = 72.9375
INFO:[mqtt-exporter]:Published alarm status = 0
INFO:[mqtt-exporter]:[Topic: temp_F] b'72.9375'
INFO:[mqtt-exporter]:[Topic: alarm] b'0'
DEBUG:[mqtt-exporter]:Serial: [INFO: App       ] Recibido paquete UDP de fd00::f6ce:36a7:f312:9b3
DEBUG:[mqtt-exporter]:Serial: 170;F;72.9375;1;0
INFO:[mqtt-exporter]:Publish temp in ºF = 72.9375
INFO:[mqtt-exporter]:Published alarm status = 0
INFO:[mqtt-exporter]:[Topic: temp_F] b'72.9375'
INFO:[mqtt-exporter]:[Topic: alarm] b'0'
DEBUG:[mqtt-exporter]:Serial: [INFO: App       ] Recibido paquete UDP de fd00::f6ce:36a7:f312:9b3
DEBUG:[mqtt-exporter]:Serial: 170;F;72.9375;1;0
INFO:[mqtt-exporter]:Publish temp in ºF = 72.9375
INFO:[mqtt-exporter]:Published alarm status = 0
INFO:[mqtt-exporter]:[Topic: temp_F] b'72.9375'
INFO:[mqtt-exporter]:[Topic: alarm] b'0'
DEBUG:[mqtt-exporter]:Serial: [INFO: App       ] Recibido paquete UDP de fd00::f6ce:36a7:f312:9b3
DEBUG:[mqtt-exporter]:Serial: 170;F;72.9375;1;0
INFO:[mqtt-exporter]:Publish temp in ºF = 72.9375
INFO:[mqtt-exporter]:Published alarm status = 0
INFO:[mqtt-exporter]:[Topic: temp_F] b'72.9375'
INFO:[mqtt-exporter]:[Topic: alarm] b'0'
DEBUG:[mqtt-exporter]:Serial: [INFO: App       ] Recibido paquete UDP de fd00::f6ce:36a7:f312:9b3
DEBUG:[mqtt-exporter]:Serial: 170;F;72.9375;1;0
INFO:[mqtt-exporter]:Publish temp in ºF = 72.9375
INFO:[mqtt-exporter]:Published alarm status = 0
INFO:[mqtt-exporter]:[Topic: temp_F] b'72.9375'
INFO:[mqtt-exporter]:[Topic: alarm] b'0'
DEBUG:[mqtt-exporter]:Serial: [INFO: App       ] Recibido paquete UDP de fd00::f6ce:36a7:f312:9b3
DEBUG:[mqtt-exporter]:Serial: 170;F;72.9375;1;0
INFO:[mqtt-exporter]:Publish temp in ºF = 72.9375
INFO:[mqtt-exporter]:Published alarm status = 0
INFO:[mqtt-exporter]:[Topic: temp_F] b'72.9375'
INFO:[mqtt-exporter]:[Topic: alarm] b'0'
DEBUG:[mqtt-exporter]:Serial: [INFO: App       ] Recibido paquete UDP de fd00::f6ce:36a7:f312:9b3
DEBUG:[mqtt-exporter]:Serial: 170;F;72.9375;1;0
INFO:[mqtt-exporter]:Publish temp in ºF = 72.9375
INFO:[mqtt-exporter]:Published alarm status = 0
INFO:[mqtt-exporter]:[Topic: temp_F] b'72.9375'
INFO:[mqtt-exporter]:[Topic: alarm] b'0'
DEBUG:[mqtt-exporter]:Serial: [INFO: App       ] Recibido paquete UDP de fd00::f6ce:36a7:f312:9b3
DEBUG:[mqtt-exporter]:Serial: 170;F;72.9375;1;0
INFO:[mqtt-exporter]:Publish temp in ºF = 72.9375
INFO:[mqtt-exporter]:Published alarm status = 0
INFO:[mqtt-exporter]:[Topic: temp_F] b'72.9375'
INFO:[mqtt-exporter]:[Topic: alarm] b'0'
DEBUG:[mqtt-exporter]:Serial: [INFO: App       ] Recibido paquete UDP de fd00::f6ce:36a7:f312:9b3
DEBUG:[mqtt-exporter]:Serial: 170;F;72.9375;1;0
INFO:[mqtt-exporter]:Publish temp in ºF = 72.9375
INFO:[mqtt-exporter]:Published alarm status = 0
INFO:[mqtt-exporter]:[Topic: temp_F] b'72.9375'
INFO:[mqtt-exporter]:[Topic: alarm] b'0'
DEBUG:[mqtt-exporter]:Serial: [INFO: App       ] Recibido paquete UDP de fd00::f6ce:36a7:f312:9b3
DEBUG:[mqtt-exporter]:Serial: 170;F;72.9375;1;0
INFO:[mqtt-exporter]:Publish temp in ºF = 72.9375
INFO:[mqtt-exporter]:Published alarm status = 0
INFO:[mqtt-exporter]:[Topic: temp_F] b'72.9375'
INFO:[mqtt-exporter]:[Topic: alarm] b'0'
DEBUG:[mqtt-exporter]:Serial: [INFO: App       ] Recibido paquete UDP de fd00::f6ce:36a7:f312:9b3
DEBUG:[mqtt-exporter]:Serial: 170;F;72.9375;1;0
INFO:[mqtt-exporter]:Publish temp in ºF = 72.9375
INFO:[mqtt-exporter]:Published alarm status = 0
INFO:[mqtt-exporter]:[Topic: temp_F] b'72.9375'
INFO:[mqtt-exporter]:[Topic: alarm] b'0'
DEBUG:[mqtt-exporter]:Serial: [INFO: App       ] Recibido paquete UDP de fd00::f6ce:36a7:f312:9b3
DEBUG:[mqtt-exporter]:Serial: 170;F;73.3750;1;0
INFO:[mqtt-exporter]:Publish temp in ºF = 73.375
INFO:[mqtt-exporter]:Published alarm status = 0
INFO:[mqtt-exporter]:[Topic: temp_F] b'73.375'
INFO:[mqtt-exporter]:[Topic: alarm] b'0'
DEBUG:[mqtt-exporter]:Serial: [INFO: App       ] Recibido paquete UDP de fd00::f6ce:36a7:f312:9b3
DEBUG:[mqtt-exporter]:Serial: 170;F;72.9375;1;0
INFO:[mqtt-exporter]:Publish temp in ºF = 72.9375
INFO:[mqtt-exporter]:Published alarm status = 0
INFO:[mqtt-exporter]:[Topic: temp_F] b'72.9375'
INFO:[mqtt-exporter]:[Topic: alarm] b'0'
DEBUG:[mqtt-exporter]:Serial: [INFO: App       ] Recibido paquete UDP de fd00::f6ce:36a7:f312:9b3
DEBUG:[mqtt-exporter]:Serial: 170;F;72.9375;1;0
INFO:[mqtt-exporter]:Publish temp in ºF = 72.9375
INFO:[mqtt-exporter]:Published alarm status = 0
INFO:[mqtt-exporter]:[Topic: temp_F] b'72.9375'
INFO:[mqtt-exporter]:[Topic: alarm] b'0'
DEBUG:[mqtt-exporter]:Serial: [INFO: App       ] Recibido paquete UDP de fd00::f6ce:36a7:f312:9b3
DEBUG:[mqtt-exporter]:Serial: 170;F;72.9375;1;0
INFO:[mqtt-exporter]:Publish temp in ºF = 72.9375
INFO:[mqtt-exporter]:Published alarm status = 0
INFO:[mqtt-exporter]:[Topic: temp_F] b'72.9375'
INFO:[mqtt-exporter]:[Topic: alarm] b'0'
DEBUG:[mqtt-exporter]:Serial: [INFO: App       ] Recibido paquete UDP de fd00::f6ce:36a7:f312:9b3
DEBUG:[mqtt-exporter]:Serial: 170;F;72.9375;1;0
INFO:[mqtt-exporter]:Publish temp in ºF = 72.9375
INFO:[mqtt-exporter]:Published alarm status = 0
INFO:[mqtt-exporter]:[Topic: temp_F] b'72.9375'
INFO:[mqtt-exporter]:[Topic: alarm] b'0'
DEBUG:[mqtt-exporter]:Serial: [INFO: App       ] Recibido paquete UDP de fd00::f6ce:36a7:f312:9b3
DEBUG:[mqtt-exporter]:Serial: 170;F;72.9375;1;0
INFO:[mqtt-exporter]:Publish temp in ºF = 72.9375
INFO:[mqtt-exporter]:Published alarm status = 0
INFO:[mqtt-exporter]:[Topic: temp_F] b'72.9375'
INFO:[mqtt-exporter]:[Topic: alarm] b'0'
DEBUG:[mqtt-exporter]:Serial: [INFO: App       ] Recibido paquete UDP de fd00::f6ce:36a7:f312:9b3
DEBUG:[mqtt-exporter]:Serial: 170;F;72.9375;1;0
INFO:[mqtt-exporter]:Publish temp in ºF = 72.9375
INFO:[mqtt-exporter]:Published alarm status = 0
INFO:[mqtt-exporter]:[Topic: temp_F] b'72.9375'
INFO:[mqtt-exporter]:[Topic: alarm] b'0'
DEBUG:[mqtt-exporter]:Serial: [INFO: App       ] Recibido paquete UDP de fd00::f6ce:36a7:f312:9b3
DEBUG:[mqtt-exporter]:Serial: 170;F;72.9375;1;0
INFO:[mqtt-exporter]:Publish temp in ºF = 72.9375
INFO:[mqtt-exporter]:Published alarm status = 0
INFO:[mqtt-exporter]:[Topic: temp_F] b'72.9375'
INFO:[mqtt-exporter]:[Topic: alarm] b'0'
DEBUG:[mqtt-exporter]:Serial: [INFO: App       ] Recibido paquete UDP de fd00::f6ce:36a7:f312:9b3
DEBUG:[mqtt-exporter]:Serial: 170;F;72.9375;1;0
INFO:[mqtt-exporter]:Publish temp in ºF = 72.9375
INFO:[mqtt-exporter]:Published alarm status = 0
INFO:[mqtt-exporter]:[Topic: temp_F] b'72.9375'
INFO:[mqtt-exporter]:[Topic: alarm] b'0'
DEBUG:[mqtt-exporter]:Serial: [INFO: App       ] Recibido paquete UDP de fd00::f6ce:36a7:f312:9b3
DEBUG:[mqtt-exporter]:Serial: 170;F;72.9375;1;0
INFO:[mqtt-exporter]:Publish temp in ºF = 72.9375
INFO:[mqtt-exporter]:Published alarm status = 0
INFO:[mqtt-exporter]:[Topic: temp_F] b'72.9375'
INFO:[mqtt-exporter]:[Topic: alarm] b'0'
DEBUG:[mqtt-exporter]:Serial: [INFO: App       ] Recibido paquete UDP de fd00::f6ce:36a7:f312:9b3
DEBUG:[mqtt-exporter]:Serial: 170;F;72.9375;1;0
INFO:[mqtt-exporter]:Publish temp in ºF = 72.9375
INFO:[mqtt-exporter]:Published alarm status = 0
INFO:[mqtt-exporter]:[Topic: temp_F] b'72.9375'
INFO:[mqtt-exporter]:[Topic: alarm] b'0'
DEBUG:[mqtt-exporter]:Serial: [INFO: App       ] Recibido paquete UDP de fd00::f6ce:36a7:f312:9b3
DEBUG:[mqtt-exporter]:Serial: 170;F;72.9375;1;0
INFO:[mqtt-exporter]:Publish temp in ºF = 72.9375
INFO:[mqtt-exporter]:Published alarm status = 0
INFO:[mqtt-exporter]:[Topic: temp_F] b'72.9375'
INFO:[mqtt-exporter]:[Topic: alarm] b'0'
DEBUG:[mqtt-exporter]:Serial: [INFO: App       ] Recibido paquete UDP de fd00::f6ce:36a7:f312:9b3
DEBUG:[mqtt-exporter]:Serial: 170;F;72.9375;1;0
INFO:[mqtt-exporter]:Publish temp in ºF = 72.9375
INFO:[mqtt-exporter]:Published alarm status = 0
INFO:[mqtt-exporter]:[Topic: temp_F] b'72.9375'
INFO:[mqtt-exporter]:[Topic: alarm] b'0'
DEBUG:[mqtt-exporter]:Serial: [INFO: App       ] Recibido paquete UDP de fd00::f6ce:36a7:f312:9b3
DEBUG:[mqtt-exporter]:Serial: 170;F;72.9375;1;0
INFO:[mqtt-exporter]:Publish temp in ºF = 72.9375
INFO:[mqtt-exporter]:Published alarm status = 0
INFO:[mqtt-exporter]:[Topic: temp_F] b'72.9375'
INFO:[mqtt-exporter]:[Topic: alarm] b'0'
DEBUG:[mqtt-exporter]:Serial: [INFO: App       ] Recibido paquete UDP de fd00::f6ce:36a7:f312:9b3
DEBUG:[mqtt-exporter]:Serial: 170;F;72.9375;1;0
INFO:[mqtt-exporter]:Publish temp in ºF = 72.9375
INFO:[mqtt-exporter]:Published alarm status = 0
INFO:[mqtt-exporter]:[Topic: temp_F] b'72.9375'
INFO:[mqtt-exporter]:[Topic: alarm] b'0'
DEBUG:[mqtt-exporter]:Serial: [INFO: App       ] Recibido paquete UDP de fd00::f6ce:36a7:f312:9b3
DEBUG:[mqtt-exporter]:Serial: 170;F;72.9375;1;0
INFO:[mqtt-exporter]:Publish temp in ºF = 72.9375
INFO:[mqtt-exporter]:Published alarm status = 0
INFO:[mqtt-exporter]:[Topic: temp_F] b'72.9375'
INFO:[mqtt-exporter]:[Topic: alarm] b'0'
DEBUG:[mqtt-exporter]:Serial: [INFO: App       ] Recibido paquete UDP de fd00::f6ce:36a7:f312:9b3
DEBUG:[mqtt-exporter]:Serial: 170;F;72.9375;1;0
INFO:[mqtt-exporter]:Publish temp in ºF = 72.9375
INFO:[mqtt-exporter]:Published alarm status = 0
INFO:[mqtt-exporter]:[Topic: temp_F] b'72.9375'
INFO:[mqtt-exporter]:[Topic: alarm] b'0'
DEBUG:[mqtt-exporter]:Serial: [INFO: App       ] Recibido paquete UDP de fd00::f6ce:36a7:f312:9b3
DEBUG:[mqtt-exporter]:Serial: 170;F;72.9375;1;0
INFO:[mqtt-exporter]:Publish temp in ºF = 72.9375
INFO:[mqtt-exporter]:Published alarm status = 0
INFO:[mqtt-exporter]:[Topic: temp_F] b'72.9375'
INFO:[mqtt-exporter]:[Topic: alarm] b'0'
DEBUG:[mqtt-exporter]:Serial: [INFO: App       ] Recibido paquete UDP de fd00::f6ce:36a7:f312:9b3
DEBUG:[mqtt-exporter]:Serial: 170;F;72.9375;1;0
INFO:[mqtt-exporter]:Publish temp in ºF = 72.9375
INFO:[mqtt-exporter]:Published alarm status = 0
INFO:[mqtt-exporter]:[Topic: temp_F] b'72.9375'
INFO:[mqtt-exporter]:[Topic: alarm] b'0'
DEBUG:[mqtt-exporter]:Serial: [INFO: App       ] Recibido paquete UDP de fd00::f6ce:36a7:f312:9b3
DEBUG:[mqtt-exporter]:Serial: 170;F;72.9375;1;0
INFO:[mqtt-exporter]:Publish temp in ºF = 72.9375
INFO:[mqtt-exporter]:Published alarm status = 0
INFO:[mqtt-exporter]:[Topic: temp_F] b'72.9375'
INFO:[mqtt-exporter]:[Topic: alarm] b'0'
DEBUG:[mqtt-exporter]:Serial: [INFO: App       ] Recibido paquete UDP de fd00::f6ce:36a7:f312:9b3
DEBUG:[mqtt-exporter]:Serial: 170;F;72.9375;1;0
INFO:[mqtt-exporter]:Publish temp in ºF = 72.9375
INFO:[mqtt-exporter]:Published alarm status = 0
INFO:[mqtt-exporter]:[Topic: temp_F] b'72.9375'
INFO:[mqtt-exporter]:[Topic: alarm] b'0'
DEBUG:[mqtt-exporter]:Serial: [INFO: App       ] Recibido paquete UDP de fd00::f6ce:36a7:f312:9b3
DEBUG:[mqtt-exporter]:Serial: 170;F;72.9375;1;0
INFO:[mqtt-exporter]:Publish temp in ºF = 72.9375
INFO:[mqtt-exporter]:Published alarm status = 0
INFO:[mqtt-exporter]:[Topic: temp_F] b'72.9375'
INFO:[mqtt-exporter]:[Topic: alarm] b'0'
DEBUG:[mqtt-exporter]:Serial: [INFO: App       ] Recibido paquete UDP de fd00::f6ce:36a7:f312:9b3
DEBUG:[mqtt-exporter]:Serial: 170;F;72.9375;1;0
INFO:[mqtt-exporter]:Publish temp in ºF = 72.9375
INFO:[mqtt-exporter]:Published alarm status = 0
INFO:[mqtt-exporter]:[Topic: temp_F] b'72.9375'
INFO:[mqtt-exporter]:[Topic: alarm] b'0'
DEBUG:[mqtt-exporter]:Serial: [INFO: App       ] Recibido paquete UDP de fd00::f6ce:36a7:f312:9b3
DEBUG:[mqtt-exporter]:Serial: 170;F;72.9375;1;0
INFO:[mqtt-exporter]:Publish temp in ºF = 72.9375
INFO:[mqtt-exporter]:Published alarm status = 0
INFO:[mqtt-exporter]:[Topic: temp_F] b'72.9375'
INFO:[mqtt-exporter]:[Topic: alarm] b'0'
DEBUG:[mqtt-exporter]:Serial: [INFO: App       ] Recibido paquete UDP de fd00::f6ce:36a7:f312:9b3
DEBUG:[mqtt-exporter]:Serial: 170;F;72.9375;1;0
INFO:[mqtt-exporter]:Publish temp in ºF = 72.9375
INFO:[mqtt-exporter]:Published alarm status = 0
INFO:[mqtt-exporter]:[Topic: temp_F] b'72.9375'
INFO:[mqtt-exporter]:[Topic: alarm] b'0'
DEBUG:[mqtt-exporter]:Serial: [INFO: App       ] Recibido paquete UDP de fd00::f6ce:36a7:f312:9b3
DEBUG:[mqtt-exporter]:Serial: 170;F;72.9375;1;0
INFO:[mqtt-exporter]:Publish temp in ºF = 72.9375
INFO:[mqtt-exporter]:Published alarm status = 0
INFO:[mqtt-exporter]:[Topic: temp_F] b'72.9375'
INFO:[mqtt-exporter]:[Topic: alarm] b'0'
DEBUG:[mqtt-exporter]:Serial: [INFO: App       ] Recibido paquete UDP de fd00::f6ce:36a7:f312:9b3
DEBUG:[mqtt-exporter]:Serial: 170;F;72.9375;1;0
INFO:[mqtt-exporter]:Publish temp in ºF = 72.9375
INFO:[mqtt-exporter]:Published alarm status = 0
INFO:[mqtt-exporter]:[Topic: temp_F] b'72.9375'
INFO:[mqtt-exporter]:[Topic: alarm] b'0'
DEBUG:[mqtt-exporter]:Serial: [INFO: App       ] Recibido paquete UDP de fd00::f6ce:36a7:f312:9b3
DEBUG:[mqtt-exporter]:Serial: 170;F;72.9375;1;0
INFO:[mqtt-exporter]:Publish temp in ºF = 72.9375
INFO:[mqtt-exporter]:Published alarm status = 0
INFO:[mqtt-exporter]:[Topic: temp_F] b'72.9375'
INFO:[mqtt-exporter]:[Topic: alarm] b'0'
DEBUG:[mqtt-exporter]:Serial: [INFO: App       ] Recibido paquete UDP de fd00::f6ce:36a7:f312:9b3
DEBUG:[mqtt-exporter]:Serial: 170;F;72.9375;1;0
INFO:[mqtt-exporter]:Publish temp in ºF = 72.9375
INFO:[mqtt-exporter]:Published alarm status = 0
INFO:[mqtt-exporter]:[Topic: temp_F] b'72.9375'
INFO:[mqtt-exporter]:[Topic: alarm] b'0'
DEBUG:[mqtt-exporter]:Serial: [INFO: App       ] Recibido paquete UDP de fd00::f6ce:36a7:f312:9b3
DEBUG:[mqtt-exporter]:Serial: 170;F;72.9375;1;0
INFO:[mqtt-exporter]:Publish temp in ºF = 72.9375
INFO:[mqtt-exporter]:Published alarm status = 0
INFO:[mqtt-exporter]:[Topic: temp_F] b'72.9375'
INFO:[mqtt-exporter]:[Topic: alarm] b'0'
DEBUG:[mqtt-exporter]:Serial: [INFO: App       ] Recibido paquete UDP de fd00::f6ce:36a7:f312:9b3
DEBUG:[mqtt-exporter]:Serial: 170;F;72.9375;1;0
INFO:[mqtt-exporter]:Publish temp in ºF = 72.9375
INFO:[mqtt-exporter]:Published alarm status = 0
INFO:[mqtt-exporter]:[Topic: temp_F] b'72.9375'
INFO:[mqtt-exporter]:[Topic: alarm] b'0'
DEBUG:[mqtt-exporter]:Serial: [INFO: App       ] Recibido paquete UDP de fd00::f6ce:36a7:f312:9b3
DEBUG:[mqtt-exporter]:Serial: 170;F;72.9375;1;0
INFO:[mqtt-exporter]:Publish temp in ºF = 72.9375
INFO:[mqtt-exporter]:Published alarm status = 0
INFO:[mqtt-exporter]:[Topic: temp_F] b'72.9375'
INFO:[mqtt-exporter]:[Topic: alarm] b'0'
DEBUG:[mqtt-exporter]:Serial: [INFO: App       ] Recibido paquete UDP de fd00::f6ce:36a7:f312:9b3
DEBUG:[mqtt-exporter]:Serial: 170;F;72.9375;1;0
INFO:[mqtt-exporter]:Publish temp in ºF = 72.9375
INFO:[mqtt-exporter]:Published alarm status = 0
INFO:[mqtt-exporter]:[Topic: temp_F] b'72.9375'
INFO:[mqtt-exporter]:[Topic: alarm] b'0'
DEBUG:[mqtt-exporter]:Serial: [INFO: App       ] Recibido paquete UDP de fd00::f6ce:36a7:f312:9b3
DEBUG:[mqtt-exporter]:Serial: 170;F;72.9375;1;0
INFO:[mqtt-exporter]:Publish temp in ºF = 72.9375
INFO:[mqtt-exporter]:Published alarm status = 0
INFO:[mqtt-exporter]:[Topic: temp_F] b'72.9375'
INFO:[mqtt-exporter]:[Topic: alarm] b'0'
DEBUG:[mqtt-exporter]:Serial: [INFO: App       ] Recibido paquete UDP de fd00::f6ce:36a7:f312:9b3
DEBUG:[mqtt-exporter]:Serial: 170;F;72.9375;1;0
INFO:[mqtt-exporter]:Publish temp in ºF = 72.9375
INFO:[mqtt-exporter]:Published alarm status = 0
INFO:[mqtt-exporter]:[Topic: temp_F] b'72.9375'
INFO:[mqtt-exporter]:[Topic: alarm] b'0'
DEBUG:[mqtt-exporter]:Serial: [INFO: App       ] Recibido paquete UDP de fd00::f6ce:36a7:f312:9b3
DEBUG:[mqtt-exporter]:Serial: 170;F;72.9375;1;0
INFO:[mqtt-exporter]:Publish temp in ºF = 72.9375
INFO:[mqtt-exporter]:Published alarm status = 0
INFO:[mqtt-exporter]:[Topic: temp_F] b'72.9375'
INFO:[mqtt-exporter]:[Topic: alarm] b'0'
DEBUG:[mqtt-exporter]:Serial: [INFO: App       ] Recibido paquete UDP de fd00::f6ce:36a7:f312:9b3
DEBUG:[mqtt-exporter]:Serial: 170;F;72.9375;1;0
INFO:[mqtt-exporter]:Publish temp in ºF = 72.9375
INFO:[mqtt-exporter]:Published alarm status = 0
INFO:[mqtt-exporter]:[Topic: temp_F] b'72.9375'
INFO:[mqtt-exporter]:[Topic: alarm] b'0'
DEBUG:[mqtt-exporter]:Serial: [INFO: App       ] Recibido paquete UDP de fd00::f6ce:36a7:f312:9b3
DEBUG:[mqtt-exporter]:Serial: 170;F;72.9375;1;0
INFO:[mqtt-exporter]:Publish temp in ºF = 72.9375
INFO:[mqtt-exporter]:Published alarm status = 0
INFO:[mqtt-exporter]:[Topic: temp_F] b'72.9375'
INFO:[mqtt-exporter]:[Topic: alarm] b'0'
DEBUG:[mqtt-exporter]:Serial: [INFO: App       ] Recibido paquete UDP de fd00::f6ce:36a7:f312:9b3
DEBUG:[mqtt-exporter]:Serial: 170;F;72.9375;1;0
INFO:[mqtt-exporter]:Publish temp in ºF = 72.9375
INFO:[mqtt-exporter]:Published alarm status = 0
INFO:[mqtt-exporter]:[Topic: temp_F] b'72.9375'
INFO:[mqtt-exporter]:[Topic: alarm] b'0'
DEBUG:[mqtt-exporter]:Serial: [INFO: App       ] Recibido paquete UDP de fd00::f6ce:36a7:f312:9b3
DEBUG:[mqtt-exporter]:Serial: 170;C;23.2500;1;0
INFO:[mqtt-exporter]:Publish temp in ºC = 23.25
INFO:[mqtt-exporter]:Published alarm status = 0
INFO:[mqtt-exporter]:[Topic: temp_C] b'23.25'
INFO:[mqtt-exporter]:[Topic: alarm] b'0'
DEBUG:[mqtt-exporter]:Serial: [INFO: App       ] Recibido paquete UDP de fd00::f6ce:36a7:f312:9b3
DEBUG:[mqtt-exporter]:Serial: 170;C;23.0000;1;0
INFO:[mqtt-exporter]:Publish temp in ºC = 23.0
INFO:[mqtt-exporter]:Published alarm status = 0
INFO:[mqtt-exporter]:[Topic: temp_C] b'23.0'
INFO:[mqtt-exporter]:[Topic: alarm] b'0'
DEBUG:[mqtt-exporter]:Serial: [INFO: App       ] Recibido paquete UDP de fd00::f6ce:36a7:f312:9b3
DEBUG:[mqtt-exporter]:Serial: 170;C;23.0000;1;0
INFO:[mqtt-exporter]:Publish temp in ºC = 23.0
INFO:[mqtt-exporter]:Published alarm status = 0
INFO:[mqtt-exporter]:[Topic: temp_C] b'23.0'
INFO:[mqtt-exporter]:[Topic: alarm] b'0'
DEBUG:[mqtt-exporter]:Serial: [INFO: App       ] Recibido paquete UDP de fd00::f6ce:36a7:f312:9b3
DEBUG:[mqtt-exporter]:Serial: 170;C;22.7500;1;0
INFO:[mqtt-exporter]:Publish temp in ºC = 22.75
INFO:[mqtt-exporter]:Published alarm status = 0
INFO:[mqtt-exporter]:[Topic: temp_C] b'22.75'
INFO:[mqtt-exporter]:[Topic: alarm] b'0'
DEBUG:[mqtt-exporter]:Serial: [INFO: App       ] Recibido paquete UDP de fd00::f6ce:36a7:f312:9b3
DEBUG:[mqtt-exporter]:Serial: 170;C;23.0000;1;0
INFO:[mqtt-exporter]:Publish temp in ºC = 23.0
INFO:[mqtt-exporter]:Published alarm status = 0
INFO:[mqtt-exporter]:[Topic: temp_C] b'23.0'
INFO:[mqtt-exporter]:[Topic: alarm] b'0'
DEBUG:[mqtt-exporter]:Serial: [INFO: App       ] Recibido paquete UDP de fd00::f6ce:36a7:f312:9b3
DEBUG:[mqtt-exporter]:Serial: 170;C;23.0000;1;0
INFO:[mqtt-exporter]:Publish temp in ºC = 23.0
INFO:[mqtt-exporter]:Published alarm status = 0
INFO:[mqtt-exporter]:[Topic: temp_C] b'23.0'
INFO:[mqtt-exporter]:[Topic: alarm] b'0'
DEBUG:[mqtt-exporter]:Serial: [INFO: App       ] Recibido paquete UDP de fd00::f6ce:36a7:f312:9b3
DEBUG:[mqtt-exporter]:Serial: 170;C;23.0000;1;0
INFO:[mqtt-exporter]:Publish temp in ºC = 23.0
INFO:[mqtt-exporter]:Published alarm status = 0
INFO:[mqtt-exporter]:[Topic: temp_C] b'23.0'
INFO:[mqtt-exporter]:[Topic: alarm] b'0'
DEBUG:[mqtt-exporter]:Serial: [INFO: App       ] Recibido paquete UDP de fd00::f6ce:36a7:f312:9b3
DEBUG:[mqtt-exporter]:Serial: 170;C;23.0000;1;0
INFO:[mqtt-exporter]:Publish temp in ºC = 23.0
INFO:[mqtt-exporter]:Published alarm status = 0
INFO:[mqtt-exporter]:[Topic: temp_C] b'23.0'
INFO:[mqtt-exporter]:[Topic: alarm] b'0'
DEBUG:[mqtt-exporter]:Serial: [INFO: App       ] Recibido paquete UDP de fd00::f6ce:36a7:f312:9b3
DEBUG:[mqtt-exporter]:Serial: 170;C;23.0000;1;0
INFO:[mqtt-exporter]:Publish temp in ºC = 23.0
INFO:[mqtt-exporter]:Published alarm status = 0
INFO:[mqtt-exporter]:[Topic: temp_C] b'23.0'
INFO:[mqtt-exporter]:[Topic: alarm] b'0'
DEBUG:[mqtt-exporter]:Serial: [INFO: App       ] Recibido paquete UDP de fd00::f6ce:36a7:f312:9b3
DEBUG:[mqtt-exporter]:Serial: 170;C;23.0000;1;0
INFO:[mqtt-exporter]:Publish temp in ºC = 23.0
INFO:[mqtt-exporter]:Published alarm status = 0
INFO:[mqtt-exporter]:[Topic: temp_C] b'23.0'
INFO:[mqtt-exporter]:[Topic: alarm] b'0'
DEBUG:[mqtt-exporter]:Serial: [INFO: App       ] Recibido paquete UDP de fd00::f6ce:36a7:f312:9b3
DEBUG:[mqtt-exporter]:Serial: 170;C;23.0000;1;0
INFO:[mqtt-exporter]:Publish temp in ºC = 23.0
INFO:[mqtt-exporter]:Published alarm status = 0
INFO:[mqtt-exporter]:[Topic: temp_C] b'23.0'
INFO:[mqtt-exporter]:[Topic: alarm] b'0'
DEBUG:[mqtt-exporter]:Serial: [INFO: App       ] Recibido paquete UDP de fd00::f6ce:36a7:f312:9b3
DEBUG:[mqtt-exporter]:Serial: 170;C;23.0000;1;0
INFO:[mqtt-exporter]:Publish temp in ºC = 23.0
INFO:[mqtt-exporter]:Published alarm status = 0
INFO:[mqtt-exporter]:[Topic: temp_C] b'23.0'
INFO:[mqtt-exporter]:[Topic: alarm] b'0'
DEBUG:[mqtt-exporter]:Serial: [INFO: App       ] Recibido paquete UDP de fd00::f6ce:36a7:f312:9b3
DEBUG:[mqtt-exporter]:Serial: 170;C;23.0000;1;0
INFO:[mqtt-exporter]:Publish temp in ºC = 23.0
INFO:[mqtt-exporter]:Published alarm status = 0
INFO:[mqtt-exporter]:[Topic: temp_C] b'23.0'
INFO:[mqtt-exporter]:[Topic: alarm] b'0'
DEBUG:[mqtt-exporter]:Serial: [INFO: App       ] Recibido paquete UDP de fd00::f6ce:36a7:f312:9b3
DEBUG:[mqtt-exporter]:Serial: 170;C;23.0000;1;0
INFO:[mqtt-exporter]:Publish temp in ºC = 23.0
INFO:[mqtt-exporter]:Published alarm status = 0
INFO:[mqtt-exporter]:[Topic: temp_C] b'23.0'
INFO:[mqtt-exporter]:[Topic: alarm] b'0'
DEBUG:[mqtt-exporter]:Serial: [INFO: App       ] Recibido paquete UDP de fd00::f6ce:36a7:f312:9b3
DEBUG:[mqtt-exporter]:Serial: 170;C;23.0000;1;0
INFO:[mqtt-exporter]:Publish temp in ºC = 23.0
INFO:[mqtt-exporter]:Published alarm status = 0
INFO:[mqtt-exporter]:[Topic: temp_C] b'23.0'
INFO:[mqtt-exporter]:[Topic: alarm] b'0'
DEBUG:[mqtt-exporter]:Serial: [INFO: App       ] Recibido paquete UDP de fd00::f6ce:36a7:f312:9b3
DEBUG:[mqtt-exporter]:Serial: 170;C;23.0000;1;0
INFO:[mqtt-exporter]:Publish temp in ºC = 23.0
INFO:[mqtt-exporter]:Published alarm status = 0
INFO:[mqtt-exporter]:[Topic: temp_C] b'23.0'
INFO:[mqtt-exporter]:[Topic: alarm] b'0'
DEBUG:[mqtt-exporter]:Serial: [INFO: App       ] Recibido paquete UDP de fd00::f6ce:36a7:f312:9b3
DEBUG:[mqtt-exporter]:Serial: 170;C;23.0000;1;0
INFO:[mqtt-exporter]:Publish temp in ºC = 23.0
INFO:[mqtt-exporter]:Published alarm status = 0
INFO:[mqtt-exporter]:[Topic: temp_C] b'23.0'
INFO:[mqtt-exporter]:[Topic: alarm] b'0'
DEBUG:[mqtt-exporter]:Serial: [INFO: App       ] Recibido paquete UDP de fd00::f6ce:36a7:f312:9b3
DEBUG:[mqtt-exporter]:Serial: 170;C;23.0000;1;0
INFO:[mqtt-exporter]:Publish temp in ºC = 23.0
INFO:[mqtt-exporter]:Published alarm status = 0
INFO:[mqtt-exporter]:[Topic: temp_C] b'23.0'
INFO:[mqtt-exporter]:[Topic: alarm] b'0'
DEBUG:[mqtt-exporter]:Serial: [INFO: App       ] Recibido paquete UDP de fd00::f6ce:36a7:f312:9b3
DEBUG:[mqtt-exporter]:Serial: 170;C;23.0000;1;0
INFO:[mqtt-exporter]:Publish temp in ºC = 23.0
INFO:[mqtt-exporter]:Published alarm status = 0
INFO:[mqtt-exporter]:[Topic: temp_C] b'23.0'
INFO:[mqtt-exporter]:[Topic: alarm] b'0'
DEBUG:[mqtt-exporter]:Serial: [INFO: App       ] Recibido paquete UDP de fd00::f6ce:36a7:f312:9b3
DEBUG:[mqtt-exporter]:Serial: 170;C;22.7500;1;0
INFO:[mqtt-exporter]:Publish temp in ºC = 22.75
INFO:[mqtt-exporter]:Published alarm status = 0
INFO:[mqtt-exporter]:[Topic: temp_C] b'22.75'
INFO:[mqtt-exporter]:[Topic: alarm] b'0'
DEBUG:[mqtt-exporter]:Serial: [INFO: App       ] Recibido paquete UDP de fd00::f6ce:36a7:f312:9b3
DEBUG:[mqtt-exporter]:Serial: 170;C;22.7500;1;0
INFO:[mqtt-exporter]:Publish temp in ºC = 22.75
INFO:[mqtt-exporter]:Published alarm status = 0
INFO:[mqtt-exporter]:[Topic: temp_C] b'22.75'
INFO:[mqtt-exporter]:[Topic: alarm] b'0'
DEBUG:[mqtt-exporter]:Serial: [INFO: App       ] Recibido paquete UDP de fd00::f6ce:36a7:f312:9b3
DEBUG:[mqtt-exporter]:Serial: 170;C;22.7500;1;0
INFO:[mqtt-exporter]:Publish temp in ºC = 22.75
INFO:[mqtt-exporter]:Published alarm status = 0
INFO:[mqtt-exporter]:[Topic: temp_C] b'22.75'
INFO:[mqtt-exporter]:[Topic: alarm] b'0'
DEBUG:[mqtt-exporter]:Serial: [INFO: App       ] Recibido paquete UDP de fd00::f6ce:36a7:f312:9b3
DEBUG:[mqtt-exporter]:Serial: 170;C;26.0000;1;1
INFO:[mqtt-exporter]:Publish temp in ºC = 26.0
INFO:[mqtt-exporter]:Published alarm status = 1
INFO:[mqtt-exporter]:[Topic: temp_C] b'26.0'
INFO:[mqtt-exporter]:[Topic: alarm] b'1'
DEBUG:[mqtt-exporter]:Serial: [INFO: App       ] Recibido paquete UDP de fd00::f6ce:36a7:f312:9b3
DEBUG:[mqtt-exporter]:Serial: 170;C;28.2500;1;1
INFO:[mqtt-exporter]:Publish temp in ºC = 28.25
INFO:[mqtt-exporter]:Published alarm status = 1
INFO:[mqtt-exporter]:[Topic: temp_C] b'28.25'
INFO:[mqtt-exporter]:[Topic: alarm] b'1'
DEBUG:[mqtt-exporter]:Serial: [INFO: App       ] Recibido paquete UDP de fd00::f6ce:36a7:f312:9b3
DEBUG:[mqtt-exporter]:Serial: 170;C;28.2500;1;1
INFO:[mqtt-exporter]:Publish temp in ºC = 28.25
INFO:[mqtt-exporter]:Published alarm status = 1
INFO:[mqtt-exporter]:[Topic: temp_C] b'28.25'
INFO:[mqtt-exporter]:[Topic: alarm] b'1'
DEBUG:[mqtt-exporter]:Serial: [INFO: App       ] Recibido paquete UDP de fd00::f6ce:36a7:f312:9b3
DEBUG:[mqtt-exporter]:Serial: 170;C;28.7500;1;1
INFO:[mqtt-exporter]:Publish temp in ºC = 28.75
INFO:[mqtt-exporter]:Published alarm status = 1
INFO:[mqtt-exporter]:[Topic: temp_C] b'28.75'
INFO:[mqtt-exporter]:[Topic: alarm] b'1'
DEBUG:[mqtt-exporter]:Serial: [INFO: App       ] Recibido paquete UDP de fd00::f6ce:36a7:f312:9b3
DEBUG:[mqtt-exporter]:Serial: 170;C;28.0000;1;1
INFO:[mqtt-exporter]:Publish temp in ºC = 28.0
INFO:[mqtt-exporter]:Published alarm status = 1
INFO:[mqtt-exporter]:[Topic: temp_C] b'28.0'
INFO:[mqtt-exporter]:[Topic: alarm] b'1'
DEBUG:[mqtt-exporter]:Serial: [INFO: App       ] Recibido paquete UDP de fd00::f6ce:36a7:f312:9b3
DEBUG:[mqtt-exporter]:Serial: 170;C;27.2500;1;1
INFO:[mqtt-exporter]:Publish temp in ºC = 27.25
INFO:[mqtt-exporter]:Published alarm status = 1
INFO:[mqtt-exporter]:[Topic: temp_C] b'27.25'
INFO:[mqtt-exporter]:[Topic: alarm] b'1'
DEBUG:[mqtt-exporter]:Serial: [INFO: App       ] Recibido paquete UDP de fd00::f6ce:36a7:f312:9b3
DEBUG:[mqtt-exporter]:Serial: 170;C;27.0000;1;1
INFO:[mqtt-exporter]:Publish temp in ºC = 27.0
INFO:[mqtt-exporter]:Published alarm status = 1
INFO:[mqtt-exporter]:[Topic: temp_C] b'27.0'
INFO:[mqtt-exporter]:[Topic: alarm] b'1'
DEBUG:[mqtt-exporter]:Serial: [INFO: App       ] Recibido paquete UDP de fd00::f6ce:36a7:f312:9b3
DEBUG:[mqtt-exporter]:Serial: 170;C;27.0000;1;1
INFO:[mqtt-exporter]:Publish temp in ºC = 27.0
INFO:[mqtt-exporter]:Published alarm status = 1
INFO:[mqtt-exporter]:[Topic: temp_C] b'27.0'
INFO:[mqtt-exporter]:[Topic: alarm] b'1'
DEBUG:[mqtt-exporter]:Serial: [INFO: App       ] Recibido paquete UDP de fd00::f6ce:36a7:f312:9b3
DEBUG:[mqtt-exporter]:Serial: 170;C;26.7500;1;1
INFO:[mqtt-exporter]:Publish temp in ºC = 26.75
INFO:[mqtt-exporter]:Published alarm status = 1
INFO:[mqtt-exporter]:[Topic: temp_C] b'26.75'
INFO:[mqtt-exporter]:[Topic: alarm] b'1'
DEBUG:[mqtt-exporter]:Serial: [INFO: App       ] Recibido paquete UDP de fd00::f6ce:36a7:f312:9b3
DEBUG:[mqtt-exporter]:Serial: 170;C;26.7500;1;1
INFO:[mqtt-exporter]:Publish temp in ºC = 26.75
INFO:[mqtt-exporter]:Published alarm status = 1
INFO:[mqtt-exporter]:[Topic: temp_C] b'26.75'
INFO:[mqtt-exporter]:[Topic: alarm] b'1'
DEBUG:[mqtt-exporter]:Serial: [INFO: App       ] Recibido paquete UDP de fd00::f6ce:36a7:f312:9b3
DEBUG:[mqtt-exporter]:Serial: 170;C;26.5000;1;1
INFO:[mqtt-exporter]:Publish temp in ºC = 26.5
INFO:[mqtt-exporter]:Published alarm status = 1
INFO:[mqtt-exporter]:[Topic: temp_C] b'26.5'
INFO:[mqtt-exporter]:[Topic: alarm] b'1'
DEBUG:[mqtt-exporter]:Serial: [INFO: App       ] Recibido paquete UDP de fd00::f6ce:36a7:f312:9b3
DEBUG:[mqtt-exporter]:Serial: 170;C;26.2500;1;1
INFO:[mqtt-exporter]:Publish temp in ºC = 26.25
INFO:[mqtt-exporter]:Published alarm status = 1
INFO:[mqtt-exporter]:[Topic: temp_C] b'26.25'
INFO:[mqtt-exporter]:[Topic: alarm] b'1'
DEBUG:[mqtt-exporter]:Serial: [INFO: App       ] Recibido paquete UDP de fd00::f6ce:36a7:f312:9b3
DEBUG:[mqtt-exporter]:Serial: 170;C;26.2500;1;1
INFO:[mqtt-exporter]:Publish temp in ºC = 26.25
INFO:[mqtt-exporter]:Published alarm status = 1
INFO:[mqtt-exporter]:[Topic: temp_C] b'26.25'
INFO:[mqtt-exporter]:[Topic: alarm] b'1'
DEBUG:[mqtt-exporter]:Serial: [INFO: App       ] Recibido paquete UDP de fd00::f6ce:36a7:f312:9b3
DEBUG:[mqtt-exporter]:Serial: 170;C;26.0000;1;1
INFO:[mqtt-exporter]:Publish temp in ºC = 26.0
INFO:[mqtt-exporter]:Published alarm status = 1
INFO:[mqtt-exporter]:[Topic: temp_C] b'26.0'
INFO:[mqtt-exporter]:[Topic: alarm] b'1'
DEBUG:[mqtt-exporter]:Serial: [INFO: App       ] Recibido paquete UDP de fd00::f6ce:36a7:f312:9b3
DEBUG:[mqtt-exporter]:Serial: 170;C;25.7500;1;1
INFO:[mqtt-exporter]:Publish temp in ºC = 25.75
INFO:[mqtt-exporter]:Published alarm status = 1
INFO:[mqtt-exporter]:[Topic: temp_C] b'25.75'
INFO:[mqtt-exporter]:[Topic: alarm] b'1'
DEBUG:[mqtt-exporter]:Serial: [INFO: App       ] Recibido paquete UDP de fd00::f6ce:36a7:f312:9b3
DEBUG:[mqtt-exporter]:Serial: 170;C;25.7500;1;1
INFO:[mqtt-exporter]:Publish temp in ºC = 25.75
INFO:[mqtt-exporter]:Published alarm status = 1
INFO:[mqtt-exporter]:[Topic: temp_C] b'25.75'
INFO:[mqtt-exporter]:[Topic: alarm] b'1'
DEBUG:[mqtt-exporter]:Serial: [INFO: App       ] Recibido paquete UDP de fd00::f6ce:36a7:f312:9b3
DEBUG:[mqtt-exporter]:Serial: 170;C;25.7500;1;1
INFO:[mqtt-exporter]:Publish temp in ºC = 25.75
INFO:[mqtt-exporter]:Published alarm status = 1
INFO:[mqtt-exporter]:[Topic: temp_C] b'25.75'
INFO:[mqtt-exporter]:[Topic: alarm] b'1'
DEBUG:[mqtt-exporter]:Serial: [INFO: App       ] Recibido paquete UDP de fd00::f6ce:36a7:f312:9b3
DEBUG:[mqtt-exporter]:Serial: 170;C;25.5000;1;1
INFO:[mqtt-exporter]:Publish temp in ºC = 25.5
INFO:[mqtt-exporter]:Published alarm status = 1
INFO:[mqtt-exporter]:[Topic: temp_C] b'25.5'
INFO:[mqtt-exporter]:[Topic: alarm] b'1'
DEBUG:[mqtt-exporter]:Serial: [INFO: App       ] Recibido paquete UDP de fd00::f6ce:36a7:f312:9b3
DEBUG:[mqtt-exporter]:Serial: 170;C;25.5000;1;1
INFO:[mqtt-exporter]:Publish temp in ºC = 25.5
INFO:[mqtt-exporter]:Published alarm status = 1
INFO:[mqtt-exporter]:[Topic: temp_C] b'25.5'
INFO:[mqtt-exporter]:[Topic: alarm] b'1'
DEBUG:[mqtt-exporter]:Serial: [INFO: App       ] Recibido paquete UDP de fd00::f6ce:36a7:f312:9b3
DEBUG:[mqtt-exporter]:Serial: 170;C;25.2500;1;1
INFO:[mqtt-exporter]:Publish temp in ºC = 25.25
INFO:[mqtt-exporter]:Published alarm status = 1
INFO:[mqtt-exporter]:[Topic: temp_C] b'25.25'
INFO:[mqtt-exporter]:[Topic: alarm] b'1'
DEBUG:[mqtt-exporter]:Serial: [INFO: App       ] Recibido paquete UDP de fd00::f6ce:36a7:f312:9b3
DEBUG:[mqtt-exporter]:Serial: 170;C;25.2500;1;1
INFO:[mqtt-exporter]:Publish temp in ºC = 25.25
INFO:[mqtt-exporter]:Published alarm status = 1
INFO:[mqtt-exporter]:[Topic: temp_C] b'25.25'
INFO:[mqtt-exporter]:[Topic: alarm] b'1'
DEBUG:[mqtt-exporter]:Serial: [INFO: App       ] Recibido paquete UDP de fd00::f6ce:36a7:f312:9b3
DEBUG:[mqtt-exporter]:Serial: 170;C;25.0000;1;1
INFO:[mqtt-exporter]:Publish temp in ºC = 25.0
INFO:[mqtt-exporter]:Published alarm status = 1
INFO:[mqtt-exporter]:[Topic: temp_C] b'25.0'
INFO:[mqtt-exporter]:[Topic: alarm] b'1'
DEBUG:[mqtt-exporter]:Serial: [INFO: App       ] Recibido paquete UDP de fd00::f6ce:36a7:f312:9b3
DEBUG:[mqtt-exporter]:Serial: 170;C;25.2500;1;1
INFO:[mqtt-exporter]:Publish temp in ºC = 25.25
INFO:[mqtt-exporter]:Published alarm status = 1
INFO:[mqtt-exporter]:[Topic: temp_C] b'25.25'
INFO:[mqtt-exporter]:[Topic: alarm] b'1'
DEBUG:[mqtt-exporter]:Serial: [INFO: App       ] Recibido paquete UDP de fd00::f6ce:36a7:f312:9b3
DEBUG:[mqtt-exporter]:Serial: 170;C;25.0000;1;1
INFO:[mqtt-exporter]:Publish temp in ºC = 25.0
INFO:[mqtt-exporter]:Published alarm status = 1
INFO:[mqtt-exporter]:[Topic: temp_C] b'25.0'
INFO:[mqtt-exporter]:[Topic: alarm] b'1'
DEBUG:[mqtt-exporter]:Serial: [INFO: App       ] Recibido paquete UDP de fd00::f6ce:36a7:f312:9b3
DEBUG:[mqtt-exporter]:Serial: 170;C;25.0000;1;1
INFO:[mqtt-exporter]:Publish temp in ºC = 25.0
INFO:[mqtt-exporter]:Published alarm status = 1
INFO:[mqtt-exporter]:[Topic: temp_C] b'25.0'
INFO:[mqtt-exporter]:[Topic: alarm] b'1'
DEBUG:[mqtt-exporter]:Serial: [INFO: App       ] Recibido paquete UDP de fd00::f6ce:36a7:f312:9b3
DEBUG:[mqtt-exporter]:Serial: 170;C;25.0000;1;1
INFO:[mqtt-exporter]:Publish temp in ºC = 25.0
INFO:[mqtt-exporter]:Published alarm status = 1
INFO:[mqtt-exporter]:[Topic: temp_C] b'25.0'
INFO:[mqtt-exporter]:[Topic: alarm] b'1'
DEBUG:[mqtt-exporter]:Serial: [INFO: App       ] Recibido paquete UDP de fd00::f6ce:36a7:f312:9b3
DEBUG:[mqtt-exporter]:Serial: 170;C;24.7500;1;1
INFO:[mqtt-exporter]:Publish temp in ºC = 24.75
INFO:[mqtt-exporter]:Published alarm status = 1
INFO:[mqtt-exporter]:[Topic: temp_C] b'24.75'
INFO:[mqtt-exporter]:[Topic: alarm] b'1'
DEBUG:[mqtt-exporter]:Serial: [INFO: App       ] Recibido paquete UDP de fd00::f6ce:36a7:f312:9b3
DEBUG:[mqtt-exporter]:Serial: 170;C;24.7500;1;1
INFO:[mqtt-exporter]:Publish temp in ºC = 24.75
INFO:[mqtt-exporter]:Published alarm status = 1
INFO:[mqtt-exporter]:[Topic: temp_C] b'24.75'
INFO:[mqtt-exporter]:[Topic: alarm] b'1'
DEBUG:[mqtt-exporter]:Serial: [INFO: App       ] Recibido paquete UDP de fd00::f6ce:36a7:f312:9b3
DEBUG:[mqtt-exporter]:Serial: 170;C;24.5000;1;1
INFO:[mqtt-exporter]:Publish temp in ºC = 24.5
INFO:[mqtt-exporter]:Published alarm status = 1
INFO:[mqtt-exporter]:[Topic: temp_C] b'24.5'
INFO:[mqtt-exporter]:[Topic: alarm] b'1'
DEBUG:[mqtt-exporter]:Serial: [INFO: App       ] Recibido paquete UDP de fd00::f6ce:36a7:f312:9b3
DEBUG:[mqtt-exporter]:Serial: 170;C;24.5000;1;1
INFO:[mqtt-exporter]:Publish temp in ºC = 24.5
INFO:[mqtt-exporter]:Published alarm status = 1
INFO:[mqtt-exporter]:[Topic: temp_C] b'24.5'
INFO:[mqtt-exporter]:[Topic: alarm] b'1'
DEBUG:[mqtt-exporter]:Serial: [INFO: App       ] Recibido paquete UDP de fd00::f6ce:36a7:f312:9b3
DEBUG:[mqtt-exporter]:Serial: 170;C;24.5000;1;1
INFO:[mqtt-exporter]:Publish temp in ºC = 24.5
INFO:[mqtt-exporter]:Published alarm status = 1
INFO:[mqtt-exporter]:[Topic: temp_C] b'24.5'
INFO:[mqtt-exporter]:[Topic: alarm] b'1'
DEBUG:[mqtt-exporter]:Serial: [INFO: App       ] Recibido paquete UDP de fd00::f6ce:36a7:f312:9b3
DEBUG:[mqtt-exporter]:Serial: 170;C;24.5000;1;1
INFO:[mqtt-exporter]:Publish temp in ºC = 24.5
INFO:[mqtt-exporter]:Published alarm status = 1
INFO:[mqtt-exporter]:[Topic: temp_C] b'24.5'
INFO:[mqtt-exporter]:[Topic: alarm] b'1'
DEBUG:[mqtt-exporter]:Serial: [INFO: App       ] Recibido paquete UDP de fd00::f6ce:36a7:f312:9b3
DEBUG:[mqtt-exporter]:Serial: 170;C;24.5000;1;1
INFO:[mqtt-exporter]:Publish temp in ºC = 24.5
INFO:[mqtt-exporter]:Published alarm status = 1
INFO:[mqtt-exporter]:[Topic: temp_C] b'24.5'
INFO:[mqtt-exporter]:[Topic: alarm] b'1'
DEBUG:[mqtt-exporter]:Serial: [INFO: App       ] Recibido paquete UDP de fd00::f6ce:36a7:f312:9b3
DEBUG:[mqtt-exporter]:Serial: 170;C;24.2500;1;1
INFO:[mqtt-exporter]:Publish temp in ºC = 24.25
INFO:[mqtt-exporter]:Published alarm status = 1
INFO:[mqtt-exporter]:[Topic: temp_C] b'24.25'
INFO:[mqtt-exporter]:[Topic: alarm] b'1'
DEBUG:[mqtt-exporter]:Serial: [INFO: App       ] Recibido paquete UDP de fd00::f6ce:36a7:f312:9b3
DEBUG:[mqtt-exporter]:Serial: 170;C;24.2500;1;1
INFO:[mqtt-exporter]:Publish temp in ºC = 24.25
INFO:[mqtt-exporter]:Published alarm status = 1
INFO:[mqtt-exporter]:[Topic: temp_C] b'24.25'
INFO:[mqtt-exporter]:[Topic: alarm] b'1'
DEBUG:[mqtt-exporter]:Serial: [INFO: App       ] Recibido paquete UDP de fd00::f6ce:36a7:f312:9b3
DEBUG:[mqtt-exporter]:Serial: 170;C;24.2500;1;1
INFO:[mqtt-exporter]:Publish temp in ºC = 24.25
INFO:[mqtt-exporter]:Published alarm status = 1
INFO:[mqtt-exporter]:[Topic: temp_C] b'24.25'
INFO:[mqtt-exporter]:[Topic: alarm] b'1'
DEBUG:[mqtt-exporter]:Serial: [INFO: App       ] Recibido paquete UDP de fd00::f6ce:36a7:f312:9b3
DEBUG:[mqtt-exporter]:Serial: 170;C;24.2500;1;1
INFO:[mqtt-exporter]:Publish temp in ºC = 24.25
INFO:[mqtt-exporter]:Published alarm status = 1
INFO:[mqtt-exporter]:[Topic: temp_C] b'24.25'
INFO:[mqtt-exporter]:[Topic: alarm] b'1'
DEBUG:[mqtt-exporter]:Serial: [INFO: App       ] Recibido paquete UDP de fd00::f6ce:36a7:f312:9b3
DEBUG:[mqtt-exporter]:Serial: 170;C;24.2500;1;1
INFO:[mqtt-exporter]:Publish temp in ºC = 24.25
INFO:[mqtt-exporter]:Published alarm status = 1
INFO:[mqtt-exporter]:[Topic: temp_C] b'24.25'
INFO:[mqtt-exporter]:[Topic: alarm] b'1'
DEBUG:[mqtt-exporter]:Serial: [INFO: App       ] Recibido paquete UDP de fd00::f6ce:36a7:f312:9b3
DEBUG:[mqtt-exporter]:Serial: 170;C;24.0000;1;1
INFO:[mqtt-exporter]:Publish temp in ºC = 24.0
INFO:[mqtt-exporter]:Published alarm status = 1
INFO:[mqtt-exporter]:[Topic: temp_C] b'24.0'
INFO:[mqtt-exporter]:[Topic: alarm] b'1'
DEBUG:[mqtt-exporter]:Serial: [INFO: App       ] Recibido paquete UDP de fd00::f6ce:36a7:f312:9b3
DEBUG:[mqtt-exporter]:Serial: 170;C;24.0000;1;1
INFO:[mqtt-exporter]:Publish temp in ºC = 24.0
INFO:[mqtt-exporter]:Published alarm status = 1
INFO:[mqtt-exporter]:[Topic: temp_C] b'24.0'
INFO:[mqtt-exporter]:[Topic: alarm] b'1'
DEBUG:[mqtt-exporter]:Serial: [INFO: App       ] Recibido paquete UDP de fd00::f6ce:36a7:f312:9b3
DEBUG:[mqtt-exporter]:Serial: 170;C;23.7500;1;0
INFO:[mqtt-exporter]:Publish temp in ºC = 23.75
INFO:[mqtt-exporter]:Published alarm status = 0
INFO:[mqtt-exporter]:[Topic: temp_C] b'23.75'
INFO:[mqtt-exporter]:[Topic: alarm] b'0'
DEBUG:[mqtt-exporter]:Serial: [INFO: App       ] Recibido paquete UDP de fd00::f6ce:36a7:f312:9b3
DEBUG:[mqtt-exporter]:Serial: 170;C;23.7500;1;0
INFO:[mqtt-exporter]:Publish temp in ºC = 23.75
INFO:[mqtt-exporter]:Published alarm status = 0
INFO:[mqtt-exporter]:[Topic: temp_C] b'23.75'
INFO:[mqtt-exporter]:[Topic: alarm] b'0'
DEBUG:[mqtt-exporter]:Serial: [INFO: App       ] Recibido paquete UDP de fd00::f6ce:36a7:f312:9b3
DEBUG:[mqtt-exporter]:Serial: 170;C;23.7500;1;0
INFO:[mqtt-exporter]:Publish temp in ºC = 23.75
INFO:[mqtt-exporter]:Published alarm status = 0
INFO:[mqtt-exporter]:[Topic: temp_C] b'23.75'
INFO:[mqtt-exporter]:[Topic: alarm] b'0'
DEBUG:[mqtt-exporter]:Serial: [INFO: App       ] Recibido paquete UDP de fd00::f6ce:36a7:f312:9b3
DEBUG:[mqtt-exporter]:Serial: 170;C;23.7500;1;0
INFO:[mqtt-exporter]:Publish temp in ºC = 23.75
INFO:[mqtt-exporter]:Published alarm status = 0
INFO:[mqtt-exporter]:[Topic: temp_C] b'23.75'
INFO:[mqtt-exporter]:[Topic: alarm] b'0'
DEBUG:[mqtt-exporter]:Serial: [INFO: App       ] Recibido paquete UDP de fd00::f6ce:36a7:f312:9b3
DEBUG:[mqtt-exporter]:Serial: 170;C;23.7500;1;0
INFO:[mqtt-exporter]:Publish temp in ºC = 23.75
INFO:[mqtt-exporter]:Published alarm status = 0
INFO:[mqtt-exporter]:[Topic: temp_C] b'23.75'
INFO:[mqtt-exporter]:[Topic: alarm] b'0'
DEBUG:[mqtt-exporter]:Serial: [INFO: App       ] Recibido paquete UDP de fd00::f6ce:36a7:f312:9b3
DEBUG:[mqtt-exporter]:Serial: 170;C;23.7500;1;0
INFO:[mqtt-exporter]:Publish temp in ºC = 23.75
INFO:[mqtt-exporter]:Published alarm status = 0
INFO:[mqtt-exporter]:[Topic: temp_C] b'23.75'
INFO:[mqtt-exporter]:[Topic: alarm] b'0'
DEBUG:[mqtt-exporter]:Serial: [INFO: App       ] Recibido paquete UDP de fd00::f6ce:36a7:f312:9b3
DEBUG:[mqtt-exporter]:Serial: 170;C;23.7500;1;0
INFO:[mqtt-exporter]:Publish temp in ºC = 23.75
INFO:[mqtt-exporter]:Published alarm status = 0
INFO:[mqtt-exporter]:[Topic: temp_C] b'23.75'
INFO:[mqtt-exporter]:[Topic: alarm] b'0'
DEBUG:[mqtt-exporter]:Serial: [INFO: App       ] Recibido paquete UDP de fd00::f6ce:36a7:f312:9b3
DEBUG:[mqtt-exporter]:Serial: 170;C;23.7500;1;0
INFO:[mqtt-exporter]:Publish temp in ºC = 23.75
INFO:[mqtt-exporter]:Published alarm status = 0
INFO:[mqtt-exporter]:[Topic: temp_C] b'23.75'
INFO:[mqtt-exporter]:[Topic: alarm] b'0'
DEBUG:[mqtt-exporter]:Serial: [INFO: App       ] Recibido paquete UDP de fd00::f6ce:36a7:f312:9b3
DEBUG:[mqtt-exporter]:Serial: 170;C;23.7500;1;0
INFO:[mqtt-exporter]:Publish temp in ºC = 23.75
INFO:[mqtt-exporter]:Published alarm status = 0
INFO:[mqtt-exporter]:[Topic: temp_C] b'23.75'
INFO:[mqtt-exporter]:[Topic: alarm] b'0'
DEBUG:[mqtt-exporter]:Serial: [INFO: App       ] Recibido paquete UDP de fd00::f6ce:36a7:f312:9b3
DEBUG:[mqtt-exporter]:Serial: 170;C;23.5000;1;0
INFO:[mqtt-exporter]:Publish temp in ºC = 23.5
INFO:[mqtt-exporter]:Published alarm status = 0
INFO:[mqtt-exporter]:[Topic: temp_C] b'23.5'
INFO:[mqtt-exporter]:[Topic: alarm] b'0'
DEBUG:[mqtt-exporter]:Serial: [INFO: App       ] Recibido paquete UDP de fd00::f6ce:36a7:f312:9b3
DEBUG:[mqtt-exporter]:Serial: 170;C;23.5000;1;0
INFO:[mqtt-exporter]:Publish temp in ºC = 23.5
INFO:[mqtt-exporter]:Published alarm status = 0
INFO:[mqtt-exporter]:[Topic: temp_C] b'23.5'
INFO:[mqtt-exporter]:[Topic: alarm] b'0'
DEBUG:[mqtt-exporter]:Serial: [INFO: App       ] Recibido paquete UDP de fd00::f6ce:36a7:f312:9b3
DEBUG:[mqtt-exporter]:Serial: 170;C;23.5000;1;0
INFO:[mqtt-exporter]:Publish temp in ºC = 23.5
INFO:[mqtt-exporter]:Published alarm status = 0
INFO:[mqtt-exporter]:[Topic: temp_C] b'23.5'
INFO:[mqtt-exporter]:[Topic: alarm] b'0'
DEBUG:[mqtt-exporter]:Serial: [INFO: App       ] Recibido paquete UDP de fd00::f6ce:36a7:f312:9b3
DEBUG:[mqtt-exporter]:Serial: 170;C;23.5000;1;0
INFO:[mqtt-exporter]:Publish temp in ºC = 23.5
INFO:[mqtt-exporter]:Published alarm status = 0
INFO:[mqtt-exporter]:[Topic: temp_C] b'23.5'
INFO:[mqtt-exporter]:[Topic: alarm] b'0'
DEBUG:[mqtt-exporter]:Serial: [INFO: App       ] Recibido paquete UDP de fd00::f6ce:36a7:f312:9b3
DEBUG:[mqtt-exporter]:Serial: 170;C;23.5000;1;0
INFO:[mqtt-exporter]:Publish temp in ºC = 23.5
INFO:[mqtt-exporter]:Published alarm status = 0
INFO:[mqtt-exporter]:[Topic: temp_C] b'23.5'
INFO:[mqtt-exporter]:[Topic: alarm] b'0'
DEBUG:[mqtt-exporter]:Serial: [INFO: App       ] Recibido paquete UDP de fd00::f6ce:36a7:f312:9b3
DEBUG:[mqtt-exporter]:Serial: 170;C;23.5000;1;0
INFO:[mqtt-exporter]:Publish temp in ºC = 23.5
INFO:[mqtt-exporter]:Published alarm status = 0
INFO:[mqtt-exporter]:[Topic: temp_C] b'23.5'
INFO:[mqtt-exporter]:[Topic: alarm] b'0'
DEBUG:[mqtt-exporter]:Serial: [INFO: App       ] Recibido paquete UDP de fd00::f6ce:36a7:f312:9b3
DEBUG:[mqtt-exporter]:Serial: 170;C;23.5000;1;0
INFO:[mqtt-exporter]:Publish temp in ºC = 23.5
INFO:[mqtt-exporter]:Published alarm status = 0
INFO:[mqtt-exporter]:[Topic: temp_C] b'23.5'
INFO:[mqtt-exporter]:[Topic: alarm] b'0'
DEBUG:[mqtt-exporter]:Serial: [INFO: App       ] Recibido paquete UDP de fd00::f6ce:36a7:f312:9b3
DEBUG:[mqtt-exporter]:Serial: 170;C;23.5000;1;0
INFO:[mqtt-exporter]:Publish temp in ºC = 23.5
INFO:[mqtt-exporter]:Published alarm status = 0
INFO:[mqtt-exporter]:[Topic: temp_C] b'23.5'
INFO:[mqtt-exporter]:[Topic: alarm] b'0'
DEBUG:[mqtt-exporter]:Serial: [INFO: App       ] Recibido paquete UDP de fd00::f6ce:36a7:f312:9b3
DEBUG:[mqtt-exporter]:Serial: 170;C;23.5000;1;0
INFO:[mqtt-exporter]:Publish temp in ºC = 23.5
INFO:[mqtt-exporter]:Published alarm status = 0
INFO:[mqtt-exporter]:[Topic: temp_C] b'23.5'
INFO:[mqtt-exporter]:[Topic: alarm] b'0'
DEBUG:[mqtt-exporter]:Serial: [INFO: App       ] Recibido paquete UDP de fd00::f6ce:36a7:f312:9b3
DEBUG:[mqtt-exporter]:Serial: 170;C;23.2500;1;0
INFO:[mqtt-exporter]:Publish temp in ºC = 23.25
INFO:[mqtt-exporter]:Published alarm status = 0
INFO:[mqtt-exporter]:[Topic: temp_C] b'23.25'
INFO:[mqtt-exporter]:[Topic: alarm] b'0'
DEBUG:[mqtt-exporter]:Serial: [INFO: App       ] Recibido paquete UDP de fd00::f6ce:36a7:f312:9b3
DEBUG:[mqtt-exporter]:Serial: 170;C;23.5000;1;0
INFO:[mqtt-exporter]:Publish temp in ºC = 23.5
INFO:[mqtt-exporter]:Published alarm status = 0
INFO:[mqtt-exporter]:[Topic: temp_C] b'23.5'
INFO:[mqtt-exporter]:[Topic: alarm] b'0'
DEBUG:[mqtt-exporter]:Serial: [INFO: App       ] Recibido paquete UDP de fd00::f6ce:36a7:f312:9b3
DEBUG:[mqtt-exporter]:Serial: 170;C;23.2500;1;0
INFO:[mqtt-exporter]:Publish temp in ºC = 23.25
INFO:[mqtt-exporter]:Published alarm status = 0
INFO:[mqtt-exporter]:[Topic: temp_C] b'23.25'
INFO:[mqtt-exporter]:[Topic: alarm] b'0'
DEBUG:[mqtt-exporter]:Serial: [INFO: App       ] Recibido paquete UDP de fd00::f6ce:36a7:f312:9b3
DEBUG:[mqtt-exporter]:Serial: 170;C;23.5000;1;0
INFO:[mqtt-exporter]:Publish temp in ºC = 23.5
INFO:[mqtt-exporter]:Published alarm status = 0
INFO:[mqtt-exporter]:[Topic: temp_C] b'23.5'
INFO:[mqtt-exporter]:[Topic: alarm] b'0'
DEBUG:[mqtt-exporter]:Serial: [INFO: App       ] Recibido paquete UDP de fd00::f6ce:36a7:f312:9b3
DEBUG:[mqtt-exporter]:Serial: 170;C;23.5000;1;0
INFO:[mqtt-exporter]:Publish temp in ºC = 23.5
INFO:[mqtt-exporter]:Published alarm status = 0
INFO:[mqtt-exporter]:[Topic: temp_C] b'23.5'
INFO:[mqtt-exporter]:[Topic: alarm] b'0'
DEBUG:[mqtt-exporter]:Serial: [INFO: App       ] Recibido paquete UDP de fd00::f6ce:36a7:f312:9b3
DEBUG:[mqtt-exporter]:Serial: 170;C;23.5000;1;0
INFO:[mqtt-exporter]:Publish temp in ºC = 23.5
INFO:[mqtt-exporter]:Published alarm status = 0
INFO:[mqtt-exporter]:[Topic: temp_C] b'23.5'
INFO:[mqtt-exporter]:[Topic: alarm] b'0'
DEBUG:[mqtt-exporter]:Serial: [INFO: App       ] Recibido paquete UDP de fd00::f6ce:36a7:f312:9b3
DEBUG:[mqtt-exporter]:Serial: 170;C;23.5000;1;0
INFO:[mqtt-exporter]:Publish temp in ºC = 23.5
INFO:[mqtt-exporter]:Published alarm status = 0
INFO:[mqtt-exporter]:[Topic: temp_C] b'23.5'
INFO:[mqtt-exporter]:[Topic: alarm] b'0'
DEBUG:[mqtt-exporter]:Serial: [INFO: App       ] Recibido paquete UDP de fd00::f6ce:36a7:f312:9b3
DEBUG:[mqtt-exporter]:Serial: 170;C;23.5000;1;0
INFO:[mqtt-exporter]:Publish temp in ºC = 23.5
INFO:[mqtt-exporter]:Published alarm status = 0
INFO:[mqtt-exporter]:[Topic: temp_C] b'23.5'
INFO:[mqtt-exporter]:[Topic: alarm] b'0'
DEBUG:[mqtt-exporter]:Serial: [INFO: App       ] Recibido paquete UDP de fd00::f6ce:36a7:f312:9b3
DEBUG:[mqtt-exporter]:Serial: 170;C;23.2500;1;0
INFO:[mqtt-exporter]:Publish temp in ºC = 23.25
INFO:[mqtt-exporter]:Published alarm status = 0
INFO:[mqtt-exporter]:[Topic: temp_C] b'23.25'
INFO:[mqtt-exporter]:[Topic: alarm] b'0'
DEBUG:[mqtt-exporter]:Serial: [INFO: App       ] Recibido paquete UDP de fd00::f6ce:36a7:f312:9b3
DEBUG:[mqtt-exporter]:Serial: 170;C;23.2500;1;0
INFO:[mqtt-exporter]:Publish temp in ºC = 23.25
INFO:[mqtt-exporter]:Published alarm status = 0
INFO:[mqtt-exporter]:[Topic: temp_C] b'23.25'
INFO:[mqtt-exporter]:[Topic: alarm] b'0'
DEBUG:[mqtt-exporter]:Serial: [INFO: App       ] Recibido paquete UDP de fd00::f6ce:36a7:f312:9b3
DEBUG:[mqtt-exporter]:Serial: 170;C;23.5000;1;0
INFO:[mqtt-exporter]:Publish temp in ºC = 23.5
INFO:[mqtt-exporter]:Published alarm status = 0
INFO:[mqtt-exporter]:[Topic: temp_C] b'23.5'
INFO:[mqtt-exporter]:[Topic: alarm] b'0'
DEBUG:[mqtt-exporter]:Serial: [INFO: App       ] Recibido paquete UDP de fd00::f6ce:36a7:f312:9b3
DEBUG:[mqtt-exporter]:Serial: 170;C;23.5000;1;0
INFO:[mqtt-exporter]:Publish temp in ºC = 23.5
INFO:[mqtt-exporter]:Published alarm status = 0
INFO:[mqtt-exporter]:[Topic: temp_C] b'23.5'
INFO:[mqtt-exporter]:[Topic: alarm] b'0'
DEBUG:[mqtt-exporter]:Serial: [INFO: App       ] Recibido paquete UDP de fd00::f6ce:36a7:f312:9b3
DEBUG:[mqtt-exporter]:Serial: 170;C;23.2500;1;0
INFO:[mqtt-exporter]:Publish temp in ºC = 23.25
INFO:[mqtt-exporter]:Published alarm status = 0
INFO:[mqtt-exporter]:[Topic: temp_C] b'23.25'
INFO:[mqtt-exporter]:[Topic: alarm] b'0'
DEBUG:[mqtt-exporter]:Serial: [INFO: App       ] Recibido paquete UDP de fd00::f6ce:36a7:f312:9b3
DEBUG:[mqtt-exporter]:Serial: 170;C;23.5000;1;0
INFO:[mqtt-exporter]:Publish temp in ºC = 23.5
INFO:[mqtt-exporter]:[Topic: temp_C] b'23.5'
INFO:[mqtt-exporter]:[Topic: alarm] b'0'
INFO:[mqtt-exporter]:Published alarm status = 0
DEBUG:[mqtt-exporter]:Serial: [INFO: App       ] Recibido paquete UDP de fd00::f6ce:36a7:f312:9b3
DEBUG:[mqtt-exporter]:Serial: 170;C;23.2500;1;0
INFO:[mqtt-exporter]:Publish temp in ºC = 23.25
INFO:[mqtt-exporter]:Published alarm status = 0
INFO:[mqtt-exporter]:[Topic: temp_C] b'23.25'
INFO:[mqtt-exporter]:[Topic: alarm] b'0'
DEBUG:[mqtt-exporter]:Serial: [INFO: App       ] Recibido paquete UDP de fd00::f6ce:36a7:f312:9b3
DEBUG:[mqtt-exporter]:Serial: 170;C;23.2500;1;0
INFO:[mqtt-exporter]:Publish temp in ºC = 23.25
INFO:[mqtt-exporter]:Published alarm status = 0
INFO:[mqtt-exporter]:[Topic: temp_C] b'23.25'
INFO:[mqtt-exporter]:[Topic: alarm] b'0'
DEBUG:[mqtt-exporter]:Serial: [INFO: App       ] Recibido paquete UDP de fd00::f6ce:36a7:f312:9b3
DEBUG:[mqtt-exporter]:Serial: 170;C;23.2500;1;0
INFO:[mqtt-exporter]:Publish temp in ºC = 23.25
INFO:[mqtt-exporter]:Published alarm status = 0
INFO:[mqtt-exporter]:[Topic: temp_C] b'23.25'
INFO:[mqtt-exporter]:[Topic: alarm] b'0'
DEBUG:[mqtt-exporter]:Serial: [INFO: App       ] Recibido paquete UDP de fd00::f6ce:36a7:f312:9b3
DEBUG:[mqtt-exporter]:Serial: 170;C;23.2500;1;0
INFO:[mqtt-exporter]:Publish temp in ºC = 23.25
INFO:[mqtt-exporter]:Published alarm status = 0
INFO:[mqtt-exporter]:[Topic: temp_C] b'23.25'
INFO:[mqtt-exporter]:[Topic: alarm] b'0'
DEBUG:[mqtt-exporter]:Serial: [INFO: App       ] Recibido paquete UDP de fd00::f6ce:36a7:f312:9b3
DEBUG:[mqtt-exporter]:Serial: 170;C;28.0000;1;1
INFO:[mqtt-exporter]:Publish temp in ºC = 28.0
INFO:[mqtt-exporter]:Published alarm status = 1
INFO:[mqtt-exporter]:[Topic: temp_C] b'28.0'
INFO:[mqtt-exporter]:[Topic: alarm] b'1'
DEBUG:[mqtt-exporter]:Serial: [INFO: App       ] Recibido paquete UDP de fd00::f6ce:36a7:f312:9b3
DEBUG:[mqtt-exporter]:Serial: 170;C;31.0000;1;1
INFO:[mqtt-exporter]:Publish temp in ºC = 31.0
INFO:[mqtt-exporter]:[Topic: temp_C] b'31.0'
INFO:[mqtt-exporter]:Published alarm status = 1
INFO:[mqtt-exporter]:[Topic: alarm] b'1'
DEBUG:[mqtt-exporter]:Serial: [INFO: App       ] Recibido paquete UDP de fd00::f6ce:36a7:f312:9b3
DEBUG:[mqtt-exporter]:Serial: 170;C;32.2500;1;1
INFO:[mqtt-exporter]:Publish temp in ºC = 32.25
INFO:[mqtt-exporter]:Published alarm status = 1
INFO:[mqtt-exporter]:[Topic: temp_C] b'32.25'
INFO:[mqtt-exporter]:[Topic: alarm] b'1'
DEBUG:[mqtt-exporter]:Serial: [INFO: App       ] Recibido paquete UDP de fd00::f6ce:36a7:f312:9b3
DEBUG:[mqtt-exporter]:Serial: 170;C;32.7500;1;1
INFO:[mqtt-exporter]:Publish temp in ºC = 32.75
INFO:[mqtt-exporter]:Published alarm status = 1
INFO:[mqtt-exporter]:[Topic: temp_C] b'32.75'
INFO:[mqtt-exporter]:[Topic: alarm] b'1'
DEBUG:[mqtt-exporter]:Serial: [INFO: App       ] Recibido paquete UDP de fd00::f6ce:36a7:f312:9b3
DEBUG:[mqtt-exporter]:Serial: 170;C;33.2500;1;1
INFO:[mqtt-exporter]:Publish temp in ºC = 33.25
INFO:[mqtt-exporter]:Published alarm status = 1
INFO:[mqtt-exporter]:[Topic: temp_C] b'33.25'
INFO:[mqtt-exporter]:[Topic: alarm] b'1'
DEBUG:[mqtt-exporter]:Serial: [INFO: App       ] Recibido paquete UDP de fd00::f6ce:36a7:f312:9b3
DEBUG:[mqtt-exporter]:Serial: 170;C;33.5000;1;1
INFO:[mqtt-exporter]:Publish temp in ºC = 33.5
INFO:[mqtt-exporter]:Published alarm status = 1
INFO:[mqtt-exporter]:[Topic: temp_C] b'33.5'
INFO:[mqtt-exporter]:[Topic: alarm] b'1'
DEBUG:[mqtt-exporter]:Serial: [INFO: App       ] Recibido paquete UDP de fd00::f6ce:36a7:f312:9b3
DEBUG:[mqtt-exporter]:Serial: 170;C;33.5000;1;1
INFO:[mqtt-exporter]:Publish temp in ºC = 33.5
INFO:[mqtt-exporter]:Published alarm status = 1
INFO:[mqtt-exporter]:[Topic: temp_C] b'33.5'
INFO:[mqtt-exporter]:[Topic: alarm] b'1'
DEBUG:[mqtt-exporter]:Serial: [INFO: App       ] Recibido paquete UDP de fd00::f6ce:36a7:f312:9b3
DEBUG:[mqtt-exporter]:Serial: 170;C;32.5000;1;1
INFO:[mqtt-exporter]:Publish temp in ºC = 32.5
INFO:[mqtt-exporter]:Published alarm status = 1
INFO:[mqtt-exporter]:[Topic: temp_C] b'32.5'
INFO:[mqtt-exporter]:[Topic: alarm] b'1'
DEBUG:[mqtt-exporter]:Serial: [INFO: App       ] Recibido paquete UDP de fd00::f6ce:36a7:f312:9b3
DEBUG:[mqtt-exporter]:Serial: 170;C;32.0000;1;1
INFO:[mqtt-exporter]:Publish temp in ºC = 32.0
INFO:[mqtt-exporter]:Published alarm status = 1
INFO:[mqtt-exporter]:[Topic: temp_C] b'32.0'
INFO:[mqtt-exporter]:[Topic: alarm] b'1'
DEBUG:[mqtt-exporter]:Serial: [INFO: App       ] Recibido paquete UDP de fd00::f6ce:36a7:f312:9b3
DEBUG:[mqtt-exporter]:Serial: 170;C;31.5000;1;1
INFO:[mqtt-exporter]:Publish temp in ºC = 31.5
INFO:[mqtt-exporter]:Published alarm status = 1
INFO:[mqtt-exporter]:[Topic: temp_C] b'31.5'
INFO:[mqtt-exporter]:[Topic: alarm] b'1'
DEBUG:[mqtt-exporter]:Serial: [INFO: App       ] Recibido paquete UDP de fd00::f6ce:36a7:f312:9b3
DEBUG:[mqtt-exporter]:Serial: 170;C;30.7500;1;1
INFO:[mqtt-exporter]:Publish temp in ºC = 30.75
INFO:[mqtt-exporter]:Published alarm status = 1
INFO:[mqtt-exporter]:[Topic: temp_C] b'30.75'
INFO:[mqtt-exporter]:[Topic: alarm] b'1'
DEBUG:[mqtt-exporter]:Serial: [INFO: App       ] Recibido paquete UDP de fd00::f6ce:36a7:f312:9b3
DEBUG:[mqtt-exporter]:Serial: 170;C;30.2500;1;1
INFO:[mqtt-exporter]:Publish temp in ºC = 30.25
INFO:[mqtt-exporter]:Published alarm status = 1
INFO:[mqtt-exporter]:[Topic: temp_C] b'30.25'
INFO:[mqtt-exporter]:[Topic: alarm] b'1'
DEBUG:[mqtt-exporter]:Serial: [INFO: App       ] Recibido paquete UDP de fd00::f6ce:36a7:f312:9b3
DEBUG:[mqtt-exporter]:Serial: 170;C;30.0000;1;1
INFO:[mqtt-exporter]:Publish temp in ºC = 30.0
INFO:[mqtt-exporter]:Published alarm status = 1
INFO:[mqtt-exporter]:[Topic: temp_C] b'30.0'
INFO:[mqtt-exporter]:[Topic: alarm] b'1'
DEBUG:[mqtt-exporter]:Serial: [INFO: App       ] Recibido paquete UDP de fd00::f6ce:36a7:f312:9b3
DEBUG:[mqtt-exporter]:Serial: 170;C;29.7500;1;1
INFO:[mqtt-exporter]:Publish temp in ºC = 29.75
INFO:[mqtt-exporter]:Published alarm status = 1
INFO:[mqtt-exporter]:[Topic: temp_C] b'29.75'
INFO:[mqtt-exporter]:[Topic: alarm] b'1'
DEBUG:[mqtt-exporter]:Serial: [INFO: App       ] Recibido paquete UDP de fd00::f6ce:36a7:f312:9b3
DEBUG:[mqtt-exporter]:Serial: 170;C;29.5000;1;1
INFO:[mqtt-exporter]:Publish temp in ºC = 29.5
INFO:[mqtt-exporter]:Published alarm status = 1
INFO:[mqtt-exporter]:[Topic: temp_C] b'29.5'
INFO:[mqtt-exporter]:[Topic: alarm] b'1'
DEBUG:[mqtt-exporter]:Serial: [INFO: App       ] Recibido paquete UDP de fd00::f6ce:36a7:f312:9b3
DEBUG:[mqtt-exporter]:Serial: 170;C;29.2500;1;1
INFO:[mqtt-exporter]:Publish temp in ºC = 29.25
INFO:[mqtt-exporter]:Published alarm status = 1
INFO:[mqtt-exporter]:[Topic: temp_C] b'29.25'
INFO:[mqtt-exporter]:[Topic: alarm] b'1'
DEBUG:[mqtt-exporter]:Serial: [INFO: App       ] Recibido paquete UDP de fd00::f6ce:36a7:f312:9b3
DEBUG:[mqtt-exporter]:Serial: 170;C;29.0000;1;1
INFO:[mqtt-exporter]:Publish temp in ºC = 29.0
INFO:[mqtt-exporter]:Published alarm status = 1
INFO:[mqtt-exporter]:[Topic: temp_C] b'29.0'
INFO:[mqtt-exporter]:[Topic: alarm] b'1'
DEBUG:[mqtt-exporter]:Serial: [INFO: App       ] Recibido paquete UDP de fd00::f6ce:36a7:f312:9b3
DEBUG:[mqtt-exporter]:Serial: 170;C;28.7500;1;1
INFO:[mqtt-exporter]:Publish temp in ºC = 28.75
INFO:[mqtt-exporter]:Published alarm status = 1
INFO:[mqtt-exporter]:[Topic: temp_C] b'28.75'
INFO:[mqtt-exporter]:[Topic: alarm] b'1'
DEBUG:[mqtt-exporter]:Serial: [INFO: App       ] Recibido paquete UDP de fd00::f6ce:36a7:f312:9b3
DEBUG:[mqtt-exporter]:Serial: 170;C;28.7500;1;1
INFO:[mqtt-exporter]:Publish temp in ºC = 28.75
INFO:[mqtt-exporter]:Published alarm status = 1
INFO:[mqtt-exporter]:[Topic: temp_C] b'28.75'
INFO:[mqtt-exporter]:[Topic: alarm] b'1'
DEBUG:[mqtt-exporter]:Serial: [INFO: App       ] Recibido paquete UDP de fd00::f6ce:36a7:f312:9b3
DEBUG:[mqtt-exporter]:Serial: 170;C;28.2500;1;1
INFO:[mqtt-exporter]:Publish temp in ºC = 28.25
INFO:[mqtt-exporter]:Published alarm status = 1
INFO:[mqtt-exporter]:[Topic: temp_C] b'28.25'
INFO:[mqtt-exporter]:[Topic: alarm] b'1'
DEBUG:[mqtt-exporter]:Serial: [INFO: App       ] Recibido paquete UDP de fd00::f6ce:36a7:f312:9b3
DEBUG:[mqtt-exporter]:Serial: 170;C;28.0000;1;1
INFO:[mqtt-exporter]:Publish temp in ºC = 28.0
INFO:[mqtt-exporter]:Published alarm status = 1
INFO:[mqtt-exporter]:[Topic: temp_C] b'28.0'
INFO:[mqtt-exporter]:[Topic: alarm] b'1'
DEBUG:[mqtt-exporter]:Serial: [INFO: App       ] Recibido paquete UDP de fd00::f6ce:36a7:f312:9b3
DEBUG:[mqtt-exporter]:Serial: 170;C;27.7500;1;1
INFO:[mqtt-exporter]:Publish temp in ºC = 27.75
INFO:[mqtt-exporter]:Published alarm status = 1
INFO:[mqtt-exporter]:[Topic: temp_C] b'27.75'
INFO:[mqtt-exporter]:[Topic: alarm] b'1'
DEBUG:[mqtt-exporter]:Serial: [INFO: App       ] Recibido paquete UDP de fd00::f6ce:36a7:f312:9b3
DEBUG:[mqtt-exporter]:Serial: 170;C;27.7500;1;1
INFO:[mqtt-exporter]:Publish temp in ºC = 27.75
INFO:[mqtt-exporter]:Published alarm status = 1
INFO:[mqtt-exporter]:[Topic: temp_C] b'27.75'
INFO:[mqtt-exporter]:[Topic: alarm] b'1'
DEBUG:[mqtt-exporter]:Serial: [INFO: App       ] Recibido paquete UDP de fd00::f6ce:36a7:f312:9b3
DEBUG:[mqtt-exporter]:Serial: 170;C;27.2500;1;1
INFO:[mqtt-exporter]:Publish temp in ºC = 27.25
INFO:[mqtt-exporter]:Published alarm status = 1
INFO:[mqtt-exporter]:[Topic: temp_C] b'27.25'
INFO:[mqtt-exporter]:[Topic: alarm] b'1'
DEBUG:[mqtt-exporter]:Serial: [INFO: App       ] Recibido paquete UDP de fd00::f6ce:36a7:f312:9b3
DEBUG:[mqtt-exporter]:Serial: 170;C;27.0000;1;1
INFO:[mqtt-exporter]:Publish temp in ºC = 27.0
INFO:[mqtt-exporter]:Published alarm status = 1
INFO:[mqtt-exporter]:[Topic: temp_C] b'27.0'
INFO:[mqtt-exporter]:[Topic: alarm] b'1'
DEBUG:[mqtt-exporter]:Serial: [INFO: App       ] Recibido paquete UDP de fd00::f6ce:36a7:f312:9b3
DEBUG:[mqtt-exporter]:Serial: 170;C;26.7500;1;1
INFO:[mqtt-exporter]:Publish temp in ºC = 26.75
INFO:[mqtt-exporter]:Published alarm status = 1
INFO:[mqtt-exporter]:[Topic: temp_C] b'26.75'
INFO:[mqtt-exporter]:[Topic: alarm] b'1'
DEBUG:[mqtt-exporter]:Serial: [INFO: App       ] Recibido paquete UDP de fd00::f6ce:36a7:f312:9b3
DEBUG:[mqtt-exporter]:Serial: 170;C;26.7500;1;1
INFO:[mqtt-exporter]:Publish temp in ºC = 26.75
INFO:[mqtt-exporter]:Published alarm status = 1
INFO:[mqtt-exporter]:[Topic: temp_C] b'26.75'
INFO:[mqtt-exporter]:[Topic: alarm] b'1'
DEBUG:[mqtt-exporter]:Serial: [INFO: App       ] Recibido paquete UDP de fd00::f6ce:36a7:f312:9b3
DEBUG:[mqtt-exporter]:Serial: 170;C;26.7500;1;1
INFO:[mqtt-exporter]:Publish temp in ºC = 26.75
INFO:[mqtt-exporter]:Published alarm status = 1
INFO:[mqtt-exporter]:[Topic: temp_C] b'26.75'
INFO:[mqtt-exporter]:[Topic: alarm] b'1'
DEBUG:[mqtt-exporter]:Serial: [INFO: App       ] Recibido paquete UDP de fd00::f6ce:36a7:f312:9b3
DEBUG:[mqtt-exporter]:Serial: 170;C;26.5000;1;1
INFO:[mqtt-exporter]:Publish temp in ºC = 26.5
INFO:[mqtt-exporter]:Published alarm status = 1
INFO:[mqtt-exporter]:[Topic: temp_C] b'26.5'
INFO:[mqtt-exporter]:[Topic: alarm] b'1'
DEBUG:[mqtt-exporter]:Serial: [INFO: App       ] Recibido paquete UDP de fd00::f6ce:36a7:f312:9b3
DEBUG:[mqtt-exporter]:Serial: 170;C;26.5000;1;1
INFO:[mqtt-exporter]:Publish temp in ºC = 26.5
INFO:[mqtt-exporter]:Published alarm status = 1
INFO:[mqtt-exporter]:[Topic: temp_C] b'26.5'
INFO:[mqtt-exporter]:[Topic: alarm] b'1'
DEBUG:[mqtt-exporter]:Serial: [INFO: App       ] Recibido paquete UDP de fd00::f6ce:36a7:f312:9b3
DEBUG:[mqtt-exporter]:Serial: 170;C;26.2500;1;1
INFO:[mqtt-exporter]:Publish temp in ºC = 26.25
INFO:[mqtt-exporter]:Published alarm status = 1
INFO:[mqtt-exporter]:[Topic: temp_C] b'26.25'
INFO:[mqtt-exporter]:[Topic: alarm] b'1'
DEBUG:[mqtt-exporter]:Serial: [INFO: App       ] Recibido paquete UDP de fd00::f6ce:36a7:f312:9b3
DEBUG:[mqtt-exporter]:Serial: 170;C;26.0000;1;1
INFO:[mqtt-exporter]:Publish temp in ºC = 26.0
INFO:[mqtt-exporter]:Published alarm status = 1
INFO:[mqtt-exporter]:[Topic: temp_C] b'26.0'
INFO:[mqtt-exporter]:[Topic: alarm] b'1'
DEBUG:[mqtt-exporter]:Serial: [INFO: App       ] Recibido paquete UDP de fd00::f6ce:36a7:f312:9b3
DEBUG:[mqtt-exporter]:Serial: 170;C;25.7500;1;1
INFO:[mqtt-exporter]:Publish temp in ºC = 25.75
INFO:[mqtt-exporter]:Published alarm status = 1
INFO:[mqtt-exporter]:[Topic: temp_C] b'25.75'
INFO:[mqtt-exporter]:[Topic: alarm] b'1'
DEBUG:[mqtt-exporter]:Serial: [INFO: App       ] Recibido paquete UDP de fd00::f6ce:36a7:f312:9b3
DEBUG:[mqtt-exporter]:Serial: 170;C;25.7500;1;1
INFO:[mqtt-exporter]:Publish temp in ºC = 25.75
INFO:[mqtt-exporter]:Published alarm status = 1
INFO:[mqtt-exporter]:[Topic: temp_C] b'25.75'
INFO:[mqtt-exporter]:[Topic: alarm] b'1'
DEBUG:[mqtt-exporter]:Serial: [INFO: App       ] Recibido paquete UDP de fd00::f6ce:36a7:f312:9b3
DEBUG:[mqtt-exporter]:Serial: 170;C;25.5000;1;1
INFO:[mqtt-exporter]:Publish temp in ºC = 25.5
INFO:[mqtt-exporter]:Published alarm status = 1
INFO:[mqtt-exporter]:[Topic: temp_C] b'25.5'
INFO:[mqtt-exporter]:[Topic: alarm] b'1'
DEBUG:[mqtt-exporter]:Serial: [INFO: App       ] Recibido paquete UDP de fd00::f6ce:36a7:f312:9b3
DEBUG:[mqtt-exporter]:Serial: 170;C;25.5000;1;1
INFO:[mqtt-exporter]:Publish temp in ºC = 25.5
INFO:[mqtt-exporter]:Published alarm status = 1
INFO:[mqtt-exporter]:[Topic: temp_C] b'25.5'
INFO:[mqtt-exporter]:[Topic: alarm] b'1'
DEBUG:[mqtt-exporter]:Serial: [INFO: App       ] Recibido paquete UDP de fd00::f6ce:36a7:f312:9b3
DEBUG:[mqtt-exporter]:Serial: 170;C;25.2500;1;1
INFO:[mqtt-exporter]:Publish temp in ºC = 25.25
INFO:[mqtt-exporter]:Published alarm status = 1
INFO:[mqtt-exporter]:[Topic: temp_C] b'25.25'
INFO:[mqtt-exporter]:[Topic: alarm] b'1'
DEBUG:[mqtt-exporter]:Serial: [INFO: App       ] Recibido paquete UDP de fd00::f6ce:36a7:f312:9b3
DEBUG:[mqtt-exporter]:Serial: 170;C;25.2500;1;1
INFO:[mqtt-exporter]:Publish temp in ºC = 25.25
INFO:[mqtt-exporter]:Published alarm status = 1
INFO:[mqtt-exporter]:[Topic: temp_C] b'25.25'
INFO:[mqtt-exporter]:[Topic: alarm] b'1'
DEBUG:[mqtt-exporter]:Serial: [INFO: App       ] Recibido paquete UDP de fd00::f6ce:36a7:f312:9b3
DEBUG:[mqtt-exporter]:Serial: 170;C;25.2500;1;1
INFO:[mqtt-exporter]:Publish temp in ºC = 25.25
INFO:[mqtt-exporter]:Published alarm status = 1
INFO:[mqtt-exporter]:[Topic: temp_C] b'25.25'
INFO:[mqtt-exporter]:[Topic: alarm] b'1'
DEBUG:[mqtt-exporter]:Serial: [INFO: App       ] Recibido paquete UDP de fd00::f6ce:36a7:f312:9b3
DEBUG:[mqtt-exporter]:Serial: 170;C;25.0000;1;1
INFO:[mqtt-exporter]:Publish temp in ºC = 25.0
INFO:[mqtt-exporter]:Published alarm status = 1
INFO:[mqtt-exporter]:[Topic: temp_C] b'25.0'
INFO:[mqtt-exporter]:[Topic: alarm] b'1'
DEBUG:[mqtt-exporter]:Serial: [INFO: App       ] Recibido paquete UDP de fd00::f6ce:36a7:f312:9b3
DEBUG:[mqtt-exporter]:Serial: 170;C;25.0000;1;1
INFO:[mqtt-exporter]:Publish temp in ºC = 25.0
INFO:[mqtt-exporter]:Published alarm status = 1
INFO:[mqtt-exporter]:[Topic: temp_C] b'25.0'
INFO:[mqtt-exporter]:[Topic: alarm] b'1'
DEBUG:[mqtt-exporter]:Serial: [INFO: App       ] Recibido paquete UDP de fd00::f6ce:36a7:f312:9b3
DEBUG:[mqtt-exporter]:Serial: 170;C;25.2500;1;1
INFO:[mqtt-exporter]:Publish temp in ºC = 25.25
INFO:[mqtt-exporter]:Published alarm status = 1
INFO:[mqtt-exporter]:[Topic: temp_C] b'25.25'
INFO:[mqtt-exporter]:[Topic: alarm] b'1'
DEBUG:[mqtt-exporter]:Serial: [INFO: App       ] Recibido paquete UDP de fd00::f6ce:36a7:f312:9b3
DEBUG:[mqtt-exporter]:Serial: 170;C;25.0000;1;1
INFO:[mqtt-exporter]:Publish temp in ºC = 25.0
INFO:[mqtt-exporter]:Published alarm status = 1
INFO:[mqtt-exporter]:[Topic: temp_C] b'25.0'
INFO:[mqtt-exporter]:[Topic: alarm] b'1'
DEBUG:[mqtt-exporter]:Serial: [INFO: App       ] Recibido paquete UDP de fd00::f6ce:36a7:f312:9b3
DEBUG:[mqtt-exporter]:Serial: 170;C;25.0000;1;1
INFO:[mqtt-exporter]:Publish temp in ºC = 25.0
INFO:[mqtt-exporter]:Published alarm status = 1
INFO:[mqtt-exporter]:[Topic: temp_C] b'25.0'
INFO:[mqtt-exporter]:[Topic: alarm] b'1'
DEBUG:[mqtt-exporter]:Serial: [INFO: App       ] Recibido paquete UDP de fd00::f6ce:36a7:f312:9b3
DEBUG:[mqtt-exporter]:Serial: 170;C;24.7500;1;1
INFO:[mqtt-exporter]:Publish temp in ºC = 24.75
INFO:[mqtt-exporter]:Published alarm status = 1
INFO:[mqtt-exporter]:[Topic: temp_C] b'24.75'
INFO:[mqtt-exporter]:[Topic: alarm] b'1'
DEBUG:[mqtt-exporter]:Serial: [INFO: App       ] Recibido paquete UDP de fd00::f6ce:36a7:f312:9b3
DEBUG:[mqtt-exporter]:Serial: 170;C;24.7500;1;1
INFO:[mqtt-exporter]:Publish temp in ºC = 24.75
INFO:[mqtt-exporter]:Published alarm status = 1
INFO:[mqtt-exporter]:[Topic: temp_C] b'24.75'
INFO:[mqtt-exporter]:[Topic: alarm] b'1'
DEBUG:[mqtt-exporter]:Serial: [INFO: App       ] Recibido paquete UDP de fd00::f6ce:36a7:f312:9b3
DEBUG:[mqtt-exporter]:Serial: 170;C;24.7500;1;1
INFO:[mqtt-exporter]:Publish temp in ºC = 24.75
INFO:[mqtt-exporter]:Published alarm status = 1
INFO:[mqtt-exporter]:[Topic: temp_C] b'24.75'
INFO:[mqtt-exporter]:[Topic: alarm] b'1'
DEBUG:[mqtt-exporter]:Serial: [INFO: App       ] Recibido paquete UDP de fd00::f6ce:36a7:f312:9b3
DEBUG:[mqtt-exporter]:Serial: 170;C;24.7500;1;1
INFO:[mqtt-exporter]:Publish temp in ºC = 24.75
INFO:[mqtt-exporter]:Published alarm status = 1
INFO:[mqtt-exporter]:[Topic: temp_C] b'24.75'
INFO:[mqtt-exporter]:[Topic: alarm] b'1'
DEBUG:[mqtt-exporter]:Serial: [INFO: App       ] Recibido paquete UDP de fd00::f6ce:36a7:f312:9b3
DEBUG:[mqtt-exporter]:Serial: 170;C;24.7500;1;1
INFO:[mqtt-exporter]:Publish temp in ºC = 24.75
INFO:[mqtt-exporter]:Published alarm status = 1
INFO:[mqtt-exporter]:[Topic: temp_C] b'24.75'
INFO:[mqtt-exporter]:[Topic: alarm] b'1'
DEBUG:[mqtt-exporter]:Serial: [INFO: App       ] Recibido paquete UDP de fd00::f6ce:36a7:f312:9b3
DEBUG:[mqtt-exporter]:Serial: 170;C;24.5000;1;1
INFO:[mqtt-exporter]:Publish temp in ºC = 24.5
INFO:[mqtt-exporter]:Published alarm status = 1
INFO:[mqtt-exporter]:[Topic: temp_C] b'24.5'
INFO:[mqtt-exporter]:[Topic: alarm] b'1'
DEBUG:[mqtt-exporter]:Serial: [INFO: App       ] Recibido paquete UDP de fd00::f6ce:36a7:f312:9b3
DEBUG:[mqtt-exporter]:Serial: 170;C;24.5000;1;1
INFO:[mqtt-exporter]:Publish temp in ºC = 24.5
INFO:[mqtt-exporter]:Published alarm status = 1
INFO:[mqtt-exporter]:[Topic: temp_C] b'24.5'
INFO:[mqtt-exporter]:[Topic: alarm] b'1'
DEBUG:[mqtt-exporter]:Serial: [INFO: App       ] Recibido paquete UDP de fd00::f6ce:36a7:f312:9b3
DEBUG:[mqtt-exporter]:Serial: 170;C;24.5000;1;1
INFO:[mqtt-exporter]:Publish temp in ºC = 24.5
INFO:[mqtt-exporter]:Published alarm status = 1
INFO:[mqtt-exporter]:[Topic: temp_C] b'24.5'
INFO:[mqtt-exporter]:[Topic: alarm] b'1'
DEBUG:[mqtt-exporter]:Serial: [INFO: App       ] Recibido paquete UDP de fd00::f6ce:36a7:f312:9b3
DEBUG:[mqtt-exporter]:Serial: 170;C;24.5000;1;1
INFO:[mqtt-exporter]:Publish temp in ºC = 24.5
INFO:[mqtt-exporter]:Published alarm status = 1
INFO:[mqtt-exporter]:[Topic: temp_C] b'24.5'
INFO:[mqtt-exporter]:[Topic: alarm] b'1'
DEBUG:[mqtt-exporter]:Serial: [INFO: App       ] Recibido paquete UDP de fd00::f6ce:36a7:f312:9b3
DEBUG:[mqtt-exporter]:Serial: 170;C;24.2500;1;1
INFO:[mqtt-exporter]:Publish temp in ºC = 24.25
INFO:[mqtt-exporter]:Published alarm status = 1
INFO:[mqtt-exporter]:[Topic: temp_C] b'24.25'
INFO:[mqtt-exporter]:[Topic: alarm] b'1'
DEBUG:[mqtt-exporter]:Serial: [INFO: App       ] Recibido paquete UDP de fd00::f6ce:36a7:f312:9b3
DEBUG:[mqtt-exporter]:Serial: 170;C;24.2500;1;1
INFO:[mqtt-exporter]:Publish temp in ºC = 24.25
INFO:[mqtt-exporter]:Published alarm status = 1
INFO:[mqtt-exporter]:[Topic: temp_C] b'24.25'
INFO:[mqtt-exporter]:[Topic: alarm] b'1'
DEBUG:[mqtt-exporter]:Serial: [INFO: App       ] Recibido paquete UDP de fd00::f6ce:36a7:f312:9b3
DEBUG:[mqtt-exporter]:Serial: 170;C;24.2500;1;1
INFO:[mqtt-exporter]:Publish temp in ºC = 24.25
INFO:[mqtt-exporter]:Published alarm status = 1
INFO:[mqtt-exporter]:[Topic: temp_C] b'24.25'
INFO:[mqtt-exporter]:[Topic: alarm] b'1'
DEBUG:[mqtt-exporter]:Serial: [INFO: App       ] Recibido paquete UDP de fd00::f6ce:36a7:f312:9b3
DEBUG:[mqtt-exporter]:Serial: 170;C;24.2500;1;1
INFO:[mqtt-exporter]:Publish temp in ºC = 24.25
INFO:[mqtt-exporter]:Published alarm status = 1
INFO:[mqtt-exporter]:[Topic: temp_C] b'24.25'
INFO:[mqtt-exporter]:[Topic: alarm] b'1'
DEBUG:[mqtt-exporter]:Serial: [INFO: App       ] Recibido paquete UDP de fd00::f6ce:36a7:f312:9b3
DEBUG:[mqtt-exporter]:Serial: 170;C;24.2500;1;1
INFO:[mqtt-exporter]:Publish temp in ºC = 24.25
INFO:[mqtt-exporter]:Published alarm status = 1
INFO:[mqtt-exporter]:[Topic: temp_C] b'24.25'
INFO:[mqtt-exporter]:[Topic: alarm] b'1'
DEBUG:[mqtt-exporter]:Serial: [INFO: App       ] Recibido paquete UDP de fd00::f6ce:36a7:f312:9b3
DEBUG:[mqtt-exporter]:Serial: 170;C;24.2500;1;1
INFO:[mqtt-exporter]:Publish temp in ºC = 24.25
INFO:[mqtt-exporter]:Published alarm status = 1
INFO:[mqtt-exporter]:[Topic: temp_C] b'24.25'
INFO:[mqtt-exporter]:[Topic: alarm] b'1'
DEBUG:[mqtt-exporter]:Serial: [INFO: App       ] Recibido paquete UDP de fd00::f6ce:36a7:f312:9b3
DEBUG:[mqtt-exporter]:Serial: 170;C;24.2500;1;1
INFO:[mqtt-exporter]:Publish temp in ºC = 24.25
INFO:[mqtt-exporter]:Published alarm status = 1
INFO:[mqtt-exporter]:[Topic: temp_C] b'24.25'
INFO:[mqtt-exporter]:[Topic: alarm] b'1'
DEBUG:[mqtt-exporter]:Serial: [INFO: App       ] Recibido paquete UDP de fd00::f6ce:36a7:f312:9b3
DEBUG:[mqtt-exporter]:Serial: 170;C;24.0000;1;1
INFO:[mqtt-exporter]:Publish temp in ºC = 24.0
INFO:[mqtt-exporter]:Published alarm status = 1
INFO:[mqtt-exporter]:[Topic: temp_C] b'24.0'
INFO:[mqtt-exporter]:[Topic: alarm] b'1'
DEBUG:[mqtt-exporter]:Serial: [INFO: App       ] Recibido paquete UDP de fd00::f6ce:36a7:f312:9b3
DEBUG:[mqtt-exporter]:Serial: 170;C;24.0000;1;1
INFO:[mqtt-exporter]:Publish temp in ºC = 24.0
INFO:[mqtt-exporter]:Published alarm status = 1
INFO:[mqtt-exporter]:[Topic: temp_C] b'24.0'
INFO:[mqtt-exporter]:[Topic: alarm] b'1'
DEBUG:[mqtt-exporter]:Serial: [INFO: App       ] Recibido paquete UDP de fd00::f6ce:36a7:f312:9b3
DEBUG:[mqtt-exporter]:Serial: 170;C;24.0000;1;1
INFO:[mqtt-exporter]:Publish temp in ºC = 24.0
INFO:[mqtt-exporter]:Published alarm status = 1
INFO:[mqtt-exporter]:[Topic: temp_C] b'24.0'
INFO:[mqtt-exporter]:[Topic: alarm] b'1'
DEBUG:[mqtt-exporter]:Serial: [INFO: App       ] Recibido paquete UDP de fd00::f6ce:36a7:f312:9b3
DEBUG:[mqtt-exporter]:Serial: 170;C;23.7500;1;0
INFO:[mqtt-exporter]:Publish temp in ºC = 23.75
INFO:[mqtt-exporter]:Published alarm status = 0
INFO:[mqtt-exporter]:[Topic: temp_C] b'23.75'
INFO:[mqtt-exporter]:[Topic: alarm] b'0'
DEBUG:[mqtt-exporter]:Serial: [INFO: App       ] Recibido paquete UDP de fd00::f6ce:36a7:f312:9b3
DEBUG:[mqtt-exporter]:Serial: 170;C;23.7500;1;0
INFO:[mqtt-exporter]:Publish temp in ºC = 23.75
INFO:[mqtt-exporter]:Published alarm status = 0
INFO:[mqtt-exporter]:[Topic: temp_C] b'23.75'
INFO:[mqtt-exporter]:[Topic: alarm] b'0'
DEBUG:[mqtt-exporter]:Serial: [INFO: App       ] Recibido paquete UDP de fd00::f6ce:36a7:f312:9b3
DEBUG:[mqtt-exporter]:Serial: 170;C;23.7500;1;0
INFO:[mqtt-exporter]:Publish temp in ºC = 23.75
INFO:[mqtt-exporter]:Published alarm status = 0
INFO:[mqtt-exporter]:[Topic: temp_C] b'23.75'
INFO:[mqtt-exporter]:[Topic: alarm] b'0'
DEBUG:[mqtt-exporter]:Serial: [INFO: App       ] Recibido paquete UDP de fd00::f6ce:36a7:f312:9b3
DEBUG:[mqtt-exporter]:Serial: 170;C;23.7500;1;0
INFO:[mqtt-exporter]:Publish temp in ºC = 23.75
INFO:[mqtt-exporter]:Published alarm status = 0
INFO:[mqtt-exporter]:[Topic: temp_C] b'23.75'
INFO:[mqtt-exporter]:[Topic: alarm] b'0'
DEBUG:[mqtt-exporter]:Serial: [INFO: App       ] Recibido paquete UDP de fd00::f6ce:36a7:f312:9b3
DEBUG:[mqtt-exporter]:Serial: 170;C;23.7500;1;0
INFO:[mqtt-exporter]:Publish temp in ºC = 23.75
INFO:[mqtt-exporter]:Published alarm status = 0
INFO:[mqtt-exporter]:[Topic: temp_C] b'23.75'
INFO:[mqtt-exporter]:[Topic: alarm] b'0'
DEBUG:[mqtt-exporter]:Serial: [INFO: App       ] Recibido paquete UDP de fd00::f6ce:36a7:f312:9b3
DEBUG:[mqtt-exporter]:Serial: 170;C;23.7500;1;0
INFO:[mqtt-exporter]:Publish temp in ºC = 23.75
INFO:[mqtt-exporter]:Published alarm status = 0
INFO:[mqtt-exporter]:[Topic: temp_C] b'23.75'
INFO:[mqtt-exporter]:[Topic: alarm] b'0'
DEBUG:[mqtt-exporter]:Serial: [INFO: App       ] Recibido paquete UDP de fd00::f6ce:36a7:f312:9b3
DEBUG:[mqtt-exporter]:Serial: 170;C;23.7500;1;0
INFO:[mqtt-exporter]:Publish temp in ºC = 23.75
INFO:[mqtt-exporter]:Published alarm status = 0
INFO:[mqtt-exporter]:[Topic: temp_C] b'23.75'
INFO:[mqtt-exporter]:[Topic: alarm] b'0'
DEBUG:[mqtt-exporter]:Serial: [INFO: App       ] Recibido paquete UDP de fd00::f6ce:36a7:f312:9b3
DEBUG:[mqtt-exporter]:Serial: 170;C;23.5000;1;0
INFO:[mqtt-exporter]:Publish temp in ºC = 23.5
INFO:[mqtt-exporter]:Published alarm status = 0
INFO:[mqtt-exporter]:[Topic: temp_C] b'23.5'
INFO:[mqtt-exporter]:[Topic: alarm] b'0'
DEBUG:[mqtt-exporter]:Serial: [INFO: App       ] Recibido paquete UDP de fd00::f6ce:36a7:f312:9b3
DEBUG:[mqtt-exporter]:Serial: 170;C;23.7500;1;0
INFO:[mqtt-exporter]:Publish temp in ºC = 23.75
INFO:[mqtt-exporter]:Published alarm status = 0
INFO:[mqtt-exporter]:[Topic: temp_C] b'23.75'
INFO:[mqtt-exporter]:[Topic: alarm] b'0'
DEBUG:[mqtt-exporter]:Serial: [INFO: App       ] Recibido paquete UDP de fd00::f6ce:36a7:f312:9b3
DEBUG:[mqtt-exporter]:Serial: 170;C;23.5000;1;0
INFO:[mqtt-exporter]:Publish temp in ºC = 23.5
INFO:[mqtt-exporter]:Published alarm status = 0
INFO:[mqtt-exporter]:[Topic: temp_C] b'23.5'
INFO:[mqtt-exporter]:[Topic: alarm] b'0'
DEBUG:[mqtt-exporter]:Serial: [INFO: App       ] Recibido paquete UDP de fd00::f6ce:36a7:f312:9b3
DEBUG:[mqtt-exporter]:Serial: 170;C;23.5000;1;0
INFO:[mqtt-exporter]:Publish temp in ºC = 23.5
INFO:[mqtt-exporter]:Published alarm status = 0
INFO:[mqtt-exporter]:[Topic: temp_C] b'23.5'
INFO:[mqtt-exporter]:[Topic: alarm] b'0'
DEBUG:[mqtt-exporter]:Serial: [INFO: App       ] Recibido paquete UDP de fd00::f6ce:36a7:f312:9b3
DEBUG:[mqtt-exporter]:Serial: 170;C;23.5000;1;0
INFO:[mqtt-exporter]:Publish temp in ºC = 23.5
INFO:[mqtt-exporter]:[Topic: temp_C] b'23.5'
INFO:[mqtt-exporter]:Published alarm status = 0
INFO:[mqtt-exporter]:[Topic: alarm] b'0'
DEBUG:[mqtt-exporter]:Serial: [INFO: App       ] Recibido paquete UDP de fd00::f6ce:36a7:f312:9b3
DEBUG:[mqtt-exporter]:Serial: 170;C;23.5000;1;0
INFO:[mqtt-exporter]:Publish temp in ºC = 23.5
INFO:[mqtt-exporter]:Published alarm status = 0
INFO:[mqtt-exporter]:[Topic: temp_C] b'23.5'
INFO:[mqtt-exporter]:[Topic: alarm] b'0'
DEBUG:[mqtt-exporter]:Serial: [INFO: App       ] Recibido paquete UDP de fd00::f6ce:36a7:f312:9b3
DEBUG:[mqtt-exporter]:Serial: 170;C;23.5000;1;0
INFO:[mqtt-exporter]:Publish temp in ºC = 23.5
INFO:[mqtt-exporter]:Published alarm status = 0
INFO:[mqtt-exporter]:[Topic: temp_C] b'23.5'
INFO:[mqtt-exporter]:[Topic: alarm] b'0'
DEBUG:[mqtt-exporter]:Serial: [INFO: App       ] Recibido paquete UDP de fd00::f6ce:36a7:f312:9b3
DEBUG:[mqtt-exporter]:Serial: 170;C;23.5000;1;0
INFO:[mqtt-exporter]:Publish temp in ºC = 23.5
INFO:[mqtt-exporter]:Published alarm status = 0
INFO:[mqtt-exporter]:[Topic: temp_C] b'23.5'
INFO:[mqtt-exporter]:[Topic: alarm] b'0'
DEBUG:[mqtt-exporter]:Serial: [INFO: App       ] Recibido paquete UDP de fd00::f6ce:36a7:f312:9b3
DEBUG:[mqtt-exporter]:Serial: 170;C;23.5000;1;0
INFO:[mqtt-exporter]:Publish temp in ºC = 23.5
INFO:[mqtt-exporter]:Published alarm status = 0
INFO:[mqtt-exporter]:[Topic: temp_C] b'23.5'
INFO:[mqtt-exporter]:[Topic: alarm] b'0'
DEBUG:[mqtt-exporter]:Serial: [INFO: App       ] Recibido paquete UDP de fd00::f6ce:36a7:f312:9b3
DEBUG:[mqtt-exporter]:Serial: 170;C;23.5000;1;0
INFO:[mqtt-exporter]:Publish temp in ºC = 23.5
INFO:[mqtt-exporter]:Published alarm status = 0
INFO:[mqtt-exporter]:[Topic: temp_C] b'23.5'
INFO:[mqtt-exporter]:[Topic: alarm] b'0'
DEBUG:[mqtt-exporter]:Serial: [INFO: App       ] Recibido paquete UDP de fd00::f6ce:36a7:f312:9b3
DEBUG:[mqtt-exporter]:Serial: 170;C;23.5000;1;0
INFO:[mqtt-exporter]:Publish temp in ºC = 23.5
INFO:[mqtt-exporter]:Published alarm status = 0
INFO:[mqtt-exporter]:[Topic: temp_C] b'23.5'
INFO:[mqtt-exporter]:[Topic: alarm] b'0'
DEBUG:[mqtt-exporter]:Serial: [INFO: App       ] Recibido paquete UDP de fd00::f6ce:36a7:f312:9b3
DEBUG:[mqtt-exporter]:Serial: 170;C;23.5000;1;0
INFO:[mqtt-exporter]:Publish temp in ºC = 23.5
INFO:[mqtt-exporter]:Published alarm status = 0
INFO:[mqtt-exporter]:[Topic: temp_C] b'23.5'
INFO:[mqtt-exporter]:[Topic: alarm] b'0'
DEBUG:[mqtt-exporter]:Serial: [INFO: App       ] Recibido paquete UDP de fd00::f6ce:36a7:f312:9b3
DEBUG:[mqtt-exporter]:Serial: 170;C;23.2500;1;0
INFO:[mqtt-exporter]:Publish temp in ºC = 23.25
INFO:[mqtt-exporter]:Published alarm status = 0
INFO:[mqtt-exporter]:[Topic: temp_C] b'23.25'
INFO:[mqtt-exporter]:[Topic: alarm] b'0'
DEBUG:[mqtt-exporter]:Serial: [INFO: App       ] Recibido paquete UDP de fd00::f6ce:36a7:f312:9b3
DEBUG:[mqtt-exporter]:Serial: 170;C;23.5000;1;0
INFO:[mqtt-exporter]:Publish temp in ºC = 23.5
INFO:[mqtt-exporter]:Published alarm status = 0
INFO:[mqtt-exporter]:[Topic: temp_C] b'23.5'
INFO:[mqtt-exporter]:[Topic: alarm] b'0'
DEBUG:[mqtt-exporter]:Serial: [INFO: App       ] Recibido paquete UDP de fd00::f6ce:36a7:f312:9b3
DEBUG:[mqtt-exporter]:Serial: 170;C;23.5000;1;0
INFO:[mqtt-exporter]:Publish temp in ºC = 23.5
INFO:[mqtt-exporter]:Published alarm status = 0
INFO:[mqtt-exporter]:[Topic: temp_C] b'23.5'
INFO:[mqtt-exporter]:[Topic: alarm] b'0'
DEBUG:[mqtt-exporter]:Serial: [INFO: App       ] Recibido paquete UDP de fd00::f6ce:36a7:f312:9b3
DEBUG:[mqtt-exporter]:Serial: 170;C;23.5000;1;0
INFO:[mqtt-exporter]:Publish temp in ºC = 23.5
INFO:[mqtt-exporter]:Published alarm status = 0
INFO:[mqtt-exporter]:[Topic: temp_C] b'23.5'
INFO:[mqtt-exporter]:[Topic: alarm] b'0'
DEBUG:[mqtt-exporter]:Serial: [INFO: App       ] Recibido paquete UDP de fd00::f6ce:36a7:f312:9b3
DEBUG:[mqtt-exporter]:Serial: 170;C;23.5000;1;0
INFO:[mqtt-exporter]:Publish temp in ºC = 23.5
INFO:[mqtt-exporter]:Published alarm status = 0
INFO:[mqtt-exporter]:[Topic: temp_C] b'23.5'
INFO:[mqtt-exporter]:[Topic: alarm] b'0'
DEBUG:[mqtt-exporter]:Serial: [INFO: App       ] Recibido paquete UDP de fd00::f6ce:36a7:f312:9b3
DEBUG:[mqtt-exporter]:Serial: 170;C;23.5000;1;0
INFO:[mqtt-exporter]:Publish temp in ºC = 23.5
INFO:[mqtt-exporter]:Published alarm status = 0
INFO:[mqtt-exporter]:[Topic: temp_C] b'23.5'
INFO:[mqtt-exporter]:[Topic: alarm] b'0'
DEBUG:[mqtt-exporter]:Serial: [INFO: App       ] Recibido paquete UDP de fd00::f6ce:36a7:f312:9b3
DEBUG:[mqtt-exporter]:Serial: 170;C;23.2500;1;0
INFO:[mqtt-exporter]:Publish temp in ºC = 23.25
INFO:[mqtt-exporter]:Published alarm status = 0
INFO:[mqtt-exporter]:[Topic: temp_C] b'23.25'
INFO:[mqtt-exporter]:[Topic: alarm] b'0'
DEBUG:[mqtt-exporter]:Serial: [INFO: App       ] Recibido paquete UDP de fd00::f6ce:36a7:f312:9b3
DEBUG:[mqtt-exporter]:Serial: 170;C;23.5000;1;0
INFO:[mqtt-exporter]:Publish temp in ºC = 23.5
INFO:[mqtt-exporter]:Published alarm status = 0
INFO:[mqtt-exporter]:[Topic: temp_C] b'23.5'
INFO:[mqtt-exporter]:[Topic: alarm] b'0'
DEBUG:[mqtt-exporter]:Serial: [INFO: App       ] Recibido paquete UDP de fd00::f6ce:36a7:f312:9b3
DEBUG:[mqtt-exporter]:Serial: 170;C;23.2500;1;0
INFO:[mqtt-exporter]:Publish temp in ºC = 23.25
INFO:[mqtt-exporter]:Published alarm status = 0
INFO:[mqtt-exporter]:[Topic: temp_C] b'23.25'
INFO:[mqtt-exporter]:[Topic: alarm] b'0'
DEBUG:[mqtt-exporter]:Serial: [INFO: App       ] Recibido paquete UDP de fd00::f6ce:36a7:f312:9b3
DEBUG:[mqtt-exporter]:Serial: 170;C;23.2500;1;0
INFO:[mqtt-exporter]:Publish temp in ºC = 23.25
INFO:[mqtt-exporter]:Published alarm status = 0
INFO:[mqtt-exporter]:[Topic: temp_C] b'23.25'
INFO:[mqtt-exporter]:[Topic: alarm] b'0'
DEBUG:[mqtt-exporter]:Serial: [INFO: App       ] Recibido paquete UDP de fd00::f6ce:36a7:f312:9b3
DEBUG:[mqtt-exporter]:Serial: 170;C;23.5000;1;0
INFO:[mqtt-exporter]:Publish temp in ºC = 23.5
INFO:[mqtt-exporter]:Published alarm status = 0
INFO:[mqtt-exporter]:[Topic: temp_C] b'23.5'
INFO:[mqtt-exporter]:[Topic: alarm] b'0'
DEBUG:[mqtt-exporter]:Serial: [INFO: App       ] Recibido paquete UDP de fd00::f6ce:36a7:f312:9b3
DEBUG:[mqtt-exporter]:Serial: 170;C;23.2500;1;0
INFO:[mqtt-exporter]:Publish temp in ºC = 23.25
INFO:[mqtt-exporter]:Published alarm status = 0
INFO:[mqtt-exporter]:[Topic: temp_C] b'23.25'
INFO:[mqtt-exporter]:[Topic: alarm] b'0'
DEBUG:[mqtt-exporter]:Serial: [INFO: App       ] Recibido paquete UDP de fd00::f6ce:36a7:f312:9b3
DEBUG:[mqtt-exporter]:Serial: 170;C;23.2500;1;0
INFO:[mqtt-exporter]:Publish temp in ºC = 23.25
INFO:[mqtt-exporter]:Published alarm status = 0
INFO:[mqtt-exporter]:[Topic: temp_C] b'23.25'
INFO:[mqtt-exporter]:[Topic: alarm] b'0'
DEBUG:[mqtt-exporter]:Serial: [INFO: App       ] Recibido paquete UDP de fd00::f6ce:36a7:f312:9b3
DEBUG:[mqtt-exporter]:Serial: 170;C;23.5000;1;0
INFO:[mqtt-exporter]:Publish temp in ºC = 23.5
INFO:[mqtt-exporter]:Published alarm status = 0
INFO:[mqtt-exporter]:[Topic: temp_C] b'23.5'
INFO:[mqtt-exporter]:[Topic: alarm] b'0'
DEBUG:[mqtt-exporter]:Serial: [INFO: App       ] Recibido paquete UDP de fd00::f6ce:36a7:f312:9b3
DEBUG:[mqtt-exporter]:Serial: 170;C;23.5000;1;0
INFO:[mqtt-exporter]:Publish temp in ºC = 23.5
INFO:[mqtt-exporter]:Published alarm status = 0
INFO:[mqtt-exporter]:[Topic: temp_C] b'23.5'
INFO:[mqtt-exporter]:[Topic: alarm] b'0'
DEBUG:[mqtt-exporter]:Serial: [INFO: App       ] Recibido paquete UDP de fd00::f6ce:36a7:f312:9b3
DEBUG:[mqtt-exporter]:Serial: 170;C;23.5000;1;0
INFO:[mqtt-exporter]:Publish temp in ºC = 23.5
INFO:[mqtt-exporter]:Published alarm status = 0
INFO:[mqtt-exporter]:[Topic: temp_C] b'23.5'
INFO:[mqtt-exporter]:[Topic: alarm] b'0'
DEBUG:[mqtt-exporter]:Serial: [INFO: App       ] Recibido paquete UDP de fd00::f6ce:36a7:f312:9b3
DEBUG:[mqtt-exporter]:Serial: 170;C;23.5000;1;0
INFO:[mqtt-exporter]:Publish temp in ºC = 23.5
INFO:[mqtt-exporter]:Published alarm status = 0
INFO:[mqtt-exporter]:[Topic: temp_C] b'23.5'
INFO:[mqtt-exporter]:[Topic: alarm] b'0'
DEBUG:[mqtt-exporter]:Serial: [INFO: App       ] Recibido paquete UDP de fd00::f6ce:36a7:f312:9b3
DEBUG:[mqtt-exporter]:Serial: 170;C;23.2500;1;0
INFO:[mqtt-exporter]:Publish temp in ºC = 23.25
INFO:[mqtt-exporter]:Published alarm status = 0
INFO:[mqtt-exporter]:[Topic: temp_C] b'23.25'
INFO:[mqtt-exporter]:[Topic: alarm] b'0'
DEBUG:[mqtt-exporter]:Serial: [INFO: App       ] Recibido paquete UDP de fd00::f6ce:36a7:f312:9b3
DEBUG:[mqtt-exporter]:Serial: 170;C;23.2500;1;0
INFO:[mqtt-exporter]:Publish temp in ºC = 23.25
INFO:[mqtt-exporter]:Published alarm status = 0
INFO:[mqtt-exporter]:[Topic: temp_C] b'23.25'
INFO:[mqtt-exporter]:[Topic: alarm] b'0'
DEBUG:[mqtt-exporter]:Serial: [INFO: App       ] Recibido paquete UDP de fd00::f6ce:36a7:f312:9b3
DEBUG:[mqtt-exporter]:Serial: 170;C;23.2500;1;0
INFO:[mqtt-exporter]:Publish temp in ºC = 23.25
INFO:[mqtt-exporter]:Published alarm status = 0
INFO:[mqtt-exporter]:[Topic: temp_C] b'23.25'
INFO:[mqtt-exporter]:[Topic: alarm] b'0'
DEBUG:[mqtt-exporter]:Serial: [INFO: App       ] Recibido paquete UDP de fd00::f6ce:36a7:f312:9b3
DEBUG:[mqtt-exporter]:Serial: 170;C;23.2500;1;0
INFO:[mqtt-exporter]:Publish temp in ºC = 23.25
INFO:[mqtt-exporter]:Published alarm status = 0
INFO:[mqtt-exporter]:[Topic: temp_C] b'23.25'
INFO:[mqtt-exporter]:[Topic: alarm] b'0'
DEBUG:[mqtt-exporter]:Serial: [INFO: App       ] Recibido paquete UDP de fd00::f6ce:36a7:f312:9b3
DEBUG:[mqtt-exporter]:Serial: 170;C;23.5000;1;0
INFO:[mqtt-exporter]:Publish temp in ºC = 23.5
INFO:[mqtt-exporter]:Published alarm status = 0
INFO:[mqtt-exporter]:[Topic: temp_C] b'23.5'
INFO:[mqtt-exporter]:[Topic: alarm] b'0'
DEBUG:[mqtt-exporter]:Serial: [INFO: App       ] Recibido paquete UDP de fd00::f6ce:36a7:f312:9b3
DEBUG:[mqtt-exporter]:Serial: 170;C;23.2500;1;0
INFO:[mqtt-exporter]:Publish temp in ºC = 23.25
INFO:[mqtt-exporter]:Published alarm status = 0
INFO:[mqtt-exporter]:[Topic: temp_C] b'23.25'
INFO:[mqtt-exporter]:[Topic: alarm] b'0'
DEBUG:[mqtt-exporter]:Serial: [INFO: App       ] Recibido paquete UDP de fd00::f6ce:36a7:f312:9b3
DEBUG:[mqtt-exporter]:Serial: 170;C;23.2500;1;0
INFO:[mqtt-exporter]:Publish temp in ºC = 23.25
INFO:[mqtt-exporter]:Published alarm status = 0
INFO:[mqtt-exporter]:[Topic: temp_C] b'23.25'
INFO:[mqtt-exporter]:[Topic: alarm] b'0'
DEBUG:[mqtt-exporter]:Serial: [INFO: App       ] Recibido paquete UDP de fd00::f6ce:36a7:f312:9b3
DEBUG:[mqtt-exporter]:Serial: 170;C;23.2500;1;0
INFO:[mqtt-exporter]:Publish temp in ºC = 23.25
INFO:[mqtt-exporter]:Published alarm status = 0
INFO:[mqtt-exporter]:[Topic: temp_C] b'23.25'
INFO:[mqtt-exporter]:[Topic: alarm] b'0'
DEBUG:[mqtt-exporter]:Serial: [INFO: App       ] Recibido paquete UDP de fd00::f6ce:36a7:f312:9b3
DEBUG:[mqtt-exporter]:Serial: 170;C;23.2500;1;0
INFO:[mqtt-exporter]:Publish temp in ºC = 23.25
INFO:[mqtt-exporter]:Published alarm status = 0
INFO:[mqtt-exporter]:[Topic: temp_C] b'23.25'
INFO:[mqtt-exporter]:[Topic: alarm] b'0'
DEBUG:[mqtt-exporter]:Serial: [INFO: App       ] Recibido paquete UDP de fd00::f6ce:36a7:f312:9b3
DEBUG:[mqtt-exporter]:Serial: 170;C;23.2500;1;0
INFO:[mqtt-exporter]:Publish temp in ºC = 23.25
INFO:[mqtt-exporter]:Published alarm status = 0
INFO:[mqtt-exporter]:[Topic: temp_C] b'23.25'
INFO:[mqtt-exporter]:[Topic: alarm] b'0'
DEBUG:[mqtt-exporter]:Serial: [INFO: App       ] Recibido paquete UDP de fd00::f6ce:36a7:f312:9b3
DEBUG:[mqtt-exporter]:Serial: 170;C;23.2500;1;0
INFO:[mqtt-exporter]:Publish temp in ºC = 23.25
INFO:[mqtt-exporter]:Published alarm status = 0
INFO:[mqtt-exporter]:[Topic: temp_C] b'23.25'
INFO:[mqtt-exporter]:[Topic: alarm] b'0'
DEBUG:[mqtt-exporter]:Serial: [INFO: App       ] Recibido paquete UDP de fd00::f6ce:36a7:f312:9b3
DEBUG:[mqtt-exporter]:Serial: 170;C;23.2500;1;0
INFO:[mqtt-exporter]:Publish temp in ºC = 23.25
INFO:[mqtt-exporter]:Published alarm status = 0
INFO:[mqtt-exporter]:[Topic: temp_C] b'23.25'
INFO:[mqtt-exporter]:[Topic: alarm] b'0'
DEBUG:[mqtt-exporter]:Serial: [INFO: App       ] Recibido paquete UDP de fd00::f6ce:36a7:f312:9b3
DEBUG:[mqtt-exporter]:Serial: 170;C;23.2500;1;0
INFO:[mqtt-exporter]:Publish temp in ºC = 23.25
INFO:[mqtt-exporter]:Published alarm status = 0
INFO:[mqtt-exporter]:[Topic: temp_C] b'23.25'
INFO:[mqtt-exporter]:[Topic: alarm] b'0'
DEBUG:[mqtt-exporter]:Serial: [INFO: App       ] Recibido paquete UDP de fd00::f6ce:36a7:f312:9b3
DEBUG:[mqtt-exporter]:Serial: 170;C;23.2500;1;0
INFO:[mqtt-exporter]:Publish temp in ºC = 23.25
INFO:[mqtt-exporter]:Published alarm status = 0
INFO:[mqtt-exporter]:[Topic: temp_C] b'23.25'
INFO:[mqtt-exporter]:[Topic: alarm] b'0'
DEBUG:[mqtt-exporter]:Serial: [INFO: App       ] Recibido paquete UDP de fd00::f6ce:36a7:f312:9b3
DEBUG:[mqtt-exporter]:Serial: 170;C;23.2500;1;0
INFO:[mqtt-exporter]:Publish temp in ºC = 23.25
INFO:[mqtt-exporter]:Published alarm status = 0
INFO:[mqtt-exporter]:[Topic: temp_C] b'23.25'
INFO:[mqtt-exporter]:[Topic: alarm] b'0'
DEBUG:[mqtt-exporter]:Serial: [INFO: App       ] Recibido paquete UDP de fd00::f6ce:36a7:f312:9b3
DEBUG:[mqtt-exporter]:Serial: 170;C;23.2500;1;0
INFO:[mqtt-exporter]:Publish temp in ºC = 23.25
INFO:[mqtt-exporter]:Published alarm status = 0
INFO:[mqtt-exporter]:[Topic: temp_C] b'23.25'
INFO:[mqtt-exporter]:[Topic: alarm] b'0'
DEBUG:[mqtt-exporter]:Serial: [INFO: App       ] Recibido paquete UDP de fd00::f6ce:36a7:f312:9b3
DEBUG:[mqtt-exporter]:Serial: 170;C;23.2500;1;0
INFO:[mqtt-exporter]:Publish temp in ºC = 23.25
INFO:[mqtt-exporter]:Published alarm status = 0
INFO:[mqtt-exporter]:[Topic: temp_C] b'23.25'
INFO:[mqtt-exporter]:[Topic: alarm] b'0'
DEBUG:[mqtt-exporter]:Serial: [INFO: App       ] Recibido paquete UDP de fd00::f6ce:36a7:f312:9b3
DEBUG:[mqtt-exporter]:Serial: 170;C;23.2500;1;0
INFO:[mqtt-exporter]:Publish temp in ºC = 23.25
INFO:[mqtt-exporter]:Published alarm status = 0
INFO:[mqtt-exporter]:[Topic: temp_C] b'23.25'
INFO:[mqtt-exporter]:[Topic: alarm] b'0'
DEBUG:[mqtt-exporter]:Serial: [INFO: App       ] Recibido paquete UDP de fd00::f6ce:36a7:f312:9b3
DEBUG:[mqtt-exporter]:Serial: 170;C;23.2500;1;0
INFO:[mqtt-exporter]:Publish temp in ºC = 23.25
INFO:[mqtt-exporter]:Published alarm status = 0
INFO:[mqtt-exporter]:[Topic: temp_C] b'23.25'
INFO:[mqtt-exporter]:[Topic: alarm] b'0'
DEBUG:[mqtt-exporter]:Serial: [INFO: App       ] Recibido paquete UDP de fd00::f6ce:36a7:f312:9b3
DEBUG:[mqtt-exporter]:Serial: 170;C;23.2500;1;0
INFO:[mqtt-exporter]:Publish temp in ºC = 23.25
INFO:[mqtt-exporter]:Published alarm status = 0
INFO:[mqtt-exporter]:[Topic: temp_C] b'23.25'
INFO:[mqtt-exporter]:[Topic: alarm] b'0'
DEBUG:[mqtt-exporter]:Serial: [INFO: App       ] Recibido paquete UDP de fd00::f6ce:36a7:f312:9b3
DEBUG:[mqtt-exporter]:Serial: 170;C;23.2500;1;0
INFO:[mqtt-exporter]:Publish temp in ºC = 23.25
INFO:[mqtt-exporter]:Published alarm status = 0
INFO:[mqtt-exporter]:[Topic: temp_C] b'23.25'
INFO:[mqtt-exporter]:[Topic: alarm] b'0'
DEBUG:[mqtt-exporter]:Serial: [INFO: App       ] Recibido paquete UDP de fd00::f6ce:36a7:f312:9b3
DEBUG:[mqtt-exporter]:Serial: 170;C;23.2500;1;0
INFO:[mqtt-exporter]:Publish temp in ºC = 23.25
INFO:[mqtt-exporter]:Published alarm status = 0
INFO:[mqtt-exporter]:[Topic: temp_C] b'23.25'
INFO:[mqtt-exporter]:[Topic: alarm] b'0'
DEBUG:[mqtt-exporter]:Serial: [INFO: App       ] Recibido paquete UDP de fd00::f6ce:36a7:f312:9b3
DEBUG:[mqtt-exporter]:Serial: 170;C;23.2500;1;0
INFO:[mqtt-exporter]:Publish temp in ºC = 23.25
INFO:[mqtt-exporter]:Published alarm status = 0
INFO:[mqtt-exporter]:[Topic: temp_C] b'23.25'
INFO:[mqtt-exporter]:[Topic: alarm] b'0'
DEBUG:[mqtt-exporter]:Serial: [INFO: App       ] Recibido paquete UDP de fd00::f6ce:36a7:f312:9b3
DEBUG:[mqtt-exporter]:Serial: 170;C;23.2500;1;0
INFO:[mqtt-exporter]:Publish temp in ºC = 23.25
INFO:[mqtt-exporter]:Published alarm status = 0
INFO:[mqtt-exporter]:[Topic: temp_C] b'23.25'
INFO:[mqtt-exporter]:[Topic: alarm] b'0'
DEBUG:[mqtt-exporter]:Serial: [INFO: App       ] Recibido paquete UDP de fd00::f6ce:36a7:f312:9b3
DEBUG:[mqtt-exporter]:Serial: 170;C;23.2500;1;0
INFO:[mqtt-exporter]:Publish temp in ºC = 23.25
INFO:[mqtt-exporter]:Published alarm status = 0
INFO:[mqtt-exporter]:[Topic: temp_C] b'23.25'
INFO:[mqtt-exporter]:[Topic: alarm] b'0'
DEBUG:[mqtt-exporter]:Serial: [INFO: App       ] Recibido paquete UDP de fd00::f6ce:36a7:f312:9b3
DEBUG:[mqtt-exporter]:Serial: 170;C;23.2500;1;0
INFO:[mqtt-exporter]:Publish temp in ºC = 23.25
INFO:[mqtt-exporter]:Published alarm status = 0
INFO:[mqtt-exporter]:[Topic: temp_C] b'23.25'
INFO:[mqtt-exporter]:[Topic: alarm] b'0'
DEBUG:[mqtt-exporter]:Serial: [INFO: App       ] Recibido paquete UDP de fd00::f6ce:36a7:f312:9b3
DEBUG:[mqtt-exporter]:Serial: 170;C;23.2500;1;0
INFO:[mqtt-exporter]:Publish temp in ºC = 23.25
INFO:[mqtt-exporter]:Published alarm status = 0
INFO:[mqtt-exporter]:[Topic: temp_C] b'23.25'
INFO:[mqtt-exporter]:[Topic: alarm] b'0'
DEBUG:[mqtt-exporter]:Serial: [INFO: App       ] Recibido paquete UDP de fd00::f6ce:36a7:f312:9b3
DEBUG:[mqtt-exporter]:Serial: 170;C;23.2500;1;0
INFO:[mqtt-exporter]:Publish temp in ºC = 23.25
INFO:[mqtt-exporter]:Published alarm status = 0
INFO:[mqtt-exporter]:[Topic: temp_C] b'23.25'
INFO:[mqtt-exporter]:[Topic: alarm] b'0'
DEBUG:[mqtt-exporter]:Serial: [INFO: App       ] Recibido paquete UDP de fd00::f6ce:36a7:f312:9b3
DEBUG:[mqtt-exporter]:Serial: 170;C;23.2500;1;0
INFO:[mqtt-exporter]:Publish temp in ºC = 23.25
INFO:[mqtt-exporter]:Published alarm status = 0
INFO:[mqtt-exporter]:[Topic: temp_C] b'23.25'
INFO:[mqtt-exporter]:[Topic: alarm] b'0'
DEBUG:[mqtt-exporter]:Serial: [INFO: App       ] Recibido paquete UDP de fd00::f6ce:36a7:f312:9b3
DEBUG:[mqtt-exporter]:Serial: 170;C;23.2500;1;0
INFO:[mqtt-exporter]:Publish temp in ºC = 23.25
INFO:[mqtt-exporter]:Published alarm status = 0
INFO:[mqtt-exporter]:[Topic: temp_C] b'23.25'
INFO:[mqtt-exporter]:[Topic: alarm] b'0'
DEBUG:[mqtt-exporter]:Serial: [INFO: App       ] Recibido paquete UDP de fd00::f6ce:36a7:f312:9b3
DEBUG:[mqtt-exporter]:Serial: 170;C;23.2500;1;0
INFO:[mqtt-exporter]:Publish temp in ºC = 23.25
INFO:[mqtt-exporter]:Published alarm status = 0
INFO:[mqtt-exporter]:[Topic: temp_C] b'23.25'
INFO:[mqtt-exporter]:[Topic: alarm] b'0'
DEBUG:[mqtt-exporter]:Serial: [INFO: App       ] Recibido paquete UDP de fd00::f6ce:36a7:f312:9b3
DEBUG:[mqtt-exporter]:Serial: 170;C;23.2500;1;0
INFO:[mqtt-exporter]:Publish temp in ºC = 23.25
INFO:[mqtt-exporter]:Published alarm status = 0
INFO:[mqtt-exporter]:[Topic: temp_C] b'23.25'
INFO:[mqtt-exporter]:[Topic: alarm] b'0'
DEBUG:[mqtt-exporter]:Serial: [INFO: App       ] Recibido paquete UDP de fd00::f6ce:36a7:f312:9b3
DEBUG:[mqtt-exporter]:Serial: 170;C;23.2500;1;0
INFO:[mqtt-exporter]:Publish temp in ºC = 23.25
INFO:[mqtt-exporter]:Published alarm status = 0
INFO:[mqtt-exporter]:[Topic: temp_C] b'23.25'
INFO:[mqtt-exporter]:[Topic: alarm] b'0'
DEBUG:[mqtt-exporter]:Serial: [INFO: App       ] Recibido paquete UDP de fd00::f6ce:36a7:f312:9b3
DEBUG:[mqtt-exporter]:Serial: 170;C;23.2500;1;0
INFO:[mqtt-exporter]:Publish temp in ºC = 23.25
INFO:[mqtt-exporter]:Published alarm status = 0
INFO:[mqtt-exporter]:[Topic: temp_C] b'23.25'
INFO:[mqtt-exporter]:[Topic: alarm] b'0'
DEBUG:[mqtt-exporter]:Serial: [INFO: App       ] Recibido paquete UDP de fd00::f6ce:36a7:f312:9b3
DEBUG:[mqtt-exporter]:Serial: 170;C;23.2500;1;0
INFO:[mqtt-exporter]:Publish temp in ºC = 23.25
INFO:[mqtt-exporter]:Published alarm status = 0
INFO:[mqtt-exporter]:[Topic: temp_C] b'23.25'
INFO:[mqtt-exporter]:[Topic: alarm] b'0'
DEBUG:[mqtt-exporter]:Serial: [INFO: App       ] Recibido paquete UDP de fd00::f6ce:36a7:f312:9b3
DEBUG:[mqtt-exporter]:Serial: 170;C;23.2500;1;0
INFO:[mqtt-exporter]:Publish temp in ºC = 23.25
INFO:[mqtt-exporter]:Published alarm status = 0
INFO:[mqtt-exporter]:[Topic: temp_C] b'23.25'
INFO:[mqtt-exporter]:[Topic: alarm] b'0'
DEBUG:[mqtt-exporter]:Serial: [INFO: App       ] Recibido paquete UDP de fd00::f6ce:36a7:f312:9b3
DEBUG:[mqtt-exporter]:Serial: 170;C;23.2500;1;0
INFO:[mqtt-exporter]:Publish temp in ºC = 23.25
INFO:[mqtt-exporter]:Published alarm status = 0
INFO:[mqtt-exporter]:[Topic: temp_C] b'23.25'
INFO:[mqtt-exporter]:[Topic: alarm] b'0'
DEBUG:[mqtt-exporter]:Serial: [INFO: App       ] Recibido paquete UDP de fd00::f6ce:36a7:f312:9b3
DEBUG:[mqtt-exporter]:Serial: 170;C;23.2500;1;0
INFO:[mqtt-exporter]:Publish temp in ºC = 23.25
INFO:[mqtt-exporter]:Published alarm status = 0
INFO:[mqtt-exporter]:[Topic: temp_C] b'23.25'
INFO:[mqtt-exporter]:[Topic: alarm] b'0'
DEBUG:[mqtt-exporter]:Serial: [INFO: App       ] Recibido paquete UDP de fd00::f6ce:36a7:f312:9b3
DEBUG:[mqtt-exporter]:Serial: 170;C;23.2500;1;0
INFO:[mqtt-exporter]:Publish temp in ºC = 23.25
INFO:[mqtt-exporter]:Published alarm status = 0
INFO:[mqtt-exporter]:[Topic: temp_C] b'23.25'
INFO:[mqtt-exporter]:[Topic: alarm] b'0'
DEBUG:[mqtt-exporter]:Serial: [INFO: App       ] Recibido paquete UDP de fd00::f6ce:36a7:f312:9b3
DEBUG:[mqtt-exporter]:Serial: 170;C;23.2500;1;0
INFO:[mqtt-exporter]:Publish temp in ºC = 23.25
INFO:[mqtt-exporter]:Published alarm status = 0
INFO:[mqtt-exporter]:[Topic: temp_C] b'23.25'
INFO:[mqtt-exporter]:[Topic: alarm] b'0'
DEBUG:[mqtt-exporter]:Serial: [INFO: App       ] Recibido paquete UDP de fd00::f6ce:36a7:f312:9b3
DEBUG:[mqtt-exporter]:Serial: 170;C;23.2500;1;0
INFO:[mqtt-exporter]:Publish temp in ºC = 23.25
INFO:[mqtt-exporter]:Published alarm status = 0
INFO:[mqtt-exporter]:[Topic: temp_C] b'23.25'
INFO:[mqtt-exporter]:[Topic: alarm] b'0'
DEBUG:[mqtt-exporter]:Serial: [INFO: App       ] Recibido paquete UDP de fd00::f6ce:36a7:f312:9b3
DEBUG:[mqtt-exporter]:Serial: 170;C;23.2500;1;0
INFO:[mqtt-exporter]:Publish temp in ºC = 23.25
INFO:[mqtt-exporter]:Published alarm status = 0
INFO:[mqtt-exporter]:[Topic: temp_C] b'23.25'
INFO:[mqtt-exporter]:[Topic: alarm] b'0'
DEBUG:[mqtt-exporter]:Serial: [INFO: App       ] Recibido paquete UDP de fd00::f6ce:36a7:f312:9b3
DEBUG:[mqtt-exporter]:Serial: 170;C;23.2500;1;0
INFO:[mqtt-exporter]:Publish temp in ºC = 23.25
INFO:[mqtt-exporter]:Published alarm status = 0
INFO:[mqtt-exporter]:[Topic: temp_C] b'23.25'
INFO:[mqtt-exporter]:[Topic: alarm] b'0'
DEBUG:[mqtt-exporter]:Serial: [INFO: App       ] Recibido paquete UDP de fd00::f6ce:36a7:f312:9b3
DEBUG:[mqtt-exporter]:Serial: 170;C;23.2500;1;0
INFO:[mqtt-exporter]:Publish temp in ºC = 23.25
INFO:[mqtt-exporter]:Published alarm status = 0
INFO:[mqtt-exporter]:[Topic: temp_C] b'23.25'
INFO:[mqtt-exporter]:[Topic: alarm] b'0'
DEBUG:[mqtt-exporter]:Serial: [INFO: App       ] Recibido paquete UDP de fd00::f6ce:36a7:f312:9b3
DEBUG:[mqtt-exporter]:Serial: 170;C;23.2500;1;0
INFO:[mqtt-exporter]:Publish temp in ºC = 23.25
INFO:[mqtt-exporter]:Published alarm status = 0
INFO:[mqtt-exporter]:[Topic: temp_C] b'23.25'
INFO:[mqtt-exporter]:[Topic: alarm] b'0'
DEBUG:[mqtt-exporter]:Serial: [INFO: App       ] Recibido paquete UDP de fd00::f6ce:36a7:f312:9b3
DEBUG:[mqtt-exporter]:Serial: 170;C;23.2500;1;0
INFO:[mqtt-exporter]:Publish temp in ºC = 23.25
INFO:[mqtt-exporter]:Published alarm status = 0
INFO:[mqtt-exporter]:[Topic: temp_C] b'23.25'
INFO:[mqtt-exporter]:[Topic: alarm] b'0'
DEBUG:[mqtt-exporter]:Serial: [INFO: App       ] Recibido paquete UDP de fd00::f6ce:36a7:f312:9b3
DEBUG:[mqtt-exporter]:Serial: 170;C;23.2500;1;0
INFO:[mqtt-exporter]:Publish temp in ºC = 23.25
INFO:[mqtt-exporter]:Published alarm status = 0
INFO:[mqtt-exporter]:[Topic: temp_C] b'23.25'
INFO:[mqtt-exporter]:[Topic: alarm] b'0'
DEBUG:[mqtt-exporter]:Serial: [INFO: App       ] Recibido paquete UDP de fd00::f6ce:36a7:f312:9b3
DEBUG:[mqtt-exporter]:Serial: 170;C;23.2500;1;0
INFO:[mqtt-exporter]:Publish temp in ºC = 23.25
INFO:[mqtt-exporter]:Published alarm status = 0
INFO:[mqtt-exporter]:[Topic: temp_C] b'23.25'
INFO:[mqtt-exporter]:[Topic: alarm] b'0'
DEBUG:[mqtt-exporter]:Serial: [INFO: App       ] Recibido paquete UDP de fd00::f6ce:36a7:f312:9b3
DEBUG:[mqtt-exporter]:Serial: 170;C;23.2500;1;0
INFO:[mqtt-exporter]:Publish temp in ºC = 23.25
INFO:[mqtt-exporter]:Published alarm status = 0
INFO:[mqtt-exporter]:[Topic: temp_C] b'23.25'
INFO:[mqtt-exporter]:[Topic: alarm] b'0'
DEBUG:[mqtt-exporter]:Serial: [INFO: App       ] Recibido paquete UDP de fd00::f6ce:36a7:f312:9b3
DEBUG:[mqtt-exporter]:Serial: 170;C;23.2500;1;0
INFO:[mqtt-exporter]:Publish temp in ºC = 23.25
INFO:[mqtt-exporter]:Published alarm status = 0
INFO:[mqtt-exporter]:[Topic: temp_C] b'23.25'
INFO:[mqtt-exporter]:[Topic: alarm] b'0'
DEBUG:[mqtt-exporter]:Serial: [INFO: App       ] Recibido paquete UDP de fd00::f6ce:36a7:f312:9b3
DEBUG:[mqtt-exporter]:Serial: 170;C;23.2500;1;0
INFO:[mqtt-exporter]:Publish temp in ºC = 23.25
INFO:[mqtt-exporter]:Published alarm status = 0
INFO:[mqtt-exporter]:[Topic: temp_C] b'23.25'
INFO:[mqtt-exporter]:[Topic: alarm] b'0'
DEBUG:[mqtt-exporter]:Serial: [INFO: App       ] Recibido paquete UDP de fd00::f6ce:36a7:f312:9b3
DEBUG:[mqtt-exporter]:Serial: 170;C;23.2500;1;0
INFO:[mqtt-exporter]:Publish temp in ºC = 23.25
INFO:[mqtt-exporter]:Published alarm status = 0
INFO:[mqtt-exporter]:[Topic: temp_C] b'23.25'
INFO:[mqtt-exporter]:[Topic: alarm] b'0'
DEBUG:[mqtt-exporter]:Serial: [INFO: App       ] Recibido paquete UDP de fd00::f6ce:36a7:f312:9b3
DEBUG:[mqtt-exporter]:Serial: 170;C;23.2500;1;0
INFO:[mqtt-exporter]:Publish temp in ºC = 23.25
INFO:[mqtt-exporter]:Published alarm status = 0
INFO:[mqtt-exporter]:[Topic: temp_C] b'23.25'
INFO:[mqtt-exporter]:[Topic: alarm] b'0'
DEBUG:[mqtt-exporter]:Serial: [INFO: App       ] Recibido paquete UDP de fd00::f6ce:36a7:f312:9b3
DEBUG:[mqtt-exporter]:Serial: 170;C;23.2500;1;0
INFO:[mqtt-exporter]:Publish temp in ºC = 23.25
INFO:[mqtt-exporter]:Published alarm status = 0
INFO:[mqtt-exporter]:[Topic: temp_C] b'23.25'
INFO:[mqtt-exporter]:[Topic: alarm] b'0'
DEBUG:[mqtt-exporter]:Serial: [INFO: App       ] Recibido paquete UDP de fd00::f6ce:36a7:f312:9b3
DEBUG:[mqtt-exporter]:Serial: 170;C;23.2500;1;0
INFO:[mqtt-exporter]:Publish temp in ºC = 23.25
INFO:[mqtt-exporter]:Published alarm status = 0
INFO:[mqtt-exporter]:[Topic: temp_C] b'23.25'
INFO:[mqtt-exporter]:[Topic: alarm] b'0'
DEBUG:[mqtt-exporter]:Serial: [INFO: App       ] Recibido paquete UDP de fd00::f6ce:36a7:f312:9b3
DEBUG:[mqtt-exporter]:Serial: 170;C;23.2500;1;0
INFO:[mqtt-exporter]:Publish temp in ºC = 23.25
INFO:[mqtt-exporter]:Published alarm status = 0
INFO:[mqtt-exporter]:[Topic: temp_C] b'23.25'
INFO:[mqtt-exporter]:[Topic: alarm] b'0'
DEBUG:[mqtt-exporter]:Serial: [INFO: App       ] Recibido paquete UDP de fd00::f6ce:36a7:f312:9b3
DEBUG:[mqtt-exporter]:Serial: 170;C;23.2500;1;0
INFO:[mqtt-exporter]:Publish temp in ºC = 23.25
INFO:[mqtt-exporter]:[Topic: temp_C] b'23.25'
INFO:[mqtt-exporter]:Published alarm status = 0
INFO:[mqtt-exporter]:[Topic: alarm] b'0'
DEBUG:[mqtt-exporter]:Serial: [INFO: App       ] Recibido paquete UDP de fd00::f6ce:36a7:f312:9b3
DEBUG:[mqtt-exporter]:Serial: 170;C;23.2500;1;0
INFO:[mqtt-exporter]:Publish temp in ºC = 23.25
INFO:[mqtt-exporter]:Published alarm status = 0
INFO:[mqtt-exporter]:[Topic: temp_C] b'23.25'
INFO:[mqtt-exporter]:[Topic: alarm] b'0'
DEBUG:[mqtt-exporter]:Serial: [INFO: App       ] Recibido paquete UDP de fd00::f6ce:36a7:f312:9b3
DEBUG:[mqtt-exporter]:Serial: 170;C;23.2500;1;0
INFO:[mqtt-exporter]:Publish temp in ºC = 23.25
INFO:[mqtt-exporter]:Published alarm status = 0
INFO:[mqtt-exporter]:[Topic: temp_C] b'23.25'
INFO:[mqtt-exporter]:[Topic: alarm] b'0'
DEBUG:[mqtt-exporter]:Serial: [INFO: App       ] Recibido paquete UDP de fd00::f6ce:36a7:f312:9b3
DEBUG:[mqtt-exporter]:Serial: 170;C;23.2500;1;0
INFO:[mqtt-exporter]:Publish temp in ºC = 23.25
INFO:[mqtt-exporter]:Published alarm status = 0
INFO:[mqtt-exporter]:[Topic: temp_C] b'23.25'
INFO:[mqtt-exporter]:[Topic: alarm] b'0'
DEBUG:[mqtt-exporter]:Serial: [INFO: App       ] Recibido paquete UDP de fd00::f6ce:36a7:f312:9b3
DEBUG:[mqtt-exporter]:Serial: 170;C;23.0000;1;0
INFO:[mqtt-exporter]:Publish temp in ºC = 23.0
INFO:[mqtt-exporter]:Published alarm status = 0
INFO:[mqtt-exporter]:[Topic: temp_C] b'23.0'
INFO:[mqtt-exporter]:[Topic: alarm] b'0'
DEBUG:[mqtt-exporter]:Serial: [INFO: App       ] Recibido paquete UDP de fd00::f6ce:36a7:f312:9b3
DEBUG:[mqtt-exporter]:Serial: 170;C;23.2500;1;0
INFO:[mqtt-exporter]:Publish temp in ºC = 23.25
INFO:[mqtt-exporter]:Published alarm status = 0
INFO:[mqtt-exporter]:[Topic: temp_C] b'23.25'
INFO:[mqtt-exporter]:[Topic: alarm] b'0'
DEBUG:[mqtt-exporter]:Serial: [INFO: App       ] Recibido paquete UDP de fd00::f6ce:36a7:f312:9b3
DEBUG:[mqtt-exporter]:Serial: 170;C;23.2500;1;0
INFO:[mqtt-exporter]:Publish temp in ºC = 23.25
INFO:[mqtt-exporter]:Published alarm status = 0
INFO:[mqtt-exporter]:[Topic: temp_C] b'23.25'
INFO:[mqtt-exporter]:[Topic: alarm] b'0'
DEBUG:[mqtt-exporter]:Serial: [INFO: App       ] Recibido paquete UDP de fd00::f6ce:36a7:f312:9b3
DEBUG:[mqtt-exporter]:Serial: 170;C;23.2500;1;0
INFO:[mqtt-exporter]:Publish temp in ºC = 23.25
INFO:[mqtt-exporter]:Published alarm status = 0
INFO:[mqtt-exporter]:[Topic: temp_C] b'23.25'
INFO:[mqtt-exporter]:[Topic: alarm] b'0'
DEBUG:[mqtt-exporter]:Serial: [INFO: App       ] Recibido paquete UDP de fd00::f6ce:36a7:f312:9b3
DEBUG:[mqtt-exporter]:Serial: 170;C;23.2500;1;0
INFO:[mqtt-exporter]:Publish temp in ºC = 23.25
INFO:[mqtt-exporter]:Published alarm status = 0
INFO:[mqtt-exporter]:[Topic: temp_C] b'23.25'
INFO:[mqtt-exporter]:[Topic: alarm] b'0'
DEBUG:[mqtt-exporter]:Serial: [INFO: App       ] Recibido paquete UDP de fd00::f6ce:36a7:f312:9b3
DEBUG:[mqtt-exporter]:Serial: 170;C;23.2500;1;0
INFO:[mqtt-exporter]:Publish temp in ºC = 23.25
INFO:[mqtt-exporter]:Published alarm status = 0
INFO:[mqtt-exporter]:[Topic: temp_C] b'23.25'
INFO:[mqtt-exporter]:[Topic: alarm] b'0'
DEBUG:[mqtt-exporter]:Serial: [INFO: App       ] Recibido paquete UDP de fd00::f6ce:36a7:f312:9b3
DEBUG:[mqtt-exporter]:Serial: 170;C;23.2500;1;0
INFO:[mqtt-exporter]:Publish temp in ºC = 23.25
INFO:[mqtt-exporter]:Published alarm status = 0
INFO:[mqtt-exporter]:[Topic: temp_C] b'23.25'
INFO:[mqtt-exporter]:[Topic: alarm] b'0'
DEBUG:[mqtt-exporter]:Serial: [INFO: App       ] Recibido paquete UDP de fd00::f6ce:36a7:f312:9b3
DEBUG:[mqtt-exporter]:Serial: 170;C;23.2500;1;0
INFO:[mqtt-exporter]:Publish temp in ºC = 23.25
INFO:[mqtt-exporter]:Published alarm status = 0
INFO:[mqtt-exporter]:[Topic: temp_C] b'23.25'
INFO:[mqtt-exporter]:[Topic: alarm] b'0'
DEBUG:[mqtt-exporter]:Serial: [INFO: App       ] Recibido paquete UDP de fd00::f6ce:36a7:f312:9b3
DEBUG:[mqtt-exporter]:Serial: 170;C;23.2500;1;0
INFO:[mqtt-exporter]:Publish temp in ºC = 23.25
INFO:[mqtt-exporter]:Published alarm status = 0
INFO:[mqtt-exporter]:[Topic: temp_C] b'23.25'
INFO:[mqtt-exporter]:[Topic: alarm] b'0'
DEBUG:[mqtt-exporter]:Serial: [INFO: App       ] Recibido paquete UDP de fd00::f6ce:36a7:f312:9b3
DEBUG:[mqtt-exporter]:Serial: 170;C;23.2500;1;0
INFO:[mqtt-exporter]:Publish temp in ºC = 23.25
INFO:[mqtt-exporter]:Published alarm status = 0
INFO:[mqtt-exporter]:[Topic: temp_C] b'23.25'
INFO:[mqtt-exporter]:[Topic: alarm] b'0'
DEBUG:[mqtt-exporter]:Serial: [INFO: App       ] Recibido paquete UDP de fd00::f6ce:36a7:f312:9b3
DEBUG:[mqtt-exporter]:Serial: 170;C;23.2500;1;0
INFO:[mqtt-exporter]:Publish temp in ºC = 23.25
INFO:[mqtt-exporter]:Published alarm status = 0
INFO:[mqtt-exporter]:[Topic: temp_C] b'23.25'
INFO:[mqtt-exporter]:[Topic: alarm] b'0'
DEBUG:[mqtt-exporter]:Serial: [INFO: App       ] Recibido paquete UDP de fd00::f6ce:36a7:f312:9b3
DEBUG:[mqtt-exporter]:Serial: 170;C;23.2500;1;0
INFO:[mqtt-exporter]:Publish temp in ºC = 23.25
INFO:[mqtt-exporter]:Published alarm status = 0
INFO:[mqtt-exporter]:[Topic: temp_C] b'23.25'
INFO:[mqtt-exporter]:[Topic: alarm] b'0'
DEBUG:[mqtt-exporter]:Serial: [INFO: App       ] Recibido paquete UDP de fd00::f6ce:36a7:f312:9b3
DEBUG:[mqtt-exporter]:Serial: 170;C;23.2500;1;0
INFO:[mqtt-exporter]:Publish temp in ºC = 23.25
INFO:[mqtt-exporter]:Published alarm status = 0
INFO:[mqtt-exporter]:[Topic: temp_C] b'23.25'
INFO:[mqtt-exporter]:[Topic: alarm] b'0'
DEBUG:[mqtt-exporter]:Serial: [INFO: App       ] Recibido paquete UDP de fd00::f6ce:36a7:f312:9b3
DEBUG:[mqtt-exporter]:Serial: 170;C;23.2500;1;0
INFO:[mqtt-exporter]:Publish temp in ºC = 23.25
INFO:[mqtt-exporter]:Published alarm status = 0
INFO:[mqtt-exporter]:[Topic: temp_C] b'23.25'
INFO:[mqtt-exporter]:[Topic: alarm] b'0'
DEBUG:[mqtt-exporter]:Serial: [INFO: App       ] Recibido paquete UDP de fd00::f6ce:36a7:f312:9b3
DEBUG:[mqtt-exporter]:Serial: 170;C;23.2500;1;0
INFO:[mqtt-exporter]:Publish temp in ºC = 23.25
INFO:[mqtt-exporter]:Published alarm status = 0
INFO:[mqtt-exporter]:[Topic: temp_C] b'23.25'
INFO:[mqtt-exporter]:[Topic: alarm] b'0'
DEBUG:[mqtt-exporter]:Serial: [INFO: App       ] Recibido paquete UDP de fd00::f6ce:36a7:f312:9b3
DEBUG:[mqtt-exporter]:Serial: 170;C;23.2500;1;0
INFO:[mqtt-exporter]:Publish temp in ºC = 23.25
INFO:[mqtt-exporter]:Published alarm status = 0
INFO:[mqtt-exporter]:[Topic: temp_C] b'23.25'
INFO:[mqtt-exporter]:[Topic: alarm] b'0'
DEBUG:[mqtt-exporter]:Serial: [INFO: App       ] Recibido paquete UDP de fd00::f6ce:36a7:f312:9b3
DEBUG:[mqtt-exporter]:Serial: 170;C;23.2500;1;0
INFO:[mqtt-exporter]:Publish temp in ºC = 23.25
INFO:[mqtt-exporter]:Published alarm status = 0
INFO:[mqtt-exporter]:[Topic: temp_C] b'23.25'
INFO:[mqtt-exporter]:[Topic: alarm] b'0'
DEBUG:[mqtt-exporter]:Serial: [INFO: App       ] Recibido paquete UDP de fd00::f6ce:36a7:f312:9b3
DEBUG:[mqtt-exporter]:Serial: 170;C;23.2500;1;0
INFO:[mqtt-exporter]:Publish temp in ºC = 23.25
INFO:[mqtt-exporter]:Published alarm status = 0
INFO:[mqtt-exporter]:[Topic: temp_C] b'23.25'
INFO:[mqtt-exporter]:[Topic: alarm] b'0'
DEBUG:[mqtt-exporter]:Serial: [INFO: App       ] Recibido paquete UDP de fd00::f6ce:36a7:f312:9b3
DEBUG:[mqtt-exporter]:Serial: 170;C;23.2500;1;0
INFO:[mqtt-exporter]:Publish temp in ºC = 23.25
INFO:[mqtt-exporter]:Published alarm status = 0
INFO:[mqtt-exporter]:[Topic: temp_C] b'23.25'
INFO:[mqtt-exporter]:[Topic: alarm] b'0'
DEBUG:[mqtt-exporter]:Serial: [INFO: App       ] Recibido paquete UDP de fd00::f6ce:36a7:f312:9b3
DEBUG:[mqtt-exporter]:Serial: 170;C;23.2500;1;0
INFO:[mqtt-exporter]:Publish temp in ºC = 23.25
INFO:[mqtt-exporter]:Published alarm status = 0
INFO:[mqtt-exporter]:[Topic: temp_C] b'23.25'
INFO:[mqtt-exporter]:[Topic: alarm] b'0'
DEBUG:[mqtt-exporter]:Serial: [INFO: App       ] Recibido paquete UDP de fd00::f6ce:36a7:f312:9b3
DEBUG:[mqtt-exporter]:Serial: 170;C;23.2500;1;0
INFO:[mqtt-exporter]:Publish temp in ºC = 23.25
INFO:[mqtt-exporter]:Published alarm status = 0
INFO:[mqtt-exporter]:[Topic: temp_C] b'23.25'
INFO:[mqtt-exporter]:[Topic: alarm] b'0'
DEBUG:[mqtt-exporter]:Serial: [INFO: App       ] Recibido paquete UDP de fd00::f6ce:36a7:f312:9b3
DEBUG:[mqtt-exporter]:Serial: 170;C;23.2500;1;0
INFO:[mqtt-exporter]:Publish temp in ºC = 23.25
INFO:[mqtt-exporter]:Published alarm status = 0
INFO:[mqtt-exporter]:[Topic: temp_C] b'23.25'
INFO:[mqtt-exporter]:[Topic: alarm] b'0'
DEBUG:[mqtt-exporter]:Serial: [INFO: App       ] Recibido paquete UDP de fd00::f6ce:36a7:f312:9b3
DEBUG:[mqtt-exporter]:Serial: 170;C;23.2500;1;0
INFO:[mqtt-exporter]:Publish temp in ºC = 23.25
INFO:[mqtt-exporter]:Published alarm status = 0
INFO:[mqtt-exporter]:[Topic: temp_C] b'23.25'
INFO:[mqtt-exporter]:[Topic: alarm] b'0'
DEBUG:[mqtt-exporter]:Serial: [INFO: App       ] Recibido paquete UDP de fd00::f6ce:36a7:f312:9b3
DEBUG:[mqtt-exporter]:Serial: 170;C;23.2500;1;0
INFO:[mqtt-exporter]:Publish temp in ºC = 23.25
INFO:[mqtt-exporter]:Published alarm status = 0
INFO:[mqtt-exporter]:[Topic: temp_C] b'23.25'
INFO:[mqtt-exporter]:[Topic: alarm] b'0'
DEBUG:[mqtt-exporter]:Serial: [INFO: App       ] Recibido paquete UDP de fd00::f6ce:36a7:f312:9b3
DEBUG:[mqtt-exporter]:Serial: 170;C;23.2500;1;0
INFO:[mqtt-exporter]:Publish temp in ºC = 23.25
INFO:[mqtt-exporter]:Published alarm status = 0
INFO:[mqtt-exporter]:[Topic: temp_C] b'23.25'
INFO:[mqtt-exporter]:[Topic: alarm] b'0'
DEBUG:[mqtt-exporter]:Serial: [INFO: App       ] Recibido paquete UDP de fd00::f6ce:36a7:f312:9b3
DEBUG:[mqtt-exporter]:Serial: 170;C;23.2500;1;0
INFO:[mqtt-exporter]:Publish temp in ºC = 23.25
INFO:[mqtt-exporter]:Published alarm status = 0
INFO:[mqtt-exporter]:[Topic: temp_C] b'23.25'
INFO:[mqtt-exporter]:[Topic: alarm] b'0'
DEBUG:[mqtt-exporter]:Serial: [INFO: App       ] Recibido paquete UDP de fd00::f6ce:36a7:f312:9b3
DEBUG:[mqtt-exporter]:Serial: 170;C;23.2500;1;0
INFO:[mqtt-exporter]:Publish temp in ºC = 23.25
INFO:[mqtt-exporter]:Published alarm status = 0
INFO:[mqtt-exporter]:[Topic: temp_C] b'23.25'
INFO:[mqtt-exporter]:[Topic: alarm] b'0'
DEBUG:[mqtt-exporter]:Serial: [INFO: App       ] Recibido paquete UDP de fd00::f6ce:36a7:f312:9b3
DEBUG:[mqtt-exporter]:Serial: 170;C;23.2500;1;0
INFO:[mqtt-exporter]:Publish temp in ºC = 23.25
INFO:[mqtt-exporter]:Published alarm status = 0
INFO:[mqtt-exporter]:[Topic: temp_C] b'23.25'
INFO:[mqtt-exporter]:[Topic: alarm] b'0'
DEBUG:[mqtt-exporter]:Serial: [INFO: App       ] Recibido paquete UDP de fd00::f6ce:36a7:f312:9b3
DEBUG:[mqtt-exporter]:Serial: 170;C;23.2500;1;0
INFO:[mqtt-exporter]:Publish temp in ºC = 23.25
INFO:[mqtt-exporter]:Published alarm status = 0
INFO:[mqtt-exporter]:[Topic: temp_C] b'23.25'
INFO:[mqtt-exporter]:[Topic: alarm] b'0'
DEBUG:[mqtt-exporter]:Serial: [INFO: App       ] Recibido paquete UDP de fd00::f6ce:36a7:f312:9b3
DEBUG:[mqtt-exporter]:Serial: 170;C;23.2500;1;0
INFO:[mqtt-exporter]:Publish temp in ºC = 23.25
INFO:[mqtt-exporter]:Published alarm status = 0
INFO:[mqtt-exporter]:[Topic: temp_C] b'23.25'
INFO:[mqtt-exporter]:[Topic: alarm] b'0'
DEBUG:[mqtt-exporter]:Serial: [INFO: App       ] Recibido paquete UDP de fd00::f6ce:36a7:f312:9b3
DEBUG:[mqtt-exporter]:Serial: 170;C;23.2500;1;0
INFO:[mqtt-exporter]:Publish temp in ºC = 23.25
INFO:[mqtt-exporter]:Published alarm status = 0
INFO:[mqtt-exporter]:[Topic: temp_C] b'23.25'
INFO:[mqtt-exporter]:[Topic: alarm] b'0'
DEBUG:[mqtt-exporter]:Serial: [INFO: App       ] Recibido paquete UDP de fd00::f6ce:36a7:f312:9b3
DEBUG:[mqtt-exporter]:Serial: 170;C;23.2500;1;0
INFO:[mqtt-exporter]:Publish temp in ºC = 23.25
INFO:[mqtt-exporter]:Published alarm status = 0
INFO:[mqtt-exporter]:[Topic: temp_C] b'23.25'
INFO:[mqtt-exporter]:[Topic: alarm] b'0'
DEBUG:[mqtt-exporter]:Serial: [INFO: App       ] Recibido paquete UDP de fd00::f6ce:36a7:f312:9b3
DEBUG:[mqtt-exporter]:Serial: 170;C;23.2500;1;0
INFO:[mqtt-exporter]:Publish temp in ºC = 23.25
INFO:[mqtt-exporter]:Published alarm status = 0
INFO:[mqtt-exporter]:[Topic: temp_C] b'23.25'
INFO:[mqtt-exporter]:[Topic: alarm] b'0'
DEBUG:[mqtt-exporter]:Serial: [INFO: App       ] Recibido paquete UDP de fd00::f6ce:36a7:f312:9b3
DEBUG:[mqtt-exporter]:Serial: 170;C;23.2500;1;0
INFO:[mqtt-exporter]:Publish temp in ºC = 23.25
INFO:[mqtt-exporter]:Published alarm status = 0
INFO:[mqtt-exporter]:[Topic: temp_C] b'23.25'
INFO:[mqtt-exporter]:[Topic: alarm] b'0'
DEBUG:[mqtt-exporter]:Serial: [INFO: App       ] Recibido paquete UDP de fd00::f6ce:36a7:f312:9b3
DEBUG:[mqtt-exporter]:Serial: 170;C;23.2500;1;0
INFO:[mqtt-exporter]:Publish temp in ºC = 23.25
INFO:[mqtt-exporter]:Published alarm status = 0
INFO:[mqtt-exporter]:[Topic: temp_C] b'23.25'
INFO:[mqtt-exporter]:[Topic: alarm] b'0'
DEBUG:[mqtt-exporter]:Serial: [INFO: App       ] Recibido paquete UDP de fd00::f6ce:36a7:f312:9b3
DEBUG:[mqtt-exporter]:Serial: 170;C;23.2500;1;0
INFO:[mqtt-exporter]:Publish temp in ºC = 23.25
INFO:[mqtt-exporter]:Published alarm status = 0
INFO:[mqtt-exporter]:[Topic: temp_C] b'23.25'
INFO:[mqtt-exporter]:[Topic: alarm] b'0'
DEBUG:[mqtt-exporter]:Serial: [INFO: App       ] Recibido paquete UDP de fd00::f6ce:36a7:f312:9b3
DEBUG:[mqtt-exporter]:Serial: 170;C;23.2500;1;0
INFO:[mqtt-exporter]:Publish temp in ºC = 23.25
INFO:[mqtt-exporter]:Published alarm status = 0
INFO:[mqtt-exporter]:[Topic: temp_C] b'23.25'
INFO:[mqtt-exporter]:[Topic: alarm] b'0'
DEBUG:[mqtt-exporter]:Serial: [INFO: App       ] Recibido paquete UDP de fd00::f6ce:36a7:f312:9b3
DEBUG:[mqtt-exporter]:Serial: 170;C;23.2500;1;0
INFO:[mqtt-exporter]:Publish temp in ºC = 23.25
INFO:[mqtt-exporter]:Published alarm status = 0
INFO:[mqtt-exporter]:[Topic: temp_C] b'23.25'
INFO:[mqtt-exporter]:[Topic: alarm] b'0'
DEBUG:[mqtt-exporter]:Serial: [INFO: App       ] Recibido paquete UDP de fd00::f6ce:36a7:f312:9b3
DEBUG:[mqtt-exporter]:Serial: 170;C;23.2500;1;0
INFO:[mqtt-exporter]:Publish temp in ºC = 23.25
INFO:[mqtt-exporter]:Published alarm status = 0
INFO:[mqtt-exporter]:[Topic: temp_C] b'23.25'
INFO:[mqtt-exporter]:[Topic: alarm] b'0'
DEBUG:[mqtt-exporter]:Serial: [INFO: App       ] Recibido paquete UDP de fd00::f6ce:36a7:f312:9b3
DEBUG:[mqtt-exporter]:Serial: 170;C;23.2500;1;0
INFO:[mqtt-exporter]:Publish temp in ºC = 23.25
INFO:[mqtt-exporter]:Published alarm status = 0
INFO:[mqtt-exporter]:[Topic: temp_C] b'23.25'
INFO:[mqtt-exporter]:[Topic: alarm] b'0'
DEBUG:[mqtt-exporter]:Serial: [INFO: App       ] Recibido paquete UDP de fd00::f6ce:36a7:f312:9b3
DEBUG:[mqtt-exporter]:Serial: 170;C;23.2500;1;0
INFO:[mqtt-exporter]:Publish temp in ºC = 23.25
INFO:[mqtt-exporter]:Published alarm status = 0
INFO:[mqtt-exporter]:[Topic: temp_C] b'23.25'
INFO:[mqtt-exporter]:[Topic: alarm] b'0'
DEBUG:[mqtt-exporter]:Serial: [INFO: App       ] Recibido paquete UDP de fd00::f6ce:36a7:f312:9b3
DEBUG:[mqtt-exporter]:Serial: 170;C;23.2500;1;0
INFO:[mqtt-exporter]:Publish temp in ºC = 23.25
INFO:[mqtt-exporter]:Published alarm status = 0
INFO:[mqtt-exporter]:[Topic: temp_C] b'23.25'
INFO:[mqtt-exporter]:[Topic: alarm] b'0'
DEBUG:[mqtt-exporter]:Serial: [INFO: App       ] Recibido paquete UDP de fd00::f6ce:36a7:f312:9b3
DEBUG:[mqtt-exporter]:Serial: 170;C;23.2500;1;0
INFO:[mqtt-exporter]:Publish temp in ºC = 23.25
INFO:[mqtt-exporter]:Published alarm status = 0
INFO:[mqtt-exporter]:[Topic: temp_C] b'23.25'
INFO:[mqtt-exporter]:[Topic: alarm] b'0'
DEBUG:[mqtt-exporter]:Serial: [INFO: App       ] Recibido paquete UDP de fd00::f6ce:36a7:f312:9b3
DEBUG:[mqtt-exporter]:Serial: 170;C;23.2500;1;0
INFO:[mqtt-exporter]:Publish temp in ºC = 23.25
INFO:[mqtt-exporter]:Published alarm status = 0
INFO:[mqtt-exporter]:[Topic: temp_C] b'23.25'
INFO:[mqtt-exporter]:[Topic: alarm] b'0'
DEBUG:[mqtt-exporter]:Serial: [INFO: App       ] Recibido paquete UDP de fd00::f6ce:36a7:f312:9b3
DEBUG:[mqtt-exporter]:Serial: 170;C;23.2500;1;0
INFO:[mqtt-exporter]:Publish temp in ºC = 23.25
INFO:[mqtt-exporter]:Published alarm status = 0
INFO:[mqtt-exporter]:[Topic: temp_C] b'23.25'
INFO:[mqtt-exporter]:[Topic: alarm] b'0'
DEBUG:[mqtt-exporter]:Serial: [INFO: App       ] Recibido paquete UDP de fd00::f6ce:36a7:f312:9b3
DEBUG:[mqtt-exporter]:Serial: 170;C;23.2500;1;0
INFO:[mqtt-exporter]:Publish temp in ºC = 23.25
INFO:[mqtt-exporter]:Published alarm status = 0
INFO:[mqtt-exporter]:[Topic: temp_C] b'23.25'
INFO:[mqtt-exporter]:[Topic: alarm] b'0'
DEBUG:[mqtt-exporter]:Serial: [INFO: App       ] Recibido paquete UDP de fd00::f6ce:36a7:f312:9b3
DEBUG:[mqtt-exporter]:Serial: 170;C;23.2500;1;0
INFO:[mqtt-exporter]:[Topic: temp_C] b'23.25'
INFO:[mqtt-exporter]:Publish temp in ºC = 23.25
INFO:[mqtt-exporter]:[Topic: alarm] b'0'
INFO:[mqtt-exporter]:Published alarm status = 0
DEBUG:[mqtt-exporter]:Serial: [INFO: App       ] Recibido paquete UDP de fd00::f6ce:36a7:f312:9b3
DEBUG:[mqtt-exporter]:Serial: 170;C;23.2500;1;0
INFO:[mqtt-exporter]:Publish temp in ºC = 23.25
INFO:[mqtt-exporter]:Published alarm status = 0
INFO:[mqtt-exporter]:[Topic: temp_C] b'23.25'
INFO:[mqtt-exporter]:[Topic: alarm] b'0'
DEBUG:[mqtt-exporter]:Serial: [INFO: App       ] Recibido paquete UDP de fd00::f6ce:36a7:f312:9b3
DEBUG:[mqtt-exporter]:Serial: 170;C;23.2500;1;0
INFO:[mqtt-exporter]:Publish temp in ºC = 23.25
INFO:[mqtt-exporter]:Published alarm status = 0
INFO:[mqtt-exporter]:[Topic: temp_C] b'23.25'
INFO:[mqtt-exporter]:[Topic: alarm] b'0'
DEBUG:[mqtt-exporter]:Serial: [INFO: App       ] Recibido paquete UDP de fd00::f6ce:36a7:f312:9b3
DEBUG:[mqtt-exporter]:Serial: 170;C;23.2500;1;0
INFO:[mqtt-exporter]:Publish temp in ºC = 23.25
INFO:[mqtt-exporter]:Published alarm status = 0
INFO:[mqtt-exporter]:[Topic: temp_C] b'23.25'
INFO:[mqtt-exporter]:[Topic: alarm] b'0'
DEBUG:[mqtt-exporter]:Serial: [INFO: App       ] Recibido paquete UDP de fd00::f6ce:36a7:f312:9b3
DEBUG:[mqtt-exporter]:Serial: 170;C;23.2500;1;0
INFO:[mqtt-exporter]:Publish temp in ºC = 23.25
INFO:[mqtt-exporter]:Published alarm status = 0
INFO:[mqtt-exporter]:[Topic: temp_C] b'23.25'
INFO:[mqtt-exporter]:[Topic: alarm] b'0'
DEBUG:[mqtt-exporter]:Serial: [INFO: App       ] Recibido paquete UDP de fd00::f6ce:36a7:f312:9b3
DEBUG:[mqtt-exporter]:Serial: 170;C;23.2500;1;0
INFO:[mqtt-exporter]:Publish temp in ºC = 23.25
INFO:[mqtt-exporter]:Published alarm status = 0
INFO:[mqtt-exporter]:[Topic: temp_C] b'23.25'
INFO:[mqtt-exporter]:[Topic: alarm] b'0'
DEBUG:[mqtt-exporter]:Serial: [INFO: App       ] Recibido paquete UDP de fd00::f6ce:36a7:f312:9b3
DEBUG:[mqtt-exporter]:Serial: 170;C;23.2500;1;0
INFO:[mqtt-exporter]:Publish temp in ºC = 23.25
INFO:[mqtt-exporter]:Published alarm status = 0
INFO:[mqtt-exporter]:[Topic: temp_C] b'23.25'
INFO:[mqtt-exporter]:[Topic: alarm] b'0'
DEBUG:[mqtt-exporter]:Serial: [INFO: App       ] Recibido paquete UDP de fd00::f6ce:36a7:f312:9b3
DEBUG:[mqtt-exporter]:Serial: 170;C;23.2500;1;0
INFO:[mqtt-exporter]:Publish temp in ºC = 23.25
INFO:[mqtt-exporter]:Published alarm status = 0
INFO:[mqtt-exporter]:[Topic: temp_C] b'23.25'
INFO:[mqtt-exporter]:[Topic: alarm] b'0'
DEBUG:[mqtt-exporter]:Serial: [INFO: App       ] Recibido paquete UDP de fd00::f6ce:36a7:f312:9b3
DEBUG:[mqtt-exporter]:Serial: 170;C;23.2500;1;0
INFO:[mqtt-exporter]:Publish temp in ºC = 23.25
INFO:[mqtt-exporter]:Published alarm status = 0
INFO:[mqtt-exporter]:[Topic: temp_C] b'23.25'
INFO:[mqtt-exporter]:[Topic: alarm] b'0'
DEBUG:[mqtt-exporter]:Serial: [INFO: App       ] Recibido paquete UDP de fd00::f6ce:36a7:f312:9b3
DEBUG:[mqtt-exporter]:Serial: 170;C;23.2500;1;0
INFO:[mqtt-exporter]:Publish temp in ºC = 23.25
INFO:[mqtt-exporter]:Published alarm status = 0
INFO:[mqtt-exporter]:[Topic: temp_C] b'23.25'
INFO:[mqtt-exporter]:[Topic: alarm] b'0'
DEBUG:[mqtt-exporter]:Serial: [INFO: App       ] Recibido paquete UDP de fd00::f6ce:36a7:f312:9b3
DEBUG:[mqtt-exporter]:Serial: 170;C;23.2500;1;0
INFO:[mqtt-exporter]:Publish temp in ºC = 23.25
INFO:[mqtt-exporter]:Published alarm status = 0
INFO:[mqtt-exporter]:[Topic: temp_C] b'23.25'
INFO:[mqtt-exporter]:[Topic: alarm] b'0'
DEBUG:[mqtt-exporter]:Serial: [INFO: App       ] Recibido paquete UDP de fd00::f6ce:36a7:f312:9b3
DEBUG:[mqtt-exporter]:Serial: 170;C;23.2500;1;0
INFO:[mqtt-exporter]:Publish temp in ºC = 23.25
INFO:[mqtt-exporter]:Published alarm status = 0
INFO:[mqtt-exporter]:[Topic: temp_C] b'23.25'
INFO:[mqtt-exporter]:[Topic: alarm] b'0'
DEBUG:[mqtt-exporter]:Serial: [INFO: App       ] Recibido paquete UDP de fd00::f6ce:36a7:f312:9b3
DEBUG:[mqtt-exporter]:Serial: 170;C;23.2500;1;0
INFO:[mqtt-exporter]:Publish temp in ºC = 23.25
INFO:[mqtt-exporter]:Published alarm status = 0
INFO:[mqtt-exporter]:[Topic: temp_C] b'23.25'
INFO:[mqtt-exporter]:[Topic: alarm] b'0'
DEBUG:[mqtt-exporter]:Serial: [INFO: App       ] Recibido paquete UDP de fd00::f6ce:36a7:f312:9b3
DEBUG:[mqtt-exporter]:Serial: 170;C;23.2500;1;0
INFO:[mqtt-exporter]:Publish temp in ºC = 23.25
INFO:[mqtt-exporter]:Published alarm status = 0
INFO:[mqtt-exporter]:[Topic: temp_C] b'23.25'
INFO:[mqtt-exporter]:[Topic: alarm] b'0'
DEBUG:[mqtt-exporter]:Serial: [INFO: App       ] Recibido paquete UDP de fd00::f6ce:36a7:f312:9b3
DEBUG:[mqtt-exporter]:Serial: 170;C;23.2500;1;0
INFO:[mqtt-exporter]:Publish temp in ºC = 23.25
INFO:[mqtt-exporter]:Published alarm status = 0
INFO:[mqtt-exporter]:[Topic: temp_C] b'23.25'
INFO:[mqtt-exporter]:[Topic: alarm] b'0'
DEBUG:[mqtt-exporter]:Serial: [INFO: App       ] Recibido paquete UDP de fd00::f6ce:36a7:f312:9b3
DEBUG:[mqtt-exporter]:Serial: 170;C;23.2500;1;0
INFO:[mqtt-exporter]:Publish temp in ºC = 23.25
INFO:[mqtt-exporter]:Published alarm status = 0
INFO:[mqtt-exporter]:[Topic: temp_C] b'23.25'
INFO:[mqtt-exporter]:[Topic: alarm] b'0'
DEBUG:[mqtt-exporter]:Serial: [INFO: App       ] Recibido paquete UDP de fd00::f6ce:36a7:f312:9b3
DEBUG:[mqtt-exporter]:Serial: 170;C;23.2500;1;0
INFO:[mqtt-exporter]:Publish temp in ºC = 23.25
INFO:[mqtt-exporter]:Published alarm status = 0
INFO:[mqtt-exporter]:[Topic: temp_C] b'23.25'
INFO:[mqtt-exporter]:[Topic: alarm] b'0'
DEBUG:[mqtt-exporter]:Serial: [INFO: App       ] Recibido paquete UDP de fd00::f6ce:36a7:f312:9b3
DEBUG:[mqtt-exporter]:Serial: 170;C;23.2500;1;0
INFO:[mqtt-exporter]:Publish temp in ºC = 23.25
INFO:[mqtt-exporter]:Published alarm status = 0
INFO:[mqtt-exporter]:[Topic: temp_C] b'23.25'
INFO:[mqtt-exporter]:[Topic: alarm] b'0'
DEBUG:[mqtt-exporter]:Serial: [INFO: App       ] Recibido paquete UDP de fd00::f6ce:36a7:f312:9b3
DEBUG:[mqtt-exporter]:Serial: 170;C;23.2500;1;0
INFO:[mqtt-exporter]:Publish temp in ºC = 23.25
INFO:[mqtt-exporter]:Published alarm status = 0
INFO:[mqtt-exporter]:[Topic: temp_C] b'23.25'
INFO:[mqtt-exporter]:[Topic: alarm] b'0'
DEBUG:[mqtt-exporter]:Serial: [INFO: App       ] Recibido paquete UDP de fd00::f6ce:36a7:f312:9b3
DEBUG:[mqtt-exporter]:Serial: 170;C;23.2500;1;0
INFO:[mqtt-exporter]:Publish temp in ºC = 23.25
INFO:[mqtt-exporter]:Published alarm status = 0
INFO:[mqtt-exporter]:[Topic: temp_C] b'23.25'
INFO:[mqtt-exporter]:[Topic: alarm] b'0'
DEBUG:[mqtt-exporter]:Serial: [INFO: App       ] Recibido paquete UDP de fd00::f6ce:36a7:f312:9b3
DEBUG:[mqtt-exporter]:Serial: 170;C;23.2500;1;0
INFO:[mqtt-exporter]:Publish temp in ºC = 23.25
INFO:[mqtt-exporter]:Published alarm status = 0
INFO:[mqtt-exporter]:[Topic: temp_C] b'23.25'
INFO:[mqtt-exporter]:[Topic: alarm] b'0'
DEBUG:[mqtt-exporter]:Serial: [INFO: App       ] Recibido paquete UDP de fd00::f6ce:36a7:f312:9b3
DEBUG:[mqtt-exporter]:Serial: 170;C;23.2500;1;0
INFO:[mqtt-exporter]:Publish temp in ºC = 23.25
INFO:[mqtt-exporter]:Published alarm status = 0
INFO:[mqtt-exporter]:[Topic: temp_C] b'23.25'
INFO:[mqtt-exporter]:[Topic: alarm] b'0'
DEBUG:[mqtt-exporter]:Serial: [INFO: App       ] Recibido paquete UDP de fd00::f6ce:36a7:f312:9b3
DEBUG:[mqtt-exporter]:Serial: 170;C;23.2500;1;0
INFO:[mqtt-exporter]:Publish temp in ºC = 23.25
INFO:[mqtt-exporter]:Published alarm status = 0
INFO:[mqtt-exporter]:[Topic: temp_C] b'23.25'
INFO:[mqtt-exporter]:[Topic: alarm] b'0'
DEBUG:[mqtt-exporter]:Serial: [INFO: App       ] Recibido paquete UDP de fd00::f6ce:36a7:f312:9b3
DEBUG:[mqtt-exporter]:Serial: 170;C;23.2500;1;0
INFO:[mqtt-exporter]:Publish temp in ºC = 23.25
INFO:[mqtt-exporter]:Published alarm status = 0
INFO:[mqtt-exporter]:[Topic: temp_C] b'23.25'
INFO:[mqtt-exporter]:[Topic: alarm] b'0'
DEBUG:[mqtt-exporter]:Serial: [INFO: App       ] Recibido paquete UDP de fd00::f6ce:36a7:f312:9b3
DEBUG:[mqtt-exporter]:Serial: 170;C;23.2500;1;0
INFO:[mqtt-exporter]:Publish temp in ºC = 23.25
INFO:[mqtt-exporter]:Published alarm status = 0
INFO:[mqtt-exporter]:[Topic: temp_C] b'23.25'
INFO:[mqtt-exporter]:[Topic: alarm] b'0'
DEBUG:[mqtt-exporter]:Serial: [INFO: App       ] Recibido paquete UDP de fd00::f6ce:36a7:f312:9b3
DEBUG:[mqtt-exporter]:Serial: 170;C;23.2500;1;0
INFO:[mqtt-exporter]:Publish temp in ºC = 23.25
INFO:[mqtt-exporter]:Published alarm status = 0
INFO:[mqtt-exporter]:[Topic: temp_C] b'23.25'
INFO:[mqtt-exporter]:[Topic: alarm] b'0'
DEBUG:[mqtt-exporter]:Serial: [INFO: App       ] Recibido paquete UDP de fd00::f6ce:36a7:f312:9b3
DEBUG:[mqtt-exporter]:Serial: 170;C;23.2500;1;0
INFO:[mqtt-exporter]:Publish temp in ºC = 23.25
INFO:[mqtt-exporter]:Published alarm status = 0
INFO:[mqtt-exporter]:[Topic: temp_C] b'23.25'
INFO:[mqtt-exporter]:[Topic: alarm] b'0'
DEBUG:[mqtt-exporter]:Serial: [INFO: App       ] Recibido paquete UDP de fd00::f6ce:36a7:f312:9b3
DEBUG:[mqtt-exporter]:Serial: 170;C;23.2500;1;0
INFO:[mqtt-exporter]:Publish temp in ºC = 23.25
INFO:[mqtt-exporter]:Published alarm status = 0
INFO:[mqtt-exporter]:[Topic: temp_C] b'23.25'
INFO:[mqtt-exporter]:[Topic: alarm] b'0'
DEBUG:[mqtt-exporter]:Serial: [INFO: App       ] Recibido paquete UDP de fd00::f6ce:36a7:f312:9b3
DEBUG:[mqtt-exporter]:Serial: 170;C;23.2500;1;0
INFO:[mqtt-exporter]:Publish temp in ºC = 23.25
INFO:[mqtt-exporter]:[Topic: temp_C] b'23.25'
INFO:[mqtt-exporter]:[Topic: alarm] b'0'
INFO:[mqtt-exporter]:Published alarm status = 0
DEBUG:[mqtt-exporter]:Serial: [INFO: App       ] Recibido paquete UDP de fd00::f6ce:36a7:f312:9b3
DEBUG:[mqtt-exporter]:Serial: 170;C;23.2500;1;0
INFO:[mqtt-exporter]:Publish temp in ºC = 23.25
INFO:[mqtt-exporter]:[Topic: temp_C] b'23.25'
INFO:[mqtt-exporter]:Published alarm status = 0
INFO:[mqtt-exporter]:[Topic: alarm] b'0'
DEBUG:[mqtt-exporter]:Serial: [INFO: App       ] Recibido paquete UDP de fd00::f6ce:36a7:f312:9b3
DEBUG:[mqtt-exporter]:Serial: 170;C;23.2500;1;0
INFO:[mqtt-exporter]:Publish temp in ºC = 23.25
INFO:[mqtt-exporter]:Published alarm status = 0
INFO:[mqtt-exporter]:[Topic: temp_C] b'23.25'
INFO:[mqtt-exporter]:[Topic: alarm] b'0'
DEBUG:[mqtt-exporter]:Serial: [INFO: App       ] Recibido paquete UDP de fd00::f6ce:36a7:f312:9b3
DEBUG:[mqtt-exporter]:Serial: 170;C;23.2500;1;0
INFO:[mqtt-exporter]:Publish temp in ºC = 23.25
INFO:[mqtt-exporter]:Published alarm status = 0
INFO:[mqtt-exporter]:[Topic: temp_C] b'23.25'
INFO:[mqtt-exporter]:[Topic: alarm] b'0'
DEBUG:[mqtt-exporter]:Serial: [INFO: App       ] Recibido paquete UDP de fd00::f6ce:36a7:f312:9b3
DEBUG:[mqtt-exporter]:Serial: 170;C;23.2500;1;0
INFO:[mqtt-exporter]:Publish temp in ºC = 23.25
INFO:[mqtt-exporter]:Published alarm status = 0
INFO:[mqtt-exporter]:[Topic: temp_C] b'23.25'
INFO:[mqtt-exporter]:[Topic: alarm] b'0'
DEBUG:[mqtt-exporter]:Serial: [INFO: App       ] Recibido paquete UDP de fd00::f6ce:36a7:f312:9b3
DEBUG:[mqtt-exporter]:Serial: 170;C;23.2500;1;0
INFO:[mqtt-exporter]:Publish temp in ºC = 23.25
INFO:[mqtt-exporter]:Published alarm status = 0
INFO:[mqtt-exporter]:[Topic: temp_C] b'23.25'
INFO:[mqtt-exporter]:[Topic: alarm] b'0'
DEBUG:[mqtt-exporter]:Serial: [INFO: App       ] Recibido paquete UDP de fd00::f6ce:36a7:f312:9b3
DEBUG:[mqtt-exporter]:Serial: 170;C;23.2500;1;0
INFO:[mqtt-exporter]:Publish temp in ºC = 23.25
INFO:[mqtt-exporter]:Published alarm status = 0
INFO:[mqtt-exporter]:[Topic: temp_C] b'23.25'
INFO:[mqtt-exporter]:[Topic: alarm] b'0'
DEBUG:[mqtt-exporter]:Serial: [INFO: App       ] Recibido paquete UDP de fd00::f6ce:36a7:f312:9b3
DEBUG:[mqtt-exporter]:Serial: 170;C;23.2500;1;0
INFO:[mqtt-exporter]:Publish temp in ºC = 23.25
INFO:[mqtt-exporter]:Published alarm status = 0
INFO:[mqtt-exporter]:[Topic: temp_C] b'23.25'
INFO:[mqtt-exporter]:[Topic: alarm] b'0'
DEBUG:[mqtt-exporter]:Serial: [INFO: App       ] Recibido paquete UDP de fd00::f6ce:36a7:f312:9b3
DEBUG:[mqtt-exporter]:Serial: 170;C;23.2500;1;0
INFO:[mqtt-exporter]:Publish temp in ºC = 23.25
INFO:[mqtt-exporter]:Published alarm status = 0
INFO:[mqtt-exporter]:[Topic: temp_C] b'23.25'
INFO:[mqtt-exporter]:[Topic: alarm] b'0'
DEBUG:[mqtt-exporter]:Serial: [INFO: App       ] Recibido paquete UDP de fd00::f6ce:36a7:f312:9b3
DEBUG:[mqtt-exporter]:Serial: 170;C;23.2500;1;0
INFO:[mqtt-exporter]:Publish temp in ºC = 23.25
INFO:[mqtt-exporter]:Published alarm status = 0
INFO:[mqtt-exporter]:[Topic: temp_C] b'23.25'
INFO:[mqtt-exporter]:[Topic: alarm] b'0'
DEBUG:[mqtt-exporter]:Serial: [INFO: App       ] Recibido paquete UDP de fd00::f6ce:36a7:f312:9b3
DEBUG:[mqtt-exporter]:Serial: 170;C;23.2500;1;0
INFO:[mqtt-exporter]:Publish temp in ºC = 23.25
INFO:[mqtt-exporter]:Published alarm status = 0
INFO:[mqtt-exporter]:[Topic: temp_C] b'23.25'
INFO:[mqtt-exporter]:[Topic: alarm] b'0'
DEBUG:[mqtt-exporter]:Serial: [INFO: App       ] Recibido paquete UDP de fd00::f6ce:36a7:f312:9b3
DEBUG:[mqtt-exporter]:Serial: 170;C;23.2500;1;0
INFO:[mqtt-exporter]:Publish temp in ºC = 23.25
INFO:[mqtt-exporter]:Published alarm status = 0
INFO:[mqtt-exporter]:[Topic: temp_C] b'23.25'
INFO:[mqtt-exporter]:[Topic: alarm] b'0'
DEBUG:[mqtt-exporter]:Serial: [INFO: App       ] Recibido paquete UDP de fd00::f6ce:36a7:f312:9b3
DEBUG:[mqtt-exporter]:Serial: 170;C;23.2500;1;0
INFO:[mqtt-exporter]:Publish temp in ºC = 23.25
INFO:[mqtt-exporter]:Published alarm status = 0
INFO:[mqtt-exporter]:[Topic: temp_C] b'23.25'
INFO:[mqtt-exporter]:[Topic: alarm] b'0'
DEBUG:[mqtt-exporter]:Serial: [INFO: App       ] Recibido paquete UDP de fd00::f6ce:36a7:f312:9b3
DEBUG:[mqtt-exporter]:Serial: 170;C;23.2500;1;0
INFO:[mqtt-exporter]:Publish temp in ºC = 23.25
INFO:[mqtt-exporter]:Published alarm status = 0
INFO:[mqtt-exporter]:[Topic: temp_C] b'23.25'
INFO:[mqtt-exporter]:[Topic: alarm] b'0'
DEBUG:[mqtt-exporter]:Serial: [INFO: App       ] Recibido paquete UDP de fd00::f6ce:36a7:f312:9b3
DEBUG:[mqtt-exporter]:Serial: 170;C;23.2500;1;0
INFO:[mqtt-exporter]:Publish temp in ºC = 23.25
INFO:[mqtt-exporter]:Published alarm status = 0
INFO:[mqtt-exporter]:[Topic: temp_C] b'23.25'
INFO:[mqtt-exporter]:[Topic: alarm] b'0'
DEBUG:[mqtt-exporter]:Serial: [INFO: App       ] Recibido paquete UDP de fd00::f6ce:36a7:f312:9b3
DEBUG:[mqtt-exporter]:Serial: 170;C;23.2500;1;0
INFO:[mqtt-exporter]:Publish temp in ºC = 23.25
INFO:[mqtt-exporter]:Published alarm status = 0
INFO:[mqtt-exporter]:[Topic: temp_C] b'23.25'
INFO:[mqtt-exporter]:[Topic: alarm] b'0'
DEBUG:[mqtt-exporter]:Serial: [INFO: App       ] Recibido paquete UDP de fd00::f6ce:36a7:f312:9b3
DEBUG:[mqtt-exporter]:Serial: 170;C;23.5000;1;0
INFO:[mqtt-exporter]:Publish temp in ºC = 23.5
INFO:[mqtt-exporter]:Published alarm status = 0
INFO:[mqtt-exporter]:[Topic: temp_C] b'23.5'
INFO:[mqtt-exporter]:[Topic: alarm] b'0'
DEBUG:[mqtt-exporter]:Serial: [INFO: App       ] Recibido paquete UDP de fd00::f6ce:36a7:f312:9b3
DEBUG:[mqtt-exporter]:Serial: 170;C;23.2500;1;0
INFO:[mqtt-exporter]:Publish temp in ºC = 23.25
INFO:[mqtt-exporter]:Published alarm status = 0
INFO:[mqtt-exporter]:[Topic: temp_C] b'23.25'
INFO:[mqtt-exporter]:[Topic: alarm] b'0'
DEBUG:[mqtt-exporter]:Serial: [INFO: App       ] Recibido paquete UDP de fd00::f6ce:36a7:f312:9b3
DEBUG:[mqtt-exporter]:Serial: 170;C;23.5000;1;0
INFO:[mqtt-exporter]:Publish temp in ºC = 23.5
INFO:[mqtt-exporter]:Published alarm status = 0
INFO:[mqtt-exporter]:[Topic: temp_C] b'23.5'
INFO:[mqtt-exporter]:[Topic: alarm] b'0'
DEBUG:[mqtt-exporter]:Serial: [INFO: App       ] Recibido paquete UDP de fd00::f6ce:36a7:f312:9b3
DEBUG:[mqtt-exporter]:Serial: 170;C;23.2500;1;0
INFO:[mqtt-exporter]:Publish temp in ºC = 23.25
INFO:[mqtt-exporter]:Published alarm status = 0
INFO:[mqtt-exporter]:[Topic: temp_C] b'23.25'
INFO:[mqtt-exporter]:[Topic: alarm] b'0'
DEBUG:[mqtt-exporter]:Serial: [INFO: App       ] Recibido paquete UDP de fd00::f6ce:36a7:f312:9b3
DEBUG:[mqtt-exporter]:Serial: 170;C;23.2500;1;0
INFO:[mqtt-exporter]:Publish temp in ºC = 23.25
INFO:[mqtt-exporter]:Published alarm status = 0
INFO:[mqtt-exporter]:[Topic: temp_C] b'23.25'
INFO:[mqtt-exporter]:[Topic: alarm] b'0'
DEBUG:[mqtt-exporter]:Serial: [INFO: App       ] Recibido paquete UDP de fd00::f6ce:36a7:f312:9b3
DEBUG:[mqtt-exporter]:Serial: 170;C;23.2500;1;0
INFO:[mqtt-exporter]:Publish temp in ºC = 23.25
INFO:[mqtt-exporter]:Published alarm status = 0
INFO:[mqtt-exporter]:[Topic: temp_C] b'23.25'
INFO:[mqtt-exporter]:[Topic: alarm] b'0'
DEBUG:[mqtt-exporter]:Serial: [INFO: App       ] Recibido paquete UDP de fd00::f6ce:36a7:f312:9b3
DEBUG:[mqtt-exporter]:Serial: 170;C;23.2500;1;0
INFO:[mqtt-exporter]:Publish temp in ºC = 23.25
INFO:[mqtt-exporter]:Published alarm status = 0
INFO:[mqtt-exporter]:[Topic: temp_C] b'23.25'
INFO:[mqtt-exporter]:[Topic: alarm] b'0'
DEBUG:[mqtt-exporter]:Serial: [INFO: App       ] Recibido paquete UDP de fd00::f6ce:36a7:f312:9b3
DEBUG:[mqtt-exporter]:Serial: 170;C;23.2500;1;0
INFO:[mqtt-exporter]:Publish temp in ºC = 23.25
INFO:[mqtt-exporter]:Published alarm status = 0
INFO:[mqtt-exporter]:[Topic: temp_C] b'23.25'
INFO:[mqtt-exporter]:[Topic: alarm] b'0'
DEBUG:[mqtt-exporter]:Serial: [INFO: App       ] Recibido paquete UDP de fd00::f6ce:36a7:f312:9b3
DEBUG:[mqtt-exporter]:Serial: 170;C;23.5000;1;0
INFO:[mqtt-exporter]:Publish temp in ºC = 23.5
INFO:[mqtt-exporter]:Published alarm status = 0
INFO:[mqtt-exporter]:[Topic: temp_C] b'23.5'
INFO:[mqtt-exporter]:[Topic: alarm] b'0'
DEBUG:[mqtt-exporter]:Serial: [INFO: App       ] Recibido paquete UDP de fd00::f6ce:36a7:f312:9b3
DEBUG:[mqtt-exporter]:Serial: 170;C;23.5000;1;0
INFO:[mqtt-exporter]:Publish temp in ºC = 23.5
INFO:[mqtt-exporter]:Published alarm status = 0
INFO:[mqtt-exporter]:[Topic: temp_C] b'23.5'
INFO:[mqtt-exporter]:[Topic: alarm] b'0'
DEBUG:[mqtt-exporter]:Serial: [INFO: App       ] Recibido paquete UDP de fd00::f6ce:36a7:f312:9b3
DEBUG:[mqtt-exporter]:Serial: 170;C;23.2500;1;0
INFO:[mqtt-exporter]:Publish temp in ºC = 23.25
INFO:[mqtt-exporter]:Published alarm status = 0
INFO:[mqtt-exporter]:[Topic: temp_C] b'23.25'
INFO:[mqtt-exporter]:[Topic: alarm] b'0'
DEBUG:[mqtt-exporter]:Serial: [INFO: App       ] Recibido paquete UDP de fd00::f6ce:36a7:f312:9b3
DEBUG:[mqtt-exporter]:Serial: 170;C;23.5000;1;0
INFO:[mqtt-exporter]:Publish temp in ºC = 23.5
INFO:[mqtt-exporter]:Published alarm status = 0
INFO:[mqtt-exporter]:[Topic: temp_C] b'23.5'
INFO:[mqtt-exporter]:[Topic: alarm] b'0'
DEBUG:[mqtt-exporter]:Serial: [INFO: App       ] Recibido paquete UDP de fd00::f6ce:36a7:f312:9b3
DEBUG:[mqtt-exporter]:Serial: 170;C;23.2500;1;0
INFO:[mqtt-exporter]:Publish temp in ºC = 23.25
INFO:[mqtt-exporter]:Published alarm status = 0
INFO:[mqtt-exporter]:[Topic: temp_C] b'23.25'
INFO:[mqtt-exporter]:[Topic: alarm] b'0'
DEBUG:[mqtt-exporter]:Serial: [INFO: App       ] Recibido paquete UDP de fd00::f6ce:36a7:f312:9b3
DEBUG:[mqtt-exporter]:Serial: 170;C;23.2500;1;0
INFO:[mqtt-exporter]:Publish temp in ºC = 23.25
INFO:[mqtt-exporter]:Published alarm status = 0
INFO:[mqtt-exporter]:[Topic: temp_C] b'23.25'
INFO:[mqtt-exporter]:[Topic: alarm] b'0'
DEBUG:[mqtt-exporter]:Serial: [INFO: App       ] Recibido paquete UDP de fd00::f6ce:36a7:f312:9b3
DEBUG:[mqtt-exporter]:Serial: 170;C;23.2500;1;0
INFO:[mqtt-exporter]:Publish temp in ºC = 23.25
INFO:[mqtt-exporter]:Published alarm status = 0
INFO:[mqtt-exporter]:[Topic: temp_C] b'23.25'
INFO:[mqtt-exporter]:[Topic: alarm] b'0'
DEBUG:[mqtt-exporter]:Serial: [INFO: App       ] Recibido paquete UDP de fd00::f6ce:36a7:f312:9b3
DEBUG:[mqtt-exporter]:Serial: 170;C;23.2500;1;0
INFO:[mqtt-exporter]:Publish temp in ºC = 23.25
INFO:[mqtt-exporter]:Published alarm status = 0
INFO:[mqtt-exporter]:[Topic: temp_C] b'23.25'
INFO:[mqtt-exporter]:[Topic: alarm] b'0'
DEBUG:[mqtt-exporter]:Serial: [INFO: App       ] Recibido paquete UDP de fd00::f6ce:36a7:f312:9b3
DEBUG:[mqtt-exporter]:Serial: 170;C;23.5000;1;0
INFO:[mqtt-exporter]:Publish temp in ºC = 23.5
INFO:[mqtt-exporter]:Published alarm status = 0
INFO:[mqtt-exporter]:[Topic: temp_C] b'23.5'
INFO:[mqtt-exporter]:[Topic: alarm] b'0'
DEBUG:[mqtt-exporter]:Serial: [INFO: App       ] Recibido paquete UDP de fd00::f6ce:36a7:f312:9b3
DEBUG:[mqtt-exporter]:Serial: 170;C;23.2500;1;0
INFO:[mqtt-exporter]:Publish temp in ºC = 23.25
INFO:[mqtt-exporter]:Published alarm status = 0
INFO:[mqtt-exporter]:[Topic: temp_C] b'23.25'
INFO:[mqtt-exporter]:[Topic: alarm] b'0'
DEBUG:[mqtt-exporter]:Serial: [INFO: App       ] Recibido paquete UDP de fd00::f6ce:36a7:f312:9b3
DEBUG:[mqtt-exporter]:Serial: 170;C;23.2500;1;0
INFO:[mqtt-exporter]:Publish temp in ºC = 23.25
INFO:[mqtt-exporter]:Published alarm status = 0
INFO:[mqtt-exporter]:[Topic: temp_C] b'23.25'
INFO:[mqtt-exporter]:[Topic: alarm] b'0'
DEBUG:[mqtt-exporter]:Serial: [INFO: App       ] Recibido paquete UDP de fd00::f6ce:36a7:f312:9b3
DEBUG:[mqtt-exporter]:Serial: 170;C;23.2500;1;0
INFO:[mqtt-exporter]:Publish temp in ºC = 23.25
INFO:[mqtt-exporter]:Published alarm status = 0
INFO:[mqtt-exporter]:[Topic: temp_C] b'23.25'
INFO:[mqtt-exporter]:[Topic: alarm] b'0'
DEBUG:[mqtt-exporter]:Serial: [INFO: App       ] Recibido paquete UDP de fd00::f6ce:36a7:f312:9b3
DEBUG:[mqtt-exporter]:Serial: 170;C;23.2500;1;0
INFO:[mqtt-exporter]:Publish temp in ºC = 23.25
INFO:[mqtt-exporter]:Published alarm status = 0
INFO:[mqtt-exporter]:[Topic: temp_C] b'23.25'
INFO:[mqtt-exporter]:[Topic: alarm] b'0'
DEBUG:[mqtt-exporter]:Serial: [INFO: App       ] Recibido paquete UDP de fd00::f6ce:36a7:f312:9b3
DEBUG:[mqtt-exporter]:Serial: 170;C;23.2500;1;0
INFO:[mqtt-exporter]:[Topic: temp_C] b'23.25'
INFO:[mqtt-exporter]:Publish temp in ºC = 23.25
INFO:[mqtt-exporter]:Published alarm status = 0
INFO:[mqtt-exporter]:[Topic: alarm] b'0'
DEBUG:[mqtt-exporter]:Serial: [INFO: App       ] Recibido paquete UDP de fd00::f6ce:36a7:f312:9b3
DEBUG:[mqtt-exporter]:Serial: 170;C;23.2500;1;0
INFO:[mqtt-exporter]:[Topic: temp_C] b'23.25'
INFO:[mqtt-exporter]:Publish temp in ºC = 23.25
INFO:[mqtt-exporter]:[Topic: alarm] b'0'
INFO:[mqtt-exporter]:Published alarm status = 0
DEBUG:[mqtt-exporter]:Serial: [INFO: App       ] Recibido paquete UDP de fd00::f6ce:36a7:f312:9b3
DEBUG:[mqtt-exporter]:Serial: 170;C;23.5000;1;0
INFO:[mqtt-exporter]:Publish temp in ºC = 23.5
INFO:[mqtt-exporter]:Published alarm status = 0
INFO:[mqtt-exporter]:[Topic: temp_C] b'23.5'
INFO:[mqtt-exporter]:[Topic: alarm] b'0'
DEBUG:[mqtt-exporter]:Serial: [INFO: App       ] Recibido paquete UDP de fd00::f6ce:36a7:f312:9b3
DEBUG:[mqtt-exporter]:Serial: 170;C;23.2500;1;0
INFO:[mqtt-exporter]:Publish temp in ºC = 23.25
INFO:[mqtt-exporter]:Published alarm status = 0
INFO:[mqtt-exporter]:[Topic: temp_C] b'23.25'
INFO:[mqtt-exporter]:[Topic: alarm] b'0'
DEBUG:[mqtt-exporter]:Serial: [INFO: App       ] Recibido paquete UDP de fd00::f6ce:36a7:f312:9b3
DEBUG:[mqtt-exporter]:Serial: 170;C;23.5000;1;0
INFO:[mqtt-exporter]:Publish temp in ºC = 23.5
INFO:[mqtt-exporter]:Published alarm status = 0
INFO:[mqtt-exporter]:[Topic: temp_C] b'23.5'
INFO:[mqtt-exporter]:[Topic: alarm] b'0'
DEBUG:[mqtt-exporter]:Serial: [INFO: App       ] Recibido paquete UDP de fd00::f6ce:36a7:f312:9b3
DEBUG:[mqtt-exporter]:Serial: 170;C;23.2500;1;0
INFO:[mqtt-exporter]:Publish temp in ºC = 23.25
INFO:[mqtt-exporter]:Published alarm status = 0
INFO:[mqtt-exporter]:[Topic: temp_C] b'23.25'
INFO:[mqtt-exporter]:[Topic: alarm] b'0'
DEBUG:[mqtt-exporter]:Serial: [INFO: App       ] Recibido paquete UDP de fd00::f6ce:36a7:f312:9b3
DEBUG:[mqtt-exporter]:Serial: 170;C;23.2500;1;0
INFO:[mqtt-exporter]:Publish temp in ºC = 23.25
INFO:[mqtt-exporter]:Published alarm status = 0
INFO:[mqtt-exporter]:[Topic: temp_C] b'23.25'
INFO:[mqtt-exporter]:[Topic: alarm] b'0'
DEBUG:[mqtt-exporter]:Serial: [INFO: App       ] Recibido paquete UDP de fd00::f6ce:36a7:f312:9b3
DEBUG:[mqtt-exporter]:Serial: 170;C;23.2500;1;0
INFO:[mqtt-exporter]:Publish temp in ºC = 23.25
INFO:[mqtt-exporter]:Published alarm status = 0
INFO:[mqtt-exporter]:[Topic: temp_C] b'23.25'
INFO:[mqtt-exporter]:[Topic: alarm] b'0'
DEBUG:[mqtt-exporter]:Serial: [INFO: App       ] Recibido paquete UDP de fd00::f6ce:36a7:f312:9b3
DEBUG:[mqtt-exporter]:Serial: 170;C;23.5000;1;0
INFO:[mqtt-exporter]:Publish temp in ºC = 23.5
INFO:[mqtt-exporter]:Published alarm status = 0
INFO:[mqtt-exporter]:[Topic: temp_C] b'23.5'
INFO:[mqtt-exporter]:[Topic: alarm] b'0'
DEBUG:[mqtt-exporter]:Serial: [INFO: App       ] Recibido paquete UDP de fd00::f6ce:36a7:f312:9b3
DEBUG:[mqtt-exporter]:Serial: 170;C;23.2500;1;0
INFO:[mqtt-exporter]:Publish temp in ºC = 23.25
INFO:[mqtt-exporter]:Published alarm status = 0
INFO:[mqtt-exporter]:[Topic: temp_C] b'23.25'
INFO:[mqtt-exporter]:[Topic: alarm] b'0'
DEBUG:[mqtt-exporter]:Serial: [INFO: App       ] Recibido paquete UDP de fd00::f6ce:36a7:f312:9b3
DEBUG:[mqtt-exporter]:Serial: 170;C;23.2500;1;0
INFO:[mqtt-exporter]:Publish temp in ºC = 23.25
INFO:[mqtt-exporter]:Published alarm status = 0
INFO:[mqtt-exporter]:[Topic: temp_C] b'23.25'
INFO:[mqtt-exporter]:[Topic: alarm] b'0'
DEBUG:[mqtt-exporter]:Serial: [INFO: App       ] Recibido paquete UDP de fd00::f6ce:36a7:f312:9b3
DEBUG:[mqtt-exporter]:Serial: 170;C;23.2500;1;0
INFO:[mqtt-exporter]:Publish temp in ºC = 23.25
INFO:[mqtt-exporter]:Published alarm status = 0
INFO:[mqtt-exporter]:[Topic: temp_C] b'23.25'
INFO:[mqtt-exporter]:[Topic: alarm] b'0'
DEBUG:[mqtt-exporter]:Serial: [INFO: App       ] Recibido paquete UDP de fd00::f6ce:36a7:f312:9b3
DEBUG:[mqtt-exporter]:Serial: 170;C;23.5000;1;0
INFO:[mqtt-exporter]:Publish temp in ºC = 23.5
INFO:[mqtt-exporter]:Published alarm status = 0
INFO:[mqtt-exporter]:[Topic: temp_C] b'23.5'
INFO:[mqtt-exporter]:[Topic: alarm] b'0'
DEBUG:[mqtt-exporter]:Serial: [INFO: App       ] Recibido paquete UDP de fd00::f6ce:36a7:f312:9b3
DEBUG:[mqtt-exporter]:Serial: 170;C;23.2500;1;0
INFO:[mqtt-exporter]:Publish temp in ºC = 23.25
INFO:[mqtt-exporter]:Published alarm status = 0
INFO:[mqtt-exporter]:[Topic: temp_C] b'23.25'
INFO:[mqtt-exporter]:[Topic: alarm] b'0'
DEBUG:[mqtt-exporter]:Serial: [INFO: App       ] Recibido paquete UDP de fd00::f6ce:36a7:f312:9b3
DEBUG:[mqtt-exporter]:Serial: 170;C;23.2500;1;0
INFO:[mqtt-exporter]:Publish temp in ºC = 23.25
INFO:[mqtt-exporter]:Published alarm status = 0
INFO:[mqtt-exporter]:[Topic: temp_C] b'23.25'
INFO:[mqtt-exporter]:[Topic: alarm] b'0'
DEBUG:[mqtt-exporter]:Serial: [INFO: App       ] Recibido paquete UDP de fd00::f6ce:36a7:f312:9b3
DEBUG:[mqtt-exporter]:Serial: 170;C;23.2500;1;0
INFO:[mqtt-exporter]:Publish temp in ºC = 23.25
INFO:[mqtt-exporter]:Published alarm status = 0
INFO:[mqtt-exporter]:[Topic: temp_C] b'23.25'
INFO:[mqtt-exporter]:[Topic: alarm] b'0'
DEBUG:[mqtt-exporter]:Serial: [INFO: App       ] Recibido paquete UDP de fd00::f6ce:36a7:f312:9b3
DEBUG:[mqtt-exporter]:Serial: 170;C;23.2500;1;0
INFO:[mqtt-exporter]:Publish temp in ºC = 23.25
INFO:[mqtt-exporter]:Published alarm status = 0
INFO:[mqtt-exporter]:[Topic: temp_C] b'23.25'
INFO:[mqtt-exporter]:[Topic: alarm] b'0'
DEBUG:[mqtt-exporter]:Serial: [INFO: App       ] Recibido paquete UDP de fd00::f6ce:36a7:f312:9b3
DEBUG:[mqtt-exporter]:Serial: 170;C;23.2500;1;0
INFO:[mqtt-exporter]:Publish temp in ºC = 23.25
INFO:[mqtt-exporter]:Published alarm status = 0
INFO:[mqtt-exporter]:[Topic: temp_C] b'23.25'
INFO:[mqtt-exporter]:[Topic: alarm] b'0'
DEBUG:[mqtt-exporter]:Serial: [INFO: App       ] Recibido paquete UDP de fd00::f6ce:36a7:f312:9b3
DEBUG:[mqtt-exporter]:Serial: 170;C;23.2500;1;0
INFO:[mqtt-exporter]:Publish temp in ºC = 23.25
INFO:[mqtt-exporter]:Published alarm status = 0
INFO:[mqtt-exporter]:[Topic: temp_C] b'23.25'
INFO:[mqtt-exporter]:[Topic: alarm] b'0'
DEBUG:[mqtt-exporter]:Serial: [INFO: App       ] Recibido paquete UDP de fd00::f6ce:36a7:f312:9b3
DEBUG:[mqtt-exporter]:Serial: 170;C;23.2500;1;0
INFO:[mqtt-exporter]:Publish temp in ºC = 23.25
INFO:[mqtt-exporter]:Published alarm status = 0
INFO:[mqtt-exporter]:[Topic: temp_C] b'23.25'
INFO:[mqtt-exporter]:[Topic: alarm] b'0'
DEBUG:[mqtt-exporter]:Serial: [INFO: App       ] Recibido paquete UDP de fd00::f6ce:36a7:f312:9b3
DEBUG:[mqtt-exporter]:Serial: 170;C;23.2500;1;0
INFO:[mqtt-exporter]:Publish temp in ºC = 23.25
INFO:[mqtt-exporter]:Published alarm status = 0
INFO:[mqtt-exporter]:[Topic: temp_C] b'23.25'
INFO:[mqtt-exporter]:[Topic: alarm] b'0'
DEBUG:[mqtt-exporter]:Serial: [INFO: App       ] Recibido paquete UDP de fd00::f6ce:36a7:f312:9b3
DEBUG:[mqtt-exporter]:Serial: 170;C;23.2500;1;0
INFO:[mqtt-exporter]:Publish temp in ºC = 23.25
INFO:[mqtt-exporter]:Published alarm status = 0
INFO:[mqtt-exporter]:[Topic: temp_C] b'23.25'
INFO:[mqtt-exporter]:[Topic: alarm] b'0'
DEBUG:[mqtt-exporter]:Serial: [INFO: App       ] Recibido paquete UDP de fd00::f6ce:36a7:f312:9b3
DEBUG:[mqtt-exporter]:Serial: 170;C;23.5000;1;0
INFO:[mqtt-exporter]:Publish temp in ºC = 23.5
INFO:[mqtt-exporter]:Published alarm status = 0
INFO:[mqtt-exporter]:[Topic: temp_C] b'23.5'
INFO:[mqtt-exporter]:[Topic: alarm] b'0'
DEBUG:[mqtt-exporter]:Serial: [INFO: App       ] Recibido paquete UDP de fd00::f6ce:36a7:f312:9b3
DEBUG:[mqtt-exporter]:Serial: 170;C;23.2500;1;0
INFO:[mqtt-exporter]:Publish temp in ºC = 23.25
INFO:[mqtt-exporter]:Published alarm status = 0
INFO:[mqtt-exporter]:[Topic: temp_C] b'23.25'
INFO:[mqtt-exporter]:[Topic: alarm] b'0'
DEBUG:[mqtt-exporter]:Serial: [INFO: App       ] Recibido paquete UDP de fd00::f6ce:36a7:f312:9b3
DEBUG:[mqtt-exporter]:Serial: 170;C;23.2500;1;0
INFO:[mqtt-exporter]:Publish temp in ºC = 23.25
INFO:[mqtt-exporter]:Published alarm status = 0
INFO:[mqtt-exporter]:[Topic: temp_C] b'23.25'
INFO:[mqtt-exporter]:[Topic: alarm] b'0'
DEBUG:[mqtt-exporter]:Serial: [INFO: App       ] Recibido paquete UDP de fd00::f6ce:36a7:f312:9b3
DEBUG:[mqtt-exporter]:Serial: 170;C;23.2500;1;0
INFO:[mqtt-exporter]:Publish temp in ºC = 23.25
INFO:[mqtt-exporter]:Published alarm status = 0
INFO:[mqtt-exporter]:[Topic: temp_C] b'23.25'
INFO:[mqtt-exporter]:[Topic: alarm] b'0'
DEBUG:[mqtt-exporter]:Serial: [INFO: App       ] Recibido paquete UDP de fd00::f6ce:36a7:f312:9b3
DEBUG:[mqtt-exporter]:Serial: 170;C;23.2500;1;0
INFO:[mqtt-exporter]:Publish temp in ºC = 23.25
INFO:[mqtt-exporter]:Published alarm status = 0
INFO:[mqtt-exporter]:[Topic: temp_C] b'23.25'
INFO:[mqtt-exporter]:[Topic: alarm] b'0'
DEBUG:[mqtt-exporter]:Serial: [INFO: App       ] Recibido paquete UDP de fd00::f6ce:36a7:f312:9b3
DEBUG:[mqtt-exporter]:Serial: 170;C;23.2500;1;0
INFO:[mqtt-exporter]:Publish temp in ºC = 23.25
INFO:[mqtt-exporter]:Published alarm status = 0
INFO:[mqtt-exporter]:[Topic: temp_C] b'23.25'
INFO:[mqtt-exporter]:[Topic: alarm] b'0'
DEBUG:[mqtt-exporter]:Serial: [INFO: App       ] Recibido paquete UDP de fd00::f6ce:36a7:f312:9b3
DEBUG:[mqtt-exporter]:Serial: 170;C;23.2500;1;0
INFO:[mqtt-exporter]:Publish temp in ºC = 23.25
INFO:[mqtt-exporter]:Published alarm status = 0
INFO:[mqtt-exporter]:[Topic: temp_C] b'23.25'
INFO:[mqtt-exporter]:[Topic: alarm] b'0'
DEBUG:[mqtt-exporter]:Serial: [INFO: App       ] Recibido paquete UDP de fd00::f6ce:36a7:f312:9b3
DEBUG:[mqtt-exporter]:Serial: 170;C;23.2500;1;0
INFO:[mqtt-exporter]:Publish temp in ºC = 23.25
INFO:[mqtt-exporter]:Published alarm status = 0
INFO:[mqtt-exporter]:[Topic: temp_C] b'23.25'
INFO:[mqtt-exporter]:[Topic: alarm] b'0'
DEBUG:[mqtt-exporter]:Serial: [INFO: App       ] Recibido paquete UDP de fd00::f6ce:36a7:f312:9b3
DEBUG:[mqtt-exporter]:Serial: 170;C;23.2500;1;0
INFO:[mqtt-exporter]:Publish temp in ºC = 23.25
INFO:[mqtt-exporter]:Published alarm status = 0
INFO:[mqtt-exporter]:[Topic: temp_C] b'23.25'
INFO:[mqtt-exporter]:[Topic: alarm] b'0'
DEBUG:[mqtt-exporter]:Serial: [INFO: App       ] Recibido paquete UDP de fd00::f6ce:36a7:f312:9b3
DEBUG:[mqtt-exporter]:Serial: 170;C;23.2500;1;0
INFO:[mqtt-exporter]:Publish temp in ºC = 23.25
INFO:[mqtt-exporter]:Published alarm status = 0
INFO:[mqtt-exporter]:[Topic: temp_C] b'23.25'
INFO:[mqtt-exporter]:[Topic: alarm] b'0'
DEBUG:[mqtt-exporter]:Serial: [INFO: App       ] Recibido paquete UDP de fd00::f6ce:36a7:f312:9b3
DEBUG:[mqtt-exporter]:Serial: 170;C;23.2500;1;0
INFO:[mqtt-exporter]:Publish temp in ºC = 23.25
INFO:[mqtt-exporter]:Published alarm status = 0
INFO:[mqtt-exporter]:[Topic: temp_C] b'23.25'
INFO:[mqtt-exporter]:[Topic: alarm] b'0'
DEBUG:[mqtt-exporter]:Serial: [INFO: App       ] Recibido paquete UDP de fd00::f6ce:36a7:f312:9b3
DEBUG:[mqtt-exporter]:Serial: 170;C;23.2500;1;0
INFO:[mqtt-exporter]:Publish temp in ºC = 23.25
INFO:[mqtt-exporter]:Published alarm status = 0
INFO:[mqtt-exporter]:[Topic: temp_C] b'23.25'
INFO:[mqtt-exporter]:[Topic: alarm] b'0'
DEBUG:[mqtt-exporter]:Serial: [INFO: App       ] Recibido paquete UDP de fd00::f6ce:36a7:f312:9b3
DEBUG:[mqtt-exporter]:Serial: 170;C;23.2500;1;0
INFO:[mqtt-exporter]:Publish temp in ºC = 23.25
INFO:[mqtt-exporter]:Published alarm status = 0
INFO:[mqtt-exporter]:[Topic: temp_C] b'23.25'
INFO:[mqtt-exporter]:[Topic: alarm] b'0'
DEBUG:[mqtt-exporter]:Serial: [INFO: App       ] Recibido paquete UDP de fd00::f6ce:36a7:f312:9b3
DEBUG:[mqtt-exporter]:Serial: 170;C;23.2500;1;0
INFO:[mqtt-exporter]:Publish temp in ºC = 23.25
INFO:[mqtt-exporter]:Published alarm status = 0
INFO:[mqtt-exporter]:[Topic: temp_C] b'23.25'
INFO:[mqtt-exporter]:[Topic: alarm] b'0'
DEBUG:[mqtt-exporter]:Serial: [INFO: App       ] Recibido paquete UDP de fd00::f6ce:36a7:f312:9b3
DEBUG:[mqtt-exporter]:Serial: 170;C;23.2500;1;0
INFO:[mqtt-exporter]:Publish temp in ºC = 23.25
INFO:[mqtt-exporter]:Published alarm status = 0
INFO:[mqtt-exporter]:[Topic: temp_C] b'23.25'
INFO:[mqtt-exporter]:[Topic: alarm] b'0'
DEBUG:[mqtt-exporter]:Serial: [INFO: App       ] Recibido paquete UDP de fd00::f6ce:36a7:f312:9b3
DEBUG:[mqtt-exporter]:Serial: 170;C;23.2500;1;0
INFO:[mqtt-exporter]:Publish temp in ºC = 23.25
INFO:[mqtt-exporter]:Published alarm status = 0
INFO:[mqtt-exporter]:[Topic: temp_C] b'23.25'
INFO:[mqtt-exporter]:[Topic: alarm] b'0'
DEBUG:[mqtt-exporter]:Serial: [INFO: App       ] Recibido paquete UDP de fd00::f6ce:36a7:f312:9b3
DEBUG:[mqtt-exporter]:Serial: 170;C;23.2500;1;0
INFO:[mqtt-exporter]:Publish temp in ºC = 23.25
INFO:[mqtt-exporter]:Published alarm status = 0
INFO:[mqtt-exporter]:[Topic: temp_C] b'23.25'
INFO:[mqtt-exporter]:[Topic: alarm] b'0'
DEBUG:[mqtt-exporter]:Serial: [INFO: App       ] Recibido paquete UDP de fd00::f6ce:36a7:f312:9b3
DEBUG:[mqtt-exporter]:Serial: 170;C;23.2500;1;0
INFO:[mqtt-exporter]:Publish temp in ºC = 23.25
INFO:[mqtt-exporter]:Published alarm status = 0
INFO:[mqtt-exporter]:[Topic: temp_C] b'23.25'
INFO:[mqtt-exporter]:[Topic: alarm] b'0'
DEBUG:[mqtt-exporter]:Serial: [INFO: App       ] Recibido paquete UDP de fd00::f6ce:36a7:f312:9b3
DEBUG:[mqtt-exporter]:Serial: 170;C;23.2500;1;0
INFO:[mqtt-exporter]:Publish temp in ºC = 23.25
INFO:[mqtt-exporter]:Published alarm status = 0
INFO:[mqtt-exporter]:[Topic: temp_C] b'23.25'
INFO:[mqtt-exporter]:[Topic: alarm] b'0'
DEBUG:[mqtt-exporter]:Serial: [INFO: App       ] Recibido paquete UDP de fd00::f6ce:36a7:f312:9b3
DEBUG:[mqtt-exporter]:Serial: 170;C;23.2500;1;0
INFO:[mqtt-exporter]:Publish temp in ºC = 23.25
INFO:[mqtt-exporter]:Published alarm status = 0
INFO:[mqtt-exporter]:[Topic: temp_C] b'23.25'
INFO:[mqtt-exporter]:[Topic: alarm] b'0'
DEBUG:[mqtt-exporter]:Serial: [INFO: App       ] Recibido paquete UDP de fd00::f6ce:36a7:f312:9b3
DEBUG:[mqtt-exporter]:Serial: 170;C;23.2500;1;0
INFO:[mqtt-exporter]:Publish temp in ºC = 23.25
INFO:[mqtt-exporter]:Published alarm status = 0
INFO:[mqtt-exporter]:[Topic: temp_C] b'23.25'
INFO:[mqtt-exporter]:[Topic: alarm] b'0'
DEBUG:[mqtt-exporter]:Serial: [INFO: App       ] Recibido paquete UDP de fd00::f6ce:36a7:f312:9b3
DEBUG:[mqtt-exporter]:Serial: 170;C;23.2500;1;0
INFO:[mqtt-exporter]:Publish temp in ºC = 23.25
INFO:[mqtt-exporter]:Published alarm status = 0
INFO:[mqtt-exporter]:[Topic: temp_C] b'23.25'
INFO:[mqtt-exporter]:[Topic: alarm] b'0'
DEBUG:[mqtt-exporter]:Serial: [INFO: App       ] Recibido paquete UDP de fd00::f6ce:36a7:f312:9b3
DEBUG:[mqtt-exporter]:Serial: 170;C;23.0000;1;0
INFO:[mqtt-exporter]:Publish temp in ºC = 23.0
INFO:[mqtt-exporter]:Published alarm status = 0
INFO:[mqtt-exporter]:[Topic: temp_C] b'23.0'
INFO:[mqtt-exporter]:[Topic: alarm] b'0'
DEBUG:[mqtt-exporter]:Serial: [INFO: App       ] Recibido paquete UDP de fd00::f6ce:36a7:f312:9b3
DEBUG:[mqtt-exporter]:Serial: 170;C;23.2500;1;0
INFO:[mqtt-exporter]:Publish temp in ºC = 23.25
INFO:[mqtt-exporter]:Published alarm status = 0
INFO:[mqtt-exporter]:[Topic: temp_C] b'23.25'
INFO:[mqtt-exporter]:[Topic: alarm] b'0'
DEBUG:[mqtt-exporter]:Serial: [INFO: App       ] Recibido paquete UDP de fd00::f6ce:36a7:f312:9b3
DEBUG:[mqtt-exporter]:Serial: 170;C;23.0000;1;0
INFO:[mqtt-exporter]:Publish temp in ºC = 23.0
INFO:[mqtt-exporter]:Published alarm status = 0
INFO:[mqtt-exporter]:[Topic: temp_C] b'23.0'
INFO:[mqtt-exporter]:[Topic: alarm] b'0'
DEBUG:[mqtt-exporter]:Serial: [INFO: App       ] Recibido paquete UDP de fd00::f6ce:36a7:f312:9b3
DEBUG:[mqtt-exporter]:Serial: 170;C;23.2500;1;0
INFO:[mqtt-exporter]:Publish temp in ºC = 23.25
INFO:[mqtt-exporter]:Published alarm status = 0
INFO:[mqtt-exporter]:[Topic: temp_C] b'23.25'
INFO:[mqtt-exporter]:[Topic: alarm] b'0'
DEBUG:[mqtt-exporter]:Serial: [INFO: App       ] Recibido paquete UDP de fd00::f6ce:36a7:f312:9b3
DEBUG:[mqtt-exporter]:Serial: 170;C;23.2500;1;0
INFO:[mqtt-exporter]:Publish temp in ºC = 23.25
INFO:[mqtt-exporter]:Published alarm status = 0
INFO:[mqtt-exporter]:[Topic: temp_C] b'23.25'
INFO:[mqtt-exporter]:[Topic: alarm] b'0'
DEBUG:[mqtt-exporter]:Serial: [INFO: App       ] Recibido paquete UDP de fd00::f6ce:36a7:f312:9b3
DEBUG:[mqtt-exporter]:Serial: 170;C;23.2500;1;0
INFO:[mqtt-exporter]:Publish temp in ºC = 23.25
INFO:[mqtt-exporter]:Published alarm status = 0
INFO:[mqtt-exporter]:[Topic: temp_C] b'23.25'
INFO:[mqtt-exporter]:[Topic: alarm] b'0'
DEBUG:[mqtt-exporter]:Serial: [INFO: App       ] Recibido paquete UDP de fd00::f6ce:36a7:f312:9b3
DEBUG:[mqtt-exporter]:Serial: 170;C;23.2500;1;0
INFO:[mqtt-exporter]:Publish temp in ºC = 23.25
INFO:[mqtt-exporter]:Published alarm status = 0
INFO:[mqtt-exporter]:[Topic: temp_C] b'23.25'
INFO:[mqtt-exporter]:[Topic: alarm] b'0'
DEBUG:[mqtt-exporter]:Serial: [INFO: App       ] Recibido paquete UDP de fd00::f6ce:36a7:f312:9b3
DEBUG:[mqtt-exporter]:Serial: 170;C;23.0000;1;0
INFO:[mqtt-exporter]:Publish temp in ºC = 23.0
INFO:[mqtt-exporter]:Published alarm status = 0
INFO:[mqtt-exporter]:[Topic: temp_C] b'23.0'
INFO:[mqtt-exporter]:[Topic: alarm] b'0'
DEBUG:[mqtt-exporter]:Serial: [INFO: App       ] Recibido paquete UDP de fd00::f6ce:36a7:f312:9b3
DEBUG:[mqtt-exporter]:Serial: 170;C;23.2500;1;0
INFO:[mqtt-exporter]:Publish temp in ºC = 23.25
INFO:[mqtt-exporter]:Published alarm status = 0
INFO:[mqtt-exporter]:[Topic: temp_C] b'23.25'
INFO:[mqtt-exporter]:[Topic: alarm] b'0'
DEBUG:[mqtt-exporter]:Serial: [INFO: App       ] Recibido paquete UDP de fd00::f6ce:36a7:f312:9b3
DEBUG:[mqtt-exporter]:Serial: 170;C;23.2500;1;0
INFO:[mqtt-exporter]:Publish temp in ºC = 23.25
INFO:[mqtt-exporter]:Published alarm status = 0
INFO:[mqtt-exporter]:[Topic: temp_C] b'23.25'
INFO:[mqtt-exporter]:[Topic: alarm] b'0'
DEBUG:[mqtt-exporter]:Serial: [INFO: App       ] Recibido paquete UDP de fd00::f6ce:36a7:f312:9b3
DEBUG:[mqtt-exporter]:Serial: 170;C;23.2500;1;0
INFO:[mqtt-exporter]:Publish temp in ºC = 23.25
INFO:[mqtt-exporter]:Published alarm status = 0
INFO:[mqtt-exporter]:[Topic: temp_C] b'23.25'
INFO:[mqtt-exporter]:[Topic: alarm] b'0'
DEBUG:[mqtt-exporter]:Serial: [INFO: App       ] Recibido paquete UDP de fd00::f6ce:36a7:f312:9b3
DEBUG:[mqtt-exporter]:Serial: 170;C;23.2500;1;0
INFO:[mqtt-exporter]:Publish temp in ºC = 23.25
INFO:[mqtt-exporter]:Published alarm status = 0
INFO:[mqtt-exporter]:[Topic: temp_C] b'23.25'
INFO:[mqtt-exporter]:[Topic: alarm] b'0'
DEBUG:[mqtt-exporter]:Serial: [INFO: App       ] Recibido paquete UDP de fd00::f6ce:36a7:f312:9b3
DEBUG:[mqtt-exporter]:Serial: 170;C;23.2500;1;0
INFO:[mqtt-exporter]:Publish temp in ºC = 23.25
INFO:[mqtt-exporter]:Published alarm status = 0
INFO:[mqtt-exporter]:[Topic: temp_C] b'23.25'
INFO:[mqtt-exporter]:[Topic: alarm] b'0'
DEBUG:[mqtt-exporter]:Serial: [INFO: App       ] Recibido paquete UDP de fd00::f6ce:36a7:f312:9b3
DEBUG:[mqtt-exporter]:Serial: 170;C;23.2500;1;0
INFO:[mqtt-exporter]:Publish temp in ºC = 23.25
INFO:[mqtt-exporter]:Published alarm status = 0
INFO:[mqtt-exporter]:[Topic: temp_C] b'23.25'
INFO:[mqtt-exporter]:[Topic: alarm] b'0'
DEBUG:[mqtt-exporter]:Serial: [INFO: App       ] Recibido paquete UDP de fd00::f6ce:36a7:f312:9b3
DEBUG:[mqtt-exporter]:Serial: 170;C;23.2500;1;0
INFO:[mqtt-exporter]:Publish temp in ºC = 23.25
INFO:[mqtt-exporter]:Published alarm status = 0
INFO:[mqtt-exporter]:[Topic: temp_C] b'23.25'
INFO:[mqtt-exporter]:[Topic: alarm] b'0'
DEBUG:[mqtt-exporter]:Serial: [INFO: App       ] Recibido paquete UDP de fd00::f6ce:36a7:f312:9b3
DEBUG:[mqtt-exporter]:Serial: 170;C;23.2500;1;0
INFO:[mqtt-exporter]:Publish temp in ºC = 23.25
INFO:[mqtt-exporter]:Published alarm status = 0
INFO:[mqtt-exporter]:[Topic: temp_C] b'23.25'
INFO:[mqtt-exporter]:[Topic: alarm] b'0'
DEBUG:[mqtt-exporter]:Serial: [INFO: App       ] Recibido paquete UDP de fd00::f6ce:36a7:f312:9b3
DEBUG:[mqtt-exporter]:Serial: 170;C;23.2500;1;0
INFO:[mqtt-exporter]:Publish temp in ºC = 23.25
INFO:[mqtt-exporter]:Published alarm status = 0
INFO:[mqtt-exporter]:[Topic: temp_C] b'23.25'
INFO:[mqtt-exporter]:[Topic: alarm] b'0'
DEBUG:[mqtt-exporter]:Serial: [INFO: App       ] Recibido paquete UDP de fd00::f6ce:36a7:f312:9b3
DEBUG:[mqtt-exporter]:Serial: 170;C;23.2500;1;0
INFO:[mqtt-exporter]:Publish temp in ºC = 23.25
INFO:[mqtt-exporter]:Published alarm status = 0
INFO:[mqtt-exporter]:[Topic: temp_C] b'23.25'
INFO:[mqtt-exporter]:[Topic: alarm] b'0'
DEBUG:[mqtt-exporter]:Serial: [INFO: App       ] Recibido paquete UDP de fd00::f6ce:36a7:f312:9b3
DEBUG:[mqtt-exporter]:Serial: 170;C;23.2500;1;0
INFO:[mqtt-exporter]:Publish temp in ºC = 23.25
INFO:[mqtt-exporter]:Published alarm status = 0
INFO:[mqtt-exporter]:[Topic: temp_C] b'23.25'
INFO:[mqtt-exporter]:[Topic: alarm] b'0'
DEBUG:[mqtt-exporter]:Serial: [INFO: App       ] Recibido paquete UDP de fd00::f6ce:36a7:f312:9b3
DEBUG:[mqtt-exporter]:Serial: 170;C;23.2500;1;0
INFO:[mqtt-exporter]:Publish temp in ºC = 23.25
INFO:[mqtt-exporter]:Published alarm status = 0
INFO:[mqtt-exporter]:[Topic: temp_C] b'23.25'
INFO:[mqtt-exporter]:[Topic: alarm] b'0'
DEBUG:[mqtt-exporter]:Serial: [INFO: App       ] Recibido paquete UDP de fd00::f6ce:36a7:f312:9b3
DEBUG:[mqtt-exporter]:Serial: 170;C;23.2500;1;0
INFO:[mqtt-exporter]:Publish temp in ºC = 23.25
INFO:[mqtt-exporter]:Published alarm status = 0
INFO:[mqtt-exporter]:[Topic: temp_C] b'23.25'
INFO:[mqtt-exporter]:[Topic: alarm] b'0'
DEBUG:[mqtt-exporter]:Serial: [INFO: App       ] Recibido paquete UDP de fd00::f6ce:36a7:f312:9b3
DEBUG:[mqtt-exporter]:Serial: 170;C;23.2500;1;0
INFO:[mqtt-exporter]:Publish temp in ºC = 23.25
INFO:[mqtt-exporter]:[Topic: temp_C] b'23.25'
INFO:[mqtt-exporter]:[Topic: alarm] b'0'
INFO:[mqtt-exporter]:Published alarm status = 0
DEBUG:[mqtt-exporter]:Serial: [INFO: App       ] Recibido paquete UDP de fd00::f6ce:36a7:f312:9b3
DEBUG:[mqtt-exporter]:Serial: 170;C;23.2500;1;0
INFO:[mqtt-exporter]:Publish temp in ºC = 23.25
INFO:[mqtt-exporter]:[Topic: temp_C] b'23.25'
INFO:[mqtt-exporter]:Published alarm status = 0
INFO:[mqtt-exporter]:[Topic: alarm] b'0'
DEBUG:[mqtt-exporter]:Serial: [INFO: App       ] Recibido paquete UDP de fd00::f6ce:36a7:f312:9b3
DEBUG:[mqtt-exporter]:Serial: 170;C;23.2500;1;0
INFO:[mqtt-exporter]:Publish temp in ºC = 23.25
INFO:[mqtt-exporter]:Published alarm status = 0
INFO:[mqtt-exporter]:[Topic: temp_C] b'23.25'
INFO:[mqtt-exporter]:[Topic: alarm] b'0'
DEBUG:[mqtt-exporter]:Serial: [INFO: App       ] Recibido paquete UDP de fd00::f6ce:36a7:f312:9b3
DEBUG:[mqtt-exporter]:Serial: 170;C;23.2500;1;0
INFO:[mqtt-exporter]:Publish temp in ºC = 23.25
INFO:[mqtt-exporter]:Published alarm status = 0
INFO:[mqtt-exporter]:[Topic: temp_C] b'23.25'
INFO:[mqtt-exporter]:[Topic: alarm] b'0'
DEBUG:[mqtt-exporter]:Serial: [INFO: App       ] Recibido paquete UDP de fd00::f6ce:36a7:f312:9b3
DEBUG:[mqtt-exporter]:Serial: 170;C;23.2500;1;0
INFO:[mqtt-exporter]:Publish temp in ºC = 23.25
INFO:[mqtt-exporter]:Published alarm status = 0
INFO:[mqtt-exporter]:[Topic: temp_C] b'23.25'
INFO:[mqtt-exporter]:[Topic: alarm] b'0'
DEBUG:[mqtt-exporter]:Serial: [INFO: App       ] Recibido paquete UDP de fd00::f6ce:36a7:f312:9b3
DEBUG:[mqtt-exporter]:Serial: 170;C;23.2500;1;0
INFO:[mqtt-exporter]:Publish temp in ºC = 23.25
INFO:[mqtt-exporter]:Published alarm status = 0
INFO:[mqtt-exporter]:[Topic: temp_C] b'23.25'
INFO:[mqtt-exporter]:[Topic: alarm] b'0'
DEBUG:[mqtt-exporter]:Serial: [INFO: App       ] Recibido paquete UDP de fd00::f6ce:36a7:f312:9b3
DEBUG:[mqtt-exporter]:Serial: 170;C;23.2500;1;0
INFO:[mqtt-exporter]:Publish temp in ºC = 23.25
INFO:[mqtt-exporter]:Published alarm status = 0
INFO:[mqtt-exporter]:[Topic: temp_C] b'23.25'
INFO:[mqtt-exporter]:[Topic: alarm] b'0'
DEBUG:[mqtt-exporter]:Serial: [INFO: App       ] Recibido paquete UDP de fd00::f6ce:36a7:f312:9b3
DEBUG:[mqtt-exporter]:Serial: 170;C;23.2500;1;0
INFO:[mqtt-exporter]:Publish temp in ºC = 23.25
INFO:[mqtt-exporter]:Published alarm status = 0
INFO:[mqtt-exporter]:[Topic: temp_C] b'23.25'
INFO:[mqtt-exporter]:[Topic: alarm] b'0'
DEBUG:[mqtt-exporter]:Serial: [INFO: App       ] Recibido paquete UDP de fd00::f6ce:36a7:f312:9b3
DEBUG:[mqtt-exporter]:Serial: 170;C;23.2500;1;0
INFO:[mqtt-exporter]:Publish temp in ºC = 23.25
INFO:[mqtt-exporter]:Published alarm status = 0
INFO:[mqtt-exporter]:[Topic: temp_C] b'23.25'
INFO:[mqtt-exporter]:[Topic: alarm] b'0'
DEBUG:[mqtt-exporter]:Serial: [INFO: App       ] Recibido paquete UDP de fd00::f6ce:36a7:f312:9b3
DEBUG:[mqtt-exporter]:Serial: 170;C;23.2500;1;0
INFO:[mqtt-exporter]:Publish temp in ºC = 23.25
INFO:[mqtt-exporter]:Published alarm status = 0
INFO:[mqtt-exporter]:[Topic: temp_C] b'23.25'
INFO:[mqtt-exporter]:[Topic: alarm] b'0'
DEBUG:[mqtt-exporter]:Serial: [INFO: App       ] Recibido paquete UDP de fd00::f6ce:36a7:f312:9b3
DEBUG:[mqtt-exporter]:Serial: 170;C;23.2500;1;0
INFO:[mqtt-exporter]:Publish temp in ºC = 23.25
INFO:[mqtt-exporter]:Published alarm status = 0
INFO:[mqtt-exporter]:[Topic: temp_C] b'23.25'
INFO:[mqtt-exporter]:[Topic: alarm] b'0'
DEBUG:[mqtt-exporter]:Serial: [INFO: App       ] Recibido paquete UDP de fd00::f6ce:36a7:f312:9b3
DEBUG:[mqtt-exporter]:Serial: 170;C;23.2500;1;0
INFO:[mqtt-exporter]:Publish temp in ºC = 23.25
INFO:[mqtt-exporter]:Published alarm status = 0
INFO:[mqtt-exporter]:[Topic: temp_C] b'23.25'
INFO:[mqtt-exporter]:[Topic: alarm] b'0'
INFO:[mqtt-exporter]:Connected rc=Success
DEBUG:[mqtt-exporter]:Serial: [INFO: App       ] Recibido paquete UDP de fd00::f6ce:36a7:f312:9b3
DEBUG:[mqtt-exporter]:Serial: 170;C;23.5000;1;0
INFO:[mqtt-exporter]:Publish temp in ºC = 23.5
INFO:[mqtt-exporter]:Published alarm status = 0
INFO:[mqtt-exporter]:[Topic: temp_C] b'23.5'
INFO:[mqtt-exporter]:[Topic: alarm] b'0'
DEBUG:[mqtt-exporter]:Serial: [INFO: App       ] Recibido paquete UDP de fd00::f6ce:36a7:f312:9b3
DEBUG:[mqtt-exporter]:Serial: 170;C;23.5000;1;0
INFO:[mqtt-exporter]:Publish temp in ºC = 23.5
INFO:[mqtt-exporter]:Published alarm status = 0
INFO:[mqtt-exporter]:[Topic: temp_C] b'23.5'
INFO:[mqtt-exporter]:[Topic: alarm] b'0'
DEBUG:[mqtt-exporter]:Serial: [INFO: App       ] Recibido paquete UDP de fd00::f6ce:36a7:f312:9b3
DEBUG:[mqtt-exporter]:Serial: 170;C;23.2500;1;0
INFO:[mqtt-exporter]:Publish temp in ºC = 23.25
INFO:[mqtt-exporter]:Published alarm status = 0
INFO:[mqtt-exporter]:[Topic: temp_C] b'23.25'
INFO:[mqtt-exporter]:[Topic: alarm] b'0'
DEBUG:[mqtt-exporter]:Serial: [INFO: App       ] Recibido paquete UDP de fd00::f6ce:36a7:f312:9b3
DEBUG:[mqtt-exporter]:Serial: 170;C;23.5000;1;0
INFO:[mqtt-exporter]:Publish temp in ºC = 23.5
INFO:[mqtt-exporter]:Published alarm status = 0
INFO:[mqtt-exporter]:[Topic: temp_C] b'23.5'
INFO:[mqtt-exporter]:[Topic: alarm] b'0'
DEBUG:[mqtt-exporter]:Serial: [INFO: App       ] Recibido paquete UDP de fd00::f6ce:36a7:f312:9b3
DEBUG:[mqtt-exporter]:Serial: 170;C;23.5000;1;0
INFO:[mqtt-exporter]:Publish temp in ºC = 23.5
INFO:[mqtt-exporter]:Published alarm status = 0
INFO:[mqtt-exporter]:[Topic: temp_C] b'23.5'
INFO:[mqtt-exporter]:[Topic: alarm] b'0'
DEBUG:[mqtt-exporter]:Serial: [INFO: App       ] Recibido paquete UDP de fd00::f6ce:36a7:f312:9b3
DEBUG:[mqtt-exporter]:Serial: 170;C;23.2500;1;0
INFO:[mqtt-exporter]:Publish temp in ºC = 23.25
INFO:[mqtt-exporter]:Published alarm status = 0
INFO:[mqtt-exporter]:[Topic: temp_C] b'23.25'
INFO:[mqtt-exporter]:[Topic: alarm] b'0'
DEBUG:[mqtt-exporter]:Serial: [INFO: App       ] Recibido paquete UDP de fd00::f6ce:36a7:f312:9b3
DEBUG:[mqtt-exporter]:Serial: 170;C;23.2500;1;0
INFO:[mqtt-exporter]:Publish temp in ºC = 23.25
INFO:[mqtt-exporter]:Published alarm status = 0
INFO:[mqtt-exporter]:[Topic: temp_C] b'23.25'
INFO:[mqtt-exporter]:[Topic: alarm] b'0'
DEBUG:[mqtt-exporter]:Serial: [INFO: App       ] Recibido paquete UDP de fd00::f6ce:36a7:f312:9b3
DEBUG:[mqtt-exporter]:Serial: 170;C;23.5000;1;0
INFO:[mqtt-exporter]:Publish temp in ºC = 23.5
INFO:[mqtt-exporter]:Published alarm status = 0
INFO:[mqtt-exporter]:[Topic: temp_C] b'23.5'
INFO:[mqtt-exporter]:[Topic: alarm] b'0'
DEBUG:[mqtt-exporter]:Serial: [INFO: App       ] Recibido paquete UDP de fd00::f6ce:36a7:f312:9b3
DEBUG:[mqtt-exporter]:Serial: 170;C;23.2500;1;0
INFO:[mqtt-exporter]:Publish temp in ºC = 23.25
INFO:[mqtt-exporter]:Published alarm status = 0
INFO:[mqtt-exporter]:[Topic: temp_C] b'23.25'
INFO:[mqtt-exporter]:[Topic: alarm] b'0'
DEBUG:[mqtt-exporter]:Serial: [INFO: App       ] Recibido paquete UDP de fd00::f6ce:36a7:f312:9b3
DEBUG:[mqtt-exporter]:Serial: 170;C;23.5000;1;0
INFO:[mqtt-exporter]:Publish temp in ºC = 23.5
INFO:[mqtt-exporter]:Published alarm status = 0
INFO:[mqtt-exporter]:[Topic: temp_C] b'23.5'
INFO:[mqtt-exporter]:[Topic: alarm] b'0'
DEBUG:[mqtt-exporter]:Serial: [INFO: App       ] Recibido paquete UDP de fd00::f6ce:36a7:f312:9b3
DEBUG:[mqtt-exporter]:Serial: 170;C;23.2500;1;0
INFO:[mqtt-exporter]:Publish temp in ºC = 23.25
INFO:[mqtt-exporter]:Published alarm status = 0
INFO:[mqtt-exporter]:[Topic: temp_C] b'23.25'
INFO:[mqtt-exporter]:[Topic: alarm] b'0'
DEBUG:[mqtt-exporter]:Serial: [INFO: App       ] Recibido paquete UDP de fd00::f6ce:36a7:f312:9b3
DEBUG:[mqtt-exporter]:Serial: 170;C;23.5000;1;0
INFO:[mqtt-exporter]:Publish temp in ºC = 23.5
INFO:[mqtt-exporter]:Published alarm status = 0
INFO:[mqtt-exporter]:[Topic: temp_C] b'23.5'
INFO:[mqtt-exporter]:[Topic: alarm] b'0'
DEBUG:[mqtt-exporter]:Serial: [INFO: App       ] Recibido paquete UDP de fd00::f6ce:36a7:f312:9b3
DEBUG:[mqtt-exporter]:Serial: 170;C;23.5000;1;0
INFO:[mqtt-exporter]:Publish temp in ºC = 23.5
INFO:[mqtt-exporter]:Published alarm status = 0
INFO:[mqtt-exporter]:[Topic: temp_C] b'23.5'
INFO:[mqtt-exporter]:[Topic: alarm] b'0'
DEBUG:[mqtt-exporter]:Serial: [INFO: App       ] Recibido paquete UDP de fd00::f6ce:36a7:f312:9b3
DEBUG:[mqtt-exporter]:Serial: 170;C;23.5000;1;0
INFO:[mqtt-exporter]:Publish temp in ºC = 23.5
INFO:[mqtt-exporter]:Published alarm status = 0
INFO:[mqtt-exporter]:[Topic: temp_C] b'23.5'
INFO:[mqtt-exporter]:[Topic: alarm] b'0'
DEBUG:[mqtt-exporter]:Serial: [INFO: App       ] Recibido paquete UDP de fd00::f6ce:36a7:f312:9b3
DEBUG:[mqtt-exporter]:Serial: 170;C;25.5000;1;1
INFO:[mqtt-exporter]:Publish temp in ºC = 25.5
INFO:[mqtt-exporter]:Published alarm status = 1
INFO:[mqtt-exporter]:[Topic: temp_C] b'25.5'
INFO:[mqtt-exporter]:[Topic: alarm] b'1'
DEBUG:[mqtt-exporter]:Serial: [INFO: App       ] Recibido paquete UDP de fd00::f6ce:36a7:f312:9b3
DEBUG:[mqtt-exporter]:Serial: 170;C;28.7500;1;1
INFO:[mqtt-exporter]:Publish temp in ºC = 28.75
INFO:[mqtt-exporter]:Published alarm status = 1
INFO:[mqtt-exporter]:[Topic: temp_C] b'28.75'
INFO:[mqtt-exporter]:[Topic: alarm] b'1'
DEBUG:[mqtt-exporter]:Serial: [INFO: App       ] Recibido paquete UDP de fd00::f6ce:36a7:f312:9b3
DEBUG:[mqtt-exporter]:Serial: 170;C;29.7500;1;1
INFO:[mqtt-exporter]:Publish temp in ºC = 29.75
INFO:[mqtt-exporter]:Published alarm status = 1
INFO:[mqtt-exporter]:[Topic: temp_C] b'29.75'
INFO:[mqtt-exporter]:[Topic: alarm] b'1'
DEBUG:[mqtt-exporter]:Serial: [INFO: App       ] Recibido paquete UDP de fd00::f6ce:36a7:f312:9b3
DEBUG:[mqtt-exporter]:Serial: 170;C;28.7500;1;1
INFO:[mqtt-exporter]:Publish temp in ºC = 28.75
INFO:[mqtt-exporter]:Published alarm status = 1
INFO:[mqtt-exporter]:[Topic: temp_C] b'28.75'
INFO:[mqtt-exporter]:[Topic: alarm] b'1'
DEBUG:[mqtt-exporter]:Serial: [INFO: App       ] Recibido paquete UDP de fd00::f6ce:36a7:f312:9b3
DEBUG:[mqtt-exporter]:Serial: 170;C;28.0000;1;1
INFO:[mqtt-exporter]:Publish temp in ºC = 28.0
INFO:[mqtt-exporter]:Published alarm status = 1
INFO:[mqtt-exporter]:[Topic: temp_C] b'28.0'
INFO:[mqtt-exporter]:[Topic: alarm] b'1'
DEBUG:[mqtt-exporter]:Serial: [INFO: App       ] Recibido paquete UDP de fd00::f6ce:36a7:f312:9b3
DEBUG:[mqtt-exporter]:Serial: 170;C;27.2500;1;1
INFO:[mqtt-exporter]:Publish temp in ºC = 27.25
INFO:[mqtt-exporter]:Published alarm status = 1
INFO:[mqtt-exporter]:[Topic: temp_C] b'27.25'
INFO:[mqtt-exporter]:[Topic: alarm] b'1'
DEBUG:[mqtt-exporter]:Serial: [INFO: App       ] Recibido paquete UDP de fd00::f6ce:36a7:f312:9b3
DEBUG:[mqtt-exporter]:Serial: 170;C;27.0000;1;1
INFO:[mqtt-exporter]:Publish temp in ºC = 27.0
INFO:[mqtt-exporter]:Published alarm status = 1
INFO:[mqtt-exporter]:[Topic: temp_C] b'27.0'
INFO:[mqtt-exporter]:[Topic: alarm] b'1'
DEBUG:[mqtt-exporter]:Serial: [INFO: App       ] Recibido paquete UDP de fd00::f6ce:36a7:f312:9b3
DEBUG:[mqtt-exporter]:Serial: 170;C;26.7500;1;1
INFO:[mqtt-exporter]:Publish temp in ºC = 26.75
INFO:[mqtt-exporter]:Published alarm status = 1
INFO:[mqtt-exporter]:[Topic: temp_C] b'26.75'
INFO:[mqtt-exporter]:[Topic: alarm] b'1'
DEBUG:[mqtt-exporter]:Serial: [INFO: App       ] Recibido paquete UDP de fd00::f6ce:36a7:f312:9b3
DEBUG:[mqtt-exporter]:Serial: 170;F;80.1250;1;1
INFO:[mqtt-exporter]:Publish temp in ºF = 80.125
INFO:[mqtt-exporter]:Published alarm status = 1
INFO:[mqtt-exporter]:[Topic: temp_F] b'80.125'
INFO:[mqtt-exporter]:[Topic: alarm] b'1'
DEBUG:[mqtt-exporter]:Serial: [INFO: App       ] Recibido paquete UDP de fd00::f6ce:36a7:f312:9b3
DEBUG:[mqtt-exporter]:Serial: 170;F;80.1250;1;1
INFO:[mqtt-exporter]:Publish temp in ºF = 80.125
INFO:[mqtt-exporter]:Published alarm status = 1
INFO:[mqtt-exporter]:[Topic: temp_F] b'80.125'
INFO:[mqtt-exporter]:[Topic: alarm] b'1'
DEBUG:[mqtt-exporter]:Serial: [INFO: App       ] Recibido paquete UDP de fd00::f6ce:36a7:f312:9b3
DEBUG:[mqtt-exporter]:Serial: 170;F;79.6875;1;1
INFO:[mqtt-exporter]:Publish temp in ºF = 79.6875
INFO:[mqtt-exporter]:Published alarm status = 1
INFO:[mqtt-exporter]:[Topic: temp_F] b'79.6875'
INFO:[mqtt-exporter]:[Topic: alarm] b'1'
DEBUG:[mqtt-exporter]:Serial: [INFO: App       ] Recibido paquete UDP de fd00::f6ce:36a7:f312:9b3
DEBUG:[mqtt-exporter]:Serial: 170;F;79.2500;1;1
INFO:[mqtt-exporter]:Publish temp in ºF = 79.25
INFO:[mqtt-exporter]:Published alarm status = 1
INFO:[mqtt-exporter]:[Topic: temp_F] b'79.25'
INFO:[mqtt-exporter]:[Topic: alarm] b'1'
DEBUG:[mqtt-exporter]:Serial: [INFO: App       ] Recibido paquete UDP de fd00::f6ce:36a7:f312:9b3
DEBUG:[mqtt-exporter]:Serial: 170;F;79.2500;1;1
INFO:[mqtt-exporter]:Publish temp in ºF = 79.25
INFO:[mqtt-exporter]:Published alarm status = 1
INFO:[mqtt-exporter]:[Topic: temp_F] b'79.25'
INFO:[mqtt-exporter]:[Topic: alarm] b'1'
DEBUG:[mqtt-exporter]:Serial: [INFO: App       ] Recibido paquete UDP de fd00::f6ce:36a7:f312:9b3
DEBUG:[mqtt-exporter]:Serial: 170;F;78.7500;1;1
INFO:[mqtt-exporter]:Publish temp in ºF = 78.75
INFO:[mqtt-exporter]:Published alarm status = 1
INFO:[mqtt-exporter]:[Topic: temp_F] b'78.75'
INFO:[mqtt-exporter]:[Topic: alarm] b'1'
DEBUG:[mqtt-exporter]:Serial: [INFO: App       ] Recibido paquete UDP de fd00::f6ce:36a7:f312:9b3
DEBUG:[mqtt-exporter]:Serial: 170;F;78.7500;1;1
INFO:[mqtt-exporter]:Publish temp in ºF = 78.75
INFO:[mqtt-exporter]:Published alarm status = 1
INFO:[mqtt-exporter]:[Topic: temp_F] b'78.75'
INFO:[mqtt-exporter]:[Topic: alarm] b'1'
DEBUG:[mqtt-exporter]:Serial: [INFO: App       ] Recibido paquete UDP de fd00::f6ce:36a7:f312:9b3
DEBUG:[mqtt-exporter]:Serial: 170;F;78.3125;1;1
INFO:[mqtt-exporter]:[Topic: temp_F] b'78.3125'
INFO:[mqtt-exporter]:Publish temp in ºF = 78.3125
INFO:[mqtt-exporter]:Published alarm status = 1
INFO:[mqtt-exporter]:[Topic: alarm] b'1'
DEBUG:[mqtt-exporter]:Serial: [INFO: App       ] Recibido paquete UDP de fd00::f6ce:36a7:f312:9b3
DEBUG:[mqtt-exporter]:Serial: 170;F;78.3125;1;1
INFO:[mqtt-exporter]:Publish temp in ºF = 78.3125
INFO:[mqtt-exporter]:Published alarm status = 1
INFO:[mqtt-exporter]:[Topic: temp_F] b'78.3125'
INFO:[mqtt-exporter]:[Topic: alarm] b'1'
DEBUG:[mqtt-exporter]:Serial: [INFO: App       ] Recibido paquete UDP de fd00::f6ce:36a7:f312:9b3
DEBUG:[mqtt-exporter]:Serial: 170;F;77.8750;1;1
INFO:[mqtt-exporter]:Publish temp in ºF = 77.875
INFO:[mqtt-exporter]:Published alarm status = 1
INFO:[mqtt-exporter]:[Topic: temp_F] b'77.875'
INFO:[mqtt-exporter]:[Topic: alarm] b'1'
DEBUG:[mqtt-exporter]:Serial: [INFO: App       ] Recibido paquete UDP de fd00::f6ce:36a7:f312:9b3
DEBUG:[mqtt-exporter]:Serial: 170;F;77.8750;1;1
INFO:[mqtt-exporter]:Publish temp in ºF = 77.875
INFO:[mqtt-exporter]:Published alarm status = 1
INFO:[mqtt-exporter]:[Topic: temp_F] b'77.875'
INFO:[mqtt-exporter]:[Topic: alarm] b'1'
DEBUG:[mqtt-exporter]:Serial: [INFO: App       ] Recibido paquete UDP de fd00::f6ce:36a7:f312:9b3
DEBUG:[mqtt-exporter]:Serial: 170;F;77.4375;1;1
INFO:[mqtt-exporter]:Publish temp in ºF = 77.4375
INFO:[mqtt-exporter]:Published alarm status = 1
INFO:[mqtt-exporter]:[Topic: temp_F] b'77.4375'
INFO:[mqtt-exporter]:[Topic: alarm] b'1'
DEBUG:[mqtt-exporter]:Serial: [INFO: App       ] Recibido paquete UDP de fd00::f6ce:36a7:f312:9b3
DEBUG:[mqtt-exporter]:Serial: 170;F;77.4375;1;1
INFO:[mqtt-exporter]:Publish temp in ºF = 77.4375
INFO:[mqtt-exporter]:Published alarm status = 1
INFO:[mqtt-exporter]:[Topic: temp_F] b'77.4375'
INFO:[mqtt-exporter]:[Topic: alarm] b'1'
DEBUG:[mqtt-exporter]:Serial: [INFO: App       ] Recibido paquete UDP de fd00::f6ce:36a7:f312:9b3
DEBUG:[mqtt-exporter]:Serial: 170;F;77.0000;1;1
INFO:[mqtt-exporter]:Publish temp in ºF = 77.0
INFO:[mqtt-exporter]:Published alarm status = 1
INFO:[mqtt-exporter]:[Topic: temp_F] b'77.0'
INFO:[mqtt-exporter]:[Topic: alarm] b'1'
DEBUG:[mqtt-exporter]:Serial: [INFO: App       ] Recibido paquete UDP de fd00::f6ce:36a7:f312:9b3
DEBUG:[mqtt-exporter]:Serial: 170;F;77.4375;1;1
INFO:[mqtt-exporter]:Publish temp in ºF = 77.4375
INFO:[mqtt-exporter]:Published alarm status = 1
INFO:[mqtt-exporter]:[Topic: temp_F] b'77.4375'
INFO:[mqtt-exporter]:[Topic: alarm] b'1'
DEBUG:[mqtt-exporter]:Serial: [INFO: App       ] Recibido paquete UDP de fd00::f6ce:36a7:f312:9b3
DEBUG:[mqtt-exporter]:Serial: 170;F;77.0000;1;1
INFO:[mqtt-exporter]:Publish temp in ºF = 77.0
INFO:[mqtt-exporter]:Published alarm status = 1
INFO:[mqtt-exporter]:[Topic: temp_F] b'77.0'
INFO:[mqtt-exporter]:[Topic: alarm] b'1'
DEBUG:[mqtt-exporter]:Serial: [INFO: App       ] Recibido paquete UDP de fd00::f6ce:36a7:f312:9b3
DEBUG:[mqtt-exporter]:Serial: 170;F;77.0000;1;1
INFO:[mqtt-exporter]:Publish temp in ºF = 77.0
INFO:[mqtt-exporter]:Published alarm status = 1
INFO:[mqtt-exporter]:[Topic: temp_F] b'77.0'
INFO:[mqtt-exporter]:[Topic: alarm] b'1'
DEBUG:[mqtt-exporter]:Serial: [INFO: App       ] Recibido paquete UDP de fd00::f6ce:36a7:f312:9b3
DEBUG:[mqtt-exporter]:Serial: 170;F;77.0000;1;1
INFO:[mqtt-exporter]:Publish temp in ºF = 77.0
INFO:[mqtt-exporter]:Published alarm status = 1
INFO:[mqtt-exporter]:[Topic: temp_F] b'77.0'
INFO:[mqtt-exporter]:[Topic: alarm] b'1'
DEBUG:[mqtt-exporter]:Serial: [INFO: App       ] Recibido paquete UDP de fd00::f6ce:36a7:f312:9b3
DEBUG:[mqtt-exporter]:Serial: 170;F;77.0000;1;1
INFO:[mqtt-exporter]:Publish temp in ºF = 77.0
INFO:[mqtt-exporter]:Published alarm status = 1
INFO:[mqtt-exporter]:[Topic: temp_F] b'77.0'
INFO:[mqtt-exporter]:[Topic: alarm] b'1'
DEBUG:[mqtt-exporter]:Serial: [INFO: App       ] Recibido paquete UDP de fd00::f6ce:36a7:f312:9b3
DEBUG:[mqtt-exporter]:Serial: 170;F;77.0000;1;1
INFO:[mqtt-exporter]:Publish temp in ºF = 77.0
INFO:[mqtt-exporter]:Published alarm status = 1
INFO:[mqtt-exporter]:[Topic: temp_F] b'77.0'
INFO:[mqtt-exporter]:[Topic: alarm] b'1'
DEBUG:[mqtt-exporter]:Serial: [INFO: App       ] Recibido paquete UDP de fd00::f6ce:36a7:f312:9b3
DEBUG:[mqtt-exporter]:Serial: 170;F;76.5000;1;1
INFO:[mqtt-exporter]:Publish temp in ºF = 76.5
INFO:[mqtt-exporter]:Published alarm status = 1
INFO:[mqtt-exporter]:[Topic: temp_F] b'76.5'
INFO:[mqtt-exporter]:[Topic: alarm] b'1'
DEBUG:[mqtt-exporter]:Serial: [INFO: App       ] Recibido paquete UDP de fd00::f6ce:36a7:f312:9b3
DEBUG:[mqtt-exporter]:Serial: 170;F;76.5000;1;1
INFO:[mqtt-exporter]:Publish temp in ºF = 76.5
INFO:[mqtt-exporter]:Published alarm status = 1
INFO:[mqtt-exporter]:[Topic: temp_F] b'76.5'
INFO:[mqtt-exporter]:[Topic: alarm] b'1'
DEBUG:[mqtt-exporter]:Serial: [INFO: App       ] Recibido paquete UDP de fd00::f6ce:36a7:f312:9b3
DEBUG:[mqtt-exporter]:Serial: 170;F;76.5000;1;1
INFO:[mqtt-exporter]:Publish temp in ºF = 76.5
INFO:[mqtt-exporter]:Published alarm status = 1
INFO:[mqtt-exporter]:[Topic: temp_F] b'76.5'
INFO:[mqtt-exporter]:[Topic: alarm] b'1'
DEBUG:[mqtt-exporter]:Serial: [INFO: App       ] Recibido paquete UDP de fd00::f6ce:36a7:f312:9b3
DEBUG:[mqtt-exporter]:Serial: 170;F;76.5000;1;1
INFO:[mqtt-exporter]:Publish temp in ºF = 76.5
INFO:[mqtt-exporter]:Published alarm status = 1
INFO:[mqtt-exporter]:[Topic: temp_F] b'76.5'
INFO:[mqtt-exporter]:[Topic: alarm] b'1'
DEBUG:[mqtt-exporter]:Serial: [INFO: App       ] Recibido paquete UDP de fd00::f6ce:36a7:f312:9b3
DEBUG:[mqtt-exporter]:Serial: 170;F;76.5000;1;1
INFO:[mqtt-exporter]:Publish temp in ºF = 76.5
INFO:[mqtt-exporter]:Published alarm status = 1
INFO:[mqtt-exporter]:[Topic: temp_F] b'76.5'
INFO:[mqtt-exporter]:[Topic: alarm] b'1'
DEBUG:[mqtt-exporter]:Serial: [INFO: App       ] Recibido paquete UDP de fd00::f6ce:36a7:f312:9b3
DEBUG:[mqtt-exporter]:Serial: 170;F;76.5000;1;1
INFO:[mqtt-exporter]:Publish temp in ºF = 76.5
INFO:[mqtt-exporter]:Published alarm status = 1
INFO:[mqtt-exporter]:[Topic: temp_F] b'76.5'
INFO:[mqtt-exporter]:[Topic: alarm] b'1'
DEBUG:[mqtt-exporter]:Serial: [INFO: App       ] Recibido paquete UDP de fd00::f6ce:36a7:f312:9b3
DEBUG:[mqtt-exporter]:Serial: 170;F;76.0625;1;1
INFO:[mqtt-exporter]:Publish temp in ºF = 76.0625
INFO:[mqtt-exporter]:Published alarm status = 1
INFO:[mqtt-exporter]:[Topic: temp_F] b'76.0625'
INFO:[mqtt-exporter]:[Topic: alarm] b'1'
DEBUG:[mqtt-exporter]:Serial: [INFO: App       ] Recibido paquete UDP de fd00::f6ce:36a7:f312:9b3
DEBUG:[mqtt-exporter]:Serial: 170;F;76.0625;1;1
INFO:[mqtt-exporter]:Publish temp in ºF = 76.0625
INFO:[mqtt-exporter]:Published alarm status = 1
INFO:[mqtt-exporter]:[Topic: temp_F] b'76.0625'
INFO:[mqtt-exporter]:[Topic: alarm] b'1'
DEBUG:[mqtt-exporter]:Serial: [INFO: App       ] Recibido paquete UDP de fd00::f6ce:36a7:f312:9b3
DEBUG:[mqtt-exporter]:Serial: 170;F;76.0625;1;1
INFO:[mqtt-exporter]:Publish temp in ºF = 76.0625
INFO:[mqtt-exporter]:Published alarm status = 1
INFO:[mqtt-exporter]:[Topic: temp_F] b'76.0625'
INFO:[mqtt-exporter]:[Topic: alarm] b'1'
DEBUG:[mqtt-exporter]:Serial: [INFO: App       ] Recibido paquete UDP de fd00::f6ce:36a7:f312:9b3
DEBUG:[mqtt-exporter]:Serial: 170;F;76.0625;1;1
INFO:[mqtt-exporter]:Publish temp in ºF = 76.0625
INFO:[mqtt-exporter]:Published alarm status = 1
INFO:[mqtt-exporter]:[Topic: temp_F] b'76.0625'
INFO:[mqtt-exporter]:[Topic: alarm] b'1'
DEBUG:[mqtt-exporter]:Serial: [INFO: App       ] Recibido paquete UDP de fd00::f6ce:36a7:f312:9b3
DEBUG:[mqtt-exporter]:Serial: 170;F;76.0625;1;1
INFO:[mqtt-exporter]:Publish temp in ºF = 76.0625
INFO:[mqtt-exporter]:Published alarm status = 1
INFO:[mqtt-exporter]:[Topic: temp_F] b'76.0625'
INFO:[mqtt-exporter]:[Topic: alarm] b'1'
DEBUG:[mqtt-exporter]:Serial: [INFO: App       ] Recibido paquete UDP de fd00::f6ce:36a7:f312:9b3
DEBUG:[mqtt-exporter]:Serial: 170;F;76.0625;1;1
INFO:[mqtt-exporter]:Publish temp in ºF = 76.0625
INFO:[mqtt-exporter]:Published alarm status = 1
INFO:[mqtt-exporter]:[Topic: temp_F] b'76.0625'
INFO:[mqtt-exporter]:[Topic: alarm] b'1'
DEBUG:[mqtt-exporter]:Serial: [INFO: App       ] Recibido paquete UDP de fd00::f6ce:36a7:f312:9b3
DEBUG:[mqtt-exporter]:Serial: 170;F;76.0625;1;1
INFO:[mqtt-exporter]:Publish temp in ºF = 76.0625
INFO:[mqtt-exporter]:Published alarm status = 1
INFO:[mqtt-exporter]:[Topic: temp_F] b'76.0625'
INFO:[mqtt-exporter]:[Topic: alarm] b'1'
DEBUG:[mqtt-exporter]:Serial: [INFO: App       ] Recibido paquete UDP de fd00::f6ce:36a7:f312:9b3
DEBUG:[mqtt-exporter]:Serial: 170;F;76.0625;1;1
INFO:[mqtt-exporter]:Publish temp in ºF = 76.0625
INFO:[mqtt-exporter]:Published alarm status = 1
INFO:[mqtt-exporter]:[Topic: temp_F] b'76.0625'
INFO:[mqtt-exporter]:[Topic: alarm] b'1'
DEBUG:[mqtt-exporter]:Serial: [INFO: App       ] Recibido paquete UDP de fd00::f6ce:36a7:f312:9b3
DEBUG:[mqtt-exporter]:Serial: 170;F;76.0625;1;1
INFO:[mqtt-exporter]:Publish temp in ºF = 76.0625
INFO:[mqtt-exporter]:Published alarm status = 1
INFO:[mqtt-exporter]:[Topic: temp_F] b'76.0625'
INFO:[mqtt-exporter]:[Topic: alarm] b'1'
DEBUG:[mqtt-exporter]:Serial: [INFO: App       ] Recibido paquete UDP de fd00::f6ce:36a7:f312:9b3
DEBUG:[mqtt-exporter]:Serial: 170;F;76.0625;1;1
INFO:[mqtt-exporter]:Publish temp in ºF = 76.0625
INFO:[mqtt-exporter]:Published alarm status = 1
INFO:[mqtt-exporter]:[Topic: temp_F] b'76.0625'
INFO:[mqtt-exporter]:[Topic: alarm] b'1'
DEBUG:[mqtt-exporter]:Serial: [INFO: App       ] Recibido paquete UDP de fd00::f6ce:36a7:f312:9b3
DEBUG:[mqtt-exporter]:Serial: 170;F;75.6250;1;1
INFO:[mqtt-exporter]:Publish temp in ºF = 75.625
INFO:[mqtt-exporter]:Published alarm status = 1
INFO:[mqtt-exporter]:[Topic: temp_F] b'75.625'
INFO:[mqtt-exporter]:[Topic: alarm] b'1'
DEBUG:[mqtt-exporter]:Serial: [INFO: App       ] Recibido paquete UDP de fd00::f6ce:36a7:f312:9b3
DEBUG:[mqtt-exporter]:Serial: 170;F;75.6250;1;1
INFO:[mqtt-exporter]:Publish temp in ºF = 75.625
INFO:[mqtt-exporter]:Published alarm status = 1
INFO:[mqtt-exporter]:[Topic: temp_F] b'75.625'
INFO:[mqtt-exporter]:[Topic: alarm] b'1'
DEBUG:[mqtt-exporter]:Serial: [INFO: App       ] Recibido paquete UDP de fd00::f6ce:36a7:f312:9b3
DEBUG:[mqtt-exporter]:Serial: 170;F;75.6250;1;1
INFO:[mqtt-exporter]:Publish temp in ºF = 75.625
INFO:[mqtt-exporter]:Published alarm status = 1
INFO:[mqtt-exporter]:[Topic: temp_F] b'75.625'
INFO:[mqtt-exporter]:[Topic: alarm] b'1'
DEBUG:[mqtt-exporter]:Serial: [INFO: App       ] Recibido paquete UDP de fd00::f6ce:36a7:f312:9b3
DEBUG:[mqtt-exporter]:Serial: 170;F;75.6250;1;1
INFO:[mqtt-exporter]:Publish temp in ºF = 75.625
INFO:[mqtt-exporter]:Published alarm status = 1
INFO:[mqtt-exporter]:[Topic: temp_F] b'75.625'
INFO:[mqtt-exporter]:[Topic: alarm] b'1'
DEBUG:[mqtt-exporter]:Serial: [INFO: App       ] Recibido paquete UDP de fd00::f6ce:36a7:f312:9b3
DEBUG:[mqtt-exporter]:Serial: 170;F;75.6250;1;1
INFO:[mqtt-exporter]:Publish temp in ºF = 75.625
INFO:[mqtt-exporter]:Published alarm status = 1
INFO:[mqtt-exporter]:[Topic: temp_F] b'75.625'
INFO:[mqtt-exporter]:[Topic: alarm] b'1'
DEBUG:[mqtt-exporter]:Serial: [INFO: App       ] Recibido paquete UDP de fd00::f6ce:36a7:f312:9b3
DEBUG:[mqtt-exporter]:Serial: 170;F;75.1875;1;1
INFO:[mqtt-exporter]:Publish temp in ºF = 75.1875
INFO:[mqtt-exporter]:Published alarm status = 1
INFO:[mqtt-exporter]:[Topic: temp_F] b'75.1875'
INFO:[mqtt-exporter]:[Topic: alarm] b'1'
DEBUG:[mqtt-exporter]:Serial: [INFO: App       ] Recibido paquete UDP de fd00::f6ce:36a7:f312:9b3
DEBUG:[mqtt-exporter]:Serial: 170;F;75.1875;1;1
INFO:[mqtt-exporter]:Publish temp in ºF = 75.1875
INFO:[mqtt-exporter]:Published alarm status = 1
INFO:[mqtt-exporter]:[Topic: temp_F] b'75.1875'
INFO:[mqtt-exporter]:[Topic: alarm] b'1'
DEBUG:[mqtt-exporter]:Serial: [INFO: App       ] Recibido paquete UDP de fd00::f6ce:36a7:f312:9b3
DEBUG:[mqtt-exporter]:Serial: 170;F;75.1875;1;1
INFO:[mqtt-exporter]:Publish temp in ºF = 75.1875
INFO:[mqtt-exporter]:Published alarm status = 1
INFO:[mqtt-exporter]:[Topic: temp_F] b'75.1875'
INFO:[mqtt-exporter]:[Topic: alarm] b'1'
DEBUG:[mqtt-exporter]:Serial: [INFO: App       ] Recibido paquete UDP de fd00::f6ce:36a7:f312:9b3
DEBUG:[mqtt-exporter]:Serial: 170;F;75.1875;1;1
INFO:[mqtt-exporter]:Publish temp in ºF = 75.1875
INFO:[mqtt-exporter]:[Topic: temp_F] b'75.1875'
INFO:[mqtt-exporter]:Published alarm status = 1
INFO:[mqtt-exporter]:[Topic: alarm] b'1'
DEBUG:[mqtt-exporter]:Serial: [INFO: App       ] Recibido paquete UDP de fd00::f6ce:36a7:f312:9b3
DEBUG:[mqtt-exporter]:Serial: 170;F;75.6250;1;1
INFO:[mqtt-exporter]:Publish temp in ºF = 75.625
INFO:[mqtt-exporter]:Published alarm status = 1
INFO:[mqtt-exporter]:[Topic: temp_F] b'75.625'
INFO:[mqtt-exporter]:[Topic: alarm] b'1'
DEBUG:[mqtt-exporter]:Serial: [INFO: App       ] Recibido paquete UDP de fd00::f6ce:36a7:f312:9b3
DEBUG:[mqtt-exporter]:Serial: 170;F;75.1875;1;1
INFO:[mqtt-exporter]:Publish temp in ºF = 75.1875
INFO:[mqtt-exporter]:Published alarm status = 1
INFO:[mqtt-exporter]:[Topic: temp_F] b'75.1875'
INFO:[mqtt-exporter]:[Topic: alarm] b'1'
DEBUG:[mqtt-exporter]:Serial: [INFO: App       ] Recibido paquete UDP de fd00::f6ce:36a7:f312:9b3
DEBUG:[mqtt-exporter]:Serial: 170;F;74.7500;1;0
INFO:[mqtt-exporter]:Publish temp in ºF = 74.75
INFO:[mqtt-exporter]:Published alarm status = 0
INFO:[mqtt-exporter]:[Topic: temp_F] b'74.75'
INFO:[mqtt-exporter]:[Topic: alarm] b'0'
DEBUG:[mqtt-exporter]:Serial: [INFO: App       ] Recibido paquete UDP de fd00::f6ce:36a7:f312:9b3
DEBUG:[mqtt-exporter]:Serial: 170;F;74.7500;1;0
INFO:[mqtt-exporter]:Publish temp in ºF = 74.75
INFO:[mqtt-exporter]:Published alarm status = 0
INFO:[mqtt-exporter]:[Topic: temp_F] b'74.75'
INFO:[mqtt-exporter]:[Topic: alarm] b'0'
DEBUG:[mqtt-exporter]:Serial: [INFO: App       ] Recibido paquete UDP de fd00::f6ce:36a7:f312:9b3
DEBUG:[mqtt-exporter]:Serial: 170;F;74.7500;1;0
INFO:[mqtt-exporter]:Publish temp in ºF = 74.75
INFO:[mqtt-exporter]:[Topic: temp_F] b'74.75'
INFO:[mqtt-exporter]:Published alarm status = 0
INFO:[mqtt-exporter]:[Topic: alarm] b'0'
DEBUG:[mqtt-exporter]:Serial: [INFO: App       ] Recibido paquete UDP de fd00::f6ce:36a7:f312:9b3
DEBUG:[mqtt-exporter]:Serial: 170;F;74.7500;1;0
INFO:[mqtt-exporter]:Publish temp in ºF = 74.75
INFO:[mqtt-exporter]:Published alarm status = 0
INFO:[mqtt-exporter]:[Topic: temp_F] b'74.75'
INFO:[mqtt-exporter]:[Topic: alarm] b'0'
DEBUG:[mqtt-exporter]:Serial: [INFO: App       ] Recibido paquete UDP de fd00::f6ce:36a7:f312:9b3
DEBUG:[mqtt-exporter]:Serial: 170;F;74.7500;1;0
INFO:[mqtt-exporter]:Publish temp in ºF = 74.75
INFO:[mqtt-exporter]:Published alarm status = 0
INFO:[mqtt-exporter]:[Topic: temp_F] b'74.75'
INFO:[mqtt-exporter]:[Topic: alarm] b'0'
DEBUG:[mqtt-exporter]:Serial: [INFO: App       ] Recibido paquete UDP de fd00::f6ce:36a7:f312:9b3
DEBUG:[mqtt-exporter]:Serial: 170;F;74.7500;1;0
INFO:[mqtt-exporter]:Publish temp in ºF = 74.75
INFO:[mqtt-exporter]:Published alarm status = 0
INFO:[mqtt-exporter]:[Topic: temp_F] b'74.75'
INFO:[mqtt-exporter]:[Topic: alarm] b'0'
DEBUG:[mqtt-exporter]:Serial: [INFO: App       ] Recibido paquete UDP de fd00::f6ce:36a7:f312:9b3
DEBUG:[mqtt-exporter]:Serial: 170;F;74.7500;1;0
INFO:[mqtt-exporter]:Publish temp in ºF = 74.75
INFO:[mqtt-exporter]:Published alarm status = 0
INFO:[mqtt-exporter]:[Topic: temp_F] b'74.75'
INFO:[mqtt-exporter]:[Topic: alarm] b'0'
DEBUG:[mqtt-exporter]:Serial: [INFO: App       ] Recibido paquete UDP de fd00::f6ce:36a7:f312:9b3
DEBUG:[mqtt-exporter]:Serial: 170;F;74.7500;1;0
INFO:[mqtt-exporter]:Publish temp in ºF = 74.75
INFO:[mqtt-exporter]:Published alarm status = 0
INFO:[mqtt-exporter]:[Topic: temp_F] b'74.75'
INFO:[mqtt-exporter]:[Topic: alarm] b'0'
DEBUG:[mqtt-exporter]:Serial: [INFO: App       ] Recibido paquete UDP de fd00::f6ce:36a7:f312:9b3
DEBUG:[mqtt-exporter]:Serial: 170;F;74.7500;1;0
INFO:[mqtt-exporter]:Publish temp in ºF = 74.75
INFO:[mqtt-exporter]:Published alarm status = 0
INFO:[mqtt-exporter]:[Topic: temp_F] b'74.75'
INFO:[mqtt-exporter]:[Topic: alarm] b'0'
DEBUG:[mqtt-exporter]:Serial: [INFO: App       ] Recibido paquete UDP de fd00::f6ce:36a7:f312:9b3
DEBUG:[mqtt-exporter]:Serial: 170;F;74.7500;1;0
INFO:[mqtt-exporter]:Publish temp in ºF = 74.75
INFO:[mqtt-exporter]:Published alarm status = 0
INFO:[mqtt-exporter]:[Topic: temp_F] b'74.75'
INFO:[mqtt-exporter]:[Topic: alarm] b'0'
DEBUG:[mqtt-exporter]:Serial: [INFO: App       ] Recibido paquete UDP de fd00::f6ce:36a7:f312:9b3
DEBUG:[mqtt-exporter]:Serial: 170;F;74.2500;1;0
INFO:[mqtt-exporter]:Publish temp in ºF = 74.25
INFO:[mqtt-exporter]:Published alarm status = 0
INFO:[mqtt-exporter]:[Topic: temp_F] b'74.25'
INFO:[mqtt-exporter]:[Topic: alarm] b'0'
DEBUG:[mqtt-exporter]:Serial: [INFO: App       ] Recibido paquete UDP de fd00::f6ce:36a7:f312:9b3
DEBUG:[mqtt-exporter]:Serial: 170;F;74.2500;1;0
INFO:[mqtt-exporter]:Publish temp in ºF = 74.25
INFO:[mqtt-exporter]:Published alarm status = 0
INFO:[mqtt-exporter]:[Topic: temp_F] b'74.25'
INFO:[mqtt-exporter]:[Topic: alarm] b'0'
DEBUG:[mqtt-exporter]:Serial: [INFO: App       ] Recibido paquete UDP de fd00::f6ce:36a7:f312:9b3
DEBUG:[mqtt-exporter]:Serial: 170;F;74.2500;1;0
INFO:[mqtt-exporter]:Publish temp in ºF = 74.25
INFO:[mqtt-exporter]:Published alarm status = 0
INFO:[mqtt-exporter]:[Topic: temp_F] b'74.25'
INFO:[mqtt-exporter]:[Topic: alarm] b'0'
DEBUG:[mqtt-exporter]:Serial: [INFO: App       ] Recibido paquete UDP de fd00::f6ce:36a7:f312:9b3
DEBUG:[mqtt-exporter]:Serial: 170;F;74.2500;1;0
INFO:[mqtt-exporter]:Publish temp in ºF = 74.25
INFO:[mqtt-exporter]:Published alarm status = 0
INFO:[mqtt-exporter]:[Topic: temp_F] b'74.25'
INFO:[mqtt-exporter]:[Topic: alarm] b'0'
DEBUG:[mqtt-exporter]:Serial: [INFO: App       ] Recibido paquete UDP de fd00::f6ce:36a7:f312:9b3
DEBUG:[mqtt-exporter]:Serial: 170;F;74.2500;1;0
INFO:[mqtt-exporter]:Publish temp in ºF = 74.25
INFO:[mqtt-exporter]:Published alarm status = 0
INFO:[mqtt-exporter]:[Topic: temp_F] b'74.25'
INFO:[mqtt-exporter]:[Topic: alarm] b'0'
DEBUG:[mqtt-exporter]:Serial: [INFO: App       ] Recibido paquete UDP de fd00::f6ce:36a7:f312:9b3
DEBUG:[mqtt-exporter]:Serial: 170;F;74.2500;1;0
INFO:[mqtt-exporter]:Publish temp in ºF = 74.25
INFO:[mqtt-exporter]:Published alarm status = 0
INFO:[mqtt-exporter]:[Topic: temp_F] b'74.25'
INFO:[mqtt-exporter]:[Topic: alarm] b'0'
DEBUG:[mqtt-exporter]:Serial: [INFO: App       ] Recibido paquete UDP de fd00::f6ce:36a7:f312:9b3
DEBUG:[mqtt-exporter]:Serial: 170;F;74.2500;1;0
INFO:[mqtt-exporter]:Publish temp in ºF = 74.25
INFO:[mqtt-exporter]:Published alarm status = 0
INFO:[mqtt-exporter]:[Topic: temp_F] b'74.25'
INFO:[mqtt-exporter]:[Topic: alarm] b'0'
DEBUG:[mqtt-exporter]:Serial: [INFO: App       ] Recibido paquete UDP de fd00::f6ce:36a7:f312:9b3
DEBUG:[mqtt-exporter]:Serial: 170;F;74.2500;1;0
INFO:[mqtt-exporter]:Publish temp in ºF = 74.25
INFO:[mqtt-exporter]:Published alarm status = 0
INFO:[mqtt-exporter]:[Topic: temp_F] b'74.25'
INFO:[mqtt-exporter]:[Topic: alarm] b'0'
DEBUG:[mqtt-exporter]:Serial: [INFO: App       ] Recibido paquete UDP de fd00::f6ce:36a7:f312:9b3
DEBUG:[mqtt-exporter]:Serial: 170;F;74.2500;1;0
INFO:[mqtt-exporter]:Publish temp in ºF = 74.25
INFO:[mqtt-exporter]:Published alarm status = 0
INFO:[mqtt-exporter]:[Topic: temp_F] b'74.25'
INFO:[mqtt-exporter]:[Topic: alarm] b'0'
DEBUG:[mqtt-exporter]:Serial: [INFO: App       ] Recibido paquete UDP de fd00::f6ce:36a7:f312:9b3
DEBUG:[mqtt-exporter]:Serial: 170;F;74.2500;1;0
INFO:[mqtt-exporter]:Publish temp in ºF = 74.25
INFO:[mqtt-exporter]:Published alarm status = 0
INFO:[mqtt-exporter]:[Topic: temp_F] b'74.25'
INFO:[mqtt-exporter]:[Topic: alarm] b'0'
DEBUG:[mqtt-exporter]:Serial: [INFO: App       ] Recibido paquete UDP de fd00::f6ce:36a7:f312:9b3
DEBUG:[mqtt-exporter]:Serial: 170;F;74.2500;1;0
INFO:[mqtt-exporter]:Publish temp in ºF = 74.25
INFO:[mqtt-exporter]:Published alarm status = 0
INFO:[mqtt-exporter]:[Topic: temp_F] b'74.25'
INFO:[mqtt-exporter]:[Topic: alarm] b'0'
DEBUG:[mqtt-exporter]:Serial: [INFO: App       ] Recibido paquete UDP de fd00::f6ce:36a7:f312:9b3
DEBUG:[mqtt-exporter]:Serial: 170;F;74.2500;1;0
INFO:[mqtt-exporter]:Publish temp in ºF = 74.25
INFO:[mqtt-exporter]:Published alarm status = 0
INFO:[mqtt-exporter]:[Topic: temp_F] b'74.25'
INFO:[mqtt-exporter]:[Topic: alarm] b'0'
DEBUG:[mqtt-exporter]:Serial: [INFO: App       ] Recibido paquete UDP de fd00::f6ce:36a7:f312:9b3
DEBUG:[mqtt-exporter]:Serial: 170;F;74.2500;1;0
INFO:[mqtt-exporter]:Publish temp in ºF = 74.25
INFO:[mqtt-exporter]:Published alarm status = 0
INFO:[mqtt-exporter]:[Topic: temp_F] b'74.25'
INFO:[mqtt-exporter]:[Topic: alarm] b'0'
DEBUG:[mqtt-exporter]:Serial: [INFO: App       ] Recibido paquete UDP de fd00::f6ce:36a7:f312:9b3
DEBUG:[mqtt-exporter]:Serial: 170;F;74.2500;1;0
INFO:[mqtt-exporter]:Publish temp in ºF = 74.25
INFO:[mqtt-exporter]:Published alarm status = 0
INFO:[mqtt-exporter]:[Topic: temp_F] b'74.25'
INFO:[mqtt-exporter]:[Topic: alarm] b'0'
DEBUG:[mqtt-exporter]:Serial: [INFO: App       ] Recibido paquete UDP de fd00::f6ce:36a7:f312:9b3
DEBUG:[mqtt-exporter]:Serial: 170;F;74.2500;1;0
INFO:[mqtt-exporter]:Publish temp in ºF = 74.25
INFO:[mqtt-exporter]:Published alarm status = 0
INFO:[mqtt-exporter]:[Topic: temp_F] b'74.25'
INFO:[mqtt-exporter]:[Topic: alarm] b'0'
DEBUG:[mqtt-exporter]:Serial: [INFO: App       ] Recibido paquete UDP de fd00::f6ce:36a7:f312:9b3
DEBUG:[mqtt-exporter]:Serial: 170;F;74.2500;1;0
INFO:[mqtt-exporter]:Publish temp in ºF = 74.25
INFO:[mqtt-exporter]:Published alarm status = 0
INFO:[mqtt-exporter]:[Topic: temp_F] b'74.25'
INFO:[mqtt-exporter]:[Topic: alarm] b'0'
DEBUG:[mqtt-exporter]:Serial: [INFO: App       ] Recibido paquete UDP de fd00::f6ce:36a7:f312:9b3
DEBUG:[mqtt-exporter]:Serial: 170;F;74.2500;1;0
INFO:[mqtt-exporter]:Publish temp in ºF = 74.25
INFO:[mqtt-exporter]:Published alarm status = 0
INFO:[mqtt-exporter]:[Topic: temp_F] b'74.25'
INFO:[mqtt-exporter]:[Topic: alarm] b'0'
DEBUG:[mqtt-exporter]:Serial: [INFO: App       ] Recibido paquete UDP de fd00::f6ce:36a7:f312:9b3
DEBUG:[mqtt-exporter]:Serial: 170;F;74.2500;1;0
INFO:[mqtt-exporter]:Publish temp in ºF = 74.25
INFO:[mqtt-exporter]:Published alarm status = 0
INFO:[mqtt-exporter]:[Topic: temp_F] b'74.25'
INFO:[mqtt-exporter]:[Topic: alarm] b'0'
DEBUG:[mqtt-exporter]:Serial: [INFO: App       ] Recibido paquete UDP de fd00::f6ce:36a7:f312:9b3
DEBUG:[mqtt-exporter]:Serial: 170;F;74.2500;1;0
INFO:[mqtt-exporter]:Publish temp in ºF = 74.25
INFO:[mqtt-exporter]:Published alarm status = 0
INFO:[mqtt-exporter]:[Topic: temp_F] b'74.25'
INFO:[mqtt-exporter]:[Topic: alarm] b'0'
DEBUG:[mqtt-exporter]:Serial: [INFO: App       ] Recibido paquete UDP de fd00::f6ce:36a7:f312:9b3
DEBUG:[mqtt-exporter]:Serial: 170;F;73.8125;1;0
INFO:[mqtt-exporter]:Publish temp in ºF = 73.8125
INFO:[mqtt-exporter]:Published alarm status = 0
INFO:[mqtt-exporter]:[Topic: temp_F] b'73.8125'
INFO:[mqtt-exporter]:[Topic: alarm] b'0'
DEBUG:[mqtt-exporter]:Serial: [INFO: App       ] Recibido paquete UDP de fd00::f6ce:36a7:f312:9b3
DEBUG:[mqtt-exporter]:Serial: 170;F;73.8125;1;0
INFO:[mqtt-exporter]:Publish temp in ºF = 73.8125
INFO:[mqtt-exporter]:Published alarm status = 0
INFO:[mqtt-exporter]:[Topic: temp_F] b'73.8125'
INFO:[mqtt-exporter]:[Topic: alarm] b'0'
DEBUG:[mqtt-exporter]:Serial: [INFO: App       ] Recibido paquete UDP de fd00::f6ce:36a7:f312:9b3
DEBUG:[mqtt-exporter]:Serial: 170;F;73.8125;1;0
INFO:[mqtt-exporter]:Publish temp in ºF = 73.8125
INFO:[mqtt-exporter]:Published alarm status = 0
INFO:[mqtt-exporter]:[Topic: temp_F] b'73.8125'
INFO:[mqtt-exporter]:[Topic: alarm] b'0'
DEBUG:[mqtt-exporter]:Serial: [INFO: App       ] Recibido paquete UDP de fd00::f6ce:36a7:f312:9b3
DEBUG:[mqtt-exporter]:Serial: 170;F;74.2500;1;0
INFO:[mqtt-exporter]:Publish temp in ºF = 74.25
INFO:[mqtt-exporter]:Published alarm status = 0
INFO:[mqtt-exporter]:[Topic: temp_F] b'74.25'
INFO:[mqtt-exporter]:[Topic: alarm] b'0'
DEBUG:[mqtt-exporter]:Serial: [INFO: App       ] Recibido paquete UDP de fd00::f6ce:36a7:f312:9b3
DEBUG:[mqtt-exporter]:Serial: 170;F;73.8125;1;0
INFO:[mqtt-exporter]:Publish temp in ºF = 73.8125
INFO:[mqtt-exporter]:Published alarm status = 0
INFO:[mqtt-exporter]:[Topic: temp_F] b'73.8125'
INFO:[mqtt-exporter]:[Topic: alarm] b'0'
DEBUG:[mqtt-exporter]:Serial: [INFO: App       ] Recibido paquete UDP de fd00::f6ce:36a7:f312:9b3
DEBUG:[mqtt-exporter]:Serial: 170;F;74.2500;1;0
INFO:[mqtt-exporter]:Publish temp in ºF = 74.25
INFO:[mqtt-exporter]:Published alarm status = 0
INFO:[mqtt-exporter]:[Topic: temp_F] b'74.25'
INFO:[mqtt-exporter]:[Topic: alarm] b'0'
DEBUG:[mqtt-exporter]:Serial: [INFO: App       ] Recibido paquete UDP de fd00::f6ce:36a7:f312:9b3
DEBUG:[mqtt-exporter]:Serial: 170;F;73.8125;1;0
INFO:[mqtt-exporter]:Publish temp in ºF = 73.8125
INFO:[mqtt-exporter]:Published alarm status = 0
INFO:[mqtt-exporter]:[Topic: temp_F] b'73.8125'
INFO:[mqtt-exporter]:[Topic: alarm] b'0'
DEBUG:[mqtt-exporter]:Serial: [INFO: App       ] Recibido paquete UDP de fd00::f6ce:36a7:f312:9b3
DEBUG:[mqtt-exporter]:Serial: 170;F;74.2500;1;0
INFO:[mqtt-exporter]:Publish temp in ºF = 74.25
INFO:[mqtt-exporter]:Published alarm status = 0
INFO:[mqtt-exporter]:[Topic: temp_F] b'74.25'
INFO:[mqtt-exporter]:[Topic: alarm] b'0'
DEBUG:[mqtt-exporter]:Serial: [INFO: App       ] Recibido paquete UDP de fd00::f6ce:36a7:f312:9b3
DEBUG:[mqtt-exporter]:Serial: 170;F;74.2500;1;0
INFO:[mqtt-exporter]:Publish temp in ºF = 74.25
INFO:[mqtt-exporter]:Published alarm status = 0
INFO:[mqtt-exporter]:[Topic: temp_F] b'74.25'
INFO:[mqtt-exporter]:[Topic: alarm] b'0'
DEBUG:[mqtt-exporter]:Serial: [INFO: App       ] Recibido paquete UDP de fd00::f6ce:36a7:f312:9b3
DEBUG:[mqtt-exporter]:Serial: 170;F;73.8125;1;0
INFO:[mqtt-exporter]:Publish temp in ºF = 73.8125
INFO:[mqtt-exporter]:Published alarm status = 0
INFO:[mqtt-exporter]:[Topic: temp_F] b'73.8125'
INFO:[mqtt-exporter]:[Topic: alarm] b'0'
DEBUG:[mqtt-exporter]:Serial: [INFO: App       ] Recibido paquete UDP de fd00::f6ce:36a7:f312:9b3
DEBUG:[mqtt-exporter]:Serial: 170;F;74.2500;1;0
INFO:[mqtt-exporter]:Publish temp in ºF = 74.25
INFO:[mqtt-exporter]:Published alarm status = 0
INFO:[mqtt-exporter]:[Topic: temp_F] b'74.25'
INFO:[mqtt-exporter]:[Topic: alarm] b'0'
DEBUG:[mqtt-exporter]:Serial: [INFO: App       ] Recibido paquete UDP de fd00::f6ce:36a7:f312:9b3
DEBUG:[mqtt-exporter]:Serial: 170;F;73.8125;1;0
INFO:[mqtt-exporter]:Publish temp in ºF = 73.8125
INFO:[mqtt-exporter]:Published alarm status = 0
INFO:[mqtt-exporter]:[Topic: temp_F] b'73.8125'
INFO:[mqtt-exporter]:[Topic: alarm] b'0'
DEBUG:[mqtt-exporter]:Serial: [INFO: App       ] Recibido paquete UDP de fd00::f6ce:36a7:f312:9b3
DEBUG:[mqtt-exporter]:Serial: 170;F;73.8125;1;0
INFO:[mqtt-exporter]:Publish temp in ºF = 73.8125
INFO:[mqtt-exporter]:Published alarm status = 0
INFO:[mqtt-exporter]:[Topic: temp_F] b'73.8125'
INFO:[mqtt-exporter]:[Topic: alarm] b'0'
DEBUG:[mqtt-exporter]:Serial: [INFO: App       ] Recibido paquete UDP de fd00::f6ce:36a7:f312:9b3
DEBUG:[mqtt-exporter]:Serial: 170;F;73.8125;1;0
INFO:[mqtt-exporter]:Publish temp in ºF = 73.8125
INFO:[mqtt-exporter]:Published alarm status = 0
INFO:[mqtt-exporter]:[Topic: temp_F] b'73.8125'
INFO:[mqtt-exporter]:[Topic: alarm] b'0'
DEBUG:[mqtt-exporter]:Serial: [INFO: App       ] Recibido paquete UDP de fd00::f6ce:36a7:f312:9b3
DEBUG:[mqtt-exporter]:Serial: 170;F;73.8125;1;0
INFO:[mqtt-exporter]:Publish temp in ºF = 73.8125
INFO:[mqtt-exporter]:Published alarm status = 0
INFO:[mqtt-exporter]:[Topic: temp_F] b'73.8125'
INFO:[mqtt-exporter]:[Topic: alarm] b'0'
DEBUG:[mqtt-exporter]:Serial: [INFO: App       ] Recibido paquete UDP de fd00::f6ce:36a7:f312:9b3
DEBUG:[mqtt-exporter]:Serial: 170;F;73.8125;1;0
INFO:[mqtt-exporter]:Publish temp in ºF = 73.8125
INFO:[mqtt-exporter]:Published alarm status = 0
INFO:[mqtt-exporter]:[Topic: temp_F] b'73.8125'
INFO:[mqtt-exporter]:[Topic: alarm] b'0'
DEBUG:[mqtt-exporter]:Serial: [INFO: App       ] Recibido paquete UDP de fd00::f6ce:36a7:f312:9b3
DEBUG:[mqtt-exporter]:Serial: 170;F;74.2500;1;0
INFO:[mqtt-exporter]:Publish temp in ºF = 74.25
INFO:[mqtt-exporter]:Published alarm status = 0
INFO:[mqtt-exporter]:[Topic: temp_F] b'74.25'
INFO:[mqtt-exporter]:[Topic: alarm] b'0'
DEBUG:[mqtt-exporter]:Serial: [INFO: App       ] Recibido paquete UDP de fd00::f6ce:36a7:f312:9b3
DEBUG:[mqtt-exporter]:Serial: 170;F;73.8125;1;0
INFO:[mqtt-exporter]:Publish temp in ºF = 73.8125
INFO:[mqtt-exporter]:Published alarm status = 0
INFO:[mqtt-exporter]:[Topic: temp_F] b'73.8125'
INFO:[mqtt-exporter]:[Topic: alarm] b'0'
DEBUG:[mqtt-exporter]:Serial: [INFO: App       ] Recibido paquete UDP de fd00::f6ce:36a7:f312:9b3
DEBUG:[mqtt-exporter]:Serial: 170;F;74.2500;1;0
INFO:[mqtt-exporter]:Publish temp in ºF = 74.25
INFO:[mqtt-exporter]:Published alarm status = 0
INFO:[mqtt-exporter]:[Topic: temp_F] b'74.25'
INFO:[mqtt-exporter]:[Topic: alarm] b'0'
DEBUG:[mqtt-exporter]:Serial: [INFO: App       ] Recibido paquete UDP de fd00::f6ce:36a7:f312:9b3
DEBUG:[mqtt-exporter]:Serial: 170;F;73.8125;1;0
INFO:[mqtt-exporter]:Publish temp in ºF = 73.8125
INFO:[mqtt-exporter]:Published alarm status = 0
INFO:[mqtt-exporter]:[Topic: temp_F] b'73.8125'
INFO:[mqtt-exporter]:[Topic: alarm] b'0'
DEBUG:[mqtt-exporter]:Serial: [INFO: App       ] Recibido paquete UDP de fd00::f6ce:36a7:f312:9b3
DEBUG:[mqtt-exporter]:Serial: 170;F;73.8125;1;0
INFO:[mqtt-exporter]:Publish temp in ºF = 73.8125
INFO:[mqtt-exporter]:Published alarm status = 0
INFO:[mqtt-exporter]:[Topic: temp_F] b'73.8125'
INFO:[mqtt-exporter]:[Topic: alarm] b'0'
DEBUG:[mqtt-exporter]:Serial: [INFO: App       ] Recibido paquete UDP de fd00::f6ce:36a7:f312:9b3
DEBUG:[mqtt-exporter]:Serial: 170;F;73.8125;1;0
INFO:[mqtt-exporter]:Publish temp in ºF = 73.8125
INFO:[mqtt-exporter]:Published alarm status = 0
INFO:[mqtt-exporter]:[Topic: temp_F] b'73.8125'
INFO:[mqtt-exporter]:[Topic: alarm] b'0'
DEBUG:[mqtt-exporter]:Serial: [INFO: App       ] Recibido paquete UDP de fd00::f6ce:36a7:f312:9b3
DEBUG:[mqtt-exporter]:Serial: 170;F;74.2500;1;0
INFO:[mqtt-exporter]:Publish temp in ºF = 74.25
INFO:[mqtt-exporter]:Published alarm status = 0
INFO:[mqtt-exporter]:[Topic: temp_F] b'74.25'
INFO:[mqtt-exporter]:[Topic: alarm] b'0'
DEBUG:[mqtt-exporter]:Serial: [INFO: App       ] Recibido paquete UDP de fd00::f6ce:36a7:f312:9b3
DEBUG:[mqtt-exporter]:Serial: 170;F;73.8125;1;0
INFO:[mqtt-exporter]:Publish temp in ºF = 73.8125
INFO:[mqtt-exporter]:Published alarm status = 0
INFO:[mqtt-exporter]:[Topic: temp_F] b'73.8125'
INFO:[mqtt-exporter]:[Topic: alarm] b'0'
DEBUG:[mqtt-exporter]:Serial: [INFO: App       ] Recibido paquete UDP de fd00::f6ce:36a7:f312:9b3
DEBUG:[mqtt-exporter]:Serial: 170;F;74.2500;1;0
INFO:[mqtt-exporter]:Publish temp in ºF = 74.25
INFO:[mqtt-exporter]:Published alarm status = 0
INFO:[mqtt-exporter]:[Topic: temp_F] b'74.25'
INFO:[mqtt-exporter]:[Topic: alarm] b'0'
DEBUG:[mqtt-exporter]:Serial: [INFO: App       ] Recibido paquete UDP de fd00::f6ce:36a7:f312:9b3
DEBUG:[mqtt-exporter]:Serial: 170;F;73.8125;1;0
INFO:[mqtt-exporter]:Publish temp in ºF = 73.8125
INFO:[mqtt-exporter]:Published alarm status = 0
INFO:[mqtt-exporter]:[Topic: temp_F] b'73.8125'
INFO:[mqtt-exporter]:[Topic: alarm] b'0'
DEBUG:[mqtt-exporter]:Serial: [INFO: App       ] Recibido paquete UDP de fd00::f6ce:36a7:f312:9b3
DEBUG:[mqtt-exporter]:Serial: 170;F;73.8125;1;0
INFO:[mqtt-exporter]:Publish temp in ºF = 73.8125
INFO:[mqtt-exporter]:Published alarm status = 0
INFO:[mqtt-exporter]:[Topic: temp_F] b'73.8125'
INFO:[mqtt-exporter]:[Topic: alarm] b'0'
DEBUG:[mqtt-exporter]:Serial: [INFO: App       ] Recibido paquete UDP de fd00::f6ce:36a7:f312:9b3
DEBUG:[mqtt-exporter]:Serial: 170;F;73.8125;1;0
INFO:[mqtt-exporter]:Publish temp in ºF = 73.8125
INFO:[mqtt-exporter]:Published alarm status = 0
INFO:[mqtt-exporter]:[Topic: temp_F] b'73.8125'
INFO:[mqtt-exporter]:[Topic: alarm] b'0'
DEBUG:[mqtt-exporter]:Serial: [INFO: App       ] Recibido paquete UDP de fd00::f6ce:36a7:f312:9b3
DEBUG:[mqtt-exporter]:Serial: 170;F;74.2500;1;0
INFO:[mqtt-exporter]:Publish temp in ºF = 74.25
INFO:[mqtt-exporter]:Published alarm status = 0
INFO:[mqtt-exporter]:[Topic: temp_F] b'74.25'
INFO:[mqtt-exporter]:[Topic: alarm] b'0'
DEBUG:[mqtt-exporter]:Serial: [INFO: App       ] Recibido paquete UDP de fd00::f6ce:36a7:f312:9b3
DEBUG:[mqtt-exporter]:Serial: 170;F;73.8125;1;0
INFO:[mqtt-exporter]:Publish temp in ºF = 73.8125
INFO:[mqtt-exporter]:Published alarm status = 0
INFO:[mqtt-exporter]:[Topic: temp_F] b'73.8125'
INFO:[mqtt-exporter]:[Topic: alarm] b'0'
DEBUG:[mqtt-exporter]:Serial: [INFO: App       ] Recibido paquete UDP de fd00::f6ce:36a7:f312:9b3
DEBUG:[mqtt-exporter]:Serial: 170;F;73.8125;1;0
INFO:[mqtt-exporter]:Publish temp in ºF = 73.8125
INFO:[mqtt-exporter]:Published alarm status = 0
INFO:[mqtt-exporter]:[Topic: temp_F] b'73.8125'
INFO:[mqtt-exporter]:[Topic: alarm] b'0'
DEBUG:[mqtt-exporter]:Serial: [INFO: App       ] Recibido paquete UDP de fd00::f6ce:36a7:f312:9b3
DEBUG:[mqtt-exporter]:Serial: 170;F;73.8125;1;0
INFO:[mqtt-exporter]:Publish temp in ºF = 73.8125
INFO:[mqtt-exporter]:Published alarm status = 0
INFO:[mqtt-exporter]:[Topic: temp_F] b'73.8125'
INFO:[mqtt-exporter]:[Topic: alarm] b'0'
DEBUG:[mqtt-exporter]:Serial: [INFO: App       ] Recibido paquete UDP de fd00::f6ce:36a7:f312:9b3
DEBUG:[mqtt-exporter]:Serial: 170;F;73.8125;1;0
INFO:[mqtt-exporter]:Publish temp in ºF = 73.8125
INFO:[mqtt-exporter]:Published alarm status = 0
INFO:[mqtt-exporter]:[Topic: temp_F] b'73.8125'
INFO:[mqtt-exporter]:[Topic: alarm] b'0'
DEBUG:[mqtt-exporter]:Serial: [INFO: App       ] Recibido paquete UDP de fd00::f6ce:36a7:f312:9b3
DEBUG:[mqtt-exporter]:Serial: 170;F;73.8125;1;0
INFO:[mqtt-exporter]:Publish temp in ºF = 73.8125
INFO:[mqtt-exporter]:Published alarm status = 0
INFO:[mqtt-exporter]:[Topic: temp_F] b'73.8125'
INFO:[mqtt-exporter]:[Topic: alarm] b'0'
DEBUG:[mqtt-exporter]:Serial: [INFO: App       ] Recibido paquete UDP de fd00::f6ce:36a7:f312:9b3
DEBUG:[mqtt-exporter]:Serial: 170;F;73.8125;1;0
INFO:[mqtt-exporter]:Publish temp in ºF = 73.8125
INFO:[mqtt-exporter]:Published alarm status = 0
INFO:[mqtt-exporter]:[Topic: temp_F] b'73.8125'
INFO:[mqtt-exporter]:[Topic: alarm] b'0'
DEBUG:[mqtt-exporter]:Serial: [INFO: App       ] Recibido paquete UDP de fd00::f6ce:36a7:f312:9b3
DEBUG:[mqtt-exporter]:Serial: 170;F;73.8125;1;0
INFO:[mqtt-exporter]:Publish temp in ºF = 73.8125
INFO:[mqtt-exporter]:Published alarm status = 0
INFO:[mqtt-exporter]:[Topic: temp_F] b'73.8125'
INFO:[mqtt-exporter]:[Topic: alarm] b'0'
DEBUG:[mqtt-exporter]:Serial: [INFO: App       ] Recibido paquete UDP de fd00::f6ce:36a7:f312:9b3
DEBUG:[mqtt-exporter]:Serial: 170;F;73.8125;1;0
INFO:[mqtt-exporter]:Publish temp in ºF = 73.8125
INFO:[mqtt-exporter]:Published alarm status = 0
INFO:[mqtt-exporter]:[Topic: temp_F] b'73.8125'
INFO:[mqtt-exporter]:[Topic: alarm] b'0'
DEBUG:[mqtt-exporter]:Serial: [INFO: App       ] Recibido paquete UDP de fd00::f6ce:36a7:f312:9b3
DEBUG:[mqtt-exporter]:Serial: 170;F;73.8125;1;0
INFO:[mqtt-exporter]:Publish temp in ºF = 73.8125
INFO:[mqtt-exporter]:Published alarm status = 0
INFO:[mqtt-exporter]:[Topic: temp_F] b'73.8125'
INFO:[mqtt-exporter]:[Topic: alarm] b'0'
DEBUG:[mqtt-exporter]:Serial: [INFO: App       ] Recibido paquete UDP de fd00::f6ce:36a7:f312:9b3
DEBUG:[mqtt-exporter]:Serial: 170;F;74.2500;1;0
INFO:[mqtt-exporter]:Publish temp in ºF = 74.25
INFO:[mqtt-exporter]:Published alarm status = 0
INFO:[mqtt-exporter]:[Topic: temp_F] b'74.25'
INFO:[mqtt-exporter]:[Topic: alarm] b'0'
DEBUG:[mqtt-exporter]:Serial: [INFO: App       ] Recibido paquete UDP de fd00::f6ce:36a7:f312:9b3
DEBUG:[mqtt-exporter]:Serial: 170;F;73.8125;1;0
INFO:[mqtt-exporter]:Publish temp in ºF = 73.8125
INFO:[mqtt-exporter]:Published alarm status = 0
INFO:[mqtt-exporter]:[Topic: temp_F] b'73.8125'
INFO:[mqtt-exporter]:[Topic: alarm] b'0'
DEBUG:[mqtt-exporter]:Serial: [INFO: App       ] Recibido paquete UDP de fd00::f6ce:36a7:f312:9b3
DEBUG:[mqtt-exporter]:Serial: 170;F;73.8125;1;0
INFO:[mqtt-exporter]:Publish temp in ºF = 73.8125
INFO:[mqtt-exporter]:Published alarm status = 0
INFO:[mqtt-exporter]:[Topic: temp_F] b'73.8125'
INFO:[mqtt-exporter]:[Topic: alarm] b'0'
DEBUG:[mqtt-exporter]:Serial: [INFO: App       ] Recibido paquete UDP de fd00::f6ce:36a7:f312:9b3
DEBUG:[mqtt-exporter]:Serial: 170;F;73.8125;1;0
INFO:[mqtt-exporter]:Publish temp in ºF = 73.8125
INFO:[mqtt-exporter]:Published alarm status = 0
INFO:[mqtt-exporter]:[Topic: temp_F] b'73.8125'
INFO:[mqtt-exporter]:[Topic: alarm] b'0'
DEBUG:[mqtt-exporter]:Serial: [INFO: App       ] Recibido paquete UDP de fd00::f6ce:36a7:f312:9b3
DEBUG:[mqtt-exporter]:Serial: 170;F;73.8125;1;0
INFO:[mqtt-exporter]:Publish temp in ºF = 73.8125
INFO:[mqtt-exporter]:Published alarm status = 0
INFO:[mqtt-exporter]:[Topic: temp_F] b'73.8125'
INFO:[mqtt-exporter]:[Topic: alarm] b'0'
DEBUG:[mqtt-exporter]:Serial: [INFO: App       ] Recibido paquete UDP de fd00::f6ce:36a7:f312:9b3
DEBUG:[mqtt-exporter]:Serial: 170;F;73.8125;1;0
INFO:[mqtt-exporter]:Publish temp in ºF = 73.8125
INFO:[mqtt-exporter]:Published alarm status = 0
INFO:[mqtt-exporter]:[Topic: temp_F] b'73.8125'
INFO:[mqtt-exporter]:[Topic: alarm] b'0'
DEBUG:[mqtt-exporter]:Serial: [INFO: App       ] Recibido paquete UDP de fd00::f6ce:36a7:f312:9b3
DEBUG:[mqtt-exporter]:Serial: 170;F;73.8125;1;0
INFO:[mqtt-exporter]:Publish temp in ºF = 73.8125
INFO:[mqtt-exporter]:Published alarm status = 0
INFO:[mqtt-exporter]:[Topic: temp_F] b'73.8125'
INFO:[mqtt-exporter]:[Topic: alarm] b'0'
DEBUG:[mqtt-exporter]:Serial: [INFO: App       ] Recibido paquete UDP de fd00::f6ce:36a7:f312:9b3
DEBUG:[mqtt-exporter]:Serial: 170;F;73.8125;1;0
INFO:[mqtt-exporter]:Publish temp in ºF = 73.8125
INFO:[mqtt-exporter]:Published alarm status = 0
INFO:[mqtt-exporter]:[Topic: temp_F] b'73.8125'
INFO:[mqtt-exporter]:[Topic: alarm] b'0'
DEBUG:[mqtt-exporter]:Serial: [INFO: App       ] Recibido paquete UDP de fd00::f6ce:36a7:f312:9b3
DEBUG:[mqtt-exporter]:Serial: 170;F;73.8125;1;0
INFO:[mqtt-exporter]:Publish temp in ºF = 73.8125
INFO:[mqtt-exporter]:Published alarm status = 0
INFO:[mqtt-exporter]:[Topic: temp_F] b'73.8125'
INFO:[mqtt-exporter]:[Topic: alarm] b'0'
DEBUG:[mqtt-exporter]:Serial: [INFO: App       ] Recibido paquete UDP de fd00::f6ce:36a7:f312:9b3
DEBUG:[mqtt-exporter]:Serial: 170;F;73.8125;1;0
INFO:[mqtt-exporter]:Publish temp in ºF = 73.8125
INFO:[mqtt-exporter]:Published alarm status = 0
INFO:[mqtt-exporter]:[Topic: temp_F] b'73.8125'
INFO:[mqtt-exporter]:[Topic: alarm] b'0'
DEBUG:[mqtt-exporter]:Serial: [INFO: App       ] Recibido paquete UDP de fd00::f6ce:36a7:f312:9b3
DEBUG:[mqtt-exporter]:Serial: 170;F;73.8125;1;0
INFO:[mqtt-exporter]:Publish temp in ºF = 73.8125
INFO:[mqtt-exporter]:Published alarm status = 0
INFO:[mqtt-exporter]:[Topic: temp_F] b'73.8125'
INFO:[mqtt-exporter]:[Topic: alarm] b'0'
DEBUG:[mqtt-exporter]:Serial: [INFO: App       ] Recibido paquete UDP de fd00::f6ce:36a7:f312:9b3
DEBUG:[mqtt-exporter]:Serial: 170;F;73.8125;1;0
INFO:[mqtt-exporter]:Publish temp in ºF = 73.8125
INFO:[mqtt-exporter]:Published alarm status = 0
INFO:[mqtt-exporter]:[Topic: temp_F] b'73.8125'
INFO:[mqtt-exporter]:[Topic: alarm] b'0'
DEBUG:[mqtt-exporter]:Serial: [INFO: App       ] Recibido paquete UDP de fd00::f6ce:36a7:f312:9b3
DEBUG:[mqtt-exporter]:Serial: 170;F;73.8125;1;0
INFO:[mqtt-exporter]:Publish temp in ºF = 73.8125
INFO:[mqtt-exporter]:Published alarm status = 0
INFO:[mqtt-exporter]:[Topic: temp_F] b'73.8125'
INFO:[mqtt-exporter]:[Topic: alarm] b'0'
DEBUG:[mqtt-exporter]:Serial: [INFO: App       ] Recibido paquete UDP de fd00::f6ce:36a7:f312:9b3
DEBUG:[mqtt-exporter]:Serial: 170;F;73.8125;1;0
INFO:[mqtt-exporter]:Publish temp in ºF = 73.8125
INFO:[mqtt-exporter]:Published alarm status = 0
INFO:[mqtt-exporter]:[Topic: temp_F] b'73.8125'
INFO:[mqtt-exporter]:[Topic: alarm] b'0'
DEBUG:[mqtt-exporter]:Serial: [INFO: App       ] Recibido paquete UDP de fd00::f6ce:36a7:f312:9b3
DEBUG:[mqtt-exporter]:Serial: 170;F;73.8125;1;0
INFO:[mqtt-exporter]:Publish temp in ºF = 73.8125
INFO:[mqtt-exporter]:Published alarm status = 0
INFO:[mqtt-exporter]:[Topic: temp_F] b'73.8125'
INFO:[mqtt-exporter]:[Topic: alarm] b'0'
DEBUG:[mqtt-exporter]:Serial: [INFO: App       ] Recibido paquete UDP de fd00::f6ce:36a7:f312:9b3
DEBUG:[mqtt-exporter]:Serial: 170;F;73.8125;1;0
INFO:[mqtt-exporter]:Publish temp in ºF = 73.8125
INFO:[mqtt-exporter]:Published alarm status = 0
INFO:[mqtt-exporter]:[Topic: temp_F] b'73.8125'
INFO:[mqtt-exporter]:[Topic: alarm] b'0'
DEBUG:[mqtt-exporter]:Serial: [INFO: App       ] Recibido paquete UDP de fd00::f6ce:36a7:f312:9b3
DEBUG:[mqtt-exporter]:Serial: 170;F;73.8125;1;0
INFO:[mqtt-exporter]:Publish temp in ºF = 73.8125
INFO:[mqtt-exporter]:Published alarm status = 0
INFO:[mqtt-exporter]:[Topic: temp_F] b'73.8125'
INFO:[mqtt-exporter]:[Topic: alarm] b'0'
DEBUG:[mqtt-exporter]:Serial: [INFO: App       ] Recibido paquete UDP de fd00::f6ce:36a7:f312:9b3
DEBUG:[mqtt-exporter]:Serial: 170;F;73.8125;1;0
INFO:[mqtt-exporter]:Publish temp in ºF = 73.8125
INFO:[mqtt-exporter]:Published alarm status = 0
INFO:[mqtt-exporter]:[Topic: temp_F] b'73.8125'
INFO:[mqtt-exporter]:[Topic: alarm] b'0'
DEBUG:[mqtt-exporter]:Serial: [INFO: App       ] Recibido paquete UDP de fd00::f6ce:36a7:f312:9b3
DEBUG:[mqtt-exporter]:Serial: 170;F;73.8125;1;0
INFO:[mqtt-exporter]:Publish temp in ºF = 73.8125
INFO:[mqtt-exporter]:Published alarm status = 0
INFO:[mqtt-exporter]:[Topic: temp_F] b'73.8125'
INFO:[mqtt-exporter]:[Topic: alarm] b'0'
DEBUG:[mqtt-exporter]:Serial: [INFO: App       ] Recibido paquete UDP de fd00::f6ce:36a7:f312:9b3
DEBUG:[mqtt-exporter]:Serial: 170;F;73.8125;1;0
INFO:[mqtt-exporter]:Publish temp in ºF = 73.8125
INFO:[mqtt-exporter]:Published alarm status = 0
INFO:[mqtt-exporter]:[Topic: temp_F] b'73.8125'
INFO:[mqtt-exporter]:[Topic: alarm] b'0'
DEBUG:[mqtt-exporter]:Serial: [INFO: App       ] Recibido paquete UDP de fd00::f6ce:36a7:f312:9b3
DEBUG:[mqtt-exporter]:Serial: 170;F;73.8125;1;0
INFO:[mqtt-exporter]:Publish temp in ºF = 73.8125
INFO:[mqtt-exporter]:Published alarm status = 0
INFO:[mqtt-exporter]:[Topic: temp_F] b'73.8125'
INFO:[mqtt-exporter]:[Topic: alarm] b'0'
DEBUG:[mqtt-exporter]:Serial: [INFO: App       ] Recibido paquete UDP de fd00::f6ce:36a7:f312:9b3
DEBUG:[mqtt-exporter]:Serial: 170;F;73.8125;1;0
INFO:[mqtt-exporter]:Publish temp in ºF = 73.8125
INFO:[mqtt-exporter]:Published alarm status = 0
INFO:[mqtt-exporter]:[Topic: temp_F] b'73.8125'
INFO:[mqtt-exporter]:[Topic: alarm] b'0'
DEBUG:[mqtt-exporter]:Serial: [INFO: App       ] Recibido paquete UDP de fd00::f6ce:36a7:f312:9b3
DEBUG:[mqtt-exporter]:Serial: 170;F;73.8125;1;0
INFO:[mqtt-exporter]:Publish temp in ºF = 73.8125
INFO:[mqtt-exporter]:Published alarm status = 0
INFO:[mqtt-exporter]:[Topic: temp_F] b'73.8125'
INFO:[mqtt-exporter]:[Topic: alarm] b'0'
DEBUG:[mqtt-exporter]:Serial: [INFO: App       ] Recibido paquete UDP de fd00::f6ce:36a7:f312:9b3
DEBUG:[mqtt-exporter]:Serial: 170;F;73.8125;1;0
INFO:[mqtt-exporter]:Publish temp in ºF = 73.8125
INFO:[mqtt-exporter]:Published alarm status = 0
INFO:[mqtt-exporter]:[Topic: temp_F] b'73.8125'
INFO:[mqtt-exporter]:[Topic: alarm] b'0'
DEBUG:[mqtt-exporter]:Serial: [INFO: App       ] Recibido paquete UDP de fd00::f6ce:36a7:f312:9b3
DEBUG:[mqtt-exporter]:Serial: 170;F;73.8125;1;0
INFO:[mqtt-exporter]:Publish temp in ºF = 73.8125
INFO:[mqtt-exporter]:Published alarm status = 0
INFO:[mqtt-exporter]:[Topic: temp_F] b'73.8125'
INFO:[mqtt-exporter]:[Topic: alarm] b'0'
DEBUG:[mqtt-exporter]:Serial: [INFO: App       ] Recibido paquete UDP de fd00::f6ce:36a7:f312:9b3
DEBUG:[mqtt-exporter]:Serial: 170;F;73.8125;1;0
INFO:[mqtt-exporter]:Publish temp in ºF = 73.8125
INFO:[mqtt-exporter]:Published alarm status = 0
INFO:[mqtt-exporter]:[Topic: temp_F] b'73.8125'
INFO:[mqtt-exporter]:[Topic: alarm] b'0'
DEBUG:[mqtt-exporter]:Serial: [INFO: App       ] Recibido paquete UDP de fd00::f6ce:36a7:f312:9b3
DEBUG:[mqtt-exporter]:Serial: 170;F;73.8125;1;0
INFO:[mqtt-exporter]:Publish temp in ºF = 73.8125
INFO:[mqtt-exporter]:Published alarm status = 0
INFO:[mqtt-exporter]:[Topic: temp_F] b'73.8125'
INFO:[mqtt-exporter]:[Topic: alarm] b'0'
DEBUG:[mqtt-exporter]:Serial: [INFO: App       ] Recibido paquete UDP de fd00::f6ce:36a7:f312:9b3
DEBUG:[mqtt-exporter]:Serial: 170;F;73.8125;1;0
INFO:[mqtt-exporter]:Publish temp in ºF = 73.8125
INFO:[mqtt-exporter]:Published alarm status = 0
INFO:[mqtt-exporter]:[Topic: temp_F] b'73.8125'
INFO:[mqtt-exporter]:[Topic: alarm] b'0'
DEBUG:[mqtt-exporter]:Serial: [INFO: App       ] Recibido paquete UDP de fd00::f6ce:36a7:f312:9b3
DEBUG:[mqtt-exporter]:Serial: 170;F;73.8125;1;0
INFO:[mqtt-exporter]:Publish temp in ºF = 73.8125
INFO:[mqtt-exporter]:Published alarm status = 0
INFO:[mqtt-exporter]:[Topic: temp_F] b'73.8125'
INFO:[mqtt-exporter]:[Topic: alarm] b'0'
DEBUG:[mqtt-exporter]:Serial: [INFO: App       ] Recibido paquete UDP de fd00::f6ce:36a7:f312:9b3
DEBUG:[mqtt-exporter]:Serial: 170;F;73.8125;1;0
INFO:[mqtt-exporter]:Publish temp in ºF = 73.8125
INFO:[mqtt-exporter]:Published alarm status = 0
INFO:[mqtt-exporter]:[Topic: temp_F] b'73.8125'
INFO:[mqtt-exporter]:[Topic: alarm] b'0'
DEBUG:[mqtt-exporter]:Serial: [INFO: App       ] Recibido paquete UDP de fd00::f6ce:36a7:f312:9b3
DEBUG:[mqtt-exporter]:Serial: 170;F;73.8125;1;0
INFO:[mqtt-exporter]:Publish temp in ºF = 73.8125
INFO:[mqtt-exporter]:Published alarm status = 0
INFO:[mqtt-exporter]:[Topic: temp_F] b'73.8125'
INFO:[mqtt-exporter]:[Topic: alarm] b'0'
DEBUG:[mqtt-exporter]:Serial: [INFO: App       ] Recibido paquete UDP de fd00::f6ce:36a7:f312:9b3
DEBUG:[mqtt-exporter]:Serial: 170;F;73.8125;1;0
INFO:[mqtt-exporter]:Publish temp in ºF = 73.8125
INFO:[mqtt-exporter]:Published alarm status = 0
INFO:[mqtt-exporter]:[Topic: temp_F] b'73.8125'
INFO:[mqtt-exporter]:[Topic: alarm] b'0'
DEBUG:[mqtt-exporter]:Serial: [INFO: App       ] Recibido paquete UDP de fd00::f6ce:36a7:f312:9b3
DEBUG:[mqtt-exporter]:Serial: 170;F;73.8125;1;0
INFO:[mqtt-exporter]:Publish temp in ºF = 73.8125
INFO:[mqtt-exporter]:Published alarm status = 0
INFO:[mqtt-exporter]:[Topic: temp_F] b'73.8125'
INFO:[mqtt-exporter]:[Topic: alarm] b'0'
DEBUG:[mqtt-exporter]:Serial: [INFO: App       ] Recibido paquete UDP de fd00::f6ce:36a7:f312:9b3
DEBUG:[mqtt-exporter]:Serial: 170;F;73.8125;1;0
INFO:[mqtt-exporter]:Publish temp in ºF = 73.8125
INFO:[mqtt-exporter]:Published alarm status = 0
INFO:[mqtt-exporter]:[Topic: temp_F] b'73.8125'
INFO:[mqtt-exporter]:[Topic: alarm] b'0'
DEBUG:[mqtt-exporter]:Serial: [INFO: App       ] Recibido paquete UDP de fd00::f6ce:36a7:f312:9b3
DEBUG:[mqtt-exporter]:Serial: 170;F;73.8125;1;0
INFO:[mqtt-exporter]:Publish temp in ºF = 73.8125
INFO:[mqtt-exporter]:Published alarm status = 0
INFO:[mqtt-exporter]:[Topic: temp_F] b'73.8125'
INFO:[mqtt-exporter]:[Topic: alarm] b'0'
