:020000040000FA
:2010000000000420BD520000E5520000E7520000E9520000EB520000ED5200000000000076
:20102000000000000000000000000000EF520000F152000000000000F3520000F5520000A0
:201040002971000029670000B5E90000F7520000F7520000F7520000C56D0000F752000072
:201060001DC00000F7520000F752000039720000F752000039710000F7520000F7520000D1
:2010800045920000F7520000F7520000F7520000F7520000F7520000F7520000F75200007A
:2010A000F7520000F7520000F7520000F7520000F7520000F752000000000000000000007A
:2010C000F7520000F7520000F7520000F7520000F7520000F7520000F7520000298A00005E
:2010E000F7520000F7520000F75200000000000000000000F752000000000000F752000083
:201100000000000000000000000000000000000000000000000000000000000000000000CF
:201120000000000000000000000000000000000000000000000000000000000000000000AF
:2011400000000000000000000000000000000000000000000000000000000000000000008F
:2011600000000000000000000000000000000000000000000000000000000000000000006F
:2011800000000000000000000000000000000000000000000000000000000000000000004F
:2011A00000000000000000000000000000000000000000000000000000000000000000002F
:2011C00000000000000000000000000000000000000000000000000000000000000000000F
:2011E0000000000000000000000000000000000000000000000000000000000000000000EF
:2012000001F0FF01102A2BDB10F0070F08D010F8013B013A8B422DD010F0070F42B3F6D194
:20122000F0B441EA012141EA014122F007047FF000070023F0E80256083C85EA010586EA41
:20124000010685FA47F5A3FA87F586FA47F6A5FA87F68EB9EED1F0BC01F0FF0102F007023C
:2012600032B110F8013B013A83EA010313B1F8D10020704701387047002D06BF354603389F
:20128000073815F0010F07D1013015F4807F02BF013015F4C03F0130F0BC0138704700BF63
:2012A00010B5054C237833B9044B13B10448AFF300800123237010BDB802002000000000B2
:2012C0008025010008B5034B1BB103490348AFF3008008BD00000000BC020020802501008F
:2012E000A3F5803A704700BF174B002B08BF134B9D46FFF7F5FF00218B460F461348144AA7
:20130000121A10F091FB0E4B002B00D098470D4B002B00D098470020002104000D000D4809
:20132000002802D00C48AFF300800FF09FFA2000290002F061FF0FF085FA00BF00000800C5
:20134000000000000000000000000420B80200201C2B0020000000000000000010B50388D8
:2013600004462BB1172B0CD185290ED0012010BD0D4B01219B6881209847172323800120B3
:2013800010BD00230380032010BD074B00205B68984700F0030202EB8202811002EB82026E
:2013A000024808F069F9E8E7782301002C1D010010B50388044653B1322B11D10A4BDA6860
:2013C0000AB1012010BD0948852108F083FA06484FF4C07103F02AFC32232380012010BD37
:2013E00000230380032010BDD40200200800002000B585B00346002101AA44F20100CDE94D
:201400000111039300F004F805B05DF804FB00BF72B6094B1B68DB0700D500BEBFF34F8F6C
:201420000649074BCA6802F4E0621343CB60BFF34F8F00BFFDE700BFF0ED00E000ED00E0A4
:201440000400FA050378052B02D0094B1B681847084BD3F88424D3F8803413F0FF0FF4D1BB
:20146000054BD2B2052A08BF1846014B1B681847E402002000700240841D0100014B024826
:201480001B681847E4020020881D0100012803D0022809D020B17047054B06481B681847B7
:2014A000034B05481B681847014B04481B681847E40200207C1D0100781D0100801D010061
:2014C0002DE9F04F87B0002504460F4690469946029500E001356268012356682146002225
:2014E00002A8B0470028F5D18DF80600049065B3824683460AE09DF806306668023B7668F7
:20150000B0479DF806309B445D451ED962680123566821460DF1060204A8B04762680123E7
:20152000566821460DF1070204A8B0479DF80730BB424FF00002214604A8DCD1D04508D025
:201540000AF1010A5FFA8AFAD5E7052007B0BDE8F08F109A9DF80630136089F8003089F8D2
:2015600001706168023B4D6809F102022146A847002007B0BDE8F08FF0B5054683B03B484A
:2015800006F07EFD044610B1204603B0F0BD384A3849394B14700C604822214637481C60C6
:2015A00010F042FA36482146482210F03DFA002D54D095E80700334B83E80700002847D065
:2015C000002005F0ABF908B1852844D12E4D2B7A002B49D0013BDBB205F10C024FF0030E56
:2015E0006E68274FDFF894C01EFB032E05F109046378EBB1A278611C1144013B51FA83F1C9
:20160000224408E003F00F0307EBC30391421D60306858600CD012F8013B1806F2D503F025
:201620000F030CEBC30391421D6030685860F2D103347445DCD10B238DF8043012483368FF
:2016400001A99847044600289ED006F05BFD9BE70E4A1A60B4E7FFF7CBFEB7E7094B0B4ADE
:201660005D601D721A60ABE76E68E4E7451400008F2000208003002084030020F0020020ED
:2016800038030020E4020020B41D0100551A000010B506F051FE68B106F056FE044648B9F0
:2016A000064805F04FF9034628B1FFF7A1FE2346184610BD0823184610BD00BF741D0100AD
:2016C00006F02ABD07F028BC4FF0804303E0D3F83824D10707D5D3F838249207F7D5024BB9
:2016E00002481B6818477047E40200208C1D010000B5054B83B082221B688DF8042001A8A6
:20170000984703B05DF804FBE40200202DE9F043057A83B0002D5ED005F1FF3E5FFA8EF37A
:2017200000F10C024FF0030E00F10901334FDFF8D4C01EFB032E0C4666780022964204EB0F
:20174000020319D094F8028013F9089013F80830B9F1000F0BDB03F00F0307EBC3031B68C7
:201760000132002BEAD0112003B0BDE8F08303F00F030CEBC303F2E70334A645DCD10026C5
:201780001E4FDFF880C0324602EB42020A445378EBB1002423460CE003F00F0307EBC30331
:2017A000186045682D685D6055780134E3B29D420CD99578134413F905E05B5DBEF1000F8C
:2017C000EADA03F00F030CEBC303E9E7057A0136F2B29542D8D80A4A13681BB11A6813683A
:2017E000002BFBD1106043680B228DF804201B6801A9984703B0BDE8F08300BF3803002010
:2018000080030020F0020020024B1878003818BF012070478E200020030710B5044604D58F
:201820002046BDE8104007F00FBA06F027FF204607F062FA2046BDE8104007F005BA00BFE8
:2018400007F048BC014B1868704700BF80030020F0B40E4B1F688FB13E7A96B100231C4660
:201860003A4602E0DCB2A6420BD9557A854203F1010302F10302F5D101B10C703846F0BC08
:2018800070473B681F68002FE6D1F7E780030020436811461B68184700F00F03082B0AD805
:2018A00002064CBF054A064A02EBC303186810B143681B6818471020704700BFF00200203D
:2018C0003803002038B5094B1C6864B1054602E023681C683CB1636829461B6820469847A8
:2018E0000628F5D038BD062038BD00BF8003002038B50D46044606F093FD18B1054B1B78C7
:20190000022B01D0082038BD29462046BDE8384006F096BD8F20002038B50D46044606F022
:201920007FFD18B1054B1B78022B01D0082038BD29462046BDE8384006F014BE8F200020DB
:20194000F8B543689B6805460C4616461BB19847062800D0F8BDEEB92B7AA3421CD9093571
:2019600004EB44042C44677897B133463A469A420BD9A378A2190136D05CFFF74DFFF3B2C0
:20198000BB4205D262789A42F3D800231B78FFDE0020F8BD0720F8BD7378FFDE70B5436816
:2019A000DB6805460C4603B198472B7AA3421AD9093504EB44042C4466789EB100252B468F
:2019C000324693420BD2A37862190135D05C07F081FBEBB29E4205D962789342F3D300237F
:2019E0001B78FFDE70BD00235B78FFDE43681B6903B118471846704770B50A4B1D687DB1F3
:201A00002E7A4EB100242146013400222846FFF797FFE1B2B142F7D32B681D68002DEFD1EE
:201A200070BD00BF8003002070B5094B1D6875B12E7A46B10024214601342846FFF7AEFF83
:201A4000E1B2B142F8D32B681D68002DF0D170BD8003002070B503780446852B00F2BF8094
:201A6000DFE813F00002B201BE003A026602E300EA00BD00040117012A01BD00BD00BD007C
:201A8000BD003D01BD00BD00BD00BD00BD00BD00BD00BD00BD00BD00BD00BD00BD00BD00F5
:201AA000BD00BD00BD00BD00BD00BD00BD00BD00BD00BD00BD00BD00BD00BD00BD00BD0056
:201AC000BD00BD00BD00BD00BD00BD00BD00BD00BD00BD00BD00BD00BD00BD00BD00BD0036
:201AE000BD00BD00BD00BD00BD00BD00BD00BD00BD00BD00BD00BD00BD00BD00BD00BD0016
:201B0000BD00BD00BD00BD00BD00BD00BD00BD00BD00BD00BD00BD00BD00BD00BD00BD00F5
:201B2000BD00BD00BD00BD00BD00BD00BD00BD00BD00BD00BD00BD00BD00BD00BD00BD00D5
:201B4000BD00BD00BD00BD00BD00BD00BD00BD00BD00BD00BD00BD00BD00BD00BD00BD00B5
:201B6000BD00BD005101860060011C02E301E3008C4B8D49D3E9000290478C4B1C684CB133
:201B8000894D636820461B682946984723681C68002CF6D1864C63680BB10D209847FFF710
:201BA00043FF01F075FB834B1B68002B00F0FD810120814D06F08EFB2A78931EDBB2062B19
:201BC00000F215827D49CB5C13B104F08DFE2A78022A40F00C8206F0F9FB01232B7070BDEA
:201BE000754D2A78931EDBB2062B00F2CD817349CB5C13B104F078FE2A78022A40F0C4817E
:201C000006F0E4FB6A4B5B6803222A700BB102209847664B1D6845B16B6828461B682146A4
:201C200098472B681D68002DF6D15E4B2146D3E90002BDE87040104790F902308278002B5F
:201C4000B4BF5F4B574B02F00F0203EBC203D3E90002214690470028C1D0A0780207BED0AB
:201C60000307BCD4BDE8704006F0DABC504B5B680BB1082098474D4B1D68002DAFD06B682C
:201C800028461B68214698472B681D68002DF6D1A5E7474B5B680BB109209847434B1D6849
:201CA000002D9CD06B6828461B68214698472B681D68002DF6D192E73D4B5B680BB10A20CB
:201CC00098473A4B1D68002D89D06B6828461B68214698472B681D68002DF6D17FE7344B9A
:201CE0005B680BB10F209847304B1D68002D3FF476AF6B6828461B68214698472B681D68B0
:201D0000002DF6D16BE72C4C2378062B00F04F8103F0FD03052B7FF462AF06F061FB02235B
:201D2000237070BD244DFFF77FFE07F0E9F82A78931EDBB2062B31D82049CB5C13B104F0C5
:201D4000D3FD2A78022A29D106F040FB174B1C6800232B704CB11B4E636820461B68314685
:201D6000984723681C68002CF6D10E4B1549D3E9000290470E4B5B680BB10E2098472B78AE
:201D8000023BDBB2062B3FF62AAF0C4AD35C002B3FF425AFBDE8704004F0A6BD082AD5D1FF
:201DA000D2E700BF38030020901D010080030020E4020020840300208F2000206C1D0100F9
:201DC000F0020020941D01009C4DFFF72DFE01F055FA2A78931EDBB2062B00F2D9809849B8
:201DE000CB5C002B00F0D480022A03D0082A01D006F0F6FA934B5B6802222A700BB1012029
:201E00009847914B2146D3E9000290478F4B1D68002D3FF4E4AE6B6828461B6821469847B0
:201E20002B681D68002DF6D170BD844D2B78032B00F0C68006F092FA00283FF4D0AE2A7894
:201E4000931EDBB2062B40F2EB80814804F01EFD2A78022A01D0082A01D106F0B7FA06232B
:201E60002B7070BD754B1B78032B00F0A580082B00F0A280734B5B680BB100209847754BC3
:201E80001D68002D3FF4ABAE6B6828461B68214698472B685D68002DF6D170BD674D2B782A
:201EA000032B7FF49CAE07F067F800283FF497AE2A78931EDBB2062B00F2BB806049CB5C33
:201EC00013B104F011FD2A78022A40F0B28006F07DFA04232B7070BD584D2A78082A5CD00B
:201EE000931EDBB2062B00F286805549CB5C002B00F08180022A00F0878005232B70514B18
:201F00005B680BB1032098474F4B2146D3E9000290474E4B1D68002D3FF461AE6B682846DC
:201F20001B68214698472B681D68002DF6D170BD444B5B680BB103209847434B4649D3E9B6
:201F400000029047414B1C684CB1434D636820461B682946984723681C68002CF6D1374D83
:201F60002B78062B1ED0082B0BD09A1ED2B2062A4DD833498A5C002A49D0022B01D006F067
:201F80002FFA02232B7070BD082A7FF43BAE37E62F4804F07BFC2A7826E702232B7006F039
:201FA00029FAACE707232B7070BD207A01E606F017FA0823237070BD2848FFF74BFD59E718
:201FC00006F0DAFF00283FF435AF2A78931EDBB2062B2BD81A49CB5C13B104F085FC2A787A
:201FE000022A23D106F0F2F904232B7022E7082A7FF4F3ADEFE5164804F048FC2B78022B96
:2020000002D0082B7FF479AF06F0E0F975E7104804F03CFC2B78022BB3D0082BB1D0AEE7D5
:202020000749CB5C002B7FF414AF0EE7082ADBD1D8E7082A7FF44DAF49E700BF8F200020D7
:202040006C1D0100E4020020380300208003002028000020840300209C1D0100981D010093
:202060004360CA699A4205D38A6902600B67CB610020704701F1280202608B6700207047C5
:20208000F0B504680E7A002C00F07284A4F212347C2C00F2C1827C2C00F2BE82DFE814F037
:2020A00074020003DE02CF02C7022A0307032303BC02BC02BC02BC02BC02BC026702D7021A
:2020C000BC02BC02BC02BC02CC010F03E602BC02BC02BC02F401EE038C03BC02BC02BC0258
:2020E000BC02FF00CB034803BC02BC02BC02BC02BC02BC026402BC02BC02BC02BC0219011E
:202100009B039303AC035703BC02BC02C3038403B40339035F03BC02BC024103DB01500375
:20212000ED00BC02BC023203DB00F503BD00BC03BC02BC02BC02BC02BC02BC02BC02BC02C2
:20214000BC02BC02BC02BC02BC02BC02BC02BC02BC02BC02BC02C900D303BC02BC02BC027C
:202160006703BC02BC02BC02BC02AC00BC02BC02BC02BC02AC00BC02BC02BC02BC02BC02F7
:20218000BC027D00C002BC02BC02BC02BC02B800BC02BC02BC02BC02B80001240025002A6E
:2021A00000F0CD8307795755A3424FF00005057140F27C83171901343D70B04D0F7D2D68B3
:2021C0002D78AF4200F0B0838F7DAF4209D10025A342057140F24D85254601340AB1077910
:2021E0005755DFF8A0C2A64F9CF800503F780135EDB28CF800507BE1012500240AB10779E0
:2022000017554024AB42047140F289836C1CC6E701240025002AE2D1E3E701240025002AB4
:2022200040F031848D7D0571A34240F262830134FFE001250024002A00F03D830779175519
:20224000AB424FF00504047140F27E83274602EB050C6C1CFDE201250024002A40F0118496
:202260000624AB42047140F23F8301350C7D0471AB4240F291836C1CD4E701250024002AC0
:2022800040F003840524AB42047140F228836C1C2425A342057140F27583651CE0E701245C
:2022A0000025002A00F0FA83077957554FF0000CA34280F804C040F29084651C0027AB42EF
:2022C00002F804C0077140F2F383541901352770F3E001250024002A00F0EF830779175551
:2022E000AB424FF02404047140F2C183274605F1010C002463455755047140F2A983254679
:202300000CF101071024BB4202F80C50047140F29083254607F1010C01246345D55504719B
:2023200040F2788325460CEB04070524BB4202F80C50047140F25D83254607F1010C242448
:202340006345D555047140F24A8325460CF101070124BB4202F80C50047140F23683254684
:2023600007EB040C03246345D555047140F228830CF1010702F80C40BB4291F816C080F8F1
:2023800004C040F218837C1C0425A34202F807C0057140F20B8302EB040C2F46013424251F
:2023A000A3428CF80070057140F2FB822F46651C1755AB424FF00204047140F29F82274656
:2023C00002EB050C6C1C0225A3428CF80070057140F2DD822F46651C1755AB424FF00504D9
:2023E000047140F27C82274602EB050C6C1C2425A3428CF80070057140F2C4822F46651C3F
:202400001755AB424FF00604047140F26D82571901353C700F7D0771AB4240F2BD826C1C48
:202420005755A3428D7D057140F26382171901343D70124D2D6851E001270024002A00F0D7
:202440004082057915559F424FF00004047180F0F5827D1C39E101250024002A40F0178361
:202460000224AB42047140F249826C1C0225A342057140F28C82651C04E700BF88030020B7
:20248000902000209220002001240025002A00F09883077957559C424FF00205057180F0E5
:2024A0005883671C1555BB424C7E047140F2E48202EB070C7D1C8CF800400024AB4204719D
:2024C00040F221826C1C0AB107795755C64D91F814C02D682F78BC4500F01A82DFF810E3B5
:2024E000DFF810C36F788EF8007000258CF80050BD423FD3BD4F3D780135EDB23D70AE4218
:2025000040F2CA810925A342057140F25583651C002A00F0128307791755AB424FF004045B
:20252000047140F2B682274602EB050C6C1C8CF800700F7AAD4D2D78AF4240F2AC8305EB6B
:20254000450501F10907DFF8A0C217F805E080F804E03D449C42CCF8005080F07E82671C40
:20256000002A7FF46EAFACE101240025ABE701250024CDE70725A342057140F29281651CED
:20258000002A7FF45BAE96E1002A00F0EB8204791470012B4FF00B04047140F223830225A8
:2025A0000127D455AB420F7D077140F25B8205F1010C022463455755047140F24482254675
:2025C0000CF101070224BB4202F80C50047140F22B82254607F1010C02246345D55504714C
:2025E00040F213820CF1010702F80C40BB4291F819C080F804C040F2F7817C1C0025A342E2
:2026000002F807C0057140F2E581171901343D70764F00253D7072E7002303601846F0BD58
:20262000002A00F0F282057917460124C4E5002A00F0F28205794FF0010C0027CCE7002A07
:2026400000F0EC82057901274FF0000CBAE7002A00F0FF8207799446012468E7002A00F007
:20266000D78207794FF0010C0025A2E75E4C002A00F0E68207792468944601258CF800705B
:2026800024780F7DA74200F0B9818F7DA7427FF414AF0A249D42047180F0F5826C1C00E6FD
:2026A000002A00F0D28204790125002779E7002A00F0B08290F804C0012400279EE7002AEF
:2026C00000F0C182047901250027DFF81CC1D455DCF80040AB426778077140F2A08102EB88
:2026E000050C0135CAE7002A00F0B1820579174601248CE7002A00F08482047901274FF01E
:20270000000C71E7002A00F0A7820779944601246DE6002A00F08E82047901274FF0000C26
:2027200028E6002A00F0A18207799446012436E6002A00F000821446077927700125BCE6DE
:20274000002A00F08E820779944601243BE6002A00F07282057901274FF0000CE5E5002ABC
:2027600000F0608290F804C0012400270CE61E4C0125276800241AB190F804C002F804C0E5
:202780003C780F7DA74200F0E9808F7DA7427FF438AD0224AB42047140F270822C46013516
:2027A000002A7FF42CAD2CE5002A00F04782057901274FF0000CCBE5002A00F0BC8104793A
:2027C0009446012577E6002A00F01682057901274FF0000C96E5002A00F0458207794FF0DE
:2027E000010C002585E500BF88030020912000209020002092200020002A00F03082057916
:202800004FF0010C002787E5002A00F00F8205794FF0010C0027A5E5002A00F0F4810579A6
:202820001746012404E6002A00F0218205794FF0010C002783E5002A00F0F68190F804C039
:20284000012500243AE5002A00F0EA810779944601248CF80070C14FC14D3F682D7897F81E
:2028600001C0AC4540F2148297F802C03D44A34215F80C5005716CD9651C7CE7002A00F005
:20288000D7810579012700240CE6002A00F0B681047917460125BCE540F2993303600120B0
:2028A000F0BD40F26D3303600120F0BD4FF4617303600120F0BD0524AB42047144D96C1CF0
:2028C000C9E79F42027180F0B9807D1CA34C2468AB426778077140F2A2800135D0E640F281
:2028E000553303600120F0BD40F2573303600120F0BD40F2593303600120F0BD40F251338D
:2029000003600120F0BD4FF44F7303600120F0BD0525A342057140F21781651CDBE440F28F
:20292000833303600120F0BD0D6AA3422D7805713FF652AC40F2893303600120F0BDA34202
:202940000271B3D9013438E440F26E3303600120F0BD40F2723303600120F0BD0324AB4207
:2029600004713FF61BAF40F2773303600120F0BD08240471002B7FF407AE40F21233036008
:202980000120F0BD40F2563303600120F0BD40F2523303600120F0BD4FF456730360012005
:2029A000F0BD4FF4547303600120F0BD40F24F3303600120F0BD4FF4537303600120F0BD10
:2029C00040F24B3303600120F0BD40F24A3303600120F0BD40F2193303600120F0BD40F255
:2029E000493303600120F0BD4FF4467303600120F0BD4FF4527303600120F0BD02249D42BF
:202A0000047180F0F4806C1C40E540F2173303600120F0BD40F2453303600120F0BD4FF4E5
:202A20004A7303600120F0BD40F2163303600120F0BD4FF4517303600120F0BD40F2273338
:202A400003600120F0BD40F2153303600120F0BD40F2433303600120F0BD40F226330360D3
:202A60000120F0BD4FF4457303600120F0BD40F2423303600120F0BD40F22E33036001206D
:202A8000F0BD0779BCE40779CAE40779A4E407798EE440F2213303600120F0BDA342027132
:202AA00040F29B80013400259C420571C0F0938040F2353303600120F0BD2424AB420471E3
:202AC000D5D96C1C00259C420571C1D2013410259C420571ADD2013401259C42057199D25D
:202AE0002C4405259C42057183D2013424259C420571BFF474AF013401259C420571BFF489
:202B000064AF2C4403259C420571BFF459AF01348D7D05719C42BFF44EAF01340425A34275
:202B200005717FF643AF01342425A34205717FF638AF651C94E40125BFE40424AB42047137
:202B4000A7D90F7A6C1CF5E440F2413303600120F0BD40F22D3303600120F0BD88030020C6
:202B6000922000200B24012B04713BD902240D7D05719C42BFF476AF01340225A34205710C
:202B80007FF661AF013402259C420571BFF44CAF01340225A34205717FF637AF01344D7E40
:202BA00005719C42BFF420AF013400259C420571BFF410AF01342BE54FF448730360012058
:202BC000F0BD02259C420571C3D201344D7E05719C42BFF451AF651C6FE44FF44D730360F7
:202BE0000120F0BD40F2133303600120F0BD4FF44B7303600120F0BD012468E70125FFF79C
:202C000035BB0124CBE7012413E40124FFF7D5BA0124B2E70124C8E70124BAE70124B2E711
:202C2000012418E6012479E701243CE7012469E70124CBE701246BE7012452E701245BE71C
:202C4000246801251CE5012540E601248FE70124DEE4374601246DE40124FFF719BB0124EC
:202C60003AE7012402E401242CE701245CE701243CE740F28E3303600120F0BD4FF45F7307
:202C800003600120F0BD40F2333303600120F0BD00231B78FFDE024A002313601B78FFDE55
:202CA0008803002070B90B681A7B202A01D0062070471A4652F80E1F9961918892799A773A
:202CC00099837047032070474360CA699A4210D38A6910B40260C8690C6FC01A1C441A4455
:202CE000C86100380C6718BF01205DF8044B8A61704701F12802026000208B67704700BFBC
:202D00002DE9F0470B7888B00D4606460E2B14D8DFE803F008180808130D2813131813085C
:202D2000080808000024204608B0BDE8F0874B78DA0930D15B09012B4CD00624204608B082
:202D4000BDE8F0870368002403F134022046C3E91E44C3E920445A671C845C62DC6208B005
:202D6000BDE8F087027A8B78002A00F06581817A0930002900F05E81F17A415C9942D1D008
:202D80001B061ED4EF7807F0FD03012BCAD0002F65D00324C7E713F0600FC3F3411200F058
:202DA0009180012AC9D18B78212BC6D1B1F80720072AC2D10168681C183100F073FA0446E6
:202DC000B1E7EC78002C00F09D80032C14BF03240024A8E78B780768202B00F09B80222BCD
:202DE000ABD1B1F80730002BA7D1B1F8035097F820303D8405F0010203F001039342154619
:202E000090D0C3691BB1C2F10301C9B29847002D88D1337A012B40F20B81737B06F10C0437
:202E2000002B00F00381B37BE05C06F0CFF8337A012B40F2FD80737B012B40F2F780B37B53
:202E400023442C46587806F0C1F807F13403C7E91E55C7E920557D62FD627B6763E735689C
:202E6000012A05F10C0140F2DF80727B012A06F10C0340F2D7800691B27B70490591134482
:202E8000AC6A93F80180002C60D1EA6FEB6AAC67C5E91F42002B00F0B480296B1846002280
:202EA00005F1240383E803004046EA6205A9FEF733FD0446F369002B3FF435AF3046002163
:202EC000984730E703F01F03012B7FF436AF8C78062C7FF432AF05A8039200F0D5FC03AA29
:202EE00000920746EA78297930463B46FEF7E8FA05283FF418AF039A3946681C00F0D2F99F
:202F0000044610E7F369002B3FF40CAF30460121984708E7B1F80720072A7FF40EAF3B73B6
:202F2000B1F80730DBB27B7300200E37CDE90573079000F08BFF002005A9FEF7D9FC0446B0
:202F4000002867D0002000F089FFECE6D5F88490686A4C4528BF4C4605F1340A22465146B8
:202F60000EF03AFDE86FEA6AEF67A9EB04030AEB04010444C5E91D13C5F88040002A43D0A6
:202F800005F12C0797E8030005F12404002284E80300EA62002B3BD091461BE0696F686AD9
:202FA0000EF01AFDD5E91D32A96AC5F880100B44521AC5E91D32F36913B100213046984741
:202FC000EB6A13B397E8030084E80300AB6FC5F82C90EBB1AA6A9342E0D2696F686A1A4611
:202FE0000EF0FAFCD5E90932A96FE967521A0B44C5E9093253B1404605A9FEF78DFC0446D8
:2030000058E700236B6255E700236B62002451E76B6AEFE70A4B049603A9039300F020FC11
:2030200004468FE73B78FFDE7B78FFDE2B78FFDE6B78FFDE0B78FFDE5378FFDEC92C000033
:20304000A52C000010B503681C8CE40784B015D50B46017A012916D9417B00F10C0481B1EA
:20306000817B605C91060CBF0124002401A9CDE901320394FEF73CFC04B010BD082004B039
:2030800010BD0B78FFDE00235B78FFDE0368D3F880007047F0B50468238CDB0783B022D5F7
:2030A0000546002016460F4600F0D0FEA26F42B9636AE3B11124002000F0D0FE204603B09D
:2030C000F0BD964228BF1646616F324638460EF083FCD4E91D239B1B3244C4E91D23C4F813
:2030E00080600024E7E70824204603B0F0BDC4E909762A7A012A12D9697B012905F10C0214
:203100000FD9AB7B0849009113440C34587801946946FEF701FC041E08BF9224CBE75B78FE
:20312000FFDE1B78FFDE00BF61200000002070472DE9F04F4B6885B0CDE900020C46002BB9
:2031400071D005F069FAE568019B9D4228BF1D468146002D7CD04FF0000A5646D3464FF047
:203160000108D4E90113AB421F4628BF2F46E9B13A4609EB06000EF02FFCD4E90223D21BBB
:20318000DB1BC4E90223C4F804B0ED1B3E442AB3002B08BF4FF00008002DE2D1009BC3F821
:2031A00000905E60404605B0BDE8F08FABB120463B4650F8101B4A68D2F804A009EB060290
:2031C000D047D4E90223D21BDB1BC4E90223ED1B3E445AB14FF0010ADAE7E368BAF1000F9C
:2031E00004D15BB99846002DBBD1D7E722681268126822604FF0010A002BF3D02168F1B12E
:20320000CDF808B003E0A36821680133A3604B6800225F6802A80123B8470028F3D12061AD
:20322000002D9ED1BAE70B681B681B68002B88D18B68002B85D1036043609846B2E76160A2
:20324000002EABD0019BB34288BF4FF00008A5E72E464FF00108A1E7054B0528187004D0FD
:20326000044A137823F0020313700348FEF7F2BB9320002094200020C41D010008B5002087
:20328000FEF7CAFABDE808408020FEF7C5BA00BF08B50020FEF7D4FABDE808408020FEF793
:2032A000CFBA00BF70B5C38893421E4628BF1646934284B00D4612D8002400200394CDE903
:2032C000015600F0C3FD01A98020FEF711FB044688B1002000F0C2FD204604B070BD802063
:2032E000144605F08DF8B4FBF0F202FB1044B4FA84F46409E1E705F069FA80280BD1094A8E
:20330000094B92E8030083E80300002000F0A6FD204604B070BD002000F0A0FD102420462D
:2033200004B070BDFC1D0100B00300202DE9F04F0B780E2B89B018D8F3B1013B0D2B1BD87A
:20334000DFE803F01F0E281A354C1A1A1A1A0E666F07B24B1B78012B02D00120FFF77CFF51
:203360000024204609B0BDE8F08F852B04D1AB4B1B78032B00F040810624204609B0BDE80B
:20338000F08FA64B1B78032BF6D00320FFF764FF0624E6E7A24803F0FDF90028E0D0A14B2C
:2033A00001221A60BFF36F8FBFF34F8FD8E705230DF115008DF8143005F070F99DF8153035
:2033C000994E002203F01F043260032C00F2B980DFE814F0E800B90099008D00C8780328E5
:2033E0000D46C9D0904E3368002B00F003810022716832609847044600287ED13368002BD6
:2034000000F00581AB78002BAAD105F069F9A8E7824B1B78002BA3D00020FFF71DFF002433
:203420009FE74FF08043D3F8383413F0010F7B4B1B7806D0022B93D00220FFF70DFF0024B3
:203440008FE7012B89D18BE7BDF81B30002B00F0D880092B28BF09239946FEF7F3F9054639
:20346000002800F0DB81BB464FF0090ACDF80CB04FF0000801E008F101086A680123576825
:203480002946002203A8B8470028F4D12A682B7A15681C44C244E4B2002DE7D1634D644912
:2034A00028464A460EF098FA2C71A5F802A0FEF7ABF918B1EB7943F02003EB71FEF7C2F97A
:2034C0005C4BBDF81B2018600020C3E90159DA6000F0BCFC58498020FEF71EFA0446002815
:2034E00000F09F81002000F0B9FC062C05D105A8FEF7E8F90446002C73D005F05DF9204602
:2035000009B0BDE8F08F9DF81900020707D005A9FEF7C2F906280446EDD19DF8153013F0CF
:20352000600F0ED19DF816303C4A9DF819401278012B00F0B980032B00F0A680002B00F0B0
:20354000C6800624D9E79DF8190003A9FEF780F90546002859D09DF80C1005AAFEF798F9F1
:2035600006280446C7D19DF8152012F0600FC4D12A4B9DF80C101B78D20940F014819DF87D
:2035800016200B2AB9D1052B40F0B280BDF81730FF2B00F2FC809DF817202846FEF7D0F918
:2035A0000446A8E713F0600FC3F341179FD1DB0948D19DF81630032B00F09C80092B00F00C
:2035C000A880012B93D1BDF81730012B8FD1FEF71BF9002800F0D980184A137823F002032C
:2035E000137033686BB105F0F1F8044600287FF4B7AE0AE70E2480E70420FFF72DFE062470
:20360000AFE605F0CFF80024ABE6102475E70C4B1B68082B33D005F0C5F8A2E693200020F7
:20362000B80300205C700240B0030020BC030020C81D010098030020041E01009420002057
:20364000300100109DF81620062A00F08780082A73D0002A7FF44BAF7B497C4B09781A8085
:20366000890744BF02221A7078490DF115000222FFF718FE0446062C7FF43DAF37E7744B4D
:203680001B68002BC7D16BE625073FF55AAFBDF81730002B7FF455AF052A01D0200727D16D
:2036A000204604F0BDFF9CE721073FF54AAFBDF81730002B7FF445AF052A01D0230717D17C
:2036C000204604F0DBFF204605F016FB89E7052A01D027070CD1204604F0AEFF5B490346DB
:2036E00002220DF115000B80FFF7DCFD044602E7082402E7BDF81730012B7FF4F8AEFEF7BB
:2037000083F8002841D0504A137843F00203137067E7504C2378043B012BE9D89DF8173088
:20372000BBB3012B33D1FEF767F92378052B3FF458AF0520FFF790FD53E7464A1278052A66
:2037400047D0042A7FF4D3AE404B1F703F490DF115000122FFF7A6FD04468CE79DF8183025
:20376000022B3FF471AE032B36D0012B7FF4BFAEBDF81B30002B3FF444AF37490DF11500A6
:203780001222FFF78FFD044675E70F24B5E60724B3E6FEF749F92378042B3FF422AF042012
:2037A000FFF75AFD1DE79DF816705FB30A2F7FF4A4AE052B9CD128460192FEF717F923497E
:2037C000019A03460B700DF11500FFF76BFD044691E61E4A1370B9E7BDF81B30002B3FF46F
:2037E00010AFBDF819109DF8170000F01DFB014600283FF47CAE0A780DF11500FFF752FDD2
:20380000044638E7052B7FF473AF10490DF1150002220F80FFF746FD04466CE64FF0090A34
:203820003CE604F0D3FF802808D10C4B93E8030086E80300204600F011FBD2E6204600F069
:203840000DFB102459E600BF94200020BC0300203401001093200020E81D0100FC1D010043
:2038600038B505460C4604F0B1FFA84207D194E80300044A82E803000023184638BD102375
:20388000184638BDB003002008B1402303600148704700BFBC030020F0B40D7A0DB101F10A
:2038A00009050468002C59D06FF4AB763444142C00F24A81142C00F24781DFE814F0540027
:2038C000E700EE00F500FC000301090110011701450145011E0125012C0145013B00330138
:2038E0002700390115003F0101250024002A40F0DB818A8AAB424FEA1222027140F233814B
:2039000040F26D1303600120F0BC704701250024002A40F0CD814A8AAB424FEA122202717B
:2039200040F226816C1C8A8A0271A34240F27B81651CDEE701250024002A40F0B7810A8AD6
:20394000AB424FEA1222027140F217816C1C4A8A0271A34240F26C81651CDCE70924047117
:20396000002B00F0F680002A00F0A48104791470012B4FF00404047140F2F080022701269C
:2039800094559F422D78057180F089817E1C0024B342D555047140F27D812546771C002424
:2039A000BB429555047140F2708125467E1CFF24B342D555047140F263812546771C012493
:2039C000BB429555047140F2568125463E190124B342D555047140F249812546371900242C
:2039E0009F429555047180F03C8125467E1C09249E42D555047180F02F812546771C212446
:203A00009F429555047180F0228126467C1C09259C42D655057180F0158116190134357093
:203A20000E7C0671A34240F20881651C16550E8A9D424FEA1626067180F09F8057196C1C0F
:203A40003E708E7C06719C4280F0F280651C16554E8A9D424FEA1626067180F089805719FF
:203A60006C1C3E700E7D0671A34240F2DC80651C1655898A9D424FEA1121017173D22A442D
:203A8000117040F26D13036001203DE7002A00F0B38004790127002672E7002A00F0A5809B
:203AA00005790126002772E7002A00F0978005790127002673E7002A00F0898005790126C2
:203AC000002774E7002A5DD005790127002676E7002A00F09E8005790126002777E7002A58
:203AE00000F0958005790127002678E7002A00F08C8005790126002779E7002A00F0838027
:203B00000579012700267AE7002A00F08A800679012400277BE7002A00F081800579164632
:203B200001247CE7002A78D006791746012487E7002A70D006791746012492E7002A3FF4DB
:203B4000DFAE017911709CE7002303601846F0BC704740F2571303600120F8E74FF4AC73B2
:203B600003600120F3E740F26B1303600120EEE740F2691303600120E9E740F267130360CD
:203B80000120E4E701240122A342027173D914440122A342027169D9144400229C4202716D
:203BA0005FD2013409229C42027155D2013421229C4202714BD2013409229C42027141D252
:203BC00001340A8A0271A34237D9651CB7E60124FF229C42027153D20134D4E701240022A3
:203BE000A342027151D90134F2E701240022A34202714FD90134F2E701242A780271A34241
:203C00004DD90134F2E70124D1E70124CAE70124C3E70124BCE7012485E6012497E60124CF
:203C2000CFE70124C8E74FF4B573036001208EE74FF4B4730360012089E74FF4B37303606C
:203C4000012084E74FF4B273036001207FE740F26313036001207AE74FF4B173036001200E
:203C600075E740F25F130360012070E74FF4AF73036001206BE740F25D130360012066E7BB
:203C80004FF4AE730360012061E740F25B13036001205CE74FF4AD730360012057E740F236
:203CA00059130360012052E70679E1E60679BDE60679CCE60422012B02717FF64FAF0224E4
:203CC0009BE700BF0B780E2B0BD8DFE803F0080808080A0C080A0A0A0A08080808000020A4
:203CE000704706207047F0B54B78DA0985B00C46064611D15B09012B02D0062005B0F0BD46
:203D00008C78002CF9D102681373036A002B3AD0214698472046F1E713F0600FC3F3411218
:203D200015D0012AE9D18B78072B07D0082BE4D1F268481CB169FFF7B5FADFE7B1F80720B2
:203D4000182ADAD1C169601CFFF7ACFAD6E703F01F03012BD1D18D78062DCED103A802927E
:203D6000FFF792FD02AA00920746E278217930463B46FDF7A5FB0528BFD0029A3946601C61
:203D8000FFF790FABAE71846B8E700BF70B54FF0805286B0D2F8A830D2F8A42000926FEABF
:203DA00083436FEA93430B4A0B4E9BB202A80D2109F068FD02AD002404E015F8013B06F8DF
:203DC000013B013402A80DF037FE8442F5D306B070BD00BF201E0100B420002038B5114BEA
:203DE00053F8204023780BB9A01C38BD0020FFF74BFD217891B12246C4F101055319DCB2B2
:203E0000234620F8141012F8011F0029F6D101335B00DBB243F44073038038BD40F20233FE
:203E2000FAE700BF881E010040B1052808D8054A105C28B1044B53F820300BB1FFF7CEBF80
:203E400000207047A01E0100881E010072B6024A1368013313607047FC030020034A1368F1
:203E6000013B136003B962B6704700BFFC03002010B50446006830B1002105F0A3FC54F8D1
:203E8000040F0028F8D110BD2DE9F043038883B0044643B1B3F5867F0CD1822910D00120D6
:203EA00003B0BDE8F0834FF486730120238003B0BDE8F08300230380032003B0BDE8F083D8
:203EC00001F0ACFABFF35F8F19491A4B0E6800220A601F781A70FFB2BFF35F8F164D01F01C
:203EE000A1FA28680028DED0DFF85090DFF8508003E055F8040F0028D5D090F84A3026FA31
:203F000003F3DA07F5D590F8493047FA03F3DB07EFD500F095FD0028EBD02B68D9F8002039
:203F2000009218464246022100F028FDE1E700BF100400209520002080000020F42100206C
:203F4000E13F000010B50C4A90F84B30126882B001330092044680F84B30084A0346802138
:203F6000203000F00BFD064B19782246002002B0BDE8104005F0AEBCF4210020453F0000D0
:203F8000092B002010B4094A094C13681943116021780346012202FA03F30B43DBB22370B4
:203FA00004485DF8044B05F0C3BC00BF10040020952000208800002010B5044690F84A103C
:203FC00090F8490001F0ECF910B994F8480010BD01280ABF94F84800002080F0010010BDAC
:203FE00070B582B0044600F02BFD08B902B070BD04F12006304600F023FD05462046FFF720
:20400000DBFF01280FD00028F0D1002DEED1304600F0FCFC0D4B22462846197802B0BDE875
:20402000704005F057BC002DE0D0094B094A1B68009300253046234684F84B507E2100F084
:204040009DFC054B28462246E7E700BF082B0020F4210020453F00000A2B0020F8B505F011
:20406000A7FB304B304C187005F0A2FB2F4B304F187005F09DFB2F4922682F4B0870002566
:20408000FF2139727B60FD60002A42D02B4E09E091F84A00F9683A72834054F8042F0B430F
:2040A000FB60B2B392F84A3092F84910526C03F01F0343EA41131F2BC6BF03F01F033146AA
:2040C0004FF0A04103F5E07342F08C0241F82350236893F84A1093F8490001F01FF9226832
:2040E00092F84A3092F8490003F01F0343EA4010012102F0C1FD2168387A91F84920824294
:204100004FF00103C4D0FF28C2D054F8042F002AC8D10B48002105F055FBBDE8F8400448EB
:2041200001F052B90A2B002080000020082B002000040020092B0020853F000000030050AC
:204140008800002030B5174B83B000221A6002F053FB00BB002002F06BFB134B134A93E8F8
:204160000300FF250090ADF80410062400231048ADF8005069468DF802408DF8043002F014
:20418000F1FF58B901210A4803F040F8084803F031F803B030BDFDF72BF9DBE7FDF728F984
:2041A000F0E700BF14040020D41E0100E1410000DC1E0100014B1868704700BF14040020A7
:2041C00008B5064A13680133136000F043FD00B908BDBDE8084000F023BD00BF140400204E
:2041E000042800D07047FFF7EBBF00BF014B1868C0097047140400202DE9F04105F0F0F904
:20420000FFF7A0FF07F0CAFE05F0FEFA00216448644FDFF8E481644D644C654E05F0D2FACC
:2042200000F0A2FB0CF0D0FA09F048FB05F0E0F905F09CFB5F4B1B6898477B689847D8F8F7
:2042400004309847A979EB79226803EB0123022A338021DC584B29686A6819605A60574875
:20426000002105F0AFFA4FF0FF300AF0B5FD2368022B05467DDC05F0DDF95148FFF7F8FDBA
:204280000CF0CCFA05F0C6FA04460CF0CFFA002CF8D105F0D5F9F5E74A4A4B494B4805F054
:2042A000EBF94B4805F054FB2368022BD2DD454A4549464805F0E0F9464B4748196805F0CD
:2042C000DBF92368022BC5DD3E4A3F493F4805F0D3F9D8F80010414805F0CEF92368022B7B
:2042E000B8DD384A3849394805F0C6F939683C4805F0C2F92368022BACDD324A3249334869
:2043000005F0BAF937484AF6CD3105F0B5F92368022B9FDD2B4A2C492C4805F0ADF93248EE
:204320001A2105F0A9F92368022B93DD254A2649264805F0A1F931882C4805F09DF9236865
:20434000022B87DD1F4A2049204805F095F9284805F092F92368022B7FF77CAF284601F067
:2043600075FA2368022B7FF775AF0A2005F0EEFA70E7144A1449154805F07EF91D4805F040
:204380007BF92368022B7FF776AF284601F04EFA2368022B7FF76FAF0A2005F0D7FA6AE722
:2043A000CC000020D01F0100E4200020EC000020802000209C200100E8240020DC0100204B
:2043C000601D0100E41E0100EC1E0100F41E0100041F010024220100181F0100281F010053
:2043E000341F0100401F01005C1F01007C1F01008C1F0100A41F0100A422010030B590F84D
:204400002D50012D83B0044611D91F2505F018FB094BB0FBF5F11B68009301FB1501074AE0
:20442000234604F10C0000F0A9FA03B030BDE91C01258D40013DE9E7F4210020C14400009F
:204440002DE9F0470D468B6892F82C708146506BD3E90068144601F0B7F9686805F0C2FA81
:20446000A968134801F0B2FA1248294601F0AEFA636B1B6873B10023A3852046FFF7BEFFF8
:2044800036B13A46494640463346BDE8F0471847BDE8F08704F10C0000F0B8FA2146064878
:2044A00001F092F92146054801F090FAE8E700BF98000020B000002080040020A4000020D3
:2044C00000B32DE9F047436B1D6882B00446B5B1686805F09DFA63490C2005F069F801211B
:2044E000072005F059F8604B5B68984700280ADAAB6823B1052022462946FFF7A1FF02B0CB
:20450000BDE8F087704704F0A1FFDFF8608190F80290D8F8047004F099FF064604F0A0FFB3
:2045200001463046B84705F053F8D8F818600746B04770BB002F50D1D8F81CA0D04740BBDA
:20454000D8F8087004F08CFFB84700285CD002281FD0AB68002BD2D00420CCE707F052FD2B
:204560006FF028031E1A03E007F04CFDC64202D5D0470028F8D0D04700285DD0D8F81030F4
:20458000032101A89847032803D19DF806304B452AD0AA68002AB2D094F82D300133DBB2B3
:2045A000052B84F82D3094F82C3006D90133DBB2002184F82C3084F82D10127A9A4205D873
:2045C000224629460120FFF73BFF98E72046FFF715FF686805F000FA91E7D8F8086004F061
:2045E0003FFFB0470028B2D1AB68002B87D094F82C3000200133294684F82C3084F82D001A
:204600002246FFF71DFF7AE707F0FCFC6FF018073F1A03E007F0F6FCC74202D5D04700280E
:20462000F8D0B047002899D1D047002896D1D8F814309847002891D0A96800293FF45FAF8C
:2046400094F82C300133DBB2002284F82C3084F82D200A7A9A42B9D8224629460220FFF70E
:20466000EFFE4CE7E4200020082001009C2001002DE9F04105460D200F4604F0A1FF06461C
:2046800001F014F901210B2004F086FF374B1C6814B914E0246894B13146201D01F040F8E1
:2046A0000028F7D0606B01F0A9F807281EDDDDB138462B460122BDE8F041062118472C4814
:2046C00001F068F904460028F1D03146201D01F021F8002304F13002C4E90C322348A385CF
:2046E000214601F025F8DDE7BDE8F081214801F051F9064660B3204801F04CF9B06018B3EF
:2047000005F048F97060D8B10520D6F8088004F049FFC8E9005710F0FF0006BF082388F8DC
:20472000083088F80800606B314601F001F8636B1B689E42D8D12046BDE8F041FFF75EBE65
:20474000B1680D4801F042F90A48314601F03EF9606B01F053F80028A9D12146034801F082
:2047600033F82146024801F031F9A0E780040020A4000020B00000209800002008B50548C1
:2047800001F0F6F8044801F0F3F8BDE80840034801F0EEB8B000002098000020A4000020F7
:2047A000014B1B6A184700BF9C200100014B5B6A184700BF9C20010010B50D4B82B01B688F
:2047C00098470C4B04469B6A01A91920984701280BD0002C0198B8BF15248028D4BFC4EB2F
:2047E0000000C4F1800002B010BD002002B010BD082001009C200100FFF73ABF00B583B0A9
:2048000004F028FE032804D0244B9B689847002802DA03B05DF804FB0D2004F0D1FE2049CA
:2048200000F07EFF18B904F0D3FE0028F1D00C2004F0C6FE1A4900F073FF0028E9D101F010
:204840003FF890B1072004F0ADFE0028E1D00223ADF8043004F0FAFD124B8278DB688DF839
:204860000620032101A89847D3E701F04FF8072004F098FE18B90C4B9B689847C9E70223E4
:20488000ADF8043004F0E2FD064B8278DB688DF80620032101A89847EDE700BF08200100CB
:2048A000E42000209C200100A422010030B50D4C83B0A56A69461920A84748B901A904202A
:2048C000A84738B100F0EAFFFFF758FF236A984703B030BD0199E36A21F00201019104201D
:2048E0009847EFE79C200100F8B5038805462BB1452B14D1882916D00120F8BD174B1C683F
:2049000034B1A168201D00F091F92468002CF8D1134B01221A7045232B800120F8BD00235A
:2049200003800320F8BD0D4B1C68002CF3D0231D9A4205D02468231D002CECD09A42F9D106
:204940000648084E214600F03FFFD4E90523376832600BB1E06998473760DCE76005002045
:2049600096200020F4210020024B03480021196004F028BF60050020BC00002070B50E4C3F
:20498000049E25784661C0E90623044635B9A1600A482146BDE8704000F0CABE084D094BF7
:2049A0002E682B60043000F041F92E6021460348BDE8704000F0BCBE96200020600500201E
:2049C000F4210020BC00002070B50C4B1B7804462BB921460A48BDE8704000F0A9BE094DCE
:2049E000094B2E682B60043000F02AF92E6021460348BDE8704000F09BBE00BF9620002088
:204A000060050020F4210020BC00002010B50A4B1B7804463BB9C0E9033321460748BDE8DB
:204A2000104000F0D1BE043000F01CF921460348BDE8104000F0C8BE9620002060050020F6
:204A400008B5084B1B7823B10069B0FA80F0400908BD0146044800F0DBFE80F00100C0B20F
:204A600008BD00BF962000206005002010B50446C0B20BF075FE0A2C01D0204610BD0BF033
:204A80003FFE204610BD00BFF8B588B10F46461E002500E0013516F8014F20464CB1AF425B
:204AA00007D00BF05DFE0A2CF4D10BF029FEF1E705460BF025FE2846F8BD00BF10B5FFF7CE
:204AC00079FB0B4B1A68D2E9003192680B44191A52B1D2E9003423441B1A9268994228BFD8
:204AE0001946002AF5D14318024A136010BD00BF68050020640500202DE9F8430388054684
:204B00005BB3592B2CD187292FD0822920D12C4FDFF8B4803C684FF00009CCB1002603E0C3
:204B2000A3682646A3B11C46204609F003FF0028F6D0E0682246882104F0CCFE0346404613
:204B4000002B2AD004F0F4FEA3682646002BEAD159232B800120BDE8F883194A1360F7E7D1
:204B6000002303800320BDE8F883154F3968002019B9EDE789680120D9B1CB689342F9D014
:204B800000B139608B68002BE2D0D868904207BF9B688B6019469B68F5E7E360A3686EB18A
:204BA000B3603B68C4F808902BB1FFF787FF3C68B3E73960CCE7034A1360C9E73B60F1E726
:204BC0006805002064050020CC00002010B50446104804F0ADFE1049E3680A684BB142B1C8
:204BE00094420FD0134601E09C420BD09B68002BFAD10A4BA2601B68E3600C60BDE8104096
:204C0000FFF75CBF054B1B68E360BDE81040FFF755BF00BFCC00002068050020F421002001
:204C2000014804F085BE00BFCC00002010B5044609F06AFE2046BDE81040FFF7C7BF00BF43
:204C400010B5044609F068FE2046BDE81040FFF7BDBF00BF024B1868003818BF01207047A6
:204C60006805002010B5124B19688142044614D00B462BB19A68A24206D01346002BF9D1DC
:204C80000023C4E9023310BDA2689A6049B1FFF715FF0023C4E9023310BD82681A60002ADA
:204CA000F5D1044B00221A600023C4E9023310BD6805002064050020014B1888704700BFF9
:204CC000AC02002000283ED0037A022B30B410D00378022B15D00379B3B10024C37913F092
:204CE000030318BF012301B10C6002B1136030BC7047C579447A037965B90CB9012BF2D083
:204D0000DBB100231C46EEE7447A14F0030418BF0124E3E7C4B1032D37D1032C2ED0022C16
:204D200024D143BB022D2DD00123032D24D1A4F10204B4FA84F46409D5E7023C012C8CBF6B
:204D400000240124CFE770474BB9022D08BF0123EAD1A4F10304B4FA84F46409C3E7032DBB
:204D600001D0022D02D123461C46BCE7002BC8D1022DDAD1EDE701230024B4E7002BC0D1E1
:204D80000123D4E701231C46ADE7022DC7D1002BF1D1022C4FF00103DBD11C46A3E700BF9E
:204DA00030B500230B608B80437DDB075CBF01230B70037E012B83B00D46044623D901AAF5
:204DC000694604F11000FFF77DFF009B0BB10223EB70019B0BB102236B70E37D03F0030325
:204DE000022B03D0032B14BF00230823AB70637E03F00303022B03D0032B14BF0023082320
:204E00002B7103B030BDC37D13F0030309D0437E13F0030305D0C38B828B9B1AB3FA83F362
:204E20005B092375CBE700BF02280CBF012307230B441A78FF2A184603F1FF3303D181429D
:204E4000F7D1012070470020704700BF30B583B06946FFF7A5FF9DF800309DF801509DF87B
:204E600002409DF803109DF804209DF8050002332B4423440B441344184403B030BD00BF89
:204E800070B4437882780578C478DB00120102F0100203F008031343027905F00705640159
:204EA0002B4304F020049201234302F0400213430B7043798579467AC479027A03F0010344
:204EC0006D0043EA861305F00205A0002B4300F00C001201034302F03002134370BC4B70DF
:204EE000704700BF70B582B00D4604466946FFF757FF04F110002946FFF7C2FF9DF800305D
:204F0000012B04BFA37EAB709DF801300CBF03200220022B06D1A38B2B54A38B421C1B0A2E
:204F2000AB5402309DF8026056B1731E234429181A7801F8012BA34203F1FF33F8D130440A
:204F40009DF80330022B06D1E38B2B54E38B421C1B0AAB5402309DF8046056B1F31D2344FF
:204F60002918073413F8012901F8012BA342F9D1304402B070BD00BF30B40278437802F08F
:204F80000700C2F3C005C2F300140870C2F34010C2F380124D708C7003F00105C3F3400457
:204FA000C8700A71C3F38100C3F301129B094D718C71C87130BC0A724B727047012943DD80
:204FC0002DE9F04186B00F4603A914460546FFF7D3FF03AB03CB9DF811201B8823832061DA
:204FE00061616AB3AE1C03A802AA01A9FFF76AFE9DF81380B8F1000F43D0029B002B31D1EC
:20500000B8F1020FA38367D0B8F1030F4DD09DF81580B8F1000F2CD0019BBBB9A38BE3831F
:20502000B8F1020F4DD0B8F1030F31D0701B3B1A8742C4E90E6300DA002006B0BDE8F08150
:20504000AB78A376EE1CCEE700207047717816F8023B029A03EB01239BB2E383002ADFD10F
:20506000A383DDE7727816F8023B03EB02239BB2C6E71E4904F1080000F04CFBA4F81E802F
:20508000D4E71A49204600F045FBA4F81C80BEE706F10800034604F1080213F8011D02F815
:2050A000011BB342F9D10646C0E706F108000346621E13F8011D02F8011FB342F9D106460C
:2050C000A5E70A4904F1080000F024FB7378237216F8023B6372A9E70449204600F01AFBFD
:2050E0007378237016F8023B637090E71420010030B591B004F09AF9044604F0ABF96A4629
:2051000001462046FFF75AFF00283ED0044604F071F9D0B39DF810100B2004F03DFA9DF892
:205120001310072004F038FA9DF817308BB1BDF81C50FFF7C1FD854205D0BDF81C204FF640
:20514000FF739A4221D19DF817006946FFF76CFEB0B102A90C2004F02BFA9DF815303BB13D
:205160004FF6FF71062004F017FA204611B030BD9DF81A10062004F00FFA204611B030BD45
:2051800069460D2004F014FAE3E74FF0FF34ECE7F8B505460B2014460E46A84700232074AB
:2051A000A37496B3E37463750820A847002701232376A07567740620A847A076FFF77CFDDB
:2051C000E0830920A84701280CBF3B4603236376FFF772FDA0830A20A84701281AD066B90D
:2051E0000323E375637E022B0CD0E37DA3F10203B3FA83F35B092375F8BD0223E375637E1C
:20520000022BF2D101232375F8BD0720A8476675E074C9E7E775E5E730B591B00546FFF7A9
:205220004BFD4FF6FF74A0423AD04022002168460CF0FAFB04F0CCF96A4601461A48FFF758
:20524000A7FF04F0C5F918B3ADF800400C2004F0B7F9014602A800F05DFA04F0E7F80E90CD
:2052600004F0F8F8034668460F93FFF7EFFD044615B9204611B030BD04F08CF880B104F006
:20528000E5F801466846FFF72DFE204611B030BD0D2004F095F90146684600F03BFAD5E782
:2052A0004FF0FF34E5E700BFA59500000120FFF7B3BF00BF0020FFF7AFBF00BF0649074A8C
:2052C000074B9B1A03DD043BC858D050FBDC09F0D5F8FCF709F800008C25010008000020FD
:2052E000B8020020FEE7FEE7FEE7FEE7FEE7FEE7FEE7FEE7FEE7FEE700F01F030121C0F3FB
:205300004710994000F066B808B501F019FC00B108BDBDE8084001F0C9BB00BF30B583B0DD
:205320001446022301F01F0100228DF8063014F00C0341EA4015ADF8042006D0042B25D0AA
:20534000082B27D00C2B02D103238DF8043014F0030304D0022B15D0012B02D103238DF8A0
:2053600005300E4A01A9284601F0F4FB2306284603D401F0EDFC03B030BD012101F07CFC35
:2053800003B030BD01238DF80530EAE701238DF80430DCE702238DF80430D8E7F952000036
:2053A00001F01F0141EA40101F28CABF054B4FF0A04300F01F00D3F8101521FA00F000F025
:2053C00001007047000300500146014800F0B0B96C05002070B50C4B1C689CB105460E465C
:2053E00001E0246874B1237AAB42FAD1E36816EA0301F6D063682846002BF2D09847246820
:20540000002CF0D170BD00BF6C050020024B00221A60FFF779BF00BF6C050020EFF3108049
:2054200072B6704780F31088704700BF70B41A4A1A4D0023012440FA03F1C90712D59178E7
:20544000B9B11178567801F01F0141EA46111F29C6BF01F01F012E464FF0A04604FA01F191
:20546000C6F808150133042B02F10302E3D170BC70471178567801F01F0141EA46111F292D
:20548000C6BF01F01F012E464FF0A04604FA01F1C6F80C15E6E700BFB41E0100000300505C
:2054A0000E4A30B40E4D02F10C0403201378517803F01F0343EA41131F2BC6BF03F01F0361
:2054C00029464FF0A04103F5E0730332944241F82300EBD130BC0F20FFF7A8BFB41E010084
:2054E0000003005010B50948FFF76EFA084800F073FB50B1064C01460B7A5B080B722046D2
:2055000000F036FB01460028F6D110BDC4200020DC0000200146014800F08CBBDC000020A4
:2055200080B110B50446FEF745FE2368C01AB0F5963F05D2207A032894BF0020012010BD17
:20554000002010BD0020704770B50546144689B1022907D006290CD10146BDE870402A4867
:2055600000F068BB0146284800F064FB0646002832D170BD0146244800F05CFB0646002800
:2055800035D0FEF717FE337A30602344102BA8BF10233372FEF70EFE3368C01AE401B0F5DE
:2055A000963FA4B208D2337A042BB38834BF19220A222BB9B48070BDB3881922002BF9D0C6
:2055C00002FB04F41149C2F1640203FB0242A1FB02325209B28070BDFEF7ECFD337A30607C
:2055E0002344102BA8BF102333720C34D2E7334605482946082200F07DFB06460028B8D00E
:2056000047F6FF73C380BCE7DC0000201F85EB5138B50546042003F0C5FF294604462148E4
:2056200024B200F007FB38B3B0F9063047F6FF7293422CD004EB840462005A251A4C818892
:2056400013FB052384FB0324DB17C3EB641424B2C48081B904F15A0212B222EAE2721E2A45
:20566000124BA8BF1E22D201A3FB0232120902F5807292B2828038BD03462946094808220F
:2056800000F038FB0028F6D047F6FF73C3808388C480002BEFD147F6FF739C42DAD14FF452
:2056A0008072E7E7DC0000201F85EB518988888838B5094800F090FA60B1074D044621465F
:2056C000284600F085FB2146284600F051FA04460028F4D138BD00BFDC00002000B500211F
:2056E00083B0084800F022FA074B084A1B680093074800234FF4E131FFF740F903B05DF863
:2057000004FB00BFDC000020F4210020E5540000C42000200B684A6842600360704700BFBD
:2057200008B508220CF04AF9B0FA80F0400908BD0368DBB110B4002400E0134699420FD049
:205740001A681C46002AF8D100230B600368CBB11A461B68002BFBD111605DF8044B704757
:205760000A686CB1226000221A60EDE700230B6003684BB11A461B68002BFBD111607047B1
:205780000260F0E70160E8E70160704730B405684DB12B46002400E01346994207D01A6837
:2057A0001C46002AF8D10D6030BC016070470A683CB1226000221A6005680D6030BC01607F
:2057C00070470260F6E700BF03689BB110B4002400E0134699421A6805D01C46002AF8D1B5
:2057E0005DF8044B704734B1226000221A605DF8044B704770470260F7E700BF03682BB1F3
:2058000000201B680130002BFBD1704718467047006848B1884202D105E0814203D0006810
:205820000028FAD170470120704700BF00B58BB00246282168460AF017FE6946024803F0FD
:205840001BFF0BB05DF804FB1C200100F0B170B50024104E054654B1E3070DD5295D304682
:2058600003F00AFF072C10D00134002CF4D12978304603F001FFF7E72E2004F067F8295DE4
:20588000304603F0F9FE072CEED170BD024803F0F3BE00BF302001002020010008B504F099
:2058A000CFF8014B187008BD97200020034B197806204A1C1A7003F06FBE00BF9720002006
:2058C000F8B5FEF777FC104E0746344600250C2003F076FE2146FFF723FF103420B9013504
:2058E000102DF4D10020F8BD062006EB051503F059FE2B7B8342F5D1A868381AB0F5206F8F
:205900008CBF00200120F8BD30060020F8B5174E0024374635460C2003F052FE2946FFF7EE
:20592000FFFE1035F8B90134102CF4D10F2407EB0414254654F8100D6168A268E368A64227
:205940000FC5F6D1062003F02DFE3873FEF732FC0346BB600C2003F033FEBDE8F8400146C2
:205960000248FFF7D7BE002CE1D1EBE73006002010B504464288406800210CF055F82388B6
:205980006288A06802FB03F2BDE8104000210CF04BB800BF30B44588ADB14368002202E091
:2059A0000132AA420CD0194601330C78002CF7D101230B700588806802FB050030BC704728
:2059C000002030BC70472846F8E700BF30B44488826854B18A420CD00588002301E091424D
:2059E00008D00133A3422A44F9D14FF0FF3030BC704700234268D15C0029F6D00020D05440
:205A000030BC704783688B4208D84288008800FB023081422CBF002001207047002070474F
:205A2000418849B143680020194413F8012B02B901308B42F9D170470846704738B50D4BC0
:205A40000D4D1C68002818BF05463CB1211D2846FFF766FE28B92468002CF7D14FF0FF305C
:205A600038BD064A064B9068241AA01003FB00F038BD00BF6007002014200100F00000203C
:205A8000ABAAAAAA2DE9F84F224CDFF89CA0DFF88C90214F0546884604F1200B54F8043F54
:205AA000BBB19E68AEB1A5B1D9F80820AA1A91100C3207FB01F10CD05A68D86802FB010053
:205AC00038B11AF801201B6842FA03F3DB0700D5B0475C45E2D1D5B1104B0F4A9B68EB1AB1
:205AE0009B1002FB03F30E490E480022CA5429460AF80320FFF768FEB8F1000F01D1BDE8FC
:205B0000F88F29460548BDE8F84FFFF75FBF4FF0FF33E8E72C070020ABAAAAAAF0000020F6
:205B200050070020600700203808002038B10368072B04D80C4A52F82330984210D00B4AA3
:205B40001368072B0AD830B4074C03605D1C8160156044F82300012030BC70470020704753
:205B600081600120704700BF3007002034080020F0B5164B164D9C68164E20B301B3C76873
:205B8000D0F804C0C91B91FBFCF101EB4102013119D014EB820314D054F82230A3EB040E2C
:205BA0004FEAAE0205FB02F20CFB02714BB11EF10C0F08D021B1B35C02681341DB07DCD55E
:205BC0000B461846F0BD00231846F0BDF0000020ABAAAAAA38080020124B1968F9B1124B3D
:205BE0009B68C91AD0B111F10C0F17D010B40F4B4468C268891003FB01F304FB032149B19E
:205C00000B4C0268E35C1341DB0703D508465DF8044B70475DF8044BFFF7AABF0021FFF7B3
:205C2000A7BF00BF60070020F0000020ABAAAAAA3808002010B504460846FFF7FFFE84B11A
:205C4000431C02460DD06368E06803FB020038B1054B21689B5C0B4113F0010F08BF0020AE
:205C600010BD002010BD00BF380800202DE9F84316460D46FFF7DEFF28B10024012006B1A3
:205C80003460BDE8F88304462846FFF7D7FE0130F3D11448FFF7C4FE0028EED1124B1D68FB
:205CA000F5B1DFF84C90DFF83C80104F06E02046291D05F0B1FB04462D686DB1D8F8083061
:205CC000EB1A9B1007FB03F319F80330002BF3D1002CECD12C1DEFE7201E18BF0120CEE7F6
:205CE0002046CCE7F000002060070020ABAAAAAA500700202DE9F04182B060B32F4B0C467C
:205D0000002908BF1C46214601AA0546FFF7AEFF08B32046FFF792FE461C21D06A68EC6811
:205D200000FB0244002120460BF07EFEEB686A68E31A93FBF2F35A1C06D021492D68C85C20
:205D40000122AA400243CA54204602B0BDE8F081B8F1000F1DD10024204602B0BDE8F081AD
:205D6000184FDDF804803846FFF714FE06460028EED015483146FFF7DBFCBB682146301D33
:205D8000F41AFFF7C7FC14F10C0F12D16A680024C8E74046FFF752FE411CDCD0BB6800EBB1
:205DA000400013EB8006D6D000213046FFF76AFEDFE7064BA01003FB00F0AFE71420010004
:205DC00038080020F000002060070020ABAAAAAA18B319B3C3684268CB1A93FBF2F35A1CE9
:205DE0001CD070B40F4E0568F45C012202FA05F524EA0504F454C3684468CB1A93FBF4F3D0
:205E0000591C0DD0084C0068E15C02FA00F021EA0001E154104670BC704770470020704743
:205E20001046F8E7380800205007002098B199B1C2684368891A91FBF3F14B1C0CD010B4D4
:205E4000064A0368545C012000FA03F3234353545DF8044B70477047002070475007002059
:205E6000A0B1A1B1C2684368891A91FBF3F14B1C0DD010B4074C0268635C012000FA02F204
:205E800023EA020363545DF8044B704770470020704700BF5007002088B179B1C3684068E4
:205EA000C91A91FBF0F14B1C08D0054B986801EB410110EB810002D00430704700207047C5
:205EC000F000002070B50B4B1C685CB105460E46012D09D01DB963680BB1984718B9246867
:205EE000002CF5D1002070BDA3683046002BF6D09847F3E748080020064B074A012119608B
:205F0000D2F8503513F0FF03FAD1C2F8FC3F0120704700BF1010004000100040A1B1192893
:205F200010D8DFE800F00D770F0F6E65605B453F0F3A0F0F0F36322E2A0F26221E1A17131F
:205F40000020704701207047022070477D230B600020704700200860704710230B600020DA
:205F600070470A230B600020704720230B600020704703230B600020704708230B60002058
:205F80007047D8230B60002070471A230B60002070470B230B6000207047244B1B780B60B1
:205FA00000207047224B93F900300B6000207047204B214A012082B018601368002BFCD08C
:205FC0000020106012681D4B0192019AD3F8483503F07F035B420B6002B07047184B5B79BC
:205FE0000B6000207047164B5B780B6000207047134BDB7800200860002BA1D001230B6085
:2060000070470F4B1B7800200860002B98D004230B607047094B0B4AD3F80835A2FB032304
:206020009B080A33DBB20B60002070479820002099200020141000401C11004000100040DF
:206040000C010020CDCCCCCC0120704770B582B0FFF7E4F9BFF35F8F1C4B1B78ABB11C4B83
:206060001C4902224FF0FF34C1F80843C3F88021C3F88020BFF34F8FBFF36F8FBFF35F8F8A
:2060800002B0BDE87040FFF7CDB9134903F0FF020A600968114B019101991A601A680D4978
:2060A0000B4B00924FF0FF3502224FF44054009EC1F80853C3F88021C1F804431A60BFF350
:2060C0005F8F02B0BDE87040FFF7ACB90C01002000E100E00010004030110040341100402C
:2060E000144BD3F8FC0F28B1D3F85035DBB2032B01D000207047104B1B7803F0FF0073B1DB
:206100000E4B1B78053B7A2BF3D80D4B1B68002BEFD10C4B1868B0FA80F040097047074ADB
:206120001378053B7A2BE5D892F8800080F00100704700BF001000400C0100204C08002050
:2061400030110040341100400D2801D001207047042A05D121B1034B1B680B600020704772
:2061600002207047D008002070B51B4CD4F85055EDB2032D82B028D0184B1948194AC4F875
:2061800004051949C3F8102501264FF00062C3F81415C3F80465C3F80425FFF757FFD4F8D8
:2061A000003243F01003C4F80032D4F80032022D43F40023C4F8003209D00C4B0C4A00215D
:2061C00019601B680193019B166002B070BD094B1E6002B070BD00BF0010004000F001404D
:2061E0004C080020381100404C80004058110040041000400810004070B5304D304C314AA8
:2062000000232B6084B02D680095009D236024680194019C1360146802942B4D029C42F8BF
:20622000043C2C7852F8043C0393631F7A2B039A02D8023CA1420ADA8122002122480BF08E
:20624000F3FBFFF791FF0024204604B070BD2246691C0BF0C1FB2B191C4E5B781C4A3F2B6A
:206260009ABF9B00DBB2FF233370D2F84835194A03F07F035B425BB299B20420137003F02A
:206280008BF93178032003F087F9134B2A7813491A74D1F84C055860D1F84815996052000E
:2062A000DA605D68084881220021023D1D600BF0BBFBFFF759FF204604B070BD3811004040
:2062C0000C110040341100404C080020982000200010004099200020D008002000800040AF
:2062E00010B5038804461BB340F2D332934224D1822901D0012010BD124A1378053B7A2BFF
:2063000016D8114B1B6813B992F8803083B10AF08DFA03F0D3F803F089F88021FFF76CFFC1
:20632000002805DD80B203F07BF8084BDB68984740F2D3332380012010BD002303800320B4
:2063400010BD00BF4C08002030110040D01F01007D2910B50C4609D801460A48A31C00F8DE
:20636000013B22460BF038FB002010BD064A0749074803F081F921467D22064803F07CF946
:20638000012010BDE40800203820010048200100F41E01004C20010070B4164B1649174C7A
:2063A0000F22C3F810258A780A3A02EB8202C3F808250879CD798A794979120642EA052226
:2063C000024342EA0142C3F86C2640F2022600250B48C3F834657F2140F20122C3F8384569
:2063E000C3F83C55C3F81405C3F81815C3F8502670BC7047001000400C01002021100100D2
:206400000800000608B5084BD3F8FC2F1AB1FFF7ABFE012008BD0122C3F8FC2FFFF7BCFF5E
:20642000FFF7A2FE012008BD0010004030B585B0FFF7E8FF104A11491148124C0023136098
:2064400015680395039D0B600D680295029D03600368019301230198236001E00B6813B9AF
:206460001368002BFAD0044A044B10681B68B0FA80F0400905B030BD4811004044110040E1
:206480004C1100402C10004010B5072867D8DFE800F01A2A666648525A04364A3648C9B278
:2064A0005171D0F8FC3F5BB11179D479937952791B0643EA04230B4343EA0243C0F86C36CE
:2064C0000024204610BD01294FD000294AD12B4A294B01211160D3F8504514F0FF04FAD12A
:2064E000C3F8FC4FEDE7A1F10B030F2B3AD8214A214BC8B29070D3F8FC2F002AE0D01F4A4C
:2065000001201060D3F8504514F0FF04FAD10A3901EB8101C3F8FC4FC3F80815FFF772FFC2
:20652000CFE731F007041DD1124BC1F380011970FFF78CFDC5E731F0010413D10D4BC9B268
:20654000D970204610BD0B4A0B4BC9B25170D3F8FC2F002AB4D0C3F80C150024B1E7012477
:20656000204610BD0224204610BDFFF74BFF0024A7E700BF0C010020001000401010004001
:2065800010B57D2884B04BD82C4CFFF73BFFE378002B3FD163782A4A2A49DBB20120C2F8D2
:2065A0000C350860D2F85035DBB2022BFAD12649264BC2F8043500230B6008680190019863
:2065C0000B66086E029002988B648B6C0393039BD2F8003223F01003C2F80032D2F8003284
:2065E000012143F48023C2F80032116005F00AFD6FF002031C1A05F005FDE042FBD4104A6A
:20660000D2F85035DBB20B2BFAD0FFF7ADFD002004B010BDFFF70AFF0028BBD10220F7E7AA
:206620000B4A0C4904460C4803F026F821460B4803F022F8012004B010BD00BF0C010020AC
:20664000001000400C1000400C110040E40800203820010048200100F41E010068200100C7
:2066600010B50C46FFF774FE2046BDE81040FFF787BF00BF10B51A491A481B4A1B4C0023CC
:206680000B6003704B6023708B6082B0CB600B741360136800934FF0804301210098196061
:2066A0001368002BFCD0002414601368019321460F48019B03F086F8214681220D480BF09C
:2066C000B3F90D4B0122C3F8FC2FFFF765FE0B4A1378DBB21370FFF7B9FC204602B010BDD4
:2066E000D0080020982000200001004099200020FC0000204C080020001000400C010020A3
:20670000074A1378053B7A2B07D8064B1B6813B992F880007047012070470020704700BF0A
:206720004C08002030110040154B1B7803B1704700B503F0FF02134B196883B029B9124B0C
:206740001A6882B903B05DF804FB1A601B6800930E480F4B009A012283F8802003B05DF855
:2067600004EB03F0E5B819601B68019381220848019B0BF059F903B05DF804EBFFF7F4BC91
:206780000C0100203011004034110040FC0000204C08002010B40346002253E8000F00EAD3
:2067A000020143E8001494F0000FF6D15DF8044B704700BF10B568B90E4CA36801226270E3
:2067C0003BB1D3E900230020A2609847A368002BF7D110BD0128FCD1064C2369A070002B13
:2067E000F7D0D3E900230120226198472369002BF7D110BD6409002010B50B4C237882B0AE
:2068000013B1852002B010BD08486360A3602361E36000F0B5F8019000F0BEF80198012322
:20682000237002B010BD00BF64090020B567000038B5154DAB78044673B110B14368012071
:2068400098470020FDF702FBEB680133EB600020BDE83840FDF702BB03F0FF00FDF7F6FAB2
:2068600064B12A6942B1944208D0134601E09C4204D01B68002BFAD122602C61EB68002BDD
:20688000E2D100F09FF8DFE76409002038B5154D6B78044673B110B1436800209847002040
:2068A000FDF7D4FA6B6801336B600020BDE83840FDF7D4BA03F0FF00FDF7C8FA64B1AA68B6
:2068C00042B1944208D0134601E09C4204D01B68002BFAD12260AC606B68002BE2D100F083
:2068E00089F8DFE76409002038B50B4C0020FDF7ADFA6368013B6360656825B1BDE838403B
:206900000020FDF7ABBA00F087F865700020BDE83840FDF7A3BA00BF6409002010B5074CC8
:2069200023784BB9064B002808BF184600F044FB08B90123237010BD852010BD9A2000205A
:20694000D420010000B583B0019000F069FB00F06FFB019800F056FB00F05AFB002003B029
:206960005DF804FB10B4034653E8000F00EA010243E8002494F0000FF6D15DF8044B70477B
:20698000044A137923B9012110609180184670478520704778090020084B1A68D20704D406
:2069A000C02283F8002301221A60054A4FF080410123C1F818351370704700BF00E100E087
:2069C0000B2B002010B4094B094A0021196083B01B680193019C4FF0804102200123C1F876
:2069E0000403136003B05DF8044B70470401004008000040074B00221A6082B01B6801934B
:206A000001994FF080430122C3F804231A6002B0704700BF00010040074B01221A604FF0C4
:206A20008042D2F80C3403F00113B3F1011FF8D0024B00225A717047040000407809002021
:206A400010B5174B1A6882B062B10021154A19601B68507900934FF080410123009CC1F8F7
:206A6000083398B1104B1A68BAB100221A601B6801934FF0804202210A4B0198C2F80813B0
:206A80001B68012002B0BDE810401847116853718847054B1A68002AE7D102B010BD00BF4E
:206AA00000010040780900200401004030B41F4C94F86A3082B0002B33D104F12F0320464C
:206AC00004F15F01FF2203F8012F8B42FBD14FF0FF3222600123072B88BFE11803F10103FC
:206AE00040F8042F88BF81F858200C2BF3D11049104B0020C0228880606683F8062340226E
:206B00001A600D4B0D4A18601B680193019D01214FF0004384F86A10C2F8043302B030BCF6
:206B20007047082002B030BC704700BF80090020E409002000E100E07C610040006000402E
:206B4000034B93F86A00003818BF0120704700BF80090020F0B4454F3B1893F93030002B01
:206B60005DDA91F802C0CCF3400CBCF1000F0CBF0823002307EB8304A4F104040CBF0C26A0
:206B8000082602E001339E424CD954F8045F0135F8D13C1847F8232084F83030BCF1000F90
:206BA0004FD08A7854071AD4D5074ED41F284C7887BF2F4D00F01F0202464FF0A04502F52C
:206BC000E072A40045F822402A4DC40800F0070C2E5D012202FA0CF232432A558A7812F03A
:206BE000020222D09B0003F1804303F5C0430978D3F8104524F44F3424F44074C3F810453A
:206C000002020904D3F8100501F4403102F47C520A430243C3F810250020F0BC704708202C
:206C2000F0BC70470420F0BC7047083B1F44097897F8603043EA811387F860301046F0BC52
:206C40007047FA1882F85800ABE71F2887BF084A00F01F0404464FF0A04202EB8402D2F86D
:206C6000004724F00204C2F80047ADE78009002000030050E409002070B4324C251883B003
:206C800095F93030072B22DD234493F858309B09032B46D0012B0CBF4FF400324FF4403252
:206CA0001F288ABF284B4FF0A04300F01F0003EB8000D0F8003723F44033C0F80037D0F8F2
:206CC00000371A43C0F8002703B070BC7047DAB2072AF9D8980000F1804000F5C04003F1EB
:206CE00040029200D0F8106592B202F1804202F5C04246F00106C0F810650020106012681D
:206D00000192019A0029DFD095F9302054F82220002AD9D00D49012202FA03F3C1F80433D3
:206D2000D2E71F288ABF084A4FF0A04200F01F03D2F8102598BF0346DA4002F001020232A3
:206D40001204ADE7800900200003005000600040194B034493F93030072B13DD1F288ABFA4
:206D6000164B4FF0A04300F01F0003EB8000D0F8003723F44033C0F80037D0F80037C0F8E4
:206D800000377047DAB2072A14D810B49A0002F1804202F5C0420A4CD2F81005012120F0E9
:206DA000010001FA03F3C2F81005C4F808335DF8044B7047704700BF80090020000300504E
:206DC000006000402DE9F04F002289B0CDE9022216461546704B714C7148012204E0043363
:206DE00083424FEA420211D019680129F7D1D4F804131142F3D01D60196800910433834279
:206E000046EA020600994FEA4202EDD1654B1A68012A07D016F0FF0F17D1002E32DB09B042
:206E2000BDE8F08F00221A601B6801934FF0A042019BD2F810255C4B0292D3F810350393DE
:206E400016F0FF0F1ED046F00046584F01250024A30003F180432E4203F5C0434FEA45057B
:206E60000BD0D3F8100557F82420D3F81015C0F30520C1F3014102B190470134082CE7D15B
:206E8000002ECCDA4FF0FF33494D0DF1100ACDE906330022CAF804200492A5F16408454CDF
:206EA0000027012614F9010B431C32D0C0F3C20E08AB03EB0E0C00F007031CF8081C06FA9A
:206EC00003F31942C2B200F03F0022D008EB0009910999F9309058F82990B9F1000F4CD006
:206EE00003294CD01F288BBFDFF8BCE04FF0A04E02F01F0202460EEB82021CF818ECD2F85F
:206F000000C71EEA030FCCF3014C1BD1BCF1030F3CD0A542C6D1002F81D04FF0A043029912
:206F2000D3F81035204A9942D2F8102503D1039991423FF474AFDDE90401CDE90232CDE9F9
:206F40000601ACE7BCF1020FE3D1032904D0B9F1000FDED0C847DCE74FF4403CD2F800372C
:206F600023F44033C2F80037D2F8003701374CEA0303FFB2C2F80037E9E70329C9D11AF8D7
:206F80000EB04BEA030B0AF80EB0ABE70329DED14FF4003CE2E700BF00610040006000407B
:206FA000206100407C6100400003005080090020E4090020E0090020104A1378DBB910B4A4
:206FC00003780F494FF08044C3F34003C4F88035037803F00103C4F878350B68DB0704D469
:206FE000C02381F8003301230B600123137000205DF8044B70478520704700BF0C2B0020DF
:2070000000E100E0014B02681A607047F40900204FF080434FF46072C3F80423704700BF3C
:207020004FF080434FF46072C3F80823704700BF014B00221A607047F409002010B54FF01D
:20704000804386B0D3F80443620705D5D3F8082103F58473002A4ED1A30603D52A4B1A683E
:20706000002A3FD1600603D5284B1A68002A2FD1210602D5264B1A680ABBE20502D5254B95
:207080001A6892B9A3050ED5234B1A685AB100221A601A68214B0592059A1B68022006B082
:2070A000BDE81040184706B010BD00221A601B4A1B68049301201368049A9847E2E70020DC
:2070C0001860164A1B6803931368039A9847D4E700221A60124A1B68029301201368029AC5
:2070E0009847C5E7002018600D4A1B6801931368019A9847B6E700221A600A4A1B68009367
:207100001368009A9847A7E714010040180100401C0100402001004024010040F4090020FF
:20712000F0090020EC09002008B5FFF787FFBDE80840FFF785BC00BF074B0849084A0020F0
:20714000186082B01B680193019BD1F808051368C0B202B0184700BF00D1004000D000401E
:20716000F809002070B443791E4C1F4E03EB430546F82320655D8DBB90F904308A78002B8C
:2071800024DB03F1604303F561435201D2B283F8002390F90430002B07DB144D03F01F0605
:2071A00001225B09B24045F8232003680A88C3F8082543790879C97803EB4303E21801251F
:2071C00050709170E554002070BC7047084D03F00F0352011D44D2B22A76DAE7082070BC6B
:2071E000704700BFFC090020000A002000E100E0FCEC00E00368044A01211960437903EB43
:2072000043030221D1547047FC09002010B403680022C3F8002183B0D3F8003102680193AA
:207220000123019CC2F8443311B10268C2F8043303B05DF8044B70472DE9F041274F284EFE
:20724000DFF8A08084B000244FF48035D7F804332B4211D056F824200023E0B262B1C7F87A
:207260004853C7F8085346F8243056F824300393D8F80030039A98470134032C4FEA45052C
:20728000E4D1164BD3F80423D10702D5D3F80021C2B9124BD3F80423920710D5D3F8042113
:2072A0006AB10022C3F80421D3F804210D4B0192019A1B68052004B0BDE8F041184704B0F6
:2072C000BDE8F0810022C3F80021064AD3F80031029304201368029A9847DAE700B00040EE
:2072E00040B10040000A0020084B09491B68094AA1FB03139B0C916800FB03F09368CB1A98
:2073000023F07F438342F9D3704700BFD801002083DE1B4310E000E030B44C689C4208D2B9
:20732000002545600968016093420CD0002030BC704743600D6805600868E41A1844934221
:20734000C1E90004F2D1201E18BF012030BC704710B4D1E900439A4228BF1A46C0E9004214
:20736000D1E90030801A1344C1E90030003818BF01205DF8044B70474B689A4228BF1A46F7
:2073800062B10B68C0E90032D1E90030801A1344C1E90030101E18BF012070471346F1E7C9
:2073A00010B5094B09491A68094C82B0002301208DF804008DF80730ADF8053001A82370BA
:2073C0000B70904702B010BD2C0B00209E2000209B200020704700BF00B583B00D4B0E49BF
:2073E00000228DF80420D3F82025ADF80620D3F8C0040A4A0968136800280CBF4FF48070F2
:207400004FF00120034301A81360884703B05DF804FB00BF007002402C0B0020080A0020DA
:20742000F8B54B680B4F934228BF13461D460C4606461A46096838460AF0CEFAC6E9007547
:20744000D4E90030401B2B44C4E90030003818BF0120F8BD340B002070B54B68934228BFC0
:2074600013460D461C4606465BB933607460D5E90032121B2344C5E90032201E18BF01209D
:2074800070BD044B0968184622460AF0A5FA3060ECE700BF340B002010B5274BD3F80044D9
:2074A000C3F8004482B0BFF36F8FBFF34F8FBFF36F8FBFF34F8FE1050ED5204B20491A68FC
:2074C000022000238DF80730ADF805308DF80400012301A80B709047A2050DD5174B1849DD
:2074E0001A68032000238DF804008DF80730ADF8053001A80B70904763051AD5104B1A7866
:20750000BAB10D4C0F48012100221A70C4F808150160BFF36F8FBFF34F8F084BADF80520EB
:2075200004211B688DF807208DF804100DEB0100984702B010BD00BF007002402C0B00203F
:207540009B2000205870024070B5394A0126136806FA01F423431360030682B0054610D4C4
:20756000344B1B681C420AD1334B8DF8060006221B688DF807608DF8042001A8984702B04D
:2075800070BD2E4B00F00F0133F8113003F1804303F51C331A68DAB100221A60BFF36F8F82
:2075A000BFF34F8F264B80281B6822D0082B08BF244B254808BF1A60244B03EB0112002600
:2075C000927B0670032A4FEA011029D01B583BB3184B19682140D2D1174B8DF8065006220A
:2075E0001B688DF807108DF8042001A8984702B070BD082B08BF134B134908BF1A60144B08
:2076000093F89E200020032A087003D0D3F89030002BDDD16FF001010648FFF7A3F9D7E726
:20762000012303FA01F1C9430248FFF79BF9CFE7080A0020040A00202C0B0020E4200100E5
:20764000300100101C7C02409C2000209C0A00200C0A0020064B93F900201878002AB4BF0D
:207660000021102100F00F031944FFF76DBF00BF9E2000202DE9F04FDFF8F4A2DFF8F88287
:20768000DAF80040D8F80030234089B000F0C68013F0012400F0C58094FAA4F4002C00F067
:2076A000C580B4FA84F70F2F3D461BD8DFF8CCA24FEA071B0AEB07165AF80B30B289716855
:2076C00006A8984767F07F09012302974FFA89F903FA07F708B94AF80B006FEA070B05F04D
:2076E00008072CE0A7F11003974A4FF0010BDDB20BFA07FB4FFA83F913F008032C4602EBD0
:2077000005166FEA0B0B019340F0988003950022019205F594738D4A52F82330B28971682D
:207720003768029306A8B847069A22B1079A029B934200F2DB80019F029400B93060844B47
:207740001B68082B02D1834B82221A60D8F80020B368079902EA0B020B44C8F800207E4A19
:20776000B360B9F1000F4FF001031370069A73DB002F00F08580754BC3F8A027C3F8A417AD
:20778000734B1B68082B4FEA850540F08A80734B1B68002B40F08580B9F1000FB4BF042384
:2077A00028231D446E4A6F49029B6F4EDFF8D081EDB2B4BF9146894605F1804509EB430978
:2077C00005F51C35002701243760BFF36F8FBFF34F8F2C60BFF36F8FBFF34F8F0220FFF757
:2077E00083FD3368002BEFD01E20FFF77DFDD8F800309A0606D40220FFF776FDD8F80030D1
:207800009B06F8D50120FFF76FFDB9F8003003F1804303F51C331B68002BD4D009B0BDE8E8
:20782000F08F93FAA3F4002C7FF43BAF1023464E039399464FF0FF3B254668E7434BD3F854
:20784000C034D9037DD5B28971683468019F029506A80023A04770E7002F61D105EB850337
:207860009B0003F1804303F51C33AD00C3F80026C3F80416364B1B68082B5CD0042311E091
:2078800005EB85039B0003F1804303F51C33AD00C3F80027C3F804172D4B1B68082B3FF411
:2078A00076AF28232B44DBB203F1804303F51C3301221A60BFF36F8FBFF34F8F284B294A9B
:2078C0002A4913EA290938BF9146029B39F8132002F1804202F51C3202E00B68002B9DD14F
:2078E0001368002BF9D009B0BDE8F08F02245946B4731F48FFF736F81E4B03991B688DF8B8
:20790000174006228DF816108DF8142005A89847DAF80030D8F8004023407FF4B9AE7DE745
:207920000A4BC3F8A026C3F8A416094B1B68082B4FEA8505A2D1094B1B68002B3FF42CAFAC
:207940009CE70395EAE600BF0C0A002000700240300100101C7C02409C2000203401001059
:20796000E4200100042101000471024000710240040A00202C0B0020080A00209C0A0020F5
:207980007474024038B5214BD3F86C44C3F86C44BFF36F8FBFF34F8F1D4B1B68082B28D028
:2079A0009CB1012594FAA4F3B3FA83F21146D3B10F2AA2F1100005FA02F30DDDC0B224EAF8
:2079C0000304FFF7C1FD002CECD1124B1B787BB9BDE83840FFF74EBE05FA02F224EA0204B9
:2079E00041F08000EDE720211020FFF7ADFDD9E738BD094B1B68002BD2D1084A136803F0D7
:207A0000011123F0011311601C43C9E700700240300100109C20002034010010300B00203E
:207A200010B5184B1B68082B82B002D1164B00221A60164B164C93F87E200021032A21709B
:207A400005D01B6F6BB1FFF715FE02B010BD11486FF40001FEF786FF2378002BF3D002B0B1
:207A600010BD6FF400010B48FEF77CFF0A4B062107221B688DF80410ADF8062001A89847FE
:207A8000EAE700BF300100101C7C02400C0A00209C200020040A00202C0B0020134B1B68C3
:207AA000082B02D1124B00221A60124B124993F88E200020032A087002D0D3F8803003B110
:207AC000704700B56FF0807183B00C48FEF74AFF0B4B062108221B688DF80410ADF8062097
:207AE00001A8984703B05DF804FB00BF300100101C7C02400C0A00209C200020040A0020DD
:207B00002C0B002000B5184B1B68082B83B002D1164B00221A60164B164993F81E21002093
:207B2000032A087005D0D3F8103153B103B05DF804FB6FF480711048FEF714FF03B05DF8F8
:207B400004FB6FF480710C48FEF70CFF0B4B062188221B688DF80410ADF8062001A89847E8
:207B600003B05DF804FB00BF300100101C7C02400C0A00209C200020040A00202C0B00208D
:207B80000B4B1B68082B02D10A4B00221A600A4B0A4993F89E200020032A087003D0D3F8C1
:207BA000903003B1704706486FF00101FEF7DABE300100101C7C02400C0A00209C20002031
:207BC000040A00200B4B1B68082B02D10A4B00221A600A4B0A4993F80E210020032A087080
:207BE00003D0D3F8003103B1704706486FF08001FEF7B8BE300100101C7C02400C0A002061
:207C00009C200020040A00200B4B1B68082B02D10A4B00221A600A4B0A4993F8EE20002029
:207C2000032A087003D0D3F8E03003B1704706486FF02001FEF796BE300100101C7C024054
:207C40000C0A00209C200020040A00200B4B1B68082B02D10A4B00221A600A4B0A4993F8E1
:207C6000FE200020032A087003D0D3F8F03003B1704706486FF04001FEF774BE30010010A2
:207C80001C7C02400C0A00209C200020040A00200B4B1B68082B02D10A4B00221A600A4BA5
:207CA0000A4993F8AE200020032A087003D0D3F8A03003B1704706486FF00201FEF752BEC5
:207CC000300100101C7C02400C0A00209C200020040A00200B4B1B68082B02D10A4B0022F3
:207CE0001A600A4B0A4993F8BE200020032A087003D0D3F8B03003B1704706486FF0040199
:207D0000FEF730BE300100101C7C02400C0A00209C200020040A00200B4B1B68082B02D146
:207D20000A4B00221A600A4B0A4993F8CE200020032A087003D0D3F8C03003B17047064825
:207D40006FF00801FEF70EBE300100101C7C02400C0A00209C200020040A00200B4B1B68C6
:207D6000082B02D10A4B00221A600A4B0A4993F8DE200020032A087003D0D3F8D03003B1C4
:207D8000704706486FF01001FEF7ECBD300100101C7C02400C0A00209C200020040A002075
:207DA00010B5184B1B68082B82B002D1164B00221A60164B164C93F82E200021032A217068
:207DC00005D01B6A6BB1FFF755FC02B010BD11486FF48021FEF7C6FD2378002BF3D002B017
:207DE00010BD6FF480210B48FEF7BCFD0A4B062102221B688DF80410ADF8062001A89847A2
:207E0000EAE700BF300100101C7C02400C0A00209C200020040A00202C0B002010B5184BF8
:207E20001B68082B82B002D1164B00221A60164B164C93F83E200021032A217005D01B6BA4
:207E40006BB1FFF717FC02B010BD11486FF40021FEF788FD2378002BF3D002B010BD6FF4BC
:207E600000210B48FEF77EFD0A4B062103221B688DF80410ADF8062001A89847EAE700BF7E
:207E8000300100101C7C02400C0A00209C200020040A00202C0B002010B5174B1B68082B53
:207EA00082B002D1154B00221A60154B154C9A7F0021032A217005D01B696BB1FFF7DAFBC8
:207EC00002B010BD10486FF40031FEF74BFD2378002BF3D002B010BD6FF400310A48FEF717
:207EE00041FD0A4B062101221B688DF80410ADF8062001A89847EAE7300100101C7C02404A
:207F00000C0A00209C200020040A00202C0B002010B5184B1B68082B82B002D1164B002264
:207F20001A60164B164C93F84E200021032A217005D01B6C6BB1FFF79DFB02B010BD11484E
:207F40006FF48011FEF70EFD2378002BF3D002B010BD6FF480110B48FEF704FD0A4B04226D
:207F600006211B688DF80410ADF806200DEB02009847E9E7300100101C7C02400C0A0020F9
:207F80009C200020040A00202C0B002010B5184B1B68082B82B002D1164B00221A60164B3F
:207FA000164C93F85E200021032A217005D01B6D6BB1FFF75FFB02B010BD11486FF4001162
:207FC000FEF7D0FC2378002BF3D002B010BD6FF400110B48FEF7C6FC0A4B062105221B6834
:207FE0008DF80410ADF8062001A89847EAE700BF300100101C7C02400C0A00209C200020D8
:20800000040A00202C0B002010B5174B1B68082B82B002D1154B00221A60154B154C93F8B1
:208020006E200021032A217005D01B6E6BB1FFF721FB02B010BD10486FF48001FEF792FC09
:208040002378002BF3D002B010BD6FF480010A48FEF788FC094A062312688DF80430ADF815
:20806000063001A89047EBE7300100101C7C02400C0A00209C200020040A00202C0B0020C6
:208080001D490B78002B34D130B41C4C1C4A206001240C701046194640251C4607E011F090
:2080A000080F00F1100014BF4FF4007540250131C9B20929A0F89C5080F89E40C0F8904077
:2080C000C0F89840EBD14020002107E013F0080F02F1100214BF4FF4007040200133DBB226
:2080E000092B9081917311609160EFD1002030BC70470820704700BF9D2000202C0B002080
:208100000C0A00200249034A00230B60137070472C0B00209D20002038B5604B4FF4006258
:20812000C3F80024BFF36F8FBFF34F8F5C4B1B68082B62D00D2B11D10020FBF787FE594B3C
:208140001A68002A00F08780574B03221A600020FBF784FE524B1B68082B52D04F4A012375
:20816000C2F80035BFF36F8FBFF34F8FD2F800341B05FBD54FF40063C2F80034BFF36F8F9E
:20818000BFF34F8F464B1B68082B48D0434A474D474843498024C2F81C45002340F2FF148D
:2081A000C2F830352B6004600A68424D424C4349082A08BF424A4FF0020008BF1360002373
:2081C000374A2B70237008701368082B10D00D2B12D10020FBF73AFE324B1A68002A42D04A
:2081E000314B00221A60BDE838400020FBF736BE344B1B68002BECD138BD324B1B68002B3A
:208200009AD10020FBF722FE264B1A68002A3CD02D4BC0221A600020FBF720FE9EE70020EF
:20822000FBF714FE1F4B1A6842B3274B00221A600020FBF713FE1A4B1B68082BA6D123492A
:20824000234B40F2E370402208601A60BFF36F8FBFF34F8F9AE7144949F2753203201A604A
:2082600008601A6073E7104849F27531196002601960BDE838400020FBF7F0BD124849F2C4
:208280007531196002601960D2E70F4949F27532C0201A6008601A60BDE700BF00700240A0
:2082A0003001001000EC064014ED0640040A0020080A00209C2000209E2000209D2000200D
:2082C0001C7C02403401001014EC06400078024004780240114B00221A7028B9104B1B68FA
:2082E000082B13D00F4900E00F49104B104AC3F80413C02182F82713802151600122C3F88C
:208300000425BFF36F8FBFF34F8F7047094B06491A68044B002A18BF1946E6E79B200020C1
:20832000300100100714C0010714E0010070024000E100E034010010024B1878003818BF80
:20834000012070479D200020034B1878012894BF00200120704700BF9D20002010B5002095
:20836000FBF774FD144B1B7803F0FF0453B1134AD2F82C355BB1124B1B680021082BC2F82C
:208380002C150AD00020FBF769FD204610BD1C460020FBF763FD204610BD0A4B1A683AB946
:2083A000094949F27532C0201A6008601A60E9E7054BC0221A60E5E79B2000200070024078
:2083C0003001001000EC064014EC0640024B034AC3F80823704700BF0070024004148001A3
:2083E000024B034AC3F80423704700BF0070024004148001014B00221A7070479B200020B6
:20840000064B10F0800FA3F1900200F00F0008BF134603EB00139889704700BF9C0A0020D9
:20842000064A010600F00F034CBFD2F81005D2F81405D84000F00100704700BF00700240E5
:208440002DE9F0414FFA80F8B8F1000F00F00F0504464FF00000B4BF074610270E46FBF792
:20846000F5FC55B9324B1B78A34206D010240020FBF7F4FC2046BDE8F0812E4BDFF8DCC094
:208480001C68DCF80030E4432F440122A4B202FA07F71C433C4025D1B8F1000F29DB264A4A
:2084A0002649DFF8BC80280105EB450E42F8008001EB8E0E02EB051896E80700204D1F432E
:2084C000802600238EE80700C8E901E3CCF8007088F80E300020C5F80461FBF7BFFC20467A
:2084E000BDE8F08111240020FBF7B8FC2046BDE8F08132681349144802F0604205EB450EC6
:20850000B2F1005F01EB051800EB8E0E4FEA051506D0B268D20754BF0C4A0D4A4A51CBE7A0
:20852000B268D00754BF0B4A0B4A4A51C4E700BF9E200020080A00200C0A00205C210020A5
:2085400000E100E09C0A0020F020002021740000597400005173000079730000040A002024
:20856000197300002DE9F04147B2002F00F00F0504464FF00000B4BF80464FF010080E468F
:20858000FBF764FC55B91F4B1B78A34206D010240020FBF763FC2046BDE8F0811A4B1B49D9
:2085A0001C680A68E443A8440123A4B203FA08F314431C401FD11648DFF858E0A0F1900C03
:2085C00010EA270738BF674607EB051C2D01CCF808403068785113430B607268CCF804209E
:2085E00080238CF80E400020CEF80431FBF736FC2046BDE8F08111240020FBF72FFC204673
:20860000BDE8F0819E200020080A0020040A00209C0A002000E100E000487047340B002021
:20862000044B40F48070C3F81805BFF36F8FBFF34F8F704700700240010718D4020600F05A
:208640000F0309D40B4A9B001A445068A0F10100B0FA80F040097047074A03F5847352F8EF
:208660002300A0F10100B0FA80F0400970470020704700BF4074024000700240064BC3F8E1
:208680000C05BFF34F8F40F48070C3F80C05BFF36F8FBFF34F8F7047007002400F4B002224
:2086A00002604260D3F880240270D3F884244270D3F88824D3F88C1442EA01224280D3F8F2
:2086C0009024D3F8941442EA01228280D3F89824D3F89C3442EA0323C38070470070024002
:2086E000104B1B68082B07D00F4B01221A60BFF36F8FBFF34F8F70470C4B1B68002BF3D1DB
:20870000EFF3108172B6084B01221A60BFF36F8FBFF34F8F1A60BFF36F8FBFF34F8F81F360
:2087200010887047300100104C7002403401001010B5164B1B68082B82B002D1144B002204
:208740001A60144B14499A7B0020032A087015D01C681CB1FFF7C4FF02B010BD6FF4803187
:208760000E48FEF7FFF80E4BADF8064006221B688DF8042001A8984702B010BD6FF4803104
:208780000648FEF7EFF802B010BD00BF300100101C7C02400C0A00209C200020040A002016
:2087A0002C0B0020034B01221A60BFF36F8FBFF34F8F704750700240034B01221A60BFF3E1
:2087C0006F8FBFF34F8F704754700240014B1878704700BF9E20002070B5264B1B68082BD2
:2087E000044622D00020FBF731FB14F0800F224814BF0022102204F00F050368A918012284
:208800008A4023EA020314F00804036008D11B4B05F5947543F82540BFF36F8FBFF34F8FE7
:20882000BDE870400020FBF719BB154B1D68002DD8D12846FBF70AFB14F0800F0E48114E95
:20884000114904F00F0414BF002210222244012303FA02F2036823EA0203036040F2C573CB
:2088600003EB440434600D6028460B68BDE87040FBF7F4BA30010010080A002000700240C6
:208880003401001000780240047802402DE9F04F5C4C5D4EDFF87C81236896F90010D8F8A5
:2088A00000205A4896F80090D0F88054DB439BB2002983B043EA020324DB09F00F0A0AF137
:2088C0001002012797403B4248D1514F0DF1040805F080056FF001114E483570FEF742F8F2
:2088E000236839680022052543F0010340468DF80720ADF805208DF804502360884703B0EF
:20890000BDE8F08F09F00F074FF0010A0AFA07FA13EA0A0FD9D00020FBF798FA19F0080F52
:2089200010D1B9F1800F5ED03B493C4A07F2DA335B000B6013681168DBB243F002030B4312
:20894000136013682368D8F8002062EA030111EA0A0F24D12E4F0DF104081CE00020FBF7C0
:2089600075FAD8F800302E4937EA030001EB0A1B4FEA0A1A33D1226841F80A0023EA070397
:2089800022EA0707C8F8003027600323204F8BF80E300DF104080020FBF760FA98E7214991
:2089A0008DF806904FEA071C01EB071022EA0A02174FC8F800204FF0000E41F80CE0032248
:2089C00006210DF1040843EA0A0382738DF807208DF804103A68236040469047DBE7484620
:2089E000FFF7FAFED1E70C4B0C4A40F2B471196013681168DBB243F004030B43136013685D
:208A0000A0E700BF080A00209E200020007002402C0B0020040A0020007802400478024051
:208A20000C0A00209C0A00202DE9F0417C4BD3F80453002D00F0E0800024DFF804E2A446C2
:208A400029460127774A91FAA1F3B3FA83F08600324483B3166807FA00F321EA030136B1E5
:208A6000C2F800C0BFF36F8FBFF34F8F1C430029E8D16D4B1B68082B29D06C4F04F40005DC
:208A800034F4000410D0DFF8BC81012694FAA4F3B3FA83F206FA02F19BB124EA010458F8A6
:208AA00022309847002CF1D13B780BB9FEF7E2FD4DB9BDE8F081DEF80020002AC2D07246C6
:208AC000CEE79847E2E7BDE8F041FFF7DFBE584B564F1B68002BD1D13B78002B7ED1A00269
:208AE00040F18380534A544BDFF848E1DFF848C140F2A971116019684E4A11F0FF0118BF78
:208B00001B6840F2AA7018BF19404B4B10601A68494812F0FF021CBF1B681A40454B40F2C0
:208B2000AB761E60036813F0FF031CBF0068034040F2AC70CEF80000DCF8000001403F48F0
:208B40000AD0066840F2A9780E430660CEF80080CCF80010DCF80010DFF8D8C0364E40F2A0
:208B6000AD71CCF8001031680A4009D0016840F2AA7E41EA02410160CCF800E032603268E5
:208B80002C492D4A40F2AE760E60126813400ED0D90748BF44F400042649DA06264A40F266
:208BA000AB760E601360136848BF44F00104036833F001121CBF05F080710C4313F0011F24
:208BC0003FF45CAF6B0544BF026044F4806455E7174B1C68ECB9154F3B7833B104F40005A7
:208BE00034F400047FF44FAF62E704F4000534F400047FF448AF59E70B4B1B68082BE7D0F9
:208C00000A4B1B78002B7FF454AFBDE8F041FEF731BD064B1B78002B3FF448AF49E700BFEA
:208C20000070024000710240300100109C200020340100100078024004780240300B00209A
:208C4000807102401821010070B5044640B2002833DB254B254A04F00F05595D012303FA52
:208C600001F1C2F80413D2F81415E940C90723D4D2F81415AB400B43C2F81435BFF36F8F6F
:208C8000BFF34F8FC5B1002816DB14F0080613D13046FBF7DBF82046FFF79EFD14491035EB
:208CA0000B68012202FA05F523EA05030B603046BDE87040FBF7D2B870BD0E4B0B4A04F092
:208CC0000F05595D012303FA01F1C2F80413D2F81015E940CE07EFD4D2F81015AB400B430E
:208CE000C2F81035CAE700BFF820010000700240040A0020D8200100020610B5044609D41F
:208D0000030707D4094A00F00F039B001A445368012B07D0064BC3F81845BFF36F8FBFF397
:208D20004F8F10BDFFF758FDF4E700BF40740240007002402DE9F04F5C4D5D4E2B68326825
:208D40004FEA134A4FEA0A4A5AEA020A83B01BD0584FDFF870819AFAAAF4002C00F08180C4
:208D6000B4FA84FBBBF10F0F30DDABF11003DCB213F0080F4FF0010303FA0BFB2AEA0B0A29
:208D800008D0BAF1000FE6D140F2FF132B6003B0BDE8F08F07EB04190020FBF757F83368D9
:208DA0003BEA03006CD12A68C9F8000023EA0B0322EA0B0233602A60032389F80E300020A5
:208DC000FBF74CF8BAF1000FC5D1DDE71BF008004CD14BF08009FBF739F8B9F1800F0BF0FE
:208DE0000F0351D0344803F2DA3149000160D8F80010D8F80000C9B241F002010143C8F8B7
:208E00000010D8F80010D5F800C03068012460EA0C0E04FA03F11EEA010F1DD0274A8DF8C7
:208E2000069020EA01004FEA031E306002EB0313224800224CEA01014FF0030C40F80E202C
:208E400083F80EC01E4B8DF807C006221B688DF8042001A82960984704FA0BFB2AEA0B0A82
:208E6000ADE7B9464FF4803B102495E7012303FA0BFB2AEA0B0ABAF1000F7FF46CAF83E7AF
:208E80002046FFF7A9FC97E70B4940F2B4700860D8F80010D8F80000C9B241F0040101439C
:208EA000C8F80010D8F80010ADE700BF080A0020040A00200C0A0020007802409C0A002099
:208EC0002C0B00200478024008B5FFF733FF0A4B0022C3F80425BFF36F8FBFF34F8F074AAC
:208EE0008021C2F88410BFF34F8FBFF36F8F4FF0FF32C3F8082308BD0070024000E100E0B5
:208F0000044B8022C3F884215B681B0600D47047FFF7DABF00E100E008B5114B8022C3F8CB
:208F200084215B681B0618D40E4B0022D3F80413C3F80813C3F80025BFF36F8FBFF34F8F69
:208F4000094B0A491B68082B04BF094B1A60094B0020012208701A7008BDFFF7B5FFE3E751
:208F600000E100E000700240300100109C2000201C7C02409D20002010B50020FAF766FF6F
:208F8000104B1B782BB900240020FAF767FF204610BD03F0FF04FFF7CDFE0B4AD2F8003427
:208FA00013F40073EFD10121C2F82C15D2F80014890544BF1C46C2F82C350020FAF74EFF10
:208FC000204610BD9B20002000700240F0B5044683B00020FAF73AFF22061ED4364E374848
:208FE000326804F00F0101F110050123AB400F0100EB011533EA02014CD1314CC151216857
:2090000022EA030221EA0303326023600323AB730020FAF723FF03B0F0BD230704F00F0213
:209020000FD4802C3AD02748274902F2DA335B0003600B680868DBB243F0020303430B60A0
:209040000B681F4D1C4E29683068012360EA010793401F42DCD01D4F8DF806404FEA021CBA
:2090600020EA030007EB02123060194C002047F80C000B430620032191738DF807102268BB
:209080008DF8040001A82B6090470020FAF7E6FE03B0F0BD2046FFF79FFBB7E7094B0A49AC
:2090A00040F2B47018600B680868DBB243F0040303430B600B68C4E7040A00200C0A002005
:2090C000080A002000780240047802409C0A00202C0B00202DE9F04146B282B004460020EE
:2090E000FAF7B4FE002E3CDB4C484D49026804F00F0707F110050123AB4033EA020C3D4620
:209100004FEA071E01EB071876D1464C41F80EC0216822EA030221EA030302602360032350
:2091200088F80E300020FAF799FE3F490122D1F81435BA4023EA0203C1F81435BFF36F8F4E
:20914000BFF34F8F394B3A4A374912EA260238BF1A460123525D9340C1F8083302B0BDE88B
:20916000F08104F00F0C230765460FD4802C47D03049314A0CF2DA335B000B60136811683B
:20918000DBB243F002030B4313601368DFF894E02248DEF800200168012361EA020703FA45
:2091A0000CF31F4226D0254F8DF806404FEA0C1821EA0301224C016007EB0C1C002147F865
:2091C0000810062003211A438CF80E108DF807108DF804002168CEF8002001A8DC43884703
:2091E0000020FAF73BFE104AD2F810352340C2F81035A3E7DC43F3E72046FFF7EDFA8EE71F
:209200000C4B0D4A40F2B471196013681168DBB243F004030B4313601368B7E7040A00200D
:209220000C0A0020080A002000700240F8200100D820010000780240047802409C0A0020C4
:209240002C0B002010B5074C236882B03BB1064B1B6898470023236023680193019B02B030
:2092600010BD00BF00010140740B002070B5114B114A1D781160DDB9104E02780121197086
:20928000C6F80C25416804464FF47A720023C803490C08F017FAC6F80405237A084A5B015F
:2092A000DBB282F810334FF480331360284670BD082070BDA0200020740B0020000001404B
:2092C00000E100E0044B054901220220C3F804231A600870704700BF00000140A020002080
:2092E00010B504460020FAF7B1FD0E4A1378072B11D80D492370581C1070D1F808050122CC
:2093000002FA03F30343C1F8083500240020FAF7A5FD204610BD04240020FAF79FFD2046DA
:2093200010BD00BF9F20002000000140034B044A00F5C07043F82020704700BF000001408E
:209340003546526E2DE9F0410E4A0F4B16781F88F419802C03DD00242046BDE8F081DFF894
:20936000308032464146054608F036FB074B1B7833443A46A81958FA83F108F02DFB2046E1
:20938000BDE8F081A12000208220002084200020780B002070B4134B134D144A2C781B7836
:2093A0001288234452FA83F39BB21A18802A15DC013B1BB2002B0CDB0D4A591C1E1811445E
:2093C0003244013B11F8016D02F801691BB25E1CF7D120442870012070BC7047002070BCA5
:2093E000704700BF84200020A120002082200020780B0020084A138883420BDB10B4074941
:209400000C8880B21B1A20440880138001205DF8044B7047002070478220002084200020F9
:20942000014B1880704700BF82200020044A054B12781B780448134450FA83F0704700BF7F
:2094400084200020A1200020780B002000487047780B0020014B1888704700BF82200020FE
:209460000549064A064B127808781B88104453FA80F080B2704700BFA120002084200020F2
:209480008220002010B50A4B0A4C0B49002220461A605A609A60DA601A615A61FCF73AF9FA
:2094A00004F108000449BDE81040FCF733B900BFD8210020C82100201420010004480549DE
:2094C000054A002303800B801370FFF7DBBF00BF8420002082200020A120002070B5802905
:2094E00082B00B4A0B4D0C4E01900C464FF0000328BF8024137033802B80FFF7C3FF019950
:209500000648224608F068FA20462C8002B070BDA12000208220002084200020780B002040
:20952000F0B40C4B0C4A1C685D689F68DE68C6600460456087601C695D694561046154681C
:209540009068D36812680A604C608860F0BCCB60704700BFD8210020C821002070B40C4B76
:20956000026844688568C668DE601A605C609D60026944695C611A61064B0C6848688A6892
:20958000C968D9601C6058609A6070BC704700BFD8210020C8210020014B23F81010704731
:2095A000D8210020014B33F810007047D8210020024B0C3803EBC000FCF7ACB8C82100209C
:2095C000024B0C3803EBC000704700BFC821002001490248FCF7A4B814200100D0210020A4
:2095E00008B5FBF713FFBDE80840FBF759BF00BF08B5FAF733FD002000F028FA05F0A8F94E
:2096000002F0F8FD07F05EF802F0F4FD06F0C4FF4FF08052064BD2F8A800D2F8A4205A605E
:209620004CF6F4613622D87019809A7008BD00BFE42000200148002100F0C4B8A40100200D
:2096400010B5FBF7EBFE0446BFF35F8F00F036F900B930BFBFF35F8F2046BDE81040FBF7CC
:20966000E1BE00BF0AB90020704708B508461146FBF70AFA002008BD0FB400B583B004AA5C
:20968000054852F8041B019204F0CAF903B05DF804EB04B0704700BF1C010020F8B5254D4D
:2096A0002A688242044642D0002A33D0134601E0002B2FD01B689C42FAD15BB31E4EA37BA3
:2096C000376853B1A36843B18C4206D000223460832104F10C0098472A68A2421BD02AB1CE
:2096E0001368A3421DD01A46002AF9D1A37B83B12D680023A37365B1AB7B13F0010F2846EC
:2097000022464FF0870101D000F018F82D68002DF2D13760F8BD23682B60A37B002BE7D161
:20972000F7E723681360A37B002BE1D1F1E71346C3E700BFF0210020F42100208368BBB1FB
:2097400070B504460B4E0220A073346004F10C000D4698470238012804D9832D02D001235F
:20976000A37370BD21462046BDE87040FFF796BF704700BFF421002038B50B4A0B4B14687A
:2097800000221A707CB1012501E024685CB1E37B002BFAD0E581204600228221FFF7CEFFA9
:2097A0002468002CF3D138BDF0210020A5200020034B1878FF281ABF421C1A708020704705
:2097C000A320002070B50E4D2C68844207D00A4634B1234600E01BB11B689842FBD170BD55
:2097E0000028FCD0074E04600121002334688173838181212860FFF7A1FF346070BD00BFA3
:20980000F0210020F4210020014B8B221A707047A32000202DE9F041234D2B78FBB9234E46
:209820003378BBB12248234C027802EB420704EB8701013202F01F02013B0270486854F821
:2098400027800F7ADBB2337060B1812F1FD0827BD2071ED428781844C0B2BDE8F081FFF7B6
:209860008BFFDCE7144A14685CB9F3E7A37B13F0010F20464246394601D0FFF75FFF246883
:209880005CB12B78002BF1D0FFF776FFEEE70123837342463946FFF751FF337828781844DE
:2098A000C0B2BDE8F08100BFA5200020A4200020A2200020F80B0020F0210020034A044BC6
:2098C00010781B781844C0B2704700BFA5200020A420002070B40D4D2C78202C12D00C4BB9
:2098E0000C4E1B78234403F01F0303EB430301342C7006EB830446F823206060217200208E
:2099000070BC7047012070BC704700BFA4200020A2200020F80B002038B5837B034CDB079C
:20992000256801D5FFF70AFF256038BDF421002018B1837B013B012B00D97047024A0123E7
:209940001370C373704700BFA5200020FBF78EB810B5044608F070F801462046FBF794F821
:20996000BDE810400A20FBF781B800BF08B50448FBF7FEFFBDE808400248FBF7F9BF00BF46
:2099800030010020240100200148FCF749B800BF2401002038B50E48FBF7FCFF044678B14D
:2099A0000C48FBF7F7FF0546206058B1FFF7CAFC05F19A01A5F8800005F18200FFF7B0FD12
:2099C000204638BD214602482C46FBF7FFFFF7E72401002030010020006800F19A018230FF
:2099E000FFF79EBD10B5014604460748FCF70AF800B910BD21680548FBF7E8FF2146024896
:209A0000BDE81040FBF7E2BF240100203001002010B5014604460948FBF7F4FF00B910BD16
:209A20002468B4F880102046FFF758FD04F19A0104F18200BDE81040FFF790BD2401002029
:209A400008B506F065FF80B208BD00BF0F4B0121002219601946C3F80021D1F80031002BC2
:209A6000FBD0D1F80805094A0023C0B2C1F80031D2F80031002BFBD0D2F80815012340EA4D
:209A8000012080B2536006F015BF00BF00D0004010B4817942790479521A224208D0034640
:209AA0004A1C00682240405C9A715DF8044B70474FF0FF30F9E700BF38B505460C4605F0E8
:209AC00015F98DB10F4B2868696803C3ACB121460D4B51F8080F496803C3BDE83840094858
:209AE0000122002105F0CAB90346064D59689A680068DB680FC5002CE9D10449014805F05B
:209B0000FFFAEAE7F812002000130020E824002010B5044C237803B110BDFFF7CDFF0123DB
:209B2000237010BDA620002010B51D4C217882B031B31C4B002403F1540193F820201AB198
:209B400093F82120012A15D01C338B42F5D1204605F026F904B9F8B102F096F9402302463B
:209B600021460020009300F081FB00F029FA002002B010BD1A7CFE2A08D003F11004E3E745
:209B80000846FFF799FF01232370D2E75A7C802ADAD003F11004D7E74FF0FF30E8E700BF8D
:209BA000A620002070230020054B187B30B1B3F84E00DB8AC01AB0FA80F04009704700BF37
:209BC000F82100202DE9F0471A4CDFF86C809DF82490164607460D4620464FF4B0720021A5
:209BE0009A4607F021FFB8F82030B34205D108994A46504602F098F910B90020BDE8F08754
:209C000001264FF0FF33F0214FF2F0026773E1732673E364A4F85030A4F85820C4F80880E6
:209C200028686968AA68EB681C340FC43046BDE8F08700BFF82100206C010020437D012B38
:209C400001D900207047F0B590F8512090F8503083B0CDE900320446028A00F13C03214625
:209C6000007EFFF7AFFF48B3164B226A607D617FE58B5A610022666D1976618B5D83257FFE
:209C800083F85C20A77D83F854709873207D83F85300E07D1982996883F855201E609D747C
:209CA00083F852000B689847074801F06BFE01F09BFF01F0D1FF012003B0F0BD002003B03C
:209CC000F0BD00BFF82100207C21010008B5FFF76BFF084B08B983F85C009B681B689847D4
:209CE00001F076FC044801F04DFEBDE8084002F00DB800BFF8210020842101000A4B93F956
:209D0000521093F85220002902F10102B4BFD2B202F07F02197B83F85220F022DA7301B9C1
:209D20007047FFF7D3BF00BFF82100202DE9F0414C4D05F16400B5F84E40FAF767FE95F894
:209D40005C30032B5BD0FFF72FFF804620B1AB68BDE8F041DB6918476F6C434E01F060FC1E
:209D600001F012FC686C01F08DFB03463068A5F84E30FBF731FF0446002836D1002F55D0AC
:209D8000B5F84E30B5F84C209A4201D9A5F84C30B5F850304FF6FF7293420AD0B5F84E1013
:209DA000914206D0CB1A002BB8BF5B42B3F5007F3FDC95F85B30002BC9D06B6C002B3ED0A8
:209DC000002F46D001F014FE002385F85B30AB68BDE8F041DB69184723681BB3214630682C
:209DE000FBF7C6FE04460028C8D0204601F04AFBB5F84E308342EFD8C4F80080EEE700201F
:209E000001F0C2FB4FF6FF739C42A5F84E309ED0164801F0B7FD01F01FFFAB68BDE8F0417B
:209E2000DB691847FAF7C6F92060D7E7B5F84E30ACE70F48A5F8501001F0A4FDB9E70B48FA
:209E400085F85C3001F09EFD01F02EFD01F004FFBAE70123074885F85C3001F093FD01F0CE
:209E6000E7FEAFE7F82100209001002094210100A4210100BC21010030B4084D2B7B53B140
:209E8000044630B11C350FCD20606160A260E360012030BC7047184630BC7047F8210020E6
:209EA00010B5FFF781FE134C78B994F9582094F85830002A03F10103B4BFDBB203F07F0328
:209EC000002084F8583001F02DF9FBF7F1FB01F07FFB05F0BFFD01F0F7FE94F841305B0609
:209EE00002D40023237310BD034802F007F80023237310BDF821002024220020024B032233
:209F000083F85C2001F002BFF821002008B50F4B1A7B8AB19A6C511C0ED082420DD9101A53
:209F2000B0F5967F986407D2586C28B101F0B6FABDE8084000F092BF08BD0021032299641E
:209F400083F85C20BDE8084001F0E0BEF821002010B5084C237B5BB194F840200146D20885
:209F600004F11C0007F02AFDB0FA80F0400910BD184610BDF821002008B5FFF715FE18B18F
:209F8000BDE80840FFF7BABE08BD00BF024B1B7B03B97047FFF79ABEF8210020074B9A7B9E
:209FA000187B1AB9003818BF0120704728B193F85C00012894BF002001207047F8210020E7
:209FC000024B1B7B03B97047FFF7B0BEF82100202DE9F041614D2A7B06460C462AB16A7B96
:209FE000237E9A4209D0BDE8F081FFF7DDFD98B12B7B002BF3D1BDE8F081594810222146F7
:20A0000007F0DCFC0028EED1628AEB8A9A4209D2BDE8F041FFF78ABE2046FFF70FFE0028CD
:20A02000E6D1E0E7E17D95F8520001F00FFF628A002840D14FF6FF739A4204D095F85730C6
:20A04000013385F8573095F85210E07D01F0FEFE48B1B5F84E20EB8A9A4257D0FFF7A4FD6C
:20A06000074600286BD022460121304600F0DAFEE8B1304601F0C6FA0746002843D090F898
:20A080000680304601F0BEFA002849D0638A8380637E8371AB6CABB96B8BAA7BC3EB0313BB
:20A0A0005B01AB641AB117B16B6C9F4217D02B7B002B98D0ACE7EB8A9A42F8D1294801F0BB
:20A0C00061FCF4E7002FF2D06B6C9F42EFD16B8BAA7BC3EB03135B01AB64002AE7D0607ED6
:20A0E000414601F0B3FE0028E1D095F90F20EB7B002A03F10103B4BFDBB203F07F03EB7346
:20A1000001F076FCD3E74FF0F008BAE7E37D85F85230FFF749FD0028A5D0FFF7EFFDA2E7A7
:20A12000304604F005FD0028C1D00F4B0146012218682346FBF7DEFD0028A7D1B7E701F051
:20A14000C3FD384601F020FA2046FFF777FD2B7B002B88D0FFF7BAFD85E700BFF8210020AC
:20A1600014220020C82101009001002011B1084801F008BC10B50A460321044600F052FE64
:20A1800020B12046BDE8104000F084BE10BD00BFE421010038B591F823300C460546BBB1FD
:20A1A000FF2B1BBF0D4A508B4FF0FF3343430A460020294605F0B2FB18B194F92530002B1B
:20A1C00000DB38BD218C2846BDE8384001F030BC0A461846294605F087FBEEE7F8210020F8
:20A1E00070B5154D0E4695F85910044601F02EFE08B185F8594095F85830A34200D070BD61
:20A2000095F85C30012B76B207D001F035FC002EF5DA032385F85C3070BD002E02DA01F084
:20A220002BFCF6E70223054885F85C3001F0AAFBBDE8704001F020BCF8210020F421010098
:20A2400070B50E461C4605463AB924B11DB1064BAE801B7B23B9012070BD01F0ADFBF4E78F
:20A26000FFF764FD012070BDF82100202DE9F047284C82B094F80CC09DF828A005461746B0
:20A2800099460E46BCF1000F0AD0102204F11C0007F094FB80B34FF0F008FFF701FE01E0EC
:20A2A0004FF0F0083B463146CDE9009A28460122FFF788FC184F194884F8528000230121B9
:20A2C00040F608421E263C25A173228280214FF0FF32A37484F85330A4F85430022367616D
:20A2E00026766583A4F84E10A26484F85C3002B0BDE8F04701F046BB94F9523094F85280E5
:20A30000002B08F10108B4BF5FFA88F808F07F08C3E700BFF82100200004800000220100FC
:20A3200002484FF4B072002107F07EBBF8210020144A907918B992F82A10632901D001206A
:20A34000704792F82910C1B992F82B30042B15D10D4B187B88B110B45C7B92F82D00A042B7
:20A360000ED1B3F84E1082F82D000B0A43EA0123D38501205DF8044B704770470846704758
:20A380000846F7E7F0240020F821002070B5174A0546118816482B2206F010F8044615486A
:20A3A000FFF7D6FD08B9002070BD1349002005F05BFA10490646002005F056FA14B1A27817
:20A3C000032A06D00028EED0002EECD04369B342E9D1084C0FCC002148F2FE002880AA6015
:20A3E000EB606980A980E980012070BDE0240020F024002008250020142200202DE9F04FF9
:20A40000794B7A4F19888FB038462B2205F0D6FF18B18378032B044603D000200FB0BDE8A7
:20A42000F08FC0780490002800F0CF806378217962790133DB00DBB201F00F05A3EB1213C6
:20A440000E09083B0595C5F11005C6F110015B1B93FBF1F30133DBB29842069601918C46F2
:20A4600007934FEA1216D8D8614B0FCB0DF1280989E80F006278E3780132D200D2B2961B8D
:20A48000083E761B96FBFCF60136F0B2C51AEDB2A842029040F2A480069E0994B446059E5B
:20A4A000E01B012B08BFB446011BB646019E624601F110039B1A06FB05414FF0000A01F119
:20A4C00008080393CCF1100200F11003564654460893C24609EB0C0B9046039B03EB0A00B3
:20A4E000B0F5A06F99D842465146584607F074FA484604F055FC00286BD0731CDEB214B9F3
:20A50000012E8AD801249DF82800FF2885D0BDF82800BDF82AC040EA0C0080B2E8B9BDF812
:20A520002EE0BDF82C00BDF830C040EA0E00BDF832E040EA0C00BDF834C040EA0E0040EA47
:20A540000C00BDF836C080B250EA0C033FF465AF18B9BCF5807F3FF460AF019B01359A440F
:20A56000029BEDB2AB42B8D8099C049A079B01999B1ADBB201FB03F8DDE90510089B08F1F3
:20A580000808012A18BF014643445B1AB3F5A06F05913FF642AF164B059E0FCBA04489E8C0
:20A5A0000F00C6F1100506F1180041462A46384407F012FA2A46404609EB060107F00CFA4D
:20A5C000E378013BE370012028E701200FB0BDE8F08F484604F0A4FC00288ED1044692E7F1
:20A5E000E31B10330893C0E7E0240020F024002008250020002919DBCB0717D44378ABB93A
:20A600002DE9F041425A40F263439A4200EB010409D11A4D2B7B33B16A7BE3789A4202D1F9
:20A62000A3789A0604D50020BDE8F08100207047A2881349170A0C20DE09D1F8008047EA45
:20A640000227FEF7BDFF01464046FBF7F3FAB5F84E10A578BFB2B94294BF002101218E427A
:20A66000C5F380131CBF45F04005A57086EA01023946BDE8F041FFF7E3BD00BFF8210020CF
:20A68000900100202DE9F0432B4E2C4F318883B038460DF10702012305F036FE002842D0D4
:20A6A0009DF80730062B3ED0044607F10609B84614E013B9A378632B16D03188E31BC91A57
:20A6C000204689B200230DF1070205F01DFE044648B39DF80730062B814624D0112B22D074
:20A6E0003A2B20D02B2BE4D1237889F8003065780135ED00684205F0D3FDC0B131882839B4
:20A7000089B2404605F0F6FD3288E31B9A420EDDD21A6119204607F06DF999F800308DF8A2
:20A720000730062BDAD1012003B0BDE8F083002003B0BDE8F08300BFE0240020F024002018
:20A740002DE9F04FA34E337B89B063B3A24C228B48F2FE039A4226D0237EFF2B23D0FFF75A
:20A7600023FA054688B904F1080004F019FB28B19A4BE27993F806319A4219D0FFF7D8FDC0
:20A780000546284609B0BDE8F08F04F11809FFF779FF4846FFF7DCFB28B14946002005F0C7
:20A7A00063F8804688BB0125284609B0BDE8F08F8B4F3A88B2F59F6FF6D8283A04F1280125
:20A7C00004F1300007F016F9B6F84E20A179767B84F82950130A43EA022340F26342E38584
:20A7E000628584F82C5084F82810A571082084F82D6005F055FD3988283989B2204605F080
:20A8000079FDFFF795FD0546CEE706F11C01002005F02AF80190002848D04946002005F07A
:20A820003DF8002842D0D8F81410002900F0C480019B8B4200F0C7806A4BCDF80C809B69AE
:20A8400002934FF0000B0F270DF1100A8846029B414650469847DFF898C139466046D646F3
:20A860005246002312F8015B10F8016FAE4202D10133102BF6D19F420CDAD8F814800BF11F
:20A880000103DBB2B8F1000F15D0019A424512D09B46DCE700271EF8013B1CF8012F9A4249
:20A8A00006D10137102FF6D13946E6E700257BE73946FFB2E1E7C1F11006C7F1180A16FB05
:20A8C0000BAA5FFA8AFB1AF0070A1FBFCAF1080A5FFA8AFAD3445FFA8BFBDDF80C801D4688
:20A8E0005B463F4A02931288D118B1F5A06FDDDC3D490888283021185844283A204403910B
:20A9000007F078F803995A460846002107F08CF8A279029B84F828202B22A271B3F1080220
:20A9200048BF03F1FF32D210304B2E4984F82920ABEB0A024FEA0A1A84F82B5084F82DA013
:20A94000D5180DF1100A8B69029307EB07120320574484F82A0084F82C204446DDF804804F
:20A96000CDF804B0D346BA461F466269904521465846A5EB060508D0B8473246514628464C
:20A9800007F02AF86469002CEFD1DA46029BDDF804B02146504698479AE80F0089E80F00B2
:20A9A000584605F07DFC0E4B0B481988283989B205F0A0FC0125F7E608230D468A469B46DF
:20A9C0000F2701268DE7082300259B46AA460F27012686E7F8210020F0240020702300209B
:20A9E000E0240020242201008C200020182500200725002008B50C4A137B43B10B4B0C4937
:20AA00001B88527B2C3358185B5C9A4203D0BDE8084005F02BBCC1788078FFF7E1FBBDE820
:20AA2000084005F023BC00BFF82100208C200020F02400202DE9F0418EB02622002104A868
:20AA400006F0F2FF434B444C1F88444B217B07F12C02D618D25C8DF8322011B1617B914295
:20AA600004D005F003FC0EB0BDE8F0813C4A083315880FCB2C3DED1BADB20027E846032DAD
:20AA800088E80F00CDE90477CDE90677E9D97378217EF2788DF835305B068DF83310ADF865
:20AAA000302046D40424AC424FDA002720E0621CAA42D6DA3219507802300444AC42D0DC85
:20AAC000052B21D10328CCDD7318DA788DF834200732D210131D8342C3D10431314408A8CC
:20AAE000CDE90877CDE90A7706F076FFAC422CDA335D2146002BDAD10134A542F6DA05F0DD
:20AB0000B5FB0EB0BDE8F081062BEFD10528A8DD731813285B798DF83330E7DD0631731806
:20AB200070589A685968DB680DF1100CACE80F00DCE7132D95D904F11C001022311D06F092
:20AB40003DFF00288DD11424ADE704A94046FFF721FB86E78C200020F8210020F02400207C
:20AB6000E02400202DE9F0439DB05C22002105A806F05AFF9B4B9C4F9C4A1D889C4B0C939E
:20AB800007F1080314880FCB2C3C641BA4B201AE86E80F004FF0010C964BADF824C040F6E7
:20ABA0000842172CADF82E200D9304D805F05EFB1DB0BDE8F08305F12C03DD19AE4695F8CA
:20ABC000038095F802905EF8080F95F804C0DB5DDEF80410DEF808208DF82C3048EA0927B2
:20ABE000DEF80C30ADF826702CF07F0ECCF3C2078DF828E08DF8297095F8018095F805E0AC
:20AC00008DF82B800CF0070C05AF182C8DF82AC08DF82DE00FC700F0E08018216B5C002BAB
:20AC2000C4D04A1CA242C1DA6A18507802304718A742BBDC023B062BB8D80FF2080C5CF8D9
:20AC400023F000BF6BAD000011AD0000B5AC0000ADAB0000ADAB0000ADAB000061AC0000D6
:20AC60002028A3D193788DF86430802B9ED892F809C0D37892F80880D07A8DF8653010317E
:20AC80006B184FEA0C4C92F80AE09A684CEA086C4CEA000C68585968DB684CEA0E2C0DF10C
:20ACA000500ECDF860C0AEE80F00A74280F295803946B3E710287FF479AF294492F807C092
:20ACC0008B7A91F8069091F8088091F80EE0D17A507A41EA0321D37BADF824104CEA092CD2
:20ACE00040EA08205179ADF834C0ADF8360092F803C01079527B8DF82EC043EA0E23ADF8AB
:20AD000032308DF82F008DF830108DF83120CCE707287FF74BAF05EB010C53799CF804E0EF
:20AD200092F802C092F807808DF84CC01B0443EA0E6392F806E0D2788DF84D200CF10702B6
:20AD400043EA0803D21043EA0E2302F1070E86451293BFF62BAFBCF1800F3FF627AF0831F4
:20AD600029440EA806F038FE9FE705287FF71EAF137992F803E092F802C08DF868C0D909BA
:20AD800041EA4E018DF86910C3F3011E51798DF86AE003F00F038DF86B308DF86C10BCF1FA
:20ADA000000F82D0BCF1070F0DD0BCF1020F7FF4FDAE07287FF7FAAE9179D3798DF86E1010
:20ADC0008DF86F3071E707287FF7F0AE9179D37943EA0123ADF86E3067E705A93046FFF762
:20ADE000F7F8E3E68C200020F0240020E0240020001E3C000004800008B5084B1B7B4BB1F7
:20AE00000748017EA1F1FF01B1FA81F108304909FFF7ACF9BDE8084005F028BAF821002093
:20AE2000F0240020F0B583B00E461746054603F059FE044610B1204603B0F0BD0C20FEF7CE
:20AE4000BFFB22460146CDE900672846012303F0E7FD0446204603B0F0BD00BF70B50446C5
:20AE6000FFF7AEF8084B094D198809482C314B1900225A70944218BF20464A550223BDE872
:20AE800070409B2104F02CBB8C200020F0240020582300202DE9F04F8BB00646FFF790F876
:20AEA00000F068FF10B1002E00F02C81974B984A1B88984D2C339C18697B995495F8523070
:20AEC000637000F057FF002867D0FF23194695F85320914F95F854C0A170002AE3700FCF8C
:20AEE00095F80E80A0600CF0070C14BF6FF07F0E4FF0000E4CEAC8074EEA07070020277119
:20AF0000EF7BE160226163616771A071E07100F031FF002846D12B78002B43D06978A878C4
:20AF2000A376CA0142EA0012E87849080243E17602200621072B22772076617600F0DB80D6
:20AF4000022B40F0DF80A879EA7963772021A077E27727234FF0290809932823CDE9073890
:20AF60004FF02B092A23CDE905394FF02F0A2E23CDE9033A2D222C23CDE9013222238B46C4
:20AF80004FF0260C4FF030084FF0250E4FF024094FF0230A0093212726E0B5F84E30190A50
:20AFA000DBB294E71F23099321222023CDE90732232022232727CDE905302623CDE903373C
:20AFC0004FF0250E2423CDE9013E18211A238B464FF01E0C4FF028084FF01D0E4FF01C09D6
:20AFE0004FF01B0A00931927042060540098AA8AEB8A0E21E1554FF000072754297C099F8E
:20B0000004F80A10687CA97C04F809004FEA122A04F80E1004F80CA0E255079AA968059F48
:20B0200095F840C0180AA054089A287EA3540A8C6B8B4FEA122E04F807E0069FE255019ACF
:20B040004FF00007A754029AA054039A190AA154049AA354BCF1000F0FD100F08BFE18B9EF
:20B060002E4B002E08BF1E464346304601229B210BB0BDE8F04F04F033BAD5F83CE095F82A
:20B0800041A0DFF89C90082504F8085004EB0B05B9E80F0085F812C04FF01E0C85F811C096
:20B0A0004FEA1E6C85F814C085F818C0CEF3074C85F815C085F819C00BF12009CEF3072C52
:20B0C0005FFA8EFE85F816C085F81AC085F813A085F817E085F81BE00BF11C0C04EB0905A4
:20B0E000002744F80C700BF1300844F809006960AA60EB60B1E7EB8860771A0A2021E37739
:20B10000A27726E70BB0BDE8F08F00BF8C200020F0240020F8210020142200205823002041
:20B12000242200202DE9F041074600F0ADFE304C8046606C00F0B2F90646FEF741FF237BB2
:20B14000002B52D0636C002B4FD0B8F1000F4CD0002E4AD0A37B002B47D0264B264A1B8889
:20B16000617B94F858C02C339D18002F99540CBF002380236B7005200023122180221C3446
:20B180002871697185F803C0EA71AB70AB7103CCD8F800C0D8F80420D8F808E0D8F80C8003
:20B1A000C5F808C0EA604FF0060C14226A76C5F81E00C5F82210C5F81480C5F810E0AB7670
:20B1C000EB762B776F7785F818C056F8083FA4F108007468C5F826300222C5F82A402E2374
:20B1E000BDE8F0419B2104F07BB9BDE8F08100BFF82100208C200020F0240020F0B583B0AF
:20B200000E4615460190FEF7DBFE0A4B0A4A1B880A490198497B2C339C18995400270423D6
:20B2200003229B21A670E570677003B0BDE8F04004F056B98C200020F0240020F821002027
:20B2400008B5074804F09EF8064804F09BF8064804F098F8BDE80840044804F093B800BF7A
:20B260006001002054010020480100203C010020704700BF014B00221A707047F8210020B4
:20B2800008B500F017F908B1808808BD4FF6FF7008BD00BFB0B138B50446858800F00AF99B
:20B2A00068B183884FF6FE722B44934207D8204600F000F948B18088284480B238BD4FF66A
:20B2C000FF7038BD4FF6FF7070474FF6FF70F3E770B50646FFF7DEFF0B4B0446586CFFF773
:20B2E000D9FF336804F1BF05044623B9A542B4BF0020012070BDF8F75DFF3368C01AB0F5CF
:20B30000963FF3D9002070BDF821002088B138B5094B0446DD8AFFF7BDFFA2884FF6FF714A
:20B3200053198B4228BF0B46984238BF184680B238BD4FF6FF707047F821002008B500F0F5
:20B34000B9F828B18088B0F5007F8CBF0020012008BD00BF10B50446FFF79CFF03462046D8
:20B360001C4600F0A7F840B18388B3F5007F05D8B4F5004F8CBF0020012010BD002010BD9E
:20B3800070B50E46F0B10446FFF7E4FF0546AEB13046FFF7DFFF88B1DDB1164D6B6CA34296
:20B3A00020D09E4217D02046FFF774FF05463046FFF770FF85420CD2204670BD002DFBD1B0
:20B3C000002070BD0029FBD00846FFF7C3FF0028F6D0304670BD2046FFF77AFF0028E2D0E6
:20B3E0003046F7E73046FFF773FF0028E4D16B6CD7E700BFF821002010B500F03BF828B1F0
:20B40000044B9B68BDE810405B6918474FF6FF7010BD00BFF821002070B5044608460D4639
:20B42000FFF7EAFF06462046FFF7E6FF86428CBF2846204670BD00BF08B50C4BD3F82821A5
:20B44000824204BF0022C3F82821D3F80421824204BF0022C3F80421054B01461868FAF7BE
:20B46000B7FCBDE8084000F051BC00BFF821002090010020024B01461868FAF7DBBB00BF2C
:20B480009001002020B1044B9B685B6903B118474FF6FF70704700BFF821002008B5044B92
:20B4A00001461868FAF7F8FCBDE8084003F03ABB9001002008B5044B01461868FAF7ECFCAE
:20B4C000BDE80840FAF726B8900100202DE9F041274C237B82B000274BB3264D8046286887
:20B4E000FAF77AFB014610B34FF6FF76A3685B690846B3B101919847B0420199034610D07B
:20B50000E28A82420DD8B4F814C00846BCF1000F11D0B4F84C206244B24228BF32469342C5
:20B5200009DD2868FAF724FB01460028DED1384602B0BDE8F081A3680191DB6898470199C8
:20B540000028EED0B8F1000F07D1A368019138469B69984701990746E3E708460191FFF7F0
:20B56000A9FFF9F7DDFF01990028EED1D9E700BFF82100209001002008B5FFF79BFFBDE87B
:20B580000840F9F7CDBF00BF70B50F4D696C814219D00E4E04463068FAF762FC214630689A
:20B5A000FAF744FC686CFFF779FF03F001FB03F0E1FA2046FFF772FF002103F00FFB01234C
:20B5C0006C6485F85B3070BDF82100209001002038B50B4D0020FFF7D7FF2868FAF7FCFAD4
:20B5E00050B104462046FFF727FF21462868FAF7BFFA04460028F5D1BDE83840FEF7E0BCF7
:20B600009001002008B503F06DFA03F065FA034B01461868BDE80840FAF70CBB90010020A5
:20B6200038B5FEF7C1FAF8B90546FFF74FFF0446D0B1FFF73FFFF9F773FF68B90E4DD5F883
:20B640002831A3B16B6CA34209D00120FFF73EFF38B10446204638BD074BC3F828512046DA
:20B6600038BD6B6C002BFAD10024204638BDC5F8284100F0C1FAE5E7F8210020024B03491A
:20B680001868FAF753BA00BF9001002039B4000030B5134D134995F8553080249C40A1FB00
:20B6A000043483B0A3092B66FEF7CAF90E4A0F4912682B6E0092E40904FB00F0A1FB00213C
:20B6C00004EBD1315A1A2A660124094AA5F8564005F1A4000023F9F751F903B030BD00BF74
:20B6E000F8210020D34D6210F421002001800080E9B7000000B583B0FEF7A2F90A4B0B4988
:20B700001B680093A1FB0031490A01EB8101A0EBC11081B2064A074801F5A0710023F9F73D
:20B720002DF903B05DF804FBF4210020CDCCCCCC89B70000DC22002008B5054BD3F804013B
:20B74000FFF7ACFE18B1BDE80840FFF7A3BB08BDF821002010B50B4C012384F85A30FFF705
:20B76000C9FF94F9582094F85830207E0133002AB4BFDBB203F07F0384F85830BDE810407E
:20B78000FFF7D0BCF821002010B50B4C94F85A30207E013384F85A30FFF7C4FC94F85A3018
:20B7A000042B03D8BDE81040FFF7A4BFBDE810400248FEF7EBBB00BFF82100200C22010030
:20B7C0000348002290F85C1100F59670FFF716BDF8210020024B1B7B03B97047FEF760BBA4
:20B7E000F8210020FEF7ECBB10B582B0FEF7D6FB68B3184C94F8563073B9637C217C94F8F2
:20B8000055200B449A42BCBF013284F8552002B0BDE81040FFF73CBFFEF7C6F928B9A37C9D
:20B820001BB194F857209A4206D2B4F84E30A4F850300020FFF72EFB074B216E1B68009309
:20B84000064A0748002384F85630F9F797F802B010BD00BFF8210020F4210020E9B7000059
:20B860009C22002000B583B0FEF7EAF80A4B0B491B680093030AA1FB03134FF4345101FBE9
:20B88000130081B2064A074801F5B4510023F9F775F803B05DF804FBF42100200B5BB005F1
:20B8A000B9BB00000023002000B5104883B0F9F7C7F810B903B05DF804FBFEF7C1F80C4B0D
:20B8C0000C491B680093A1FB0031C90AC1EB0111A0EB012081B2084A044801F5F0610023B8
:20B8E000F9F74CF803B05DF804FB00BF88130020F421002089888888FDB8000008B5FEF7D6
:20B9000053F950B9094B1A7B42B15A6C32B1B3F84E204FF6FF739A4200D008BD0020FFF7F6
:20B920009DFABDE80840FFF7BFBF00BFF821002010B5124C237B43B9FFF7B6FFFEF740FB7F
:20B94000BDE810400E48F9F73FB83C20FEF7DEFA3C2004F045F8237B002BEDD0636C002B7F
:20B96000EAD0B4F84E204FF6FF739A42E4D0FEF727FBBDE810400248F9F726B8F82100204F
:20B98000A813002010B5FEF709FB48B1094C94F8553013B1627C9A4202D200F0EBF900B1D8
:20B9A00010BD637C84F8570084F85530BDE81040FFF76EBEF821002030B50A4D2B7B83B0A2
:20B9C0000BB903B030BD084B084A1B68009300230446194605F1C400C5F80441F8F7CEFF04
:20B9E00003B030BDF8210020F421002039B7000010B50C4C237B82B00BB1A37B0BB902B00C
:20BA000010BDFEF71DF8084B084A1B680093C0F3080000F58071002304F1E400F8F7AEFF5B
:20BA200002B010BDF8210020F421002055B7000070B50E4C227B82B00AB902B070BD0346D4
:20BA40000D469A6859680068DB68A4F85C5104F596740FC4064E074A3368009300232046AA
:20BA60001946F8F78BFF02B070BD00BFF8210020F4210020C1B70000134B1A7B12B1197E1D
:20BA8000FF2900D1704710B55C8B82B001FB04F1CC01FDF7D5FF0D4BA3FB00231B0BC3EBA5
:20BAA0000313A0EB432080B200F5F050084B094A1B680093844288BF241A2146064800233C
:20BAC000F8F75CFF02B010BDF821002089888888F421002055B70000DC2200202DE9F0419D
:20BAE000334CF8F767FB237B002B39D0D4F8285115B12846BDE8F0810746606C18B1FFF73D
:20BB00003BFD002852D0FDF79BFF00EB800303EB031303EB032300EB430080B2254E45F285
:20BB20005553984230681FD9FAF756F80446B8B14FF6FF7706E021463068FAF719F8044615
:20BB40000028D6D02046FFF717FD0028F3D12046FFF798FC0DB1B842EDD207462546EAE7CB
:20BB600000252846BDE8F081FAF736F804460028F6D04FF0000806E021463068F9F7F8FFB2
:20BB800004460028B5D02046FFF7F6FC0028F3D12046FFF78FFC0028EED0036815B1FA1A62
:20BBA0004245E9D9A7EB03082546E5E7656CA0E7F82100209001002038B5FFF78FFF05466A
:20BBC000FFF76CFC30B104462846FFF773FC2046FFF760F9034B1B7B03B938BDBDE83840A2
:20BBE000FFF740BEF8210020024B1B7B03B97047FFF738BEF821002010B50A4C237B82B0B2
:20BC00000BB902B010BDFDF71BFF074B074A1B680093C0F30801002304F58470F8F7AEFEB3
:20BC200002B010BDF8210020F4210020B9BB000010B5084C237B03B910BD04F18400F8F7FB
:20BC4000FFFE0028F8D104F18400BDE81040F8F7DDBE00BFF821002010B50C4C237B82B019
:20BC60000BB902B010BD04F18400F8F7E9FE0028F7D0074B074A1B68009304F184000023EE
:20BC80004FF41641F8F77AFE02B010BDF8210020F4210020D5B7000000B5084B084A1B684D
:20BCA000084883B04FF4F05100930023F8F766FE03B05DF804EBFFF7F7BD00BFF4210020DF
:20BCC00031B90000A813002010B50F4C2046F8F79DFE04F12000F8F799FE04F14000F8F7D0
:20BCE00095FE04F16000F8F791FE04F18000F8F78DFE04F1A400F8F789FE04F1D800BDE86E
:20BD00001040F8F783BE00BF5C2200200848037B03B9704700B5074B074A1B6883B0643063
:20BD2000009300231946F8F729FE03B05DF804FBF8210020F4210020E5B70000044B187BE5
:20BD400020B193F85C00003818BF0120704700BFF8210020054B187B30B193F85C00A0F110
:20BD60000200B0FA80F04009704700BFF8210020704700BF014B1878704700BFA720002000
:20BD800010B50023C0E90033C0E902330A7D07320446D20805F020FE20460249BDE8104064
:20BDA00003F0AEB9E824002008B50E48002340F2FF214FF4D05243808380C38003814381BF
:20BDC00083810180C28103F031F8FEF7A9FAFFF755FCFFF761FFFFF733FABDE8084003F047
:20BDE000EFBD00BF5823002010B50A4C237B012B00D010BDFFF73EFB0028FAD0D4F8283175
:20BE0000984204BF0023C4F82831BDE81040FFF77DBF00BFF8210020024688B10B4669B142
:20BE200010B4084C03CC1060516053F80C1F5B68D360916001205DF8044B7047084670471C
:20BE4000704700BF14220020704700BF7F2801DD7F290EDD884206DC13DA081A7028D4BFA2
:20BE6000002001207047401A0F28CCBF00200120704701F58071081A1028D4BF00200120A1
:20BE800070470020704700BF2DE9F843194E377B17B196F840700FBB3E46174C4FF00008ED
:20BEA00004F1540594F820301BB194F82130012B05D01C34A542F5D14046BDE8F883237C6C
:20BEC00004F11009FE2B3A464946304609D06EB105F074FD0028ECD1C846EAE7FF082C361B
:20BEE000DBE7637C802BE4D0002EF1D104F11009C846DEE7F82100207023002000B585B09B
:20BF000001466846FFF73CFF684602F049FF08B103F042F8034B002283F8402005B05DF8D8
:20BF200004FB00BFF821002078B370B54B1E7F2B84B00C4606D812F04001154605D1084681
:20BF400004B070BD002004B070BD134B0026E21DD2080146C3E90066C3E90266184605F0E2
:20BF60003BFD4FF0FF33A0F12C020146684682F8404082F84150D363FFF702FF684602F092
:20BF80000FFF18B1012004B070BD704701460122684602F073FFF5E72422002010B4164A2F
:20BFA000164B17490020106083B012680192019AD3F8102522F00F0242F00802C3F8102506
:20BFC000D3F8082542F00302C3F80825D3F804254FF4803422F003024FF48070C3F8042531
:20BFE000C3F80443C1F88001086001221A6003B05DF8044B704700BF408100400080004072
:20C0000000E100E0034A044B01211160D3F84405704700BF4480004000800040064B1A680F
:20C0200002B97047002282B01A601B680193019B02B000F003B800BF40810040054B186820
:20C0400038B110B400241C60D0E901215DF8044B10477047C81300202DE9F0410488752C97
:20C06000064607D07C2C37D0A4B1002303800320BDE8F081DFF8D0802E4D98F800202E4FEB
:20C0800000233B602B6012B32C4CE256002A41DB2B6832E02A4F274DFDF78AFB294B3A687B
:20C0A00018702C60002A43D02346244C984604F8038000219368802098472B6801332B600C
:20C0C00057F82320002AF2D1DBB21F4A1370752333800120BDE8F0811A4B1B788B4216D13A
:20C0E000144D164CDFF86080134F2B683A68E15C01F07F010132E1543A6098F8002001339B
:20C1000093422B60C1DB3B68002BB9D1DFE70120BDE8F0810A4A0B4952F8232009780020F8
:20C12000FDF7D8FB0028E0D17C23338001209FE71346CAE7D0130020CC130020EC2000202E
:20C14000140100200D2B0020A820002070B50488672C06461BD0792C33D05CB30023038092
:20C16000032070BD1E4C1F4923681F4A0978581C002520602846D554FDF7ACFB1B4B2A4607
:20C1800018688521FDF7A6FB30B300232360184C134D06E00A28E5D00D28E3D02B687E2BA6
:20C1A00015DD2046FDF774FC431CF3D167233380012070BDFDF7FCFA0A4A094B10701C6087
:20C1C000E5E7852901D0012070BD054CDDE706495A1CC8542A60E4E779233380012070BDDE
:20C1E000541400200E2B0020D4130020F421002058140020044B054A1A607F220021044870
:20C200009A809971FDF7DEBA5814002060140020B4010020014B024A1A607047E01400209C
:20C220000100FD0010B51A4C0220A179FDF7B4F9A379112B17D0062B07D03A2B1DD0BDE8BA
:20C24000104000210120FDF7A7B9124B1B8828331A191B5B51889942BDE8104028BF194605
:20C260000120FDF799B9618D238D9942BDE8104028BF19460120FDF78FB9064B28341B88F6
:20C28000195B49BABDE8104089B20120FDF784B9F02400208C20002070B414780D7A84F0FA
:20C2A0000204A542064624D00B891BB94B89B3F57F4F0FD01F4A146801F1080303CB04F11B
:20C2C00008031360012202FA06F320606160D8B270BC70478B89FE2BECD1164CC9892368E1
:20C2E00023F8021B022202FA06F02360C0B270BC7047487A53789842D6D1887A9378984223
:20C30000D2D1C87AD3789842CED1087B13799842CAD1487B53799842C6D1887B9379984207
:20C32000C2D1D379CA7B9A42BED1032202FA06F0C0B2CDE79C1B00200F4B1A78012A19D159
:20C3400010B459880288914203D000205DF8044B704742889988914200F10200F5D1D988B5
:20C3600030F8022F9142F0D1428819899142ECD11846EBE700207047E014002038B5154A6D
:20C38000154C164B24781B68156815492A460144181905F021FB601980B2FDF741F8FDF71E
:20C3A000F9FAA8B10F4B00219B6804460E48984704F03CFA2046FDF72BFB2046FDF712FB23
:20C3C0000A4B1B68012B03D0032B01DC012038BD002038BDA81B0020AA200020AC1B00209C
:20C3E000F0240020D01F0100F1C30000A01B002070B5124B1B680C46154613B19B680846C3
:20C4000098470F4B0D201C60FDF7DAF80D490646F9F786F900B170BD2A4621463046F9F748
:20C4200093F8094B304621462A465B6C984729462046BDE8704002F089BB00BFEC140020EB
:20C44000A01B002014200100242201002DE9F0410F468046FCF7FEFF134B1978461A731E53
:20C460006D2B08D8114800230446A57871343DB101330C2BF9D14FF0FF363046BDE8F08199
:20C48000C3EBC3040A4A03EB0413C418126800F8038003331144184432466770A67005F0BC
:20C4A0009BFA3046BDE8F081AA200020F0140020AC1B00202DE9F04707461446002A3BD13C
:20C4C000644EB1468846B9F80A3092464FF0FF3523BB6B1C2ED009F1B009D4B16A1C15D0A9
:20C4E000B02404FB05F406EB04090C20A9F80A80A9F80870FDF764F801464846F9F70AF9EA
:20C5000004F110003044402102F0FEF92846BDE8F087B9F80A300124002BDAD009F11000DF
:20C5200002F008FA002861D1691CD4D1B9F80A30002BD0D165B2CEE7464E3389834208D013
:20C54000B6F8B830BB4224D04FF0FF352846BDE8F0877389002BF3D00C20FDF731F80146DD
:20C560003046F9F7DDF80028EAD00025EFB238462146FFF76BFF00281ADB0028E4DDB023BA
:20C5800003FB05666DB2B3891844B0812846BDE8F087B6F8BA30002BD6D00C20FDF710F82F
:20C5A00001462D48F9F7BCF801250028CCD0DDE7738963B3002D48D0284802F0BBF90028D8
:20C5C000C2D0274B002103F24C5071819A781AB11A780AB99A70013171338342F6D10029EC
:20C5E000B2D021463846FFF731FFC6E71C4BA9F80AA003F24C51E0B29A7822B11A788242F0
:20C6000008BF83F802A071338B42F5D161E7B6F8BA30002B98D0002D96D1124802F08AF929
:20C62000002891D00E4B0021A6F8BA108C4603F24C509A782AB11A78012A04BF83F802C082
:20C64000013171338342F4D1C9E7B6F8BA30002BE3D179E73C1A0020EC1A00204C1A0020D1
:20C66000F0140020FC1A00202DE9F84315090F2D02F00F0408BF10250F2C06461F462DD0CB
:20C68000A04619B12A46304605F0A6F905EB08020F2A04DD5CB9D5B90120BDE8F883C2F1C5
:20C6A00010020021701905F0BFF9002CF3D01A4ADFF868901768D9F80030DB1B03EB08077C
:20C6C000FCF7C8FE87420EDD0020BDE8F8833046394602F015FD0120BDE8F8831024A04659
:20C6E0000029CFD1E3E7D9F80070C8F1100030443946224605F070F9022C05D03C44C9F8A0
:20C7000000400120BDE8F8830A2DF7D8FF22FE23F2723373F2E700BFAC1B00209C1B0020F0
:20C720002DE9F04F3A4928220A703A4A002387B013700446FCF7C2FEFCF778FE364B374A94
:20C740001B6810600BB1FFF76DFD042003F068FE01460520FCF720FF3149324E002C18BFD2
:20C7600021460D20FCF724FF2F4B9B69984700280446306011DD274B284A1B78D2F800B0D1
:20C78000DFF8B0A002330BEB030505F126010BEB00029142CAF8005003D3002007B0BDE8F3
:20C7A000F08F00220BF803202048FFF7C5FD03461F481F46FFF7C0FD8046002F00F0FF8165
:20C7C0006B1CCAF8003080230193DFF86C9099F8011099F800200B0943EA0213D8B2C3F3ED
:20C7E000850343EA801311F00F0F58B202F00F02DBB223D1B9F802C0BCF1000F1ED121F015
:20C800000F010A4340F0E0817823049327E000BFAB200020AA200020EC140020AC1B002056
:20C8200014200100A41B0020D01F0100F8240020082500209C1B0020F024002021F00F0C34
:20C8400052EA0C0200F0AB81DAF80020D9F80010116002F8043B60210491CAF8002099F86C
:20C860000630112B00F0B981002B00F0B6813C2B00F0B381A3F12B02012A40F2AE81DAF820
:20C88000002002F8013BCAF8002099F80730402B00F0CE82FF2B00F0C682012B00F0BE822F
:20C8A000DAF8002002F8013BCAF80020B9F80830002B40F00382B9F80C10B9F80A30B9F83C
:20C8C0000E200B43B9F810101343B9F812200B43B9F814101343B9F816200B4313439BB281
:20C8E000002B40F00D82019B43F04003019399F81830FF2B00F02B82B8F1000F00F0698275
:20C9000098F801202B7813432B700D20FCF758FEBB4902460020FFF7BFFC019F0743FFB2A4
:20C9200047F004030593B74B3468DAF80050D3F800B0B54B0193019B1E78112EA8464FF0B4
:20C9400000075CD04EB13C2E00F04C812B2E00F054812C2E40F09180022607F128014944EF
:20C960004A780B780191D200112B02F1080200F04081002B00F03D813C2B00F03A812B3BD3
:20C98000012B40F236816B1C0BEB04008342BFF404AFCAF800309D188542BFF4FEAE1846AB
:20C9A000CDE9021205F018F8039A0299CAF800500346D0B2A0F1020C83F801C0934B93F84F
:20C9C00000C00B781744914A6044112B107000F00E81002B00F00B813C2B00F008812B3B12
:20C9E000012B8CBF0023012343EA460363F01F0388F80030019B1E78112EA846A2D12837AD
:20CA00006A1C39F80710CAF800200B0A43EA01239BB223F00F024FF2B00609EB0701B242A8
:20CA200090B24A8800F0FE80120292B2B2F5704F00F0178103F47F43B3F5704F00F0FF809F
:20CA40002B46F02203F8052B0BEB04029342BFF4A4AE59F80700C5F80100CAF8003003F156
:20CA6000020842457FF699AE6848C9880278198002F10803CAF800800370654D049A2B78AF
:20CA8000644E0BF80320614A5B441178059A5A703388A8EB0B085FFA88F85A1A02EB0800DF
:20CAA000A04285F8008040F3EF80A4EB0805043D25F00705053C521B121B002ACCBF02F174
:20CAC000FF37032724F00708C4BF97FBF8F70437FCF75AFFB842FFF460AE002DFFF65DAE20
:20CAE000484A4D4BD2F80090494AB3F800A092F800B0DFF82CC1494F0AF101021A80494617
:20CB00005A46002309F10400CCF8003004F072FF33883F4A89F803A01B0A63F03F0389F858
:20CB20000030338889F80130384B3D604FEA1A2A0BF1040B187889F802A082F800B0FFF7DD
:20CB40001DFC00283FF429AE33882E492F4D09683A682D782E481B0A63F01F030B703388DE
:20CB60004B7015443388ADB205229D42027009D3A0E03A6833881544ADB2AB4240F29A8065
:20CB8000204A11685B1BEA089C42B8BF43460A7128463B60FFF7F2FB0028EAD1FDE5DAF86E
:20CBA000003020F03F0001431970B9F80220A3F801200333CAF80030682304934FE60028F3
:20CBC0007FF4FEAD019000E6DAF8002002F8013B70230493CAF8002041E6049B43F004038C
:20CBE000049352E607F1280149440326B8E60123FAE62B460BEB0400CDE60126ADE600BF56
:20CC000008250020AC1B0020F6240020AB200020AA200020E024002086200020A81B002004
:20CC2000A01B0020130A43EA02239BB223F00F02824276D003F47F43B3F5704F11D02B46BD
:20CC4000F22203F8042B0BEB04029342BFF4A5AD39F80700CAF80030000A687048886880FC
:20CC6000FDE62B46F12203F8042B0BEB04029342BFF493AD39F80700A5F801004888CAF8F7
:20CC80000030000AE870EAE68B428CB2FFF485AD49440BEB080004F09FFE3088001B40448F
:20CCA00080B2FCF7BDFB864B86489B680021984703F0BCFD012007B0BDE8F08F17BB48F241
:20CCC000FE0293420BD1B9F81A30B9F81C10B9F81E200B4313439BB2002B00F0AE807A4FD9
:20CCE000DAF800E00FCF0EF11007CEF80000CEF80410CEF80820CEF80C30CAF80070F6E5F1
:20CD0000002FECD078782B78704A6F4943EA00132B700420FFF7C0FA60F03F00C3B20193DC
:20CD2000E5E52B46F32203F8022B0BEB04029342BFF433AD39F807604888CAF80030360A7D
:20CD4000000A00EB061000F5AA60687087E699F81930019A022B42F008020592B9F81A2024
:20CD600075D04ABBB9F81C1031BBB9F81E20B9F82000B9F82210024392B211431AD199F8A4
:20CD80002420002A00F0898099F82220A2B9DAF800504F4901982A4640F0090002F8013BCC
:20CDA0000B68C5F801300B79059006351371CAF80050BEE5002AE7D0464DDAF800600FCD03
:20CDC00006F1100530607160B260F360CAF80050AFE5B9F8182048F2FE039A4215D1B9F844
:20CDE0001A30B9F81C10B9F81E200B4313439BB25BB90D20FCF7E4FB364902464046FFF7D6
:20CE00004BFA019B0343DBB28CE5324DDAF80060019F05970FCD06F11005D3E7049B43F08C
:20CE20000103049342E5049B43F0030304933DE5049B43F00203049338E5244A2249042017
:20CE4000FFF72AFA019F0743FBB201934FE5002AB2D1B9F81C10B9F81E20B9F82050B9F80E
:20CE600022000A432A43B9F8245002432A4392B2002A7FF479AF99F82620002A7FF475AF5E
:20CE8000DAF8005099F8273005F8013B019BCAF8005043F00B0305934BE5DAF800500198DD
:20CEA0000D492A4640F00A0002F8013B059008888B78A5F8010004359370CAF8005038E50B
:20CEC000D01F0100F1C30000F8240020E82400201325002008250020152500202DE9F04FF2
:20CEE0000C2091B0814F824CDFF81C82FCF768FB4FF0000BF8F78CFB87F800B084F800B041
:20CF0000FCF794FAC8F80000FCF7A4FA10B911B0BDE8F08F03F0AAF90420FCF743FB01465F
:20CF2000062003F087FA0320FCF73CFB0146072003F080FAD8F800301A8852BAC2F30721A4
:20CF400001F0F801C02992B200F0A680E02967D158881D792378C2F30A0940BA053380B226
:20CF60002A4649462370FFF7A5FAB0F1FF3F8246CDD0604ACDF808B0B02303FB00234FF4E8
:20CF8000A06C9E890123CDE9003C4E4534BF00260126FCF75FFA23788342B8D8FCF75AFAF2
:20CFA00023783F78544AC41A07EBC5052544B5F5A06F146000F2F981BBF1000F0BD00199B5
:20CFC000E2198A42A3DCD8F800100BEB07001944224604F001FDB9F1000F00F0FB81029BB5
:20CFE0003BB1444AB02303FB0A233A1992B29A811A83002E40F06482009B002B87D13C4488
:20D000001FFA84F93D4C3E4A2368A2F8009023B1FFF708F923685B68984701F029FB76E74A
:20D02000DA46D946CDF800B04FF4A062DFF8DCB0019222783348995C01F0F0050026F02DCE
:20D04000067047D001F0E000602861D041297FF45EAF511C53FA81F303F1200C59461E685C
:20D060005D689868D3F80CE0C1F80CE0103363450E604D60886001F11001F0D118685B689A
:20D080004B6008603B782833293200263B70009B2270354602937CE758882378C2F30A0960
:20D0A00040BA043380B25A4649462370FFF702FAB0F1FF3F82463FF42AAF0E49D8F800304F
:20D0C000B02202FB001202F11A0B94210122CDE90021AEE70132D2B201F00F0511F00E0F39
:20D0E000227005707FF413AF995CABE7AB200020AA2000203C1A0020A81B0020EC1400201F
:20D10000E0240020A9200020AC1B0020F0240020FCF7A0F922780290531C8342BFF6F7AEA1
:20D12000D8F8001088188B5C90F901504678039502F1020EBC4A01EB0E00002D1060BCBF3D
:20D1400001301060D80600F14D81B74A10681A07A0EB010500F19081029A0335AA427FF72E
:20D16000D6AE054630F801CFAF4A80788BF80300ABF801C015F8040B9BF801C0156085089B
:20D1800005F0300545EA80150CF00F0CC0F3830040F0600045EA0C0C8BF800008BF801C0B6
:20D1A00013F0040205920CD19F4A1068029A451AAA427FF7ACAE9C4A10F8015B8BF80650B7
:20D1C000106013F0030300F04A819848C35C8BF807307506C6F3011340F1B281039A002AEF
:20D1E000B6BF11F80E2000221209002B40F02A810BF1080519468E4A0691D25C04920C2079
:20D20000FCF7DEF9049A069903462846FFF72CFA00283FF47CAE16F0080306F0030200F0B3
:20D22000A08170071FD4531E40F2FF21012BADF83C100DD87C48D8F800100368029D591A7D
:20D240008D427FF764AE13F8011B8DF83D100360784900238A5C0BF118000FA9FFF704FA91
:20D2600000283FF454AE3B786F4A2833D2F800C0D8F800203B70029B0492ACEB02029342C2
:20D280007FF745AE059B002B00F014820BF10603059300220BF12803CDF82CB0CDE90C9AF1
:20D2A000089266469B465AE05F49049BB51C0D600299EA1A9142737809937FF728AE2A46D3
:20D2C000594B12F8016B1A60049B0A921146A1EB030A06F1020C069B06F1010E19F0040FC7
:20D2E0004FEADC093344D64409F1FF3A324606935FFA8AFA7FF40BAE079D4F4B5B5D059D9A
:20D30000CDF814B02B70019B069D9D423FF7FFAD5FEAEC0C00F01282099B8BF80030029B30
:20D320008BF801A07345FFF6F2AD04F055FB4FEAC909089B0A993A785FFA89F94B44DBB23F
:20D340000893394B0E441E60039B0AF1010A91440BEBCA0B87F80090002B00F0F3810B9B56
:20D3600032780499ABEB03030233069302F0F00C02F00103751C0393BCF1E00FC2F342035B
:20D380000BF10200A5EB01014FEA5209079340F0A681254A1560029A8A427FF7B8AD039BB3
:20D3A000002B81D00023099389E72449244B5FFA8AF0B02202FB00120024548103F24C51A7
:20D3C0009A781AB11A78824208BF9C7071338B42F6D19CE5009B002B3FF411AE002E7FF435
:20D3E00011AE94E513F0080563D10F4A1068029AA0EB010C62457FF78AAD90F800C00A4ABC
:20D40000CCF3830C4CF0600C8BF800C010F801CB10604FEA9C0000F0300040EA8C10ABF831
:20D4200002508BF80100BBE69C1B0020B4220100B8220100C02201009C2201003C1A0020D4
:20D44000F0140020C549087801287FF460AD487890427FF45CAD02310BF10805CBE6C04A6C
:20D46000029D1368581A85427FF751AD13F8010B8BF807001360ACE6029A02354FF0600CC1
:20D48000AA428BF800C07FF742AD90F800C0B44A4FEA9C0505F030050CF00F0C45EA0C0C50
:20D4A0008BF801C0B0F80150ABF802500330106076E660250020ABF80050ABF802006FE6A9
:20D4C000DFF8BC82B02303FB0AF308EB03025589B2F818B0A2F80C905D4568D3B5F5A06F55
:20D4E00065D81A3308EB03015A469E489E4E04F073FA9C4BA5EB0B0203EB0B00002104F046
:20D5000093FAF51E06F24C5B02E07136B34574D016F8012C002AF8D016F8033C9A45F4D1E9
:20D5200016F8023C8F4802EBC301B1F5A06F4FEAC3033146184400F2258104F04DFAE4E7F2
:20D540008A4A0C20D25C0492FCF73AF8049A884903460BF10800FFF787F800287FF45BAE0D
:20D56000D5E4710738D50399002906DA2178D8F800300B449B7803F00F03784D2978012938
:20D580007FF4C5AC697899427FF4C1AC794B0D209A5C0392FCF714F8039A0346A91C0BF1E9
:20D5A0001800FFF761F800287FF45DAEAFE4B0235FFA8AF003FB008A6F4B0024AAF80A40D3
:20D5C00003F24C519A781AB11A78824208BF9C7071339942F6D19AE4644B0D209A5C039288
:20D5E000FBF7EEFF039A624903460BF11800FFF73BF800287FF437AE89E45FFA8AF1B023EA
:20D6000003FB018A00205D4AAAF80A00AB781BB12B788B4208BFA8707135AA42F6D1009BDC
:20D62000002B3FF4ECACEDE40299013399427FF76EAC9CF801301B09A3F575639BB21B0226
:20D6400043F0F00333809CF8013003F00F03A3F575639BB21B0243F0F0037380404B0CF1AC
:20D6600002051D6053070CD43D49049A0B6802989A1A013290427FF74AAC33F8022BF280CC
:20D680000B60FBF7E7FE364AD8F8001012680346B9F1000F00F0AF80089AA9F128039B1A31
:20D6A0009BB21A0212B21B0A3978134301F10802B3803A702A4BD8F800201B689B1A237008
:20D6C000B9F1000F71D0A9F128031A1200268BF80530009B8BF804203546029359E4049B53
:20D6E0000299B446ACEB030399425E46DDE90C9ADDF82CB07FF70BAC02F0F802F02AD9D17F
:20D700000199A6EB0B0207328A42BFF600AC059911220A709CF8002002F0F301F039032931
:20D720003FF6F5AB01A050F821F000BF35D8000009D80000CBD7000029D600008BF801C088
:20D74000FFF7E5BB049B029ADDF82CB0F31A9A42DDE90C9AAEDCFFF7DABB00BFE01400200A
:20D760009C1B0020F0240020F3140020BC220100A0220100B8220100F01400203C1A002060
:20D780003C1A0020B02303FB0A823249002353815FFA8AF0AA781AB12A78824208BFAB703C
:20D7A0007135A942F6D1FFF7B2BBFBF753FE21783A78431A1344283B5BBAABF80430009B82
:20D7C00002934E464D46FFF7E4BB0299033399427FF79DAB9CF80130A3F580539BB21B02F4
:20D7E00043F0F0033380BCF8023073801A4B0CF104051D6036E7521AC2F1080213449BB2A5
:20D800001A0212B21B0A4FE70299033399427FF77EABBCF8013033809CF80330A3F58053B8
:20D820009BB21B0243F0F00373800B4B0CF104051D6017E70299043399427FF768ABBCF8A4
:20D8400001303380BCF803307380034B0CF105051D6007E73C1A00209C1B002038B5436865
:20D86000934294BF03F1FF35154604462A46006804F0B2F8D4E900322B44521BC4E9003293
:20D88000002038BD0CB410B586B008AA029052F8043B094C019208460390194604A802AB6A
:20D8A000CDE9044300F0BCF8029B00221A7006B0BDE8104002B070475DD80000074B82B0B1
:20D8C00001AA9A42019304D9CD2103F8011B9342FBD10348002102B0FBF774BF202B0020FC
:20D8E000C401002038B5124C124D02F09FFF2378CD2B08D0AC4202D30EE0AC4212D014F811
:20D90000013FCD2BF9D1AC4202D30BE0AC4209D014F8013FCD2BF9D002F088FFAC4203D247
:20D92000281B38BD02F082FF4FF0FF3038BD00BF202B00200000042070B50388044633B1AD
:20D94000972B0DD1154BDB6873B1012070BD13484FF4A061F7F76AF997232380012070BD77
:20D9600000230380032070BDFFF7BCFF0C4E0D4BF61AB04205460DD90B4B1B68002B09DD31
:20D980000A4A0B490B48FBF777FE0B4832462946FBF772FE0148F7F753F9DDE7B01B002057
:20D9A00000000420202B0020EC000020C422010048200100F41E0100CC22010010B504466B
:20D9C000F6F714FCD4E900321344C01A6FF0004398422CBF0020012010BD00BF102A2DE9A6
:20D9E000F041144606460D460DD90C4F01E0102C0CD93368286810223946103C984700288B
:20DA0000F5D0BDE8F0811046002AFAD03368286802492246BDE8F041184700BF3C230100AF
:20DA20000B78002B00F0DF842DE9F04F91B0904600228A468146009204E01AF8013F002BCD
:20DA400000F0D680252BF8D1514500F00381AAEB0104D9E9003022469847002840F0588159
:20DA6000009A9AF8003022440092002B00F0C3809AF801300AF10104002B00F0BC800021B9
:20DA8000A3F12002102A0AD8DFE802F0AF0909AC09090909090909A909A60909A100A3F1B0
:20DAA0003102082A40F2BD802A2B00F0C88000262E2B00F0AB804FF0FF3B6C2B00F09F804C
:20DAC000682B00F0CA807A2B03D1637841F060010134782B00F2EA80DFE813F08D00E80020
:20DAE000E800E800E800E800E800E800E800E800E800E800E800E800E800E800E800E800A6
:20DB0000E800E800E800E800E800E800E800E800E800E800E800E800E800E800E800E80085
:20DB2000E800E800E800C401E800E800E800E800E800E800E800E800E800E800E800E80088
:20DB4000E800E800E800E800E800E800E800E800E800E800E800E800E800E800E800BD016F
:20DB6000E800E800E800B601AF01A801E800E800E800E800E800E800E800E800E800E800CD
:20DB8000E800E800E800E800E800E800A101E800E800E800E800E800E800E800E8009A0198
:20DBA000E80093011F015B0169016201E8001F01E800E800E800E80085017E017701E80093
:20DBC000E8007001E8005401E800E8004D0141F0100114F8013F53E741F00101F9E741F085
:20DBE0000601F6E741F00801F3E741F00201F0E78A457FF42CAF009811B0BDE8F08F6378AD
:20DC00006C2B31D0013441F0600162E76378A3F13000092804F101022BD92A2B3AD01446D7
:20DC200049E7002606EB860603EB460614F8013FA3F13002092AA6F13006F3D938E7D8F80A
:20DC400000606378002E08F10408B8BF41F0010101342DE79AF8003007E76378682B20D055
:20DC6000013441F0400134E7A37841F0800102342FE74FF0000B0BEB8B0B03EB4B0B12F8A5
:20DC8000013F2F2BABF1300B40F29282392BF2D9144612E7A378D8F800B0023408F1040875
:20DCA0000BE7A37841F02001023412E701F4E0630F46B3F5A06F04F1010A39D000F2918185
:20DCC000B3F5407F00F09C81B3F5806F40F0D180D8F80050019508F10408002D40F02082FE
:20DCE000C44B01930625BBF1000F02DB5D4528BF5D46AE428CBF761B0026F80740F12382CB
:20DD0000D9E9003001992A469847002800F0B9814FF0FF3011B0BDE8F08F01F4E06343F414
:20DD20008073B3F5A06F41F4245704F1010AC5D1012ED8F800308DF82830354638BF01254F
:20DD4000FA0705F1FF3508F1040840F11C82D9E9003001220AA998470028D9D12A4609F1E1
:20DD600004014846FFF73AFE009B01330028CFD1EB1800933FE001F4E06343F4807341F4FF
:20DD8000C85796E701F4E06343F4807341F410678FE701F4E06343F4007341F4024788E794
:20DDA00001F4E06343F4007341F4813781E701F4E06343F4007341F400777AE701F4E06305
:20DDC00043F4806341F4806773E701F4E06343F4407341F440776CE701F4E06343F48073F0
:20DDE00041F4885765E704F1010AD8F80030009A1A6008F104086378002B3FF4FCAE514630
:20DE000020E601F4E06343F4A06341F4A06750E701F4E06343F4007341F4C13749E701F4E3
:20DE2000E06343F4807341F4B24742E701F4E06343F4007341F4A1373BE701F4E06343F49E
:20DE4000007341F4844734E701F4E06343F4007341F442472DE701F4E06343F4007341F469
:20DE6000E13726E701F4E06343F4C06341F4C0671FE7B3F5807FBED1BBF1000FABBF27F017
:20DE800010070123CDF804B0019317F40053069307F0E00300F01D81402B00F07C8200F290
:20DEA0000B81002B00F05A82202B40F09E8298F9002008F10408D317002A73F10001C0F263
:20DEC0001D82CDE9022307F4C053B3F5805F00F08C81B3F5C05F00F0E781B3F5006F00F010
:20DEE000AD81002305939B460DF13E030493019B9B4534BFA3EB0B03002341F6080201937F
:20DF000007EA020141F208039942019B00F0138191425B4404D1DDE902120A4340F058815D
:20DF200000250795069A7AB1059A002A40F04C8107F00602022A00F054812F49062A079A56
:20DF400004BF0A46012507922B449E428CBFF31A0023029317F00103059307D1FE0640F1E0
:20DF6000F381DDE901210A44CDE901233DB1D9E9003007992A46984700287FF4C9AE009BA1
:20DF8000019F5B44102F009340F2B2811B4ED9E9003010223146103F984700287FF4B8AED8
:20DFA000102FF4D8D9F800301449D9F804003A46984700287FF4ACAED9E9003004995A46A0
:20DFC0009847009B1D4400287FF4A2AE019B2B449B46059B002B40F0ED80029B5B44009358
:20DFE00009E7B3F5C06F5BD0B3F5E06F3FF4FDAE01E700BF30230100282301004C230100A3
:20E00000D8F80010C948CA4D17F4804F08F104080A464FF0000314BF8346AB4600296AD097
:20E020000DF13B0E7146100902F00F0C40EA03701D0902462B461BF80C0001F8010D52EADE
:20E040000300F0D1BEEB010557D003357823AE4201F8013C4FF030024FF0230301F8022C30
:20E0600001F8033CA1F1030B8CBF761B0026F9077ED5D9E9003059462A46984700287FF4F8
:20E0800047AE324609F104014846FFF7A7FC009B2B441D4600287FF43BAE73190093AAE64D
:20E0A000D9E90030A3490122984700287FF430AE009B013300939EE6602B00F04F81802B2B
:20E0C00040F0938108F1070828F00708F8E80223F2E6402B00F0578115D8002B00F04481F0
:20E0E000202B40F0998198F800200023CDE9022308F10408E7E60DF13B01302301F8013C48
:20E1000004250139A2E7602B00F02E81802B40F0838108F1070828F00708F8E80223D0E620
:20E120002B78002B00F0488115F8013F002BFBD1019BED1AD7E5012B38BF012300250193B5
:20E1400007955B44EEE6324609F104014846FFF745FC00287FF4DCAD0199D9E900302A4654
:20E16000984700287FF4D4AD009B2B441D4694E7324609F104014846FFF730FC00287FF4FA
:20E18000C7AD5946E9E72A4609F104014846FFF725FC00287FF4BCADD9E9003001220AA9BC
:20E1A0009847009B013300287FF4B2AD2B44DFE514468EE4029A09F104014846FFF70EFC8F
:20E1C00000283FF40AAFA3E55B4A07920125BBE65A495B4A17F4804F18BF0A460792022595
:20E1E000A0E6584A07920125AEE6DDE9022313433FF477AEDDE902231846002315460593AC
:20E20000DDE902230DF13E0107918C464FEAD20B4BEA437B02F007014FEAD30E30315A464E
:20E2200073460CF8011D52EA0301EFD1079BCDF810C0CDE90250A3EB0C0B58E6DDE90223F6
:20E24000134300F0C88000230593DDE902120DF13E03CDE9086407938B46154604971C4677
:20E26000584629460A22002303F02CFA303204F8012D584629460A22002303F023FA2F46BC
:20E280005E46002F08BF0A2E83460D46E8D2079B049F089E04942246A3EB020B099C26E69F
:20E2A00000220023CDE9022317F4804365D10593DDE902231E4DDDE90201014300F085804A
:20E2C0000DF13E000790110902F00F0E41EA03714FEA131C0A46634615F80E1000F8011D01
:20E2E00052EA0301EFD1079B0490A3EB000BFEE5019B002B3FF460AE1F4653E6524207F437
:20E30000C05163EB4303B1F5805FCDE9022355D0B1F5C05F45D00123B1F5006F059394D0C4
:20E320000DF13E0304934FF0000BE0E508230100F422010038230100242301001C230100D1
:20E34000202301002C230100029A09F104014846FFF744FB00283FF409AED9E4D8F800200C
:20E3600008F10408D317A7E5D8F8003000221946CDE9021208F10408A5E50021DDE902233C
:20E38000324D059197E7B8F800200023CDE9022308F1040897E5B8F9002008F10408D317DB
:20E3A0008AE57B0405D50121DDE90223274D059186E7012305937BE7019DB9E6DDE90223CB
:20E3C00018460123154605931AE70DF13E034FF0000B04938BE54FF0000B0DF13E03CDF8E9
:20E3E00014B0049383E51846704707F4C053B3F5805F06D0B3F5C05F3FF452AFB3F5006FC8
:20E4000013D0002305939B4600230022CDE902230DF13E0304936AE507F4C053B3F5805FA3
:20E4200008D0069B05939B46EEE74FF0000BCDF814B0E9E70699059100230022CDE902231D
:20E440000DF13E038B46049351E500BF08230100074A084913681844884202D81060184609
:20E460007047054B0C221A604FF0FF3318467047D401002000000420042B002010B44FF0FC
:20E4800080414FF080520020C1F80C015E4BC1F81001C1F83805D2F80414C3F82015D2F8BF
:20E4A0000814C3F82415D2F80C14C3F82815D2F81014C3F82C15D2F81414C3F83015D2F8C4
:20E4C0001814C3F83415D2F81C14C3F84015D2F82014C3F84415D2F82414C3F84815D2F80C
:20E4E0002814C3F84C15D2F82C14C3F85015D2F83014C3F85415D2F83414C3F86015D2F85C
:20E500003814C3F86415D2F83C04C3F86805D2F840043E49C3F86C050968D2F84424C3F82A
:20E520007025082924D04FF08043D3F80024D20744BF6FF00102C3F80024354AD2F8883012
:20E5400043F47003C2F88830BFF34F8FBFF36F8F4FF01023D3F80022002A23DBD3F80432D7
:20E56000002B1FDB2B4B2C4A1A605DF8044B70472A4B1B68002BD6D129482A4A2A4C04602C
:20E580002A492B4BFB20C2F818050A681B68294822F00F0203F00F0313434FF400720B609C
:20E5A0000260C0E7244A0123C2F80435D2F80034002BFBD04FF0102312211F4AC3F80012FE
:20E5C000D2F80034002BFBD04FF0102312211A4AC3F80412D2F80034002BFBD000231649F7
:20E5E000C2F80435D1F80034002BFBD0BFF34F8F0749124BCA6802F4E0621343CB60BFF35B
:20E600004F8F00BFFDE700BF00C000403001001000ED00E0D80100200090D003340100100B
:20E620008C56004000F0004048810300E40E0040580200104096024000E001400400FA05E4
:20E6400010B5014682B004460120F7F73BFC38B9064BDB680193204602B0BDE81040184767
:20E6600001F004FE002002B010BD00BFA4220100002108B50846F7F725FC18B1BDE8084091
:20E6800001F0F4BD024602210348FBF745F9BDE8084001F0EBBD00BFDC01002070B5384D06
:20E6A0002B8888B0002B36D0B3F5A06F31D8354C608B238BA28BE18B03431343228C608C95
:20E6C0000B431343A18CE28C03430B4313439BB2FBB12D4E736B9847D8B1237EFF2B1CD0A0
:20E6E00004F1180000F05CFB20B12B889BB100F04DF810E0336C04A8984780B104AC204660
:20E7000000F0F0F9054648B3284600F0E5F9FFF797FF01F0ABFD08B070BD0020F7E704F1A1
:20E72000180000F01FFBB8B904F1180000F01EFA054658B100F018FA04460028DFD128464B
:20E74000F36C9847284600F013FAE2E700F074FA04460028DDD0D2E71834D0E702A82146FD
:20E7600000F0D8FC092301952A46009302A92046012300F055F905460028C5D1C9E700BF25
:20E78000E0240020F02400202422010008B5012001F08CFA034B1B8803B908BDBDE8084026
:20E7A000FFF77CBFE024002038B50388044623B340F2353083420FD187293BD010D8012963
:20E7C0002ED0022903D1234B1B88002B3ED140F235332380012038BD00232380032038BDC0
:20E7E0008829F4D11C4B9A42F1D1D368002BEED100F0D6FBFFF752FFE9E7FAF7D9FF174B76
:20E800000246402116481A70F6F710FA01F0F6F9144B5B68984740F2353323800120DAE770
:20E82000002AD4D0104B05201A6001F03FFAFFF735FFCCE70D4B002503F5807099698A42D6
:20E8400008BF1D8220338342F8D1C0E7FFF79EFFBDE700BFE0240020D02400200F2B002042
:20E86000C01B002024220100F4290020042A0020074B1B6843B12833186820B105495A6846
:20E880000978FBF749B87047034B1B681833F3E7FC2900200F2B0020F4290020802802D100
:20E8A000024B00221A600120704700BF04C500400120704730B5134C0123236083B0FDF7E5
:20E8C000A1FB6FF003031D1A03E0FDF79BFBC54203D5D4F80031002BF7D00A4B0022C3F893
:20E8E0000021D3F80825D3F80835920544BF6FEA83536FEA9353034A01930123536001989E
:20E9000003B030BD00C0004010B541600446F5F751FC206010BD00BF10B50446F5F74AFC21
:20E92000D4E90021C2F101031844884284BF5218226010BD10B50446F5F73CFCD4E90032FE
:20E94000C3F10103184482422CBF0020012010BD30B4144B1448154D4FF0A041002203247C
:20E96000C3F80025C1F874474FF00054C1F80845C1F87C271F241D21C3F8245582B0C3F8AC
:20E980006C25C3F81445C3F80C15026001680191019C074A04200121C3F80005116002B082
:20E9A00030BC7047002000401C21004000E0D70108200040074B0849084A0020186082B0F8
:20E9C0001B680193019BD1F818051368C0B202B0184700BF0821004000200040D01B00200D
:20E9E00050B110B5054B04469B6C984721460448BDE81040F7F7ECB9704700BF24220100D9
:20EA0000EC01002008B5F6F769FEBDE8084002490248F7F78BB800BFE1E90000EC0100208F
:20EA2000F8B505469DF818200B481E46079BF7F761F9044668B1094BD5F800C06F68A96844
:20EA4000EA689B6CC0F800C047608160C260467498472046F8BD00BFEC0100202422010074
:20EA6000002834D02DE9F041884688B061B307461848F7F7DFF8064630BB3D682868EB68D8
:20EA80006968AA6803AC0FC428462B8A2380FFF7A7FFC8B1052300939DF81C209DF81D30C8
:20EAA0000196414603A8FFF7BBFF0546386058B103AC0FCC28606960AA60EB6023882B8269
:20EAC000304608B0BDE8F0814FF0FF30F9E74FF0FF307047EC01002001460148F7F7DCB95F
:20EAE000EC01002070B5B8B105460D48F7F774F8044688B10A4E03E0F7F73AF8044658B150
:20EB000029461022204602F059FF034621463046002BF1D1204670BD0024204670BD00BF88
:20EB2000EC01002001460148F7F784B8EC01002008B5FFF7D7FF28B10146BDE80840024821
:20EB4000F7F7AAB908BD00BFEC010020704700BF08B50348F6F70CFF024B00221A6008BDAF
:20EB6000FC010020F41C00200020704700207047704700BF0C4B1B68A3B1984210B504460D
:20EB800002D105E0A34203D01B68002BFAD110BD21460548F6F718FE21460448BDE8104060
:20EBA000F6F714BF704700BFF41C0020FC01002038B5054670B1084B1C6814B908E0246861
:20EBC00034B110222946201D02F0F8FE0028F6D1204638BD0446FBE7F41C002070B5C0B14E
:20EBE0000E460546FFF7E4FF0446A8B128686968AA68EB68251D0FC51EB901232377204623
:20EC000070BDA661F5F7F2FA002360612377204670BD0024204670BD0548F6F7BBFE0446E3
:20EC20000028F6D001460348F6F7B0FDDEE700BFFC010020F41C002038B5084B1C685CB118
:20EC4000251D2846FFF74EFF08B1437C13B92468002CF5D1284638BD2546FBE7F41C00201F
:20EC600038B50A4D2C6824B1237F1BB12468002CFAD138BD04F11400FEF7A0FE0028F5D078
:20EC80002046FFF777FF2C68EDE700BFF41C00202DE9F04702FB0106B0429DF820A0DDF8DE
:20ECA000249016D20446174698464FEADA0A05E002F084FEA8B13C44B4420AD2257C20460B
:20ECC00052464146002DF3D1C9F800403C44B442F4D3D9F80030002B14BF01200220BDE8FF
:20ECE000F087C9F80040BDE8F08700BF004870473C1D002080B32DE9F041DFF8648082B0E2
:20ED0000CDE900184FF0000C0D4617461E46044603461C221148C8F800C00321FFF7B8FF4B
:20ED2000012803D0002002B0BDE8F081D8F800C08CF810002068E3686168A26864460FC4A8
:20ED4000D8F80000089B4361099B45748774C674836102B0BDE8F081002070477C240020C7
:20ED6000641D0020F8B50C4B0C4E1C460546336003F15407237C2046294623B1627CD20805
:20ED800002F01CFE28B11C34BC423460F2D10020F8BD0120F8BD00BF7C240020641D00201E
:20EDA000A0B130B583B00A4C01948022034600250092084825601C220321FFF769FF10B9FF
:20EDC000206803B030BD002003B030BD002070475C1D002080230020F0B4124B124F05466B
:20EDE0001A463B60184603F15404002148F2FE0608E0437CAB420AD01C30A0424FF0010132
:20EE00000CD00246037C002BF6D06B1CF1D10388B342F1D121B13A60F0BC7047386000204C
:20EE2000F0BC7047802300205C1D002000B370B582B0104D01958023009304460346002627
:20EE40000D482E6012220721FFF722FF012802D0002002B070BD2B68187420686668A168E4
:20EE6000E268186028685E609960DA6002B070BD00207047601D0020F8230020002847D082
:20EE80002DE9F04782B0234E01968023009388460346914604464FF0000A1F48C6F800A06F
:20EEA0001C220321FFF7F4FE0128054603D0002002B0BDE8F0873768387420686168A2682D
:20EEC000E3680FC7376887F81290B8F1000F16D1FD7412480122FF237A740373637B4373AA
:20EEE000E389C38140F2FF2100224FF0807380E80E00FFF79BFF306802B0BDE8F08787F8D1
:20EF000013A0C7F81880F5F771F978613768E0E7002070475C1D0020802300204C1D002096
:20EF2000A0B130B583B00A4C019480220346002500920848256012220721FFF7A9FE10B944
:20EF4000206803B030BD002003B030BD00207047601D0020F823002038B50D4BFF221A7327
:20EF6000427B5A7304464FF0807140F2FF2000251860E289996018465D60DA81FFF7D0FF00
:20EF8000044B186000B105740023237438BD00BF4C1D0020601D002008B1FFF7DDBF7047EA
:20EFA00038B5124B124C1846236003F1540504E020681C30A842206010D2037C002BF7D006
:20EFC000C37C002BF4D11430FEF7F8FC0028EFD020680028EDD0FFF7BFFFE9E7FFF740FEC9
:20EFE000BDE838400348F5F72BBE00BF802300205C1D0020D02400202DE9F04F0B8848F283
:20F00000FE094B4505463BD00B78FF2B38D03A483A4E00230246306000F154089A4603E039
:20F020001C324245326022D0107C0028F8D0507C0128F5D110884845F2D001F1FF3C571EB7
:20F0400000201CF801BF17F8014FA34500F1080E3FD15FFA8EF08028F3D1504528BF134646
:20F0600002F11C0228BF824642453260DCD12BB31C460FCC28606960AA60EB60BDE8F08F25
:20F080001D4B1E4E1946336003F15404002048F2FE0705E01C33A3424FF001000DD019466A
:20F0A0001A7C002AF6D05A7C012AF3D11A88BA42F0D10028DCD03160DAE7336000232B801F
:20F0C0006B80AB80EB802B816B81AB81EB81BDE8F08F00F1080E8BEA04045FFA8EFE67008B
:20F0E00014F0800F00F1010CFCB2B6D15FFA8CF08645F4D1B1E700BF802300205C1D002032
:20F100000B684A688360037AC26083F002030372704700BF51F8083F4A6803600378426023
:20F1200083F002030370704770B5094E70684508FAF786FC0446FAF783FC24027268A4B209
:20F140002044B0FBF2F302FB1300284470BD00BF70230020F0B53C4A548813889088D1888D
:20F160001589234303430B4354899089D1892B43234303430B439BB283B023B9C2E9013304
:20F18000FD21D3601160314E314CFFF73BFCFFF7DFFC542200212F4802F046FC30464FF4B8
:20F1A0008472002102F040FC2B492C4B4FF4A0604EF660224027306072601C20102286F861
:20F1C00006711A700870FFF7AFFF002539464FF47A77CDE90055F76048F2FE072B46B06018
:20F1E0002A4686F80751C4E900752046FFF782FD1B4B1868596804F1080303C3237A294653
:20F20000012283F002032046237240F2FF26FFF735FE4FF08073E360C4E901552046266074
:20F22000FFF704FE4FF00073C4E90065C4E902532046FFF7FBFD0B484FF4F05103B0BDE88D
:20F24000F040F5F7F3BC00BF3C1D0020702300204C1D00207C240020792400207824002036
:20F26000E8240020D02400202DE9F047DFF8548008F108030FCB84B06E4686E80F0098F883
:20F28000077000F0DDFC0E4B1C689CB1DFF838A0DFF8389065683946304645B1BAF800301C
:20F2A000B9F800202C3B2C329BB24244A8472468002CEFD100F0DAFF04B0BDE8F08700BF26
:20F2C000681D0020F0240020E02400208C200020F8B51C4F1C4A3B7E92F80621FA71FF2BE8
:20F2E00022D007F1080696E80F00184D07F1180485E80F0094E80F0086E80F0095E80F0000
:20F3000084E80F00124C00F09BFC23882833FA1881200021F852518000F06CFC23880D4A3E
:20F320001344C0435880F8BD07F1080494E80F0007F1180585E80F0029462046FFF75CFEA1
:20F34000E0E700BFF024002070230020701D00208C2000201825002008B5094B1B6863B1C2
:20F360001A7A8242FAD15A7A914201D0FF2AF5D15B6813B19847002008BD012008BD00BF13
:20F380006C1D002001460148F6F7D2B96C1D00202DE9F84F494B1B783A2B05460E4617462E
:20F3A00000F08480464C62892389A1891343E2890B43218A1343628A0B43A18A1343E28ACF
:20F3C0000B4313439BB2002B42D0237AFF2B3FD03C4BDFF804A11B6BDFF8F0B0DFF8F090D2
:20F3E000984704F11808BAF800C098E80F000CF1300C1FFA8CFCBCF5A06F28BF4FF4A06C48
:20F400008BE80F000023ACF13002214604F13000AAF800C0A9F8003002F0ECFA04F10803E1
:20F420000FCBDFF8B8E09BF800C09EF806E184F807E088E80F004FF0600E3A23BCF1FF0F0C
:20F44000C4F800E0A37107D1042D01D1022E03D0BDE8F84F00F00ABF1B481C4900F1240894
:20F46000FFF7CAFDB9F800B00BF128033846E5541C44A8F10405667000F0EAFEBAF800101E
:20F4800048F80B00283989B2A8F12C0000F032FFB9F800302B4400225A8000F0ABFBB9F80C
:20F4A00000302B44C0435880BDE8F88F084A094B1288D356002BFFF675AFC9E7AD2000205C
:20F4C000F024002024220100F8240020701D00208C20002018250020E024002070230020C8
:20F4E0002DE9F8439EB21D4B1D4C93F80631E3710546331D60208846206099B220463A230D
:20F500001746A37100F0F6FE2DB328686968AA68EB68DFF8549004F118050FC504F1080052
:20F52000A5F11001FFF768FDB9F8003028331A19002103F804805770518000F05BFBB9F82B
:20F540000030084A1D442C36C04368801680BDE8F843FFF7A3B8BDE8F88300BF7023002022
:20F56000F0240020E02400208C20002008B505480549F6F7DDF8BDE8084002480349F6F7DD
:20F58000D7B800BF6C1D002014020020080200202DE9F04F9C4E9D4FB6F800C039880CF1BD
:20F5A00040028A4285B003D8994CE379FF2B04D000F05CFE05B0BDE8F08F0CF12C0020443E
:20F5C0000379FF2BF4D004F1280363445B78002BEED1DFF854A28F4DCAF800300CF1420E55
:20F5E00014238E452B8071DADFF8409204F1080B04F12C0812E02B88B6F800C039880CEB66
:20F60000030242440CF12C00527803EBC2039BB2C21802F1020E8E452B8056DA63442C33DB
:20F62000E01840780028C3D0E35C012BE3D102F109038B42BCDA61892389A0890B43E18967
:20F640000343208A0B43618A0343A08A0B43E18A03430B4322449BB2CAF80020002BA7D08D
:20F6600052F8020F516802AB03C35846FFF73AFA0246C9F8000098B1FFF72EFA014600285C
:20F6800096D0DAF800000822023002F097F980B9D9F800305A7C002AADD102225A74AAE719
:20F6A00005230190009302A902235846FFF7B8F9A1E702A94846FFF7D3F90028FFF678AF22
:20F6C000D9F8003002225A7495E720440430FFF767FB514D286000283FF46AAF628923899A
:20F6E000A1891343E2890B43218A1343628A0B43A18A1343E28A0B4313439BB2002B3FF45A
:20F7000057AF464F3846FFF74BFB00287FF450AF228B40F2FF239A420CD1A28B638BE18BB9
:20F720001343228C0B4313439BB21BB9638CB3F5807F57D0DFF8F8804046FFF731FB2B68B9
:20F7400083427FF435AF97E80F0088E80F003388434418330FCB87E80F0000F087FD6023A4
:20F760002B482360282100F0C5FD328829682C4F02F1280002F12C034FF63A7E4FF0880CC5
:20F78000E025A4F806E024F800C0E55440322344D1F800C0D1F80480D1F808E0C9681961C2
:20F7A0002518A018C3F804C0C3F80880C3F80CE002210023D7F800E07F68A1544170C0F8B1
:20F7C00002E0C0F80670C0F80A30C3816B8000F011FA3388134A1344C2435A80502000F04F
:20F7E0007DFDE7E694F82430FF2BA3D197E80F0007F1100C8CE80F0033883B4428330FCBB0
:20F8000087E80F00A9E700BF8C200020E0240020F024002088200020801D0020F824002036
:20F82000E824002018250020881D0020841D0020082500200148FFF7A5BD00BF20020020CA
:20F8400010B5084B84B09B690C4601466846984721466846102202F0B1F8B0FA80F04009ED
:20F8600004B010BD2422010070B50B4B1C6844B106460D4615B1A368B34205D02468002CDA
:20F88000F8D10024204670BD29462046FFF7D8FF0028F3D0204670BD8C1D002030B5114BBE
:20F8A00087B005465B69019102A8984701992846FFF7DAFF02A904462846FFF7D5FF5CB1D6
:20F8C00084420CD01023646934B1A04207D0013BF9D1184607B030BD204607B030BD0120B5
:20F8E00007B030BD2422010070B515460646FFF7BBFF30B10446406918B115B183689E4273
:20F9000000D070BD2946FFF79BFF0028F9D063683C2B84BF3C23636070BD00BF2DE9F84326
:20F920009146064698460F46FFF79EFF494604463046FFF799FF0546B9F1000F00D068B312
:20F94000E4B1C4E901863A46394652F8083F52682261E3603046FFF7A1FF18B965612046C5
:20F96000BDE8F8833046394666696561FFF796FF0028F4D166612046BDE8F8830D48F6F7D6
:20F9800009F80446A0B10023436101460A48F5F7CFFE0A4A136801331360D2E702464946AC
:20F9A0004FF0FF333046FFF7B9FF05460028C7D10024D4E72C0200208C1D0020201F002052
:20F9C00010B5044B044800241C60F5F7D1FF034B1C6010BD201F00202C0200208C1D00205E
:20F9E0002DE9F047184F3D6895B1DFF86080DFF860900646BA462C462D68636853B15A1C52
:20FA000004D0B3428CBF9B1B00236360002DF2D1BDE8F0873B6813B905E01B681BB15A69C4
:20FA2000A242FAD1F2E721465046F5F7CDFE21464046F5F7CBFFD9F80030013BC9F80030B9
:20FA4000002DD8D1E4E700BF8C1D00202C020020201F0020F0B50B4E346883B084B10A4D77
:20FA60000A4F0194214630462468F5F7ADFE01993846F5F7ABFF2B68013B2B60002CF0D1A3
:20FA800003B0F0BD8C1D0020201F00202C020020013AF0B48E18B1421DD2CF43F51925F0F4
:20FAA00001030D1D1D448A1C12F8024C12F8013C03EB04239BB2184480B2834288BF013045
:20FAC00002F1020288BF80B2AA42EDD1F31923F00103023319448E4201D0F0BC70473378A8
:20FAE00000EB032080B2B0EB032F3CBF013080B2F0BC704770B5134D82B00646284600F0D7
:20FB0000FDFB114B1C88031B9BB2ADF80630BDF8063016FA83F005F10801202280B2FFF7D0
:20FB2000B7FFBDF8062004F12801294492B2FFF7AFFF18B140BA80B202B070BD4FF6FF7039
:20FB400002B070BDF02400208C2000202DE9F0414678C478F6000836231D9E4200F102023C
:20FB60001FDB0221DFF88880074602340D461378012B0AD0632B1FD0DBB103F0C003802BB8
:20FB80002FD0C02B21D0402B1CD02C44A5B26B1CB342294627DA7A19547802346319B3427A
:20FBA000E5DD124B04200221D21AFFF7F1FB022009E00135ADB2EAE7D8F83830384698470B
:20FBC0000028E2D10120BDE8F081084B197EFF29F8D0D21A02210420FFF7DAFB0220BDE874
:20FBE000F081024BF5E70020EDE700BFF0240020242201003A20FFF77DBF00BF08B500F045
:20FC000025FCFFF7A7FAFFF7B1FCFFF713FE0A4B0A4900224FF4806008801A821A86A3F836
:20FC20005020A3F87020A3F89020A3F8B020A3F8D020A3F8F02008BD042A00208A20002060
:20FC400070B5164B1C8804B3154E328804F1270393421DDA134D144B04F12801283A1B78E9
:20FC6000AB71121B294405F1280001F0C3FE604200B200F015FB044640B1318828392846E7
:20FC800089B200F037FB204670BD0124204670BD002400F0EBFA204670BD00BF8C200020A5
:20FCA000E0240020F0240020AD2000202DE9F04F042885B037D09E4D9E4C9F4F2F600528C3
:20FCC000276017D09D4E3388272B07D917F83C3C03F0F003602BA7F13C0B75D0DFF87C82ED
:20FCE000974F00F0C3FA00233B7088F8003005B0BDE8F08F934B1B681B8A002BEED0924851
:20FD00008E49DFF85C92DFF8548200230C3F08222F60276003600B80A9F8003088F800208D
:20FD2000FEF7A6FD03E0DFF83892DFF83082B9F80030002BD4D0DFF820B2804A834C03F138
:20FD400008015846303389B2138000F0D3FA7D4B21881B68B9F800201D7D8BF8075028317C
:20FD60000BEB0100083252BA112600258BF80660C58082801A8A6025ABF800502BF801205A
:20FD80005A8A42800FCB0BF1180585E80F0029460BF10800FFF730F9654B0BF13C0230465C
:20FDA0001A60FFF7A7FE2388C043283380B25B4400286ED0D8800023ABF80230002388F8FB
:20FDC000003005B0BDE8F08F584600F097FA3388834283D3584600F091FA283081B2B1F5DB
:20FDE000A06F31803FF67AAF594A00235846137000F0BEFA00283FF471AF9BF80830DFF839
:20FE00004C81A7F11409A0EB0900FF2BA8F800003FF464AF31880DF10F020123584600F042
:20FE200073FA18B19DF80F30002B78D04948FEF7B7FF002800F09680414F318846484FF0C5
:20FE4000000C01230DF10F0287F800C000F05CFA8246002845D09DF80F30062B43D0112B85
:20FE600000F002813A2B00F0E380002B00F0D4802B3BDAB2112A36D8112B34D8DFE803F0AB
:20FE800018153333333333333333333333333333153C4FF6FF72DA808DE71846FFF72AFE1A
:20FEA0004FF6FF73984200F0EA80DFF8B08018E73B785A0717D49AF8032043F004033B70B8
:20FEC000002A40F067813188AAEB0B03C91A504689B200230DF10F0200F016FA82460028AE
:20FEE000B9D14FF0000AAAEB0B0201210420FFF74FFADFF8688061E73B78980740F194806A
:20FF00005906F0D443F040033B705046FFF71EFE0128CAD00228D6D1DFF840804EE7FFF79F
:20FF200015FE01283FF4DAAE02287FF47FAFF3E7F8290020E42400202C250020E024002027
:20FF4000AC200020F4290020FC2900208C200020AD20002008250020F0240020F0290020C0
:20FF6000002A0020B148FEF7DBFF00287FF464AF9BF81830FF2B3FF4B1AEBBF81830BBF87C
:20FF8000082048F2FE018B4200F0BF808A4200F0CD80BBF80A10BBF80C000A43BBF80E1051
:20FFA0000243BBF810000A43BBF812100243BBF814000A43BBF8161002430A4392B2002AE5
:20FFC0003FF48CAEBBF81A20BBF81C10BBF81E0013430B43BBF82020BBF8221003431343FF
:20FFE000BBF824200B4313439BB22BB9BBF82630B3F5807F3FF472AE3388B3F5A06F00F2CE
:020000040001F9
:20000000C0809BF80730012B40F2B380013BDFF834828BF80730D1E63B78DA073FF563AF31
:2000200043F001033B704EE743F002033B706CE71846FFF75FFD4FF6FF7398427FF435AFDB
:20004000B8F8003028330BEB03021BF803005178FFF782F9012800F0E5803388DFF8E481A5
:20006000002B7FF4ABAE3CE60193FFF7E9FDB8F80020019B4A44D288002A7FF40EAFB8F899
:20008000003028339B44BBF802A0BAF1000F3FF40CAF674FDFF8B08107F58079C8F8007016
:2000A00004E020374F45C8F800705AD03B8A002BF7D09A45F5D17B8A5E48394610221BB193
:2000C000BBF800C09C45ECD13B682BB97B681BB9BB680BB9FB681BB101F070FC0028E0D185
:2000E0003388554ADFF86491DFF85881303B338000231360A9F800300222504B88F8002046
:200100002B602360FEF7B4FB11E69A427FF4E6AD4648FEF727FE024600287FF4DFAD02211A
:200120000120FFF735F9DFF81C8147E6BBF81A40BBF81C10BBF81E20BBF8200023430B4375
:200140001343BBF82210BBF8242003430B4313439BB2002BDCD1BBF82630B3F5807FD7D106
:20016000BCE5002204210120FFF712F9DFF8D48024E6002211460320FFF70AF9DFF8C48090
:200180001CE64FF4A06200210220FFF701F9DFF8B48013E62A4BDB6B984700283FF4A3AE9B
:2001A0003388B3F5A06FECD89BF80730012BE0D9013B1E488BF80730FEF7F2FD00287FF47F
:2001C00092AE1A48FEF7ACFE00287FF48CAE9BF81830FF2B3FF487AEBBF81830BBF81A20B4
:2001E00013439BB2002B7FF497AEBBF81E10BBF81C30BBF82020BBF822000B431343BBF87A
:200200002410BBF8262003430B439BB252EA03013FF469AE002B7FF47FAEB2F5807F7FF462
:200220007BAE60E600F022F817E700BF08250020042A0020F8240020FC2900202025002007
:2002400024220100F0290020F4290020002A0020054A030C02EA00225BBAC0F307209BB2EF
:20026000104343EA0040704700FFFF0030B4074B074C084D0FCB84E80F000749074A002312
:200280000B8013702B8030BC704700BF341F0020241F0020E02400208C200020AD20002090
:2002A0000C490B881A18B2F5A06F11D810B40A4C2288C24208D480B20244184408802280E3
:2002C00001205DF8044B704700205DF8044B704700207047E02400208C200020B0F5A06FAC
:2002E00098BF034A03469ABF1380012000207047E024002049BA8180704700BF037940795A
:2003000000EB032080B27047BBB1837913702823994219DB1278062A184417D0112A1BD0BE
:200320003A2A1FD09A1C8A420ED84278D200083213449942B8BF0020704703781370437803
:20034000DB0008339942E5DA00207047142213449942B8BF00207047082213449942B8BF8D
:2003600000207047042213449942B8BF00207047F8B5012307461546FFF7C6FFD0B10E46F7
:20038000044609E0BCF1110F12D0BCF13A0F0FD0FFF7BAFF044668B195F800C0E11B711AC0
:2003A000BCF1060F20464FF000032A4689B2E9D12046F8BD00242046F8BD00BFF0B585B07B
:2003C000012301920DF10F02019D0746FFF79CFF04460E4668B91BE0BCF1060F1AD0BCF1C8
:2003E000110F17D0BCF13A0F14D0FFF78DFF044670B19DF80FC0E11B711AAC4520464FF0AE
:2004000000030DF10F0289B2E6D1204605B0F0BD9DF80FC0AC4518BF0024204605B0F0BDF8
:2004200007289ABF024B33F810000020704700BF241F0020072803469DBF034A012022F857
:2004400013100020704700BF241F0020054B00224FF6FF71C3E901221A60DA601A811980A2
:20046000704700BF341F00202DE9F04F0E4687B0002972D0002A74D013888146002B44D039
:200480000024DFF8F4A0DFF8F4B0551CA046022709E0B8F1000F20DB53D008F10108102FD2
:2004A00017D00237023515F8012C2B7803EB02239BB2002BEDD0B8F1000F0EDD4FF0FF38A7
:2004C000311B09EB04005246FDF7DCF90444A642E5D8204607B0BDE8F08F022F09D1311BF2
:2004E00009EB04005246FDF7CDF90444A642D8D8EFE7311B09EB04005A460593FDF7C2F9D1
:200500000444A642059BDBD8E3E75388002BB7D19388002BB4D1D388002BB1D11389002B66
:20052000AED154894FF6FF739C42A9D1D57B947B537B0093CDE90145137B0C4AFDF7A2F921
:20054000C8E7311B09EB0400094AFDF79BF90444A642BED94FF00108A1E7084607B0BDE88C
:20056000F08F044AFDF78EF90E20B3E798230100AC23010088230100B4230100B023010087
:2005800041B94FF0A04303214FF40022C3F84C17C3F80C25704700BF30B40A4B0A4D1D6029
:2005A0004FF080520949146952695C6102FB04F20024C3E90244491B59601A6130BC04480A
:2005C000F1F7A4B8541F0020001000008C250100B82301002DE9F047032908D8DFE801F095
:2005E00009342A021B491C4A00230B701370BDE8F0871A4F1A4EDFF86CA08846814606E05C
:20060000402231465046F2F745FD0028EFD14846F2F73CFD3B680546002BF1D00028EFD0E7
:20062000444600E03B68305D0134E4B29847A542F8D8E5E740220A490A48F2F72BFD064B8A
:2006400001221A70BDE8F087024B00221A70BDE8F08700BFB0200020AF2000206C1F002073
:20066000F81F0020DC230100083808B5062805D8DFE800F00E161F040404050008BD0F4913
:200680000F4A00230B701370BDE80840F1F71AB8F7F75AFE0028F1D1BDE80840F1F710B86C
:2006A0000649074A00230B701370BDE80840F1F71FB8BDE80840F1F707B800BFB02000208A
:2006C000AF20002008B5F3F761FB0948F0F754FF00B108BD0748F1F719F80028F9D1F0F706
:2006E000D7FF0028F5D1044A044B1070187008BD00240100DC230100AF200020AE200020CA
:20070000124B1B780BB32DE9F041114D2B78D3B9104E3378BBB10123DFF840800E4F2B702F
:20072000327841463846F2F78DFC044600F07EF8002CF5D12B7823B100F078F82B78002B51
:20074000FAD100233370BDE8F0817047AF200020B0200020AE200020DC23010038200020F6
:20076000114B1B78ABB1114B1A783F2A0DD810B419781A780E4C0132D2B21A701B78605429
:20078000402B0DD05DF8044B70471B78402B05D0704703F0FF02054B1A707047FFF7B0BF42
:2007A0005DF8044BFFF7ACBFAF200020AE200020382000204FF0A0434FF49A510022C3F8B2
:2007C0000815C3F80C25704700B5104B93E8070085B001AB83E807000D491846F8F746FD8E
:2007E00048B90C48F8F77CFD60B90B4B01221A7005B05DF804FBF0F7FBFD0648F8F770FD8E
:200800000028F2D0F0F7F4FDEFE700BF0C240100B5070100B1200020B2200020024B1B78D0
:2008200003B97047F8F74EBDB2200020034B1B7803B97047024B1878F8F778BDB220002012
:20084000B120002008B5074B044613B10021AFF30080054B1868836A03B19847204600F0A1
:200860002FFF00BF000000001824010070B50D4D0D4C641BA4100026A64209D10B4D0C4CAB
:2008800001F048FA641BA4100026A64205D170BD55F8043B98470136EEE755F8043B9847FF
:2008A0000136F2E7B0020020B0020020B0020020B402002038B5104B1D68AB6B0446B3B943
:2008C000182000F095F80246A86320B90B4B0C48422100F05DF80B490B4BC0E900130B4B29
:2008E00083600B23838100210120C2E90401AB6B00221C615A6138BD480200207C24010081
:20090000932401000E33CDAB34126DE6ECDE0500174B10B51C68A36BB3B9182000F068F851
:20092000A06328B90246134B13484E2100F030F8124A134BC0E90023124B83600B23838153
:2009400001220023C0E90423A16B0F480A694B690E4C504304FB0300A2FB04345A1C044475
:2009600044F10000C1E9042020F0004010BD00BF480200207C240100932401000E33CDAB1C
:2009800034126DE6ECDE05002DF451582D7F954C1FB514461A46094B1B680546D8684CB1AB
:2009A000074B0091CDE9013406492B4600F00EF801F0E0F8044B1C46F3E700BF4802002036
:2009C0000F2501001C2501004A2501000EB403B5014603AB054853F8042B0068019300F00E
:2009E000B9F802B05DF804EB03B0704748020020024B0146186800F053B800BF4802002044
:200A000037B5002948D051F8043C0190002BA1F10404B8BFE41800F085FD204A0198136867
:200A2000154633B96360146003B0BDE8304000F07FBDA3420BD921686218934204BF1A685E
:200A40005B68636004BF521822602C60ECE71A465B680BB1A342FAD911685518A5420BD1C2
:200A6000246821445418A3421160DDD11C685B68536021441160D7E702D90C230360D3E760
:200A8000256861198B4204BF19685B68636004BF491921605460C7E703B030BD7820002058
:200AA000F8B5CD1C25F0030508350C2D38BF0C25002D064601DBA94203D90C2333600020E7
:200AC000F8BD00F02FFD21490A6814469CB9204F3B6823B92146304600F092FA386029466C
:200AE000304600F08DFA431C23D10C233360304600F01EFDE3E723685B1B17D40B2B03D9AB
:200B000023601C44256004E06368A2420CBF0B605360304600F00CFD04F10B00231D20F032
:200B20000700C21ACCD01B1AA350C9E722466468CCE7C41C24F00304A042E3D0211A304636
:200B400000F05EFA0130DDD1CFE700BF782000207C2000202DE9F04F0D469DB01446984658
:200B6000064618B183690BB900F01EFC894B9D421BD175686B6ED90705D4AB899A0502D4EF
:200B8000A86D01F034F8AB891B0701D52B69EBB92946304600F096FAC0B16B6EDC070ED54A
:200BA0004FF0FF301DB0BDE8F08F7B4B9D4201D1B568DFE7794B9D4208BFF568DAE7AB89C0
:200BC0009805EDD4A86D01F013F8E9E70023099320238DF82930CDF80C803023DFF8C0813A
:200BE0008DF82A304FF0010923469A4613F8012B0AB1252AF9D1BAEB040B0BD05B462246E1
:200C00002946304600F037FF013000F0AA80099A5A4409929AF80030002B00F0A280002380
:200C20004FF0FF32CDE905230AF1010A049307938DF853301A935446052214F8011B5848F1
:200C4000F0F7DEFA049AD8B9D10644BF20238DF85330130744BF2B238DF853309AF800304C
:200C60002A2B15D0079A544600204FF00A0C214611F8013B303B092B4ED9B0B1079214E02A
:200C8000A0EB080309FA03F313430493A246D2E7039B191D1B680391002BBBBF5B4242F0D8
:200CA000020207930793B8BF049223782E2B0CD163782A2B35D1039B1A1D1B680392002BD0
:200CC000B8BF4FF0FF3302340593DFF8E4A0217803225046F0F794FA40B14023A0EB0A0051
:200CE00003FA00F0049B03430134049314F8011B2C488DF828100622F0F782FA00283FD03B
:200D0000294B1BBB039B073323F0070308330393099B3B44099367E70CFB02320C46012008
:200D2000A5E700230134059319464FF00A0C204610F8012B303A092A03D9002BC5D005911A
:200D4000C3E70CFB012104460123F0E703AB00932A46164B04A93046AFF300800746781C43
:200D6000D6D16B6ED90705D4AB899A0502D4A86D00F03EFFAB895B063FF512AF099811E72C
:200D800003AB00932A46094B04A9304600F012F8E4E700BF3C2401005C2401001C24010084
:200DA0004B2501005525010000000000771A0100512501002DE9FF470C469146277E0C996F
:200DC000782F80469A4604F1430207D8622F0AD8002F00F0D880582F00F0A38004F14206EC
:200DE00084F842703AE0A7F16303152BF6D801A050F823F04D0E0100610E0100DD0D0100EC
:200E0000DD0D0100DD0D0100DD0D0100610E0100DD0D0100DD0D0100DD0D0100DD0D0100F5
:200E20006D0F0100910E01004F0F0100DD0D0100DD0D01008F0F0100DD0D0100910E010036
:200E4000DD0D0100DD0D0100570F01000B681A1D1B680A6004F1420684F842300123A3E0EC
:200E6000256808682E0600F104030AD505680B60002D03DA2D236D4284F843305E480A23C7
:200E800019E015F0400F05680B6018BF2DB2EFE70B682568181D0860280601D51D6802E099
:200EA0006906FBD51D8854486F2F0CBF08230A23002184F843106668A660002EA2BF216815
:200EC00021F0040121600DB9002E4DD01646B5FBF3F103FB1157C75D06F8017D2F46BB4202
:200EE0000D46F4D9082B0BD12368DF0708D5236961689942DEBF302306F8013C06F1FF36EE
:200F0000921B2261CDF800A04B4603AA2146404600F0C3FD01304CD14FF0FF3004B0BDE84C
:200F2000F087354884F8457023680E681F0656F8045B0E6014D5D90744BF43F020032360A6
:200F40001DB9236823F0200323601023B0E7236843F0200323607823284884F84530E3E783
:200F60005E0648BFADB2E6E71646BBE70B68266860691D1D0D6035061B6801D5186002E07D
:200F80007106FBD51880002323611646BAE70B681A1D0A601E68626800213046F0F730F9C3
:200FA00008B1801B606063682361002384F84330A8E72369324649464046D0470130ABD051
:200FC00023689B0713D4E068039B9842B8BF1846A4E70123324649464046D04701309BD079
:200FE0000135E36803995B1AAB42F2DCEBE7002504F11906F5E700BF5C2501006D250100E9
:2010000038B5064D0023044608462B60FDF720FA431C02D12B6803B1236038BD042B0020FC
:20102000F8B50E461446054618B183690BB900F0BBF9214B9C422BD16C68A369A360A38998
:201040001A072FD523696BB323692068C01A6369F6B28342374604DC2146284600F026F959
:2010600030BBA368013BA36023685A1C22601E7063690130834204D0A389DB0706D50A2E73
:2010800004D12146284600F011F988B93846F8BD0A4B9C4201D1AC68CFE7094B9C4208BF70
:2010A000EC68CAE72146284600F00CF80028CBD04FF0FF37EAE700BF3C2401005C240100B8
:2010C0001C240100324B70B51D6806460C4625B1AB6913B9284600F067F92E4B9C420FD15F
:2010E0006C68A389B4F90C2019072CD4DD0611D40923336042F04003A3814FF0FF303EE04B
:20110000254B9C4201D1AC68EBE7244B9C4208BFEC68E6E7580712D5616B41B104F1440354
:20112000994202D03046FFF76BFC00236363A38923F02403A3810023636023692360A3899B
:2011400043F00803A38123694BB9A38903F42073B3F5007F03D02146304600F0A3F9A0895B
:20116000B4F90C2010F001030AD00023A36063695B42A361236943B910F08000BAD170BD65
:20118000810758BF6369A360F4E70020F7E700BF480200203C2401005C2401001C240100BC
:2011A0008A892DE9F041054610070C4658D44B68002B05DC0B6C002B02DC0020BDE8F08180
:2011C000E66A002EF9D0002312F480522F682B6032D0606DA3895A0705D56368C01A636B02
:2011E0000BB1236CC01A00230246E66A216A2846B047431CA38906D129681D292CD82A4A6E
:20120000CA40D60728D500226260D9042269226004D5421C01D12B6803B96065616B2F60A4
:201220000029CAD004F14403994202D02846FFF7E7FB00206063C1E7216A01232846B0471D
:20124000411CC7D12B68002BC4D01D2B01D0162B01D12F60B1E7A38943F04003A381ADE79A
:201260000F69002FA9D093070E6808BF4B690F6018BF0023A6EB07088B60B8F1000F9CDD9E
:20128000216AA66A43463A462846B047002806DCA38943F04003A3814FF0FF308EE7074447
:2012A000A8EB0008E9E700BF0100402038B50B6905460C4613B90025284638BD18B183699C
:2012C0000BB900F071F8144B9C421BD16C68B4F90C30002BEFD0626ED00704D4990502D42E
:2012E000A06D00F084FC28462146FFF759FF636EDA070546E0D4A3899B05DDD4A06D00F023
:2013000077FCD9E7054B9C4201D1AC68DFE7044B9C4208BFEC68DAE73C2401005C240100D5
:201320001C240100002310B50446C0E90033C0E90433836081814366C28183611946082240
:201340005C3000F071FB054B6362054BA362054BE362054B2462236310BD00BF8F1C010012
:20136000B11C0100E91C01000D1D0100014900F01EBC00BFAD120100014800F038BC00BFEF
:20138000182B0020014800F033BC00BF182B0020014800F02CBC00BF132B0020014800F029
:2013A00027BC00BF132B002010B50446FFF7F0FFA3691BB1BDE81040FFF7F0BFC4E91233D5
:2013C0002365134B134A1B68A262A34204BF0123A361204600F020F86060204600F01CF8DB
:2013E000A060204600F018F80022E06004216068FFF798FFA06801220921FFF793FFE06886
:2014000002221221FFF78EFF0123A361D2E700BF182401006D130100F8B50746FFF7ACFFF9
:201420001E4B1E68B36913B93046FFF7BDFF4836D6E90134013B03D533680BB33668F7E752
:20144000B4F90C50D5B9164BE36004F15800656600F0CCFBFFF796FFC4E90155C4E90455EE
:201460002560A5610822294604F15C0000F0DCFAC4E90D55C4E912552046F8BD6834D9E797
:201480000421384600F07DFB044630600028D5D1FFF778FF0C233B60EEE700BF1824010091
:2014A0000100FFFF8B8973B59D0706460C4607D504F14703236023610123636102B070BDC6
:2014C00001AB6A4600F095FB009905463046FFF7E7FA48B9B4F90C309A05EFD423F003039A
:2014E00043F00203A381E3E70D4BB362A389206043F08003A381009B6361019B20615BB14B
:20150000B4F90E10304600F067F828B1A38923F0030343F00103A381A0890543A581CDE777
:201520006D130100014800F062BB00BF142B0020014800F05DBB00BF142B0020024B0146B3
:20154000186800F07ABB00BF4802002038B5074D00230446084611462B6000F091F8431C07
:2015600002D12B6803B1236038BD00BF042B002038B5074D04460846114600222A601A468F
:2015800000F096F8431C02D12B6803B1236038BD042B002038B5064D0023044608462B6007
:2015A00000F04EF8431C02D12B6803B1236038BD042B002038B5074D002304460846114662
:2015C0002B6000F045F8431C02D12B6803B1236038BD00BF042B002038B5064D00230446A7
:2015E00008462B6000F044F8431C02D12B6803B1236038BD042B002038B5074D04460846CD
:20160000114600222A601A4600F042F8431C02D12B6803B1236038BD042B002038B5074DBC
:2016200004460846114600222A601A4600F038F8431C02D12B6803B1236038BD042B00204F
:20164000024B58221A604FF0FF307047042B0020024B58221A604FF0FF307047042B002020
:20166000024B58221A604FF0FF307047042B0020024B58221A600020704700BF042B00208F
:20168000024B58221A604FF0FF307047042B0020024B58221A604FF0FF307047042B0020E0
:2016A000024B58221A604FF0FF307047042B0020024B58221A604FF0FF307047042B0020C0
:2016C000FEE700BF53B94AB9002908BF00281CBF4FF0FF314FF0FF3000F06EB9ADF1080CBE
:2016E0006DE904CE00F006F8DDF804E0DDE9022304B070472DE9F047089D04468C46002B8C
:2017000040F083808A42174647D9B2FA82F242B1C2F1200024FA00F09140974040EA010C7A
:2017200094404FEA1748230CBCFBF8F61FFA87FE08FB16C143EA014306FB0EF1994209D9C3
:20174000FB1806F1FF3080F01981994240F21681023E3B445B1AA4B2B3FBF8F008FB10333C
:2017600044EA034400FB0EFEA64509D93C1900F1FF3380F00581A64540F2028102383C4458
:2017800040EA0640A4EB0E0400261DB1D4400023C5E900433146BDE8F08702B9FFDEB2FA45
:2017A00082F2002A50D1CB1B4FEA174E1FFA87F80126B3FBFEFC210C0EFB1C3341EA03418B
:2017C00008FB0CF38B4207D979180CF1FF3002D28B4200F2E9808446C91AA3B2B1FBFEF005
:2017E0000EFB101143EA014408FB00F8A04507D93C1900F1FF3302D2A04500F2D9801846B3
:20180000A4EB080440EA0C40BFE78B4209D9002D00F0B1800026C5E9000130463146BDE8AD
:20182000F087B3FA83F6002E4AD18B4202D3824200F2B880841A61EB030101208C46002D24
:20184000A8D0C5E9004CA5E7C2F1200320FA03F6974001FA02F04FEA174ED9403043030CA4
:20186000B1FBFEF61FFA87F80EFB161143EA014306FB08F1994204FA02F409D9FB1806F1DA
:20188000FF3C80F08D80994240F28A80023E3B445B1A81B2B3FBFEF00EFB103341EA0341BB
:2018A00000FB08F38B4207D9791800F1FF3C73D28B4271D902383944CB1A40EA064678E7FB
:2018C000C6F1200C03FA06F422FA0CF31C4320FA0CF701FA06F34FEA144E21FA0CF11F438E
:2018E0003B0CB1FBFEF91FFA84F80EFB191143EA014109FB08FA8A4502FA06F200FA06F30B
:2019000008D9611809F1FF3048D28A4546D9A9F102092144A1EB0A01BFB2B1FBFEF00EFB87
:20192000101147EA014700FB08F8B84507D9E71900F1FF312ED2B8452CD90238274440EA43
:201940000940A7EB0807A0FB02894F45C64649461AD317D05DB1B3EB0E0267EB010707FA5D
:201960000CFCF2404CEA0202F740C5E9002700263146BDE8F0872E4628460BE70646E9E63F
:201980001846FDE64345E5D2B8EB020E69EB04010138DFE70846D2E760468DE78146B9E734
:2019A000664675E730464AE7ACF1020C394413E702383C4424E700BF704700BF30B501393D
:2019C0000024A24201D1002005E0035D01340D5DAB42F6D0581B30BD0A44914200F1FF33D2
:2019E00000D1704710B511F8014B03F8014F9142F9D110BD884210B501EB020402D984426E
:201A0000234607D8431EA14208D011F8012B03F8012FF8E7024401468A4200D110BD13F821
:201A2000014D02F8014DF7E702440346934200D1704703F8011BF9E7034613F8012B002AA5
:201A4000FBD1181A013870479368013B002B10B4936008DA9469A34201DB0A2903D15DF883
:201A6000044BFFF7DDBA1368581C1060197008465DF8044B7047F8B506460F461446D51864
:201A8000AC4201D1002007E014F8011B3A463046FFF7DAFF431CF3D1F8BD2DE9F047164611
:201AA00099468A680B69DDF820809342B8BF1346336091F8432007460C460AB10133336027
:201AC0002368990642BF336802333360256815F0060506D104F1190AE36832689B1AAB4265
:201AE00026DC94F84320131E226818BF012392062BD404F1430249463846C04701301ED03B
:201B00002368E568326803F00603042B08BFAD1AA36822690CBF25EAE57500259342C4BF53
:201B20009B1AED1800261A34B5421AD1002008E00123524649463846C047013003D14FF079
:201B4000FF30BDE8F0870135C6E7E1185A1C302081F84300224494F8451082F84310023393
:201B6000C7E70123224649463846C0470130E6D00136D9E708B50620FFF7E0FC0120FFF76D
:201B80009FFD70B54A1E682555430E4605F17401FEF786FF044640B10021C0E900160C3067
:201BA000A06005F16802FFF73FFF204670BD2DE9F8430646884600F148040027D4E90195DC
:201BC000B9F1010905D52468002CF7D13846BDE8F883AB89012B07D9B5F90E30013303D026
:201BE00029463046C04707436835E9E770477047704770B50E46B1F90E10002996B0144613
:201C00001D4607DA00232B60B3891A0610D44FF480630EE06A46FFF7CDFC0028F2DB019A7F
:201C200002F47042A2F500535A425A412A60EEE740230020236016B070BD1F2938B5044604
:201C40000D4604D9162303604FF0FF3038BD426C12B152F821304BB9204600F016F82A4671
:201C600001462046BDE83840FFF770BC012B0AD0591C03D1162303600120E7E7002442F840
:201C80002540284698470020E0E7FFF7E9BC10B50C46B1F90E10FFF7C1FC0028ABBF636D1C
:201CA000A3891B1823F48053ACBF6365A38110BD2DE9F0411F468B89DB0505460C4616461E
:201CC00005D5B1F90E1002230022FFF795FCA389B4F90E1023F48053A38132463B46284628
:201CE000BDE8F041FFF744BC10B50C46B1F90E10FFF782FC431CA38915BF606523F48053B7
:201D000043F48053A38118BFA38110BDB1F90E10FFF740BCF8B500BFF8BC08BC9E46704794
:201D2000F8B500BFF8BC08BC9E467047256C642E2530326C640A000054656D70657261745E
:201D40007572652074696D657200000054656D7065726174757265207265616465720000D5
:201D600008000020180000200000000001000001010101008D14000008000000090000004C
:201D80000A0000008500000080000000810000000D0000000E000000030000000300000092
:201DA000012D0000812000000000000000000000000000008C030020D41D010001000203AD
:201DC000008000000F0000000902000000010480320000002D330000000000000000000052
:201DE0000000000000000000120100020000004015190F5200010102030100002D31000099
:201E0000000000003131000098030020C53C000099380000000000000000000000000000D3
:201E200025303468582530386C58000000000403090400004E6F726469632053656D696384
:201E40006F6E647563746F72000000006E524635322055534220434443206F6E20436F6E76
:201E600074696B692D4E470044656661756C7420636F6E66696775726174696F6E00000092
:201E800055736572203100002C1E0100341E01004C1E0100B4200020681E0100801E01002F
:201EA0000001020304050000427574746F6E2031000000000600010800010901010C00011E
:201EC000427574746F6E2048414C2070726F636573730000FF0006000000000000B000407D
:201EE0000B0003004D61696E00000000494E464F000000005B252D34733A20252D3130734F
:201F00005D2000005374617274696E6720436F6E74696B692D4E47002D20526F7574696E77
:201F2000673A2025730A00002D204E65743A2025730A00002D204D41433A2025730A0000B4
:201F40002D203830322E31352E342050414E49443A203078253034780A0000002D20383056
:201F6000322E31352E342044656661756C74206368616E6E656C3A2025750A004E6F6465D7
:201F80002049443A2025750A000000004C696E6B2D6C6179657220616464726573733A205E
:201FA0000000000054656E746174697665206C696E6B2D6C6F63616C20495076362061641D
:201FC00064726573733A200043534D4100000000C81F0100AD480000F9470000FD47000001
:201FE000A1470000AD470000B94700004374696D65722070726F6365737300004576656EF4
:20200000742074696D657200B5520000AD520000F15000000000000000000000257300002C
:20202000284E554C4C204C4C206164647229000025303278000000006E5246353238343099
:20204000204945454500000045525200546F6F206C6F6E673A2025752062797465732C20D6
:202060006D61782025750A0054583A20746F6F206C6F6E6720282575206279746573290AD2
:20208000000000006E524635323834302049454545205246206472697665720075660000C0
:2020A000516300008165000061660000F96100002D640000E16000000167000005640000C2
:2020C000F95E00001D5F0000896400004961000049600000000000000203040506070809C1
:2020E0000B00000008010C011001140118011C01200124012C0100000C0D0E0F1011121374
:20210000140000003001340138013C014001440148014C0150010000A1730000D573000006
:20212000817B0000917C0000D57C0000197D00005D7D0000097C00004D7C0000C57B000047
:2021400055760000057B000031870000997E0000A17D00001D7E0000117F00008D7F000010
:2021600009800000217A00009D7A0000D9730000997400008D880000857900004A6F696E28
:20218000000000004C6F63616C2072657061697200000000506F69736F6E20726F757465EA
:2021A000730000005369676E69666963616E742072616E6B2075706461746500476F742084
:2021C000706172656E7400004865617264206F6C642076657273696F6E2066726F6D2072A6
:2021E0006F6F74004D756C74696361737420444953000000526561636861626C6500000060
:20220000496E697420726F6F7400000044414F206D6178207274780052504C204C697465F2
:202220000000000018220100A9BD0000119B0000299B0000A99B0000799E000019BE00005B
:20224000FD9E00003DBD000055BD0000799F00008D9F000085A6000041A70000F5A50000E6
:20226000FDA300008DA30000E9BD000071BD000049BE000075BD000053656E736F72730094
:2022800053657269616C20647269766572000000736963736C6F7770616E0000002B2C3C5C
:2022A000FE8000009022010015C20000DDCE000021C70000000140FF008882800F28222040
:2022C0000F252321537461636B000000436865636B206661696C65643A2025752076732E02
:2022E0002025750A00000000537461636B20636865636B0030313233343536373839616236
:20230000636465660000000030313233343536373839414243444546000000003058000001
:20232000307800002D0000002B00000020000000286E756C6C2900002500000020202020CC
:20234000202020202020202020202020303030303030303030303030303030305443502FE7
:20236000495020737461636B0000000054656D7065726174757265006C230100B5E80000D3
:202380009DE80000B1E80000284E554C4C20495020616464722900003A3A464646463A2534
:2023A000752E25752E25752E257500003A3A00003A00000025780000441F00200C1E010057
:2023C000010200000F000000000000001001000038020020541F002081050100701F0020B7
:2023E000A01D01000200010601020482810100000000010181000000D5050100AE020020DD
:2024000000000000690601000000000001000000D0070000060000004C0200200000000000
:2024200000000000000000000000000000000000000000000000000000000000000000009C
:2024400000000000000000000000000000000000000000000000000000000000000000007C
:20246000000000000000000000000000000000000000000000000000000000005245454E32
:2024800054206D616C6C6F6320737563636565646564002F6D6E742F776F726B7370616374
:2024A000652F776F726B73706163652F4743432D392D706970656C696E652F6A656E6B6994
:2024C0006E732D4743432D392D706970656C696E652D3230305F32303230303532315F31FE
:2024E0003539303035333337342F7372632F6E65776C69622F6E65776C69622F6C69626368
:202500002F7374646C69622F72616E642E63002C2066756E6374696F6E3A200061737365ED
:202520007274696F6E2022257322206661696C65643A2066696C6520222573222C206C69D7
:202540006E65202564257325730A00232D302B2000686C4C00656667454647003031323310
:2025600034353637383941424344454600303132333435363738396162636465660000001D
:20258000000000005CEDFE7F01000000000000004C1D01005D13000000000000000000009A
:2025A000381D0100B113000000000000000000007D14000000000000000000000000000070
:2025C0000000000000000000000000000000000000000000000000000000000000000000FB
:2025E0000000000000000000000000000000000000000000A81E010001000000010106000B
:2026000000000000300000200000000000000000C01E0100893E0000000000000C000800B0
:20262000780400201804002038000200F4040020840400200C00080058050020F80400201B
:2026400000000000EC1F0100E94800000000000000000000FC1F0100F94A000000000000DE
:20266000000000000C0000000000000070050020030000000C0010002408002064070020C3
:202680000000000084200100E16200000000000000001A010214021478230100000000006F
:2026A000659600000000000004000800980D0020780D0020AA000800F0120020A00D002008
:2026C00000000000F5A900009B0300000000000035AA00009B0200000000000065AB000032
:2026E0009B01000000000000F9AD00009B00000071B2000081B200003DB3000055B30000AF
:2027000095B200000DB3000081B3000075B200000100000094010020000000000800000099
:202720000000000008130020000000007822010059C0000000000000000000008022010007
:202740004DC100000000000000000000E822010039D9000000000000202B00200090D00380
:20276000000000005C230100A9E7000000000000000000001200000000000000D41B002028
:2027800020000200381D0020F81C00200000000069F2000081FF000000000000D1F20000D0
:2027A00080FF00000000000091F5000087FF000018001000101F0020901D0020436F6E74B6
:2027C000696B692D4E472044465500004C020020000000003C2401005C2401001C2401006A
:2027E0000000000000000000000000000000000000000000000000000000000000000000D9
:202800000000000000000000000000000000000000000000000000000000000000000000B8
:1C28200000000000000000000000000000000000CDAB1000C5120000A11200008A
:04000005000052BDE8
:00000001FF
